
Root grid = 4 x 8 x 1 MeshBlocks
Total number of MeshBlocks = 32
Number of logical  levels of refinement = 3 (4 levels total)
Number of physical levels of refinement = 0 (1 levels total)
Number of parallel ranks = 1
### WARNING in /home/sasi/Projects/SubgridCGMModel/athenak/src/parameter_input.cpp: input parameter <mesh>/ix3_bc = periodic was not used by the code (check for a typo)
### WARNING in /home/sasi/Projects/SubgridCGMModel/athenak/src/parameter_input.cpp: input parameter <mesh>/ox3_bc = periodic was not used by the code (check for a typo)
### WARNING in /home/sasi/Projects/SubgridCGMModel/athenak/src/parameter_input.cpp: input parameter <meshblock>/nx3 = 1 was not used by the code (check for a typo)

Setup complete, executing task list(s)...

elapsed=3.546842e-02 cycle=0 time=0.000000e+00 dt=8.628850e-05
elapsed=2.902252e-01 cycle=100 time=8.603367e-03 dt=8.620199e-05
elapsed=5.340029e-01 cycle=200 time=1.722815e-02 dt=8.627504e-05
elapsed=7.754373e-01 cycle=300 time=2.585006e-02 dt=8.619397e-05
elapsed=1.015143e+00 cycle=400 time=3.445842e-02 dt=8.591003e-05
elapsed=1.254065e+00 cycle=500 time=4.300255e-02 dt=8.535268e-05
elapsed=1.492218e+00 cycle=600 time=5.150392e-02 dt=8.459939e-05
elapsed=1.715553e+00 cycle=700 time=5.997290e-02 dt=8.448949e-05
elapsed=1.952362e+00 cycle=800 time=6.841936e-02 dt=8.444154e-05
elapsed=2.188813e+00 cycle=900 time=7.686044e-02 dt=8.402836e-05
elapsed=2.425703e+00 cycle=1000 time=8.526612e-02 dt=8.409624e-05
elapsed=2.662358e+00 cycle=1100 time=9.369037e-02 dt=8.392209e-05
elapsed=2.898407e+00 cycle=1200 time=1.020408e-01 dt=8.349063e-05
elapsed=3.134688e+00 cycle=1300 time=1.103604e-01 dt=8.304763e-05
elapsed=3.356935e+00 cycle=1400 time=1.186154e-01 dt=8.234995e-05
elapsed=3.593609e+00 cycle=1500 time=1.268602e-01 dt=8.263019e-05
elapsed=3.830327e+00 cycle=1600 time=1.349806e-01 dt=7.975620e-05
elapsed=4.066910e+00 cycle=1700 time=1.429376e-01 dt=7.982623e-05
elapsed=4.303551e+00 cycle=1800 time=1.508622e-01 dt=7.914245e-05
elapsed=4.526086e+00 cycle=1900 time=1.586868e-01 dt=7.678736e-05
elapsed=4.762704e+00 cycle=2000 time=1.663623e-01 dt=7.621343e-05
elapsed=4.999242e+00 cycle=2100 time=1.741013e-01 dt=7.841349e-05
elapsed=5.235730e+00 cycle=2200 time=1.819497e-01 dt=7.812669e-05
elapsed=5.458471e+00 cycle=2300 time=1.897389e-01 dt=7.769239e-05
elapsed=5.695634e+00 cycle=2400 time=1.974543e-01 dt=7.699887e-05
elapsed=5.932765e+00 cycle=2500 time=2.051103e-01 dt=7.624377e-05
elapsed=6.170143e+00 cycle=2600 time=2.127374e-01 dt=7.642923e-05
elapsed=6.406943e+00 cycle=2700 time=2.203905e-01 dt=7.643001e-05
elapsed=6.629751e+00 cycle=2800 time=2.278940e-01 dt=7.259889e-05
elapsed=6.866858e+00 cycle=2900 time=2.352034e-01 dt=7.654440e-05
elapsed=7.103550e+00 cycle=3000 time=2.430385e-01 dt=7.779119e-05
elapsed=7.339736e+00 cycle=3100 time=2.508206e-01 dt=7.815149e-05
elapsed=7.562571e+00 cycle=3200 time=2.587107e-01 dt=7.990451e-05
elapsed=7.799230e+00 cycle=3300 time=2.667452e-01 dt=8.002180e-05
elapsed=8.035486e+00 cycle=3400 time=2.746837e-01 dt=7.851472e-05
elapsed=8.272477e+00 cycle=3500 time=2.824618e-01 dt=7.708333e-05
elapsed=8.508693e+00 cycle=3600 time=2.901799e-01 dt=7.715924e-05
elapsed=8.730713e+00 cycle=3700 time=2.978825e-01 dt=7.710816e-05
elapsed=8.966924e+00 cycle=3800 time=3.056164e-01 dt=7.780644e-05
elapsed=9.202828e+00 cycle=3900 time=3.133901e-01 dt=7.747474e-05
elapsed=9.439049e+00 cycle=4000 time=3.211293e-01 dt=7.747182e-05
elapsed=9.661319e+00 cycle=4100 time=3.287509e-01 dt=7.485422e-05
elapsed=9.897115e+00 cycle=4200 time=3.362503e-01 dt=7.532085e-05
elapsed=1.013340e+01 cycle=4300 time=3.438762e-01 dt=7.731513e-05
elapsed=1.036952e+01 cycle=4400 time=3.515948e-01 dt=7.716748e-05
elapsed=1.059126e+01 cycle=4500 time=3.592228e-01 dt=7.438780e-05
elapsed=1.082680e+01 cycle=4600 time=3.664612e-01 dt=6.972720e-05
elapsed=1.106240e+01 cycle=4700 time=3.731273e-01 dt=6.471757e-05
elapsed=1.129894e+01 cycle=4800 time=3.802114e-01 dt=7.636170e-05
elapsed=1.152024e+01 cycle=4900 time=3.878910e-01 dt=7.613140e-05
elapsed=1.175571e+01 cycle=5000 time=3.948668e-01 dt=6.502528e-05
elapsed=1.199142e+01 cycle=5100 time=4.013511e-01 dt=6.769499e-05
elapsed=1.221297e+01 cycle=5200 time=4.087282e-01 dt=7.660774e-05
elapsed=1.244831e+01 cycle=5300 time=4.164112e-01 dt=7.674759e-05
elapsed=1.268364e+01 cycle=5400 time=4.240852e-01 dt=7.628615e-05
elapsed=1.291830e+01 cycle=5500 time=4.316910e-01 dt=7.601778e-05
elapsed=1.313911e+01 cycle=5600 time=4.392388e-01 dt=7.491770e-05
elapsed=1.337345e+01 cycle=5700 time=4.467011e-01 dt=7.459275e-05
elapsed=1.360878e+01 cycle=5800 time=4.541626e-01 dt=7.447048e-05
elapsed=1.384335e+01 cycle=5900 time=4.615055e-01 dt=7.145833e-05
elapsed=1.406359e+01 cycle=6000 time=4.683654e-01 dt=6.607599e-05
elapsed=1.429792e+01 cycle=6100 time=4.749547e-01 dt=6.786357e-05
elapsed=1.453243e+01 cycle=6200 time=4.821936e-01 dt=7.450389e-05
elapsed=1.475259e+01 cycle=6300 time=4.896994e-01 dt=7.497279e-05
elapsed=1.498649e+01 cycle=6400 time=4.971044e-01 dt=7.440166e-05
elapsed=1.522015e+01 cycle=6500 time=5.046794e-01 dt=7.596738e-05
elapsed=1.545389e+01 cycle=6600 time=5.121936e-01 dt=7.597006e-05
elapsed=1.567363e+01 cycle=6700 time=5.198507e-01 dt=7.652429e-05
elapsed=1.590770e+01 cycle=6800 time=5.275078e-01 dt=7.614991e-05
elapsed=1.614128e+01 cycle=6900 time=5.351502e-01 dt=7.712170e-05
elapsed=1.637520e+01 cycle=7000 time=5.429378e-01 dt=7.859103e-05
elapsed=1.660951e+01 cycle=7100 time=5.508282e-01 dt=7.928560e-05
elapsed=1.682957e+01 cycle=7200 time=5.586594e-01 dt=7.830253e-05
elapsed=1.706329e+01 cycle=7300 time=5.664529e-01 dt=7.771967e-05
elapsed=1.729695e+01 cycle=7400 time=5.742774e-01 dt=7.879158e-05
elapsed=1.753069e+01 cycle=7500 time=5.821624e-01 dt=7.929455e-05
elapsed=1.776436e+01 cycle=7600 time=5.900014e-01 dt=7.780503e-05
elapsed=1.798405e+01 cycle=7700 time=5.977343e-01 dt=7.791508e-05
elapsed=1.821772e+01 cycle=7800 time=6.055058e-01 dt=7.776559e-05
elapsed=1.845124e+01 cycle=7900 time=6.130303e-01 dt=7.954004e-05
elapsed=1.868446e+01 cycle=8000 time=6.209937e-01 dt=7.959371e-05
elapsed=1.890397e+01 cycle=8100 time=6.288755e-01 dt=7.797358e-05
elapsed=1.913810e+01 cycle=8200 time=6.366504e-01 dt=7.801665e-05
elapsed=1.937145e+01 cycle=8300 time=6.445003e-01 dt=7.944767e-05
elapsed=1.960553e+01 cycle=8400 time=6.524362e-01 dt=7.910416e-05
elapsed=1.983869e+01 cycle=8500 time=6.602662e-01 dt=7.703269e-05
elapsed=2.005797e+01 cycle=8600 time=6.679220e-01 dt=7.633373e-05
elapsed=2.029161e+01 cycle=8700 time=6.754508e-01 dt=7.518548e-05
elapsed=2.052496e+01 cycle=8800 time=6.829262e-01 dt=7.430811e-05
elapsed=2.075828e+01 cycle=8900 time=6.904670e-01 dt=7.511631e-05
elapsed=2.097766e+01 cycle=9000 time=6.978771e-01 dt=7.313804e-05
elapsed=2.121171e+01 cycle=9100 time=7.051687e-01 dt=7.277987e-05
elapsed=2.144510e+01 cycle=9200 time=7.124771e-01 dt=7.308721e-05
elapsed=2.166448e+01 cycle=9300 time=7.198039e-01 dt=7.375320e-05
elapsed=2.189779e+01 cycle=9400 time=7.272202e-01 dt=7.430686e-05
elapsed=2.213115e+01 cycle=9500 time=7.347452e-01 dt=7.595122e-05
elapsed=2.236432e+01 cycle=9600 time=7.423077e-01 dt=7.556778e-05
elapsed=2.258352e+01 cycle=9700 time=7.498734e-01 dt=7.569261e-05
elapsed=2.281672e+01 cycle=9800 time=7.574137e-01 dt=7.574523e-05
elapsed=2.305005e+01 cycle=9900 time=7.650416e-01 dt=7.704335e-05
elapsed=2.328380e+01 cycle=10000 time=7.727625e-01 dt=7.710315e-05
elapsed=2.351780e+01 cycle=10100 time=7.804599e-01 dt=7.651438e-05
elapsed=2.373767e+01 cycle=10200 time=7.880610e-01 dt=7.603329e-05
elapsed=2.397158e+01 cycle=10300 time=7.956787e-01 dt=7.643741e-05
elapsed=2.420583e+01 cycle=10400 time=8.033544e-01 dt=7.676071e-05
elapsed=2.444035e+01 cycle=10500 time=8.108936e-01 dt=7.353567e-05
elapsed=2.466023e+01 cycle=10600 time=8.183800e-01 dt=7.591052e-05
elapsed=2.489405e+01 cycle=10700 time=8.259492e-01 dt=7.450224e-05
elapsed=2.512771e+01 cycle=10800 time=8.331150e-01 dt=6.801316e-05
elapsed=2.534790e+01 cycle=10900 time=8.396810e-01 dt=6.547486e-05
elapsed=2.558183e+01 cycle=11000 time=8.467567e-01 dt=7.493826e-05
elapsed=2.581561e+01 cycle=11100 time=8.541460e-01 dt=7.348155e-05
elapsed=2.604889e+01 cycle=11200 time=8.615319e-01 dt=7.541776e-05
elapsed=2.626856e+01 cycle=11300 time=8.689435e-01 dt=7.635747e-05
elapsed=2.650180e+01 cycle=11400 time=8.765663e-01 dt=7.600118e-05
elapsed=2.673610e+01 cycle=11500 time=8.841853e-01 dt=7.599243e-05
elapsed=2.697005e+01 cycle=11600 time=8.917610e-01 dt=7.393552e-05
elapsed=2.719020e+01 cycle=11700 time=8.992349e-01 dt=7.594648e-05
elapsed=2.742412e+01 cycle=11800 time=9.066968e-01 dt=7.473066e-05
elapsed=2.765811e+01 cycle=11900 time=9.141816e-01 dt=7.461622e-05
elapsed=2.789233e+01 cycle=12000 time=9.216043e-01 dt=7.350566e-05
elapsed=2.811217e+01 cycle=12100 time=9.289675e-01 dt=7.381021e-05
elapsed=2.834644e+01 cycle=12200 time=9.362783e-01 dt=7.273578e-05
elapsed=2.858019e+01 cycle=12300 time=9.435570e-01 dt=7.275977e-05
elapsed=2.881458e+01 cycle=12400 time=9.506578e-01 dt=6.794749e-05
elapsed=2.903469e+01 cycle=12500 time=9.571942e-01 dt=6.355643e-05
elapsed=2.926908e+01 cycle=12600 time=9.639395e-01 dt=6.995203e-05
elapsed=2.950313e+01 cycle=12700 time=9.706955e-01 dt=6.494128e-05
elapsed=2.972326e+01 cycle=12800 time=9.772303e-01 dt=6.486025e-05
elapsed=2.995800e+01 cycle=12900 time=9.837734e-01 dt=6.562821e-05
elapsed=3.019239e+01 cycle=13000 time=9.903509e-01 dt=6.574315e-05
elapsed=3.041278e+01 cycle=13100 time=9.969283e-01 dt=6.464107e-05
elapsed=3.065022e+01 cycle=13200 time=1.003130e+00 dt=6.036985e-05
elapsed=3.087036e+01 cycle=13300 time=1.009561e+00 dt=6.549999e-05
elapsed=3.110553e+01 cycle=13400 time=1.016734e+00 dt=7.855450e-05
elapsed=3.134001e+01 cycle=13500 time=1.024615e+00 dt=7.889501e-05
elapsed=3.157450e+01 cycle=13600 time=1.032466e+00 dt=7.888918e-05
elapsed=3.180859e+01 cycle=13700 time=1.040345e+00 dt=7.973683e-05
elapsed=3.202892e+01 cycle=13800 time=1.048349e+00 dt=7.955043e-05
elapsed=3.226331e+01 cycle=13900 time=1.056264e+00 dt=7.870910e-05
elapsed=3.249755e+01 cycle=14000 time=1.064058e+00 dt=7.717420e-05
elapsed=3.273171e+01 cycle=14100 time=1.071570e+00 dt=7.503431e-05
elapsed=3.295245e+01 cycle=14200 time=1.079193e+00 dt=7.572962e-05
elapsed=3.318703e+01 cycle=14300 time=1.086720e+00 dt=7.442752e-05
elapsed=3.342230e+01 cycle=14400 time=1.094123e+00 dt=7.338408e-05
elapsed=3.365706e+01 cycle=14500 time=1.101354e+00 dt=7.095466e-05
elapsed=3.387752e+01 cycle=14600 time=1.108564e+00 dt=7.299485e-05
elapsed=3.411193e+01 cycle=14700 time=1.115741e+00 dt=7.222640e-05
elapsed=3.434729e+01 cycle=14800 time=1.122870e+00 dt=7.065406e-05
elapsed=3.456788e+01 cycle=14900 time=1.129882e+00 dt=6.790797e-05
elapsed=3.480250e+01 cycle=15000 time=1.136310e+00 dt=6.008478e-05
elapsed=3.503704e+01 cycle=15100 time=1.142736e+00 dt=7.421935e-05
elapsed=3.525767e+01 cycle=15200 time=1.149991e+00 dt=6.905872e-05
elapsed=3.549264e+01 cycle=15300 time=1.156774e+00 dt=6.861636e-05
elapsed=3.572750e+01 cycle=15400 time=1.163927e+00 dt=7.187041e-05
elapsed=3.596210e+01 cycle=15500 time=1.171033e+00 dt=7.050591e-05
elapsed=3.618273e+01 cycle=15600 time=1.178274e+00 dt=7.399958e-05
elapsed=3.641775e+01 cycle=15700 time=1.185687e+00 dt=7.448843e-05
elapsed=3.665240e+01 cycle=15800 time=1.193115e+00 dt=7.368361e-05
elapsed=3.688698e+01 cycle=15900 time=1.200377e+00 dt=7.107500e-05
elapsed=3.710779e+01 cycle=16000 time=1.207244e+00 dt=7.104457e-05
elapsed=3.734239e+01 cycle=16100 time=1.214388e+00 dt=7.148910e-05
elapsed=3.757784e+01 cycle=16200 time=1.221494e+00 dt=6.979768e-05
elapsed=3.779826e+01 cycle=16300 time=1.228474e+00 dt=6.989894e-05
elapsed=3.803297e+01 cycle=16400 time=1.235524e+00 dt=7.091336e-05
elapsed=3.826771e+01 cycle=16500 time=1.242626e+00 dt=7.100929e-05
elapsed=3.848853e+01 cycle=16600 time=1.249430e+00 dt=6.494592e-05
elapsed=3.872301e+01 cycle=16700 time=1.255674e+00 dt=6.029517e-05
elapsed=3.895772e+01 cycle=16800 time=1.261670e+00 dt=6.190156e-05
elapsed=3.917823e+01 cycle=16900 time=1.268004e+00 dt=6.696208e-05
elapsed=3.941273e+01 cycle=17000 time=1.275002e+00 dt=6.949478e-05
elapsed=3.964719e+01 cycle=17100 time=1.281672e+00 dt=6.434843e-05
elapsed=3.986768e+01 cycle=17200 time=1.288237e+00 dt=7.014709e-05
elapsed=4.010215e+01 cycle=17300 time=1.295097e+00 dt=6.745146e-05
elapsed=4.033669e+01 cycle=17400 time=1.301742e+00 dt=6.530286e-05
elapsed=4.055720e+01 cycle=17500 time=1.308106e+00 dt=6.125485e-05
elapsed=4.079179e+01 cycle=17600 time=1.313751e+00 dt=5.258687e-05
elapsed=4.101252e+01 cycle=17700 time=1.319171e+00 dt=6.647537e-05
elapsed=4.124718e+01 cycle=17800 time=1.325762e+00 dt=6.565795e-05
elapsed=4.148227e+01 cycle=17900 time=1.332266e+00 dt=6.488232e-05
elapsed=4.170315e+01 cycle=18000 time=1.338747e+00 dt=6.395398e-05
elapsed=4.193773e+01 cycle=18100 time=1.345084e+00 dt=6.301178e-05
elapsed=4.217292e+01 cycle=18200 time=1.351313e+00 dt=6.153128e-05
elapsed=4.239363e+01 cycle=18300 time=1.357359e+00 dt=5.961392e-05
elapsed=4.262813e+01 cycle=18400 time=1.363354e+00 dt=6.144523e-05
elapsed=4.284865e+01 cycle=18500 time=1.369683e+00 dt=6.186826e-05
elapsed=4.308352e+01 cycle=18600 time=1.375811e+00 dt=6.485023e-05
elapsed=4.331848e+01 cycle=18700 time=1.382688e+00 dt=6.986237e-05
elapsed=4.353930e+01 cycle=18800 time=1.389719e+00 dt=7.036438e-05
elapsed=4.377437e+01 cycle=18900 time=1.396526e+00 dt=6.530147e-05
elapsed=4.400935e+01 cycle=19000 time=1.403018e+00 dt=6.485994e-05
elapsed=4.423018e+01 cycle=19100 time=1.409490e+00 dt=6.401327e-05
elapsed=4.446497e+01 cycle=19200 time=1.416348e+00 dt=6.761433e-05
elapsed=4.469970e+01 cycle=19300 time=1.423258e+00 dt=7.057834e-05
elapsed=4.493450e+01 cycle=19400 time=1.430352e+00 dt=7.179236e-05
elapsed=4.515552e+01 cycle=19500 time=1.437450e+00 dt=7.063595e-05
elapsed=4.539032e+01 cycle=19600 time=1.444386e+00 dt=6.790348e-05
elapsed=4.562480e+01 cycle=19700 time=1.450955e+00 dt=6.296877e-05
elapsed=4.584553e+01 cycle=19800 time=1.457530e+00 dt=6.603691e-05
elapsed=4.607971e+01 cycle=19900 time=1.464090e+00 dt=6.432413e-05
elapsed=4.631445e+01 cycle=20000 time=1.470553e+00 dt=6.586288e-05
elapsed=4.653493e+01 cycle=20100 time=1.477061e+00 dt=6.417134e-05
elapsed=4.676963e+01 cycle=20200 time=1.483457e+00 dt=6.396088e-05
elapsed=4.699041e+01 cycle=20300 time=1.489902e+00 dt=6.483526e-05
elapsed=4.722480e+01 cycle=20400 time=1.496478e+00 dt=6.672349e-05
elapsed=4.745981e+01 cycle=20500 time=1.503192e+00 dt=6.778466e-05
elapsed=4.768032e+01 cycle=20600 time=1.509913e+00 dt=6.716680e-05
elapsed=4.791486e+01 cycle=20700 time=1.516646e+00 dt=6.858538e-05
elapsed=4.814913e+01 cycle=20800 time=1.523647e+00 dt=6.948601e-05
elapsed=4.838358e+01 cycle=20900 time=1.530552e+00 dt=6.917957e-05
elapsed=4.860398e+01 cycle=21000 time=1.537520e+00 dt=6.867509e-05
elapsed=4.883865e+01 cycle=21100 time=1.544601e+00 dt=7.134021e-05
elapsed=4.907297e+01 cycle=21200 time=1.551760e+00 dt=7.149977e-05
elapsed=4.929371e+01 cycle=21300 time=1.558932e+00 dt=7.101374e-05
elapsed=4.952821e+01 cycle=21400 time=1.565769e+00 dt=6.667859e-05
elapsed=4.976287e+01 cycle=21500 time=1.572692e+00 dt=7.257015e-05
elapsed=4.998368e+01 cycle=21600 time=1.579931e+00 dt=7.203131e-05
elapsed=5.021826e+01 cycle=21700 time=1.587102e+00 dt=7.173823e-05
elapsed=5.045319e+01 cycle=21800 time=1.594311e+00 dt=7.129389e-05
elapsed=5.068846e+01 cycle=21900 time=1.601363e+00 dt=7.132588e-05
elapsed=5.090998e+01 cycle=22000 time=1.608569e+00 dt=7.238003e-05
elapsed=5.114491e+01 cycle=22100 time=1.615801e+00 dt=7.226580e-05
elapsed=5.138044e+01 cycle=22200 time=1.623022e+00 dt=7.175952e-05
elapsed=5.161562e+01 cycle=22300 time=1.630212e+00 dt=7.238291e-05
elapsed=5.183722e+01 cycle=22400 time=1.637498e+00 dt=7.244656e-05
elapsed=5.207270e+01 cycle=22500 time=1.644503e+00 dt=7.104030e-05
elapsed=5.230776e+01 cycle=22600 time=1.651745e+00 dt=7.339502e-05
elapsed=5.252930e+01 cycle=22700 time=1.659091e+00 dt=7.322417e-05
elapsed=5.276483e+01 cycle=22800 time=1.666391e+00 dt=7.356321e-05
elapsed=5.300043e+01 cycle=22900 time=1.673673e+00 dt=7.195840e-05
elapsed=5.323573e+01 cycle=23000 time=1.681022e+00 dt=7.382545e-05
elapsed=5.345695e+01 cycle=23100 time=1.688396e+00 dt=7.328527e-05
elapsed=5.369192e+01 cycle=23200 time=1.695608e+00 dt=7.100469e-05
elapsed=5.392762e+01 cycle=23300 time=1.702626e+00 dt=6.937326e-05
elapsed=5.414876e+01 cycle=23400 time=1.709521e+00 dt=6.858054e-05
elapsed=5.438417e+01 cycle=23500 time=1.716356e+00 dt=6.779499e-05
elapsed=5.461940e+01 cycle=23600 time=1.723013e+00 dt=6.471576e-05
elapsed=5.484054e+01 cycle=23700 time=1.729229e+00 dt=6.169372e-05
elapsed=5.507546e+01 cycle=23800 time=1.735868e+00 dt=7.170307e-05
elapsed=5.531041e+01 cycle=23900 time=1.742881e+00 dt=6.819197e-05
elapsed=5.553132e+01 cycle=24000 time=1.749560e+00 dt=6.512484e-05
elapsed=5.576590e+01 cycle=24100 time=1.755901e+00 dt=6.200097e-05
elapsed=5.600048e+01 cycle=24200 time=1.762037e+00 dt=6.124718e-05
elapsed=5.622169e+01 cycle=24300 time=1.768219e+00 dt=5.982806e-05
elapsed=5.645686e+01 cycle=24400 time=1.773963e+00 dt=5.454789e-05
elapsed=5.669182e+01 cycle=24500 time=1.780108e+00 dt=6.531362e-05
elapsed=5.691289e+01 cycle=24600 time=1.786601e+00 dt=6.527818e-05
elapsed=5.714763e+01 cycle=24700 time=1.793209e+00 dt=6.719489e-05
elapsed=5.736877e+01 cycle=24800 time=1.799938e+00 dt=6.652555e-05
elapsed=5.760390e+01 cycle=24900 time=1.806096e+00 dt=6.052266e-05
elapsed=5.783897e+01 cycle=25000 time=1.812186e+00 dt=6.608189e-05
elapsed=5.806006e+01 cycle=25100 time=1.818967e+00 dt=6.743832e-05
elapsed=5.829495e+01 cycle=25200 time=1.825582e+00 dt=6.552832e-05
elapsed=5.853006e+01 cycle=25300 time=1.832112e+00 dt=6.500778e-05
elapsed=5.875119e+01 cycle=25400 time=1.838717e+00 dt=6.680002e-05
elapsed=5.898611e+01 cycle=25500 time=1.845031e+00 dt=6.300127e-05
elapsed=5.922140e+01 cycle=25600 time=1.851686e+00 dt=6.759601e-05
elapsed=5.944266e+01 cycle=25700 time=1.858507e+00 dt=6.889138e-05
elapsed=5.967831e+01 cycle=25800 time=1.865455e+00 dt=6.905441e-05
elapsed=5.991344e+01 cycle=25900 time=1.872108e+00 dt=6.496566e-05
elapsed=6.013485e+01 cycle=26000 time=1.878535e+00 dt=6.339758e-05
elapsed=6.037045e+01 cycle=26100 time=1.884802e+00 dt=6.221159e-05
elapsed=6.060596e+01 cycle=26200 time=1.891044e+00 dt=6.273702e-05
elapsed=6.082722e+01 cycle=26300 time=1.897249e+00 dt=6.048286e-05
elapsed=6.106257e+01 cycle=26400 time=1.903076e+00 dt=5.563244e-05
elapsed=6.128365e+01 cycle=26500 time=1.908349e+00 dt=5.011520e-05
elapsed=6.151900e+01 cycle=26600 time=1.913284e+00 dt=4.993935e-05
elapsed=6.174050e+01 cycle=26700 time=1.918450e+00 dt=5.742832e-05
elapsed=6.197602e+01 cycle=26800 time=1.924764e+00 dt=6.815304e-05
elapsed=6.221068e+01 cycle=26900 time=1.931726e+00 dt=7.142862e-05
elapsed=6.243226e+01 cycle=27000 time=1.938902e+00 dt=7.188885e-05
elapsed=6.266718e+01 cycle=27100 time=1.945914e+00 dt=6.881381e-05
elapsed=6.290281e+01 cycle=27200 time=1.952816e+00 dt=6.969406e-05
elapsed=6.312446e+01 cycle=27300 time=1.959869e+00 dt=7.145166e-05
elapsed=6.335893e+01 cycle=27400 time=1.967066e+00 dt=7.166192e-05
elapsed=6.359385e+01 cycle=27500 time=1.974237e+00 dt=7.139864e-05
elapsed=6.382946e+01 cycle=27600 time=1.981204e+00 dt=6.763267e-05
elapsed=6.405042e+01 cycle=27700 time=1.987719e+00 dt=6.377808e-05
elapsed=6.428575e+01 cycle=27800 time=1.993943e+00 dt=6.011608e-05
elapsed=6.450717e+01 cycle=27900 time=1.999843e+00 dt=5.955548e-05
elapsed=6.474505e+01 cycle=28000 time=2.005725e+00 dt=5.684765e-05
elapsed=6.498055e+01 cycle=28100 time=2.011500e+00 dt=6.361602e-05
elapsed=6.520175e+01 cycle=28200 time=2.018456e+00 dt=7.114626e-05
elapsed=6.543713e+01 cycle=28300 time=2.025723e+00 dt=7.093653e-05
elapsed=6.567209e+01 cycle=28400 time=2.032541e+00 dt=6.819054e-05
elapsed=6.589393e+01 cycle=28500 time=2.039487e+00 dt=7.033645e-05
elapsed=6.612979e+01 cycle=28600 time=2.046574e+00 dt=7.112597e-05
elapsed=6.636490e+01 cycle=28700 time=2.053666e+00 dt=6.943735e-05
elapsed=6.659987e+01 cycle=28800 time=2.060430e+00 dt=6.538868e-05
elapsed=6.682065e+01 cycle=28900 time=2.066876e+00 dt=6.367212e-05
elapsed=6.705614e+01 cycle=29000 time=2.073142e+00 dt=6.186875e-05
elapsed=6.727705e+01 cycle=29100 time=2.079165e+00 dt=5.863931e-05
elapsed=6.751210e+01 cycle=29200 time=2.084952e+00 dt=5.633421e-05
elapsed=6.774752e+01 cycle=29300 time=2.090460e+00 dt=5.383568e-05
elapsed=6.796873e+01 cycle=29400 time=2.095733e+00 dt=5.155486e-05
elapsed=6.820424e+01 cycle=29500 time=2.100791e+00 dt=4.981229e-05
elapsed=6.842531e+01 cycle=29600 time=2.105779e+00 dt=5.121277e-05
elapsed=6.866072e+01 cycle=29700 time=2.111020e+00 dt=5.321917e-05
elapsed=6.888231e+01 cycle=29800 time=2.116526e+00 dt=5.753824e-05
elapsed=6.911736e+01 cycle=29900 time=2.122280e+00 dt=5.633246e-05
elapsed=6.933892e+01 cycle=30000 time=2.127899e+00 dt=5.597105e-05
elapsed=6.957408e+01 cycle=30100 time=2.133687e+00 dt=6.111254e-05
elapsed=6.979555e+01 cycle=30200 time=2.139697e+00 dt=6.130118e-05
elapsed=7.003112e+01 cycle=30300 time=2.146212e+00 dt=6.868291e-05
elapsed=7.026619e+01 cycle=30400 time=2.152812e+00 dt=6.337795e-05
elapsed=7.048787e+01 cycle=30500 time=2.159307e+00 dt=6.721157e-05
elapsed=7.072312e+01 cycle=30600 time=2.165976e+00 dt=6.541123e-05
elapsed=7.095831e+01 cycle=30700 time=2.172336e+00 dt=6.196091e-05
elapsed=7.117962e+01 cycle=30800 time=2.178322e+00 dt=5.768261e-05
elapsed=7.141505e+01 cycle=30900 time=2.183947e+00 dt=5.518923e-05
elapsed=7.163710e+01 cycle=31000 time=2.189514e+00 dt=5.724096e-05
elapsed=7.187270e+01 cycle=31100 time=2.195316e+00 dt=5.687996e-05
elapsed=7.210793e+01 cycle=31200 time=2.200867e+00 dt=5.443239e-05
elapsed=7.232952e+01 cycle=31300 time=2.206351e+00 dt=5.456473e-05
elapsed=7.256607e+01 cycle=31400 time=2.212121e+00 dt=6.243932e-05
elapsed=7.278849e+01 cycle=31500 time=2.218294e+00 dt=6.077812e-05
elapsed=7.302409e+01 cycle=31600 time=2.224275e+00 dt=5.907124e-05
elapsed=7.325991e+01 cycle=31700 time=2.230118e+00 dt=5.779537e-05
elapsed=7.348183e+01 cycle=31800 time=2.235851e+00 dt=5.638103e-05
elapsed=7.371794e+01 cycle=31900 time=2.241457e+00 dt=5.570126e-05
elapsed=7.393949e+01 cycle=32000 time=2.247042e+00 dt=5.671797e-05
elapsed=7.417538e+01 cycle=32100 time=2.252917e+00 dt=6.026929e-05
elapsed=7.439725e+01 cycle=32200 time=2.259031e+00 dt=6.114183e-05
elapsed=7.463329e+01 cycle=32300 time=2.265150e+00 dt=6.189894e-05
elapsed=7.486909e+01 cycle=32400 time=2.271494e+00 dt=6.392215e-05
elapsed=7.509059e+01 cycle=32500 time=2.277920e+00 dt=6.388468e-05
elapsed=7.532626e+01 cycle=32600 time=2.284121e+00 dt=6.017700e-05
elapsed=7.554833e+01 cycle=32700 time=2.289921e+00 dt=5.562067e-05
elapsed=7.578402e+01 cycle=32800 time=2.295321e+00 dt=5.270313e-05
elapsed=7.602015e+01 cycle=32900 time=2.300514e+00 dt=5.139483e-05
elapsed=7.624172e+01 cycle=33000 time=2.305715e+00 dt=5.300099e-05
elapsed=7.647746e+01 cycle=33100 time=2.311067e+00 dt=5.369192e-05
elapsed=7.669960e+01 cycle=33200 time=2.316396e+00 dt=5.327333e-05
elapsed=7.693568e+01 cycle=33300 time=2.321815e+00 dt=5.494114e-05
elapsed=7.715734e+01 cycle=33400 time=2.327341e+00 dt=5.605561e-05
elapsed=7.739312e+01 cycle=33500 time=2.333262e+00 dt=6.476654e-05
elapsed=7.762881e+01 cycle=33600 time=2.340034e+00 dt=6.931268e-05
elapsed=7.785071e+01 cycle=33700 time=2.347029e+00 dt=7.040702e-05
elapsed=7.808682e+01 cycle=33800 time=2.354094e+00 dt=7.024425e-05
elapsed=7.832192e+01 cycle=33900 time=2.360930e+00 dt=6.639925e-05
elapsed=7.854394e+01 cycle=34000 time=2.367373e+00 dt=6.210271e-05
elapsed=7.877957e+01 cycle=34100 time=2.373393e+00 dt=5.824944e-05
elapsed=7.900173e+01 cycle=34200 time=2.379023e+00 dt=5.459771e-05
elapsed=7.923758e+01 cycle=34300 time=2.384432e+00 dt=5.502123e-05
elapsed=7.947333e+01 cycle=34400 time=2.390259e+00 dt=5.995778e-05
elapsed=7.969505e+01 cycle=34500 time=2.396033e+00 dt=5.630284e-05
elapsed=7.993076e+01 cycle=34600 time=2.401788e+00 dt=5.911612e-05
elapsed=8.015277e+01 cycle=34700 time=2.407584e+00 dt=5.737382e-05
elapsed=8.038851e+01 cycle=34800 time=2.413552e+00 dt=6.457722e-05
elapsed=8.061063e+01 cycle=34900 time=2.419975e+00 dt=6.290631e-05
elapsed=8.084616e+01 cycle=35000 time=2.426503e+00 dt=7.040447e-05
elapsed=8.108129e+01 cycle=35100 time=2.433655e+00 dt=7.063607e-05
elapsed=8.131690e+01 cycle=35200 time=2.440939e+00 dt=7.487375e-05
elapsed=8.153845e+01 cycle=35300 time=2.448290e+00 dt=7.171112e-05
elapsed=8.177397e+01 cycle=35400 time=2.455332e+00 dt=6.942799e-05
elapsed=8.200938e+01 cycle=35500 time=2.462193e+00 dt=6.763239e-05
elapsed=8.223078e+01 cycle=35600 time=2.468746e+00 dt=6.362320e-05
elapsed=8.246619e+01 cycle=35700 time=2.475043e+00 dt=6.350704e-05
elapsed=8.270192e+01 cycle=35800 time=2.481409e+00 dt=6.411358e-05
elapsed=8.292388e+01 cycle=35900 time=2.487952e+00 dt=6.591371e-05
elapsed=8.315964e+01 cycle=36000 time=2.494736e+00 dt=7.041944e-05
elapsed=8.339584e+01 cycle=36100 time=2.501742e+00 dt=6.959983e-05
elapsed=8.361733e+01 cycle=36200 time=2.508696e+00 dt=6.922425e-05
elapsed=8.385333e+01 cycle=36300 time=2.515517e+00 dt=6.727080e-05
elapsed=8.408881e+01 cycle=36400 time=2.522176e+00 dt=6.671808e-05
elapsed=8.431063e+01 cycle=36500 time=2.528830e+00 dt=6.622922e-05
elapsed=8.454627e+01 cycle=36600 time=2.535414e+00 dt=6.523510e-05
elapsed=8.478268e+01 cycle=36700 time=2.541899e+00 dt=6.454719e-05
elapsed=8.500403e+01 cycle=36800 time=2.548335e+00 dt=6.435014e-05
elapsed=8.523928e+01 cycle=36900 time=2.554769e+00 dt=6.441417e-05
elapsed=8.547434e+01 cycle=37000 time=2.561236e+00 dt=6.521452e-05
elapsed=8.569615e+01 cycle=37100 time=2.567779e+00 dt=6.557884e-05
elapsed=8.593173e+01 cycle=37200 time=2.574315e+00 dt=6.432240e-05
elapsed=8.616660e+01 cycle=37300 time=2.580779e+00 dt=6.436023e-05
elapsed=8.638783e+01 cycle=37400 time=2.587124e+00 dt=6.244129e-05
elapsed=8.662303e+01 cycle=37500 time=2.593287e+00 dt=6.110449e-05
elapsed=8.684436e+01 cycle=37600 time=2.599380e+00 dt=6.086902e-05
elapsed=8.707936e+01 cycle=37700 time=2.605539e+00 dt=6.270041e-05
elapsed=8.731422e+01 cycle=37800 time=2.611654e+00 dt=5.793888e-05
elapsed=8.753545e+01 cycle=37900 time=2.617232e+00 dt=5.715808e-05
elapsed=8.777061e+01 cycle=38000 time=2.623393e+00 dt=6.285311e-05
elapsed=8.799173e+01 cycle=38100 time=2.629755e+00 dt=6.672584e-05
elapsed=8.822701e+01 cycle=38200 time=2.636637e+00 dt=7.033793e-05
elapsed=8.846185e+01 cycle=38300 time=2.643654e+00 dt=6.957191e-05
elapsed=8.869709e+01 cycle=38400 time=2.650549e+00 dt=6.899387e-05
elapsed=8.891847e+01 cycle=38500 time=2.657408e+00 dt=6.805947e-05
elapsed=8.915402e+01 cycle=38600 time=2.664178e+00 dt=6.765087e-05
elapsed=8.938966e+01 cycle=38700 time=2.670964e+00 dt=6.800661e-05
elapsed=8.961162e+01 cycle=38800 time=2.677741e+00 dt=6.754138e-05
elapsed=8.984713e+01 cycle=38900 time=2.684461e+00 dt=6.723102e-05
elapsed=9.008249e+01 cycle=39000 time=2.691195e+00 dt=6.714112e-05
elapsed=9.030409e+01 cycle=39100 time=2.697906e+00 dt=6.735257e-05
elapsed=9.053963e+01 cycle=39200 time=2.704692e+00 dt=6.828792e-05
elapsed=9.077502e+01 cycle=39300 time=2.711555e+00 dt=6.823021e-05
elapsed=9.099643e+01 cycle=39400 time=2.718325e+00 dt=6.492598e-05
elapsed=9.123282e+01 cycle=39500 time=2.724940e+00 dt=7.210964e-05
elapsed=9.146851e+01 cycle=39600 time=2.732142e+00 dt=7.050657e-05
elapsed=9.169040e+01 cycle=39700 time=2.739040e+00 dt=6.731550e-05
elapsed=9.192628e+01 cycle=39800 time=2.745660e+00 dt=6.510606e-05
elapsed=9.216291e+01 cycle=39900 time=2.752046e+00 dt=6.224719e-05
elapsed=9.238461e+01 cycle=40000 time=2.758145e+00 dt=5.954611e-05
elapsed=9.261973e+01 cycle=40100 time=2.764033e+00 dt=5.911092e-05
elapsed=9.285494e+01 cycle=40200 time=2.770265e+00 dt=6.693330e-05
elapsed=9.307627e+01 cycle=40300 time=2.777080e+00 dt=6.785030e-05
elapsed=9.331217e+01 cycle=40400 time=2.783766e+00 dt=6.514621e-05
elapsed=9.354783e+01 cycle=40500 time=2.790143e+00 dt=6.249702e-05
elapsed=9.376927e+01 cycle=40600 time=2.796324e+00 dt=6.097709e-05
elapsed=9.400417e+01 cycle=40700 time=2.802351e+00 dt=6.039316e-05
elapsed=9.422646e+01 cycle=40800 time=2.808456e+00 dt=6.421035e-05
elapsed=9.446300e+01 cycle=40900 time=2.815133e+00 dt=6.815567e-05
elapsed=9.469920e+01 cycle=41000 time=2.821835e+00 dt=6.522957e-05
elapsed=9.492086e+01 cycle=41100 time=2.828122e+00 dt=6.115867e-05
elapsed=9.515643e+01 cycle=41200 time=2.834229e+00 dt=6.197661e-05
elapsed=9.539294e+01 cycle=41300 time=2.840634e+00 dt=6.715749e-05
elapsed=9.561445e+01 cycle=41400 time=2.847611e+00 dt=7.139140e-05
elapsed=9.584971e+01 cycle=41500 time=2.854739e+00 dt=7.095656e-05
elapsed=9.608516e+01 cycle=41600 time=2.861884e+00 dt=7.045235e-05
elapsed=9.630674e+01 cycle=41700 time=2.868710e+00 dt=6.646259e-05
elapsed=9.654196e+01 cycle=41800 time=2.875397e+00 dt=6.828004e-05
elapsed=9.677766e+01 cycle=41900 time=2.882218e+00 dt=6.981032e-05
elapsed=9.699932e+01 cycle=42000 time=2.889218e+00 dt=6.971620e-05
elapsed=9.723408e+01 cycle=42100 time=2.896122e+00 dt=6.826370e-05
elapsed=9.746979e+01 cycle=42200 time=2.902963e+00 dt=6.876893e-05
elapsed=9.769156e+01 cycle=42300 time=2.909845e+00 dt=6.819954e-05
elapsed=9.792746e+01 cycle=42400 time=2.916533e+00 dt=6.529366e-05
elapsed=9.816307e+01 cycle=42500 time=2.922864e+00 dt=6.153643e-05
elapsed=9.838521e+01 cycle=42600 time=2.928999e+00 dt=6.292854e-05
elapsed=9.862134e+01 cycle=42700 time=2.935676e+00 dt=6.890739e-05
elapsed=9.885702e+01 cycle=42800 time=2.942582e+00 dt=6.950944e-05
elapsed=9.907855e+01 cycle=42900 time=2.949543e+00 dt=7.021569e-05
elapsed=9.931418e+01 cycle=43000 time=2.956692e+00 dt=7.308498e-05
elapsed=9.954982e+01 cycle=43100 time=2.964094e+00 dt=7.347138e-05
elapsed=9.978621e+01 cycle=43200 time=2.971448e+00 dt=7.422748e-05
elapsed=1.000075e+02 cycle=43300 time=2.978843e+00 dt=7.332017e-05
elapsed=1.002430e+02 cycle=43400 time=2.986208e+00 dt=7.391700e-05
elapsed=1.004787e+02 cycle=43500 time=2.993465e+00 dt=6.952250e-05
elapsed=1.007175e+02 cycle=43600 time=3.000142e+00 dt=6.404970e-05
elapsed=1.009397e+02 cycle=43700 time=3.006372e+00 dt=6.197647e-05
elapsed=1.011755e+02 cycle=43800 time=3.012923e+00 dt=6.990011e-05
elapsed=1.013975e+02 cycle=43900 time=3.019827e+00 dt=6.820556e-05
elapsed=1.016330e+02 cycle=44000 time=3.026595e+00 dt=6.697865e-05
elapsed=1.018687e+02 cycle=44100 time=3.033163e+00 dt=6.456759e-05
elapsed=1.020905e+02 cycle=44200 time=3.039610e+00 dt=6.390825e-05
elapsed=1.023264e+02 cycle=44300 time=3.045771e+00 dt=5.998357e-05
elapsed=1.025622e+02 cycle=44400 time=3.051712e+00 dt=5.912471e-05
elapsed=1.027841e+02 cycle=44500 time=3.057642e+00 dt=5.878487e-05
elapsed=1.030198e+02 cycle=44600 time=3.063489e+00 dt=5.895332e-05
elapsed=1.032420e+02 cycle=44700 time=3.069552e+00 dt=6.048277e-05
elapsed=1.034786e+02 cycle=44800 time=3.075662e+00 dt=6.605335e-05
elapsed=1.037145e+02 cycle=44900 time=3.082476e+00 dt=6.742734e-05
elapsed=1.039364e+02 cycle=45000 time=3.088960e+00 dt=6.101901e-05
elapsed=1.041721e+02 cycle=45100 time=3.095352e+00 dt=6.991464e-05
elapsed=1.044079e+02 cycle=45200 time=3.102335e+00 dt=6.844671e-05
elapsed=1.046297e+02 cycle=45300 time=3.109000e+00 dt=6.439103e-05
elapsed=1.048653e+02 cycle=45400 time=3.115386e+00 dt=6.523227e-05
elapsed=1.051009e+02 cycle=45500 time=3.122508e+00 dt=7.455996e-05
elapsed=1.053230e+02 cycle=45600 time=3.129942e+00 dt=7.513816e-05
elapsed=1.055586e+02 cycle=45700 time=3.137458e+00 dt=7.353402e-05
elapsed=1.057942e+02 cycle=45800 time=3.144392e+00 dt=6.561843e-05
elapsed=1.060298e+02 cycle=45900 time=3.150846e+00 dt=6.436120e-05
elapsed=1.062519e+02 cycle=46000 time=3.157320e+00 dt=6.489848e-05
elapsed=1.064876e+02 cycle=46100 time=3.164036e+00 dt=6.476488e-05
elapsed=1.067227e+02 cycle=46200 time=3.170021e+00 dt=5.756723e-05
elapsed=1.069439e+02 cycle=46300 time=3.176013e+00 dt=6.176628e-05
elapsed=1.071786e+02 cycle=46400 time=3.182252e+00 dt=6.405913e-05
elapsed=1.073999e+02 cycle=46500 time=3.188591e+00 dt=6.233161e-05
elapsed=1.076354e+02 cycle=46600 time=3.194829e+00 dt=6.290646e-05
elapsed=1.078709e+02 cycle=46700 time=3.200964e+00 dt=6.026970e-05
elapsed=1.080921e+02 cycle=46800 time=3.206850e+00 dt=5.647711e-05
elapsed=1.083273e+02 cycle=46900 time=3.213399e+00 dt=7.170646e-05
elapsed=1.085625e+02 cycle=47000 time=3.220727e+00 dt=7.367821e-05
elapsed=1.087834e+02 cycle=47100 time=3.228066e+00 dt=7.347106e-05
elapsed=1.090183e+02 cycle=47200 time=3.235298e+00 dt=7.286228e-05
elapsed=1.092530e+02 cycle=47300 time=3.242719e+00 dt=7.301138e-05
elapsed=1.094740e+02 cycle=47400 time=3.249929e+00 dt=7.147505e-05
elapsed=1.097097e+02 cycle=47500 time=3.257110e+00 dt=7.289904e-05
elapsed=1.099446e+02 cycle=47600 time=3.264069e+00 dt=6.624831e-05
elapsed=1.101797e+02 cycle=47700 time=3.270342e+00 dt=6.017505e-05
elapsed=1.104007e+02 cycle=47800 time=3.276293e+00 dt=6.032778e-05
elapsed=1.106364e+02 cycle=47900 time=3.282554e+00 dt=6.525497e-05
elapsed=1.108575e+02 cycle=48000 time=3.289260e+00 dt=7.067866e-05
elapsed=1.110928e+02 cycle=48100 time=3.296362e+00 dt=7.179171e-05
elapsed=1.113276e+02 cycle=48200 time=3.303353e+00 dt=6.865050e-05
elapsed=1.115625e+02 cycle=48300 time=3.310126e+00 dt=6.703901e-05
elapsed=1.117840e+02 cycle=48400 time=3.316777e+00 dt=6.617186e-05
elapsed=1.120192e+02 cycle=48500 time=3.323289e+00 dt=6.486852e-05
elapsed=1.122403e+02 cycle=48600 time=3.329717e+00 dt=6.393016e-05
elapsed=1.124752e+02 cycle=48700 time=3.336228e+00 dt=6.717638e-05
elapsed=1.127105e+02 cycle=48800 time=3.343081e+00 dt=6.928144e-05
elapsed=1.129458e+02 cycle=48900 time=3.350010e+00 dt=6.867082e-05
elapsed=1.131669e+02 cycle=49000 time=3.356822e+00 dt=6.728334e-05
elapsed=1.134020e+02 cycle=49100 time=3.363478e+00 dt=6.550611e-05
elapsed=1.136373e+02 cycle=49200 time=3.370039e+00 dt=6.562204e-05
elapsed=1.138583e+02 cycle=49300 time=3.376536e+00 dt=6.438908e-05
elapsed=1.140938e+02 cycle=49400 time=3.382951e+00 dt=6.407286e-05
elapsed=1.143149e+02 cycle=49500 time=3.389339e+00 dt=6.375325e-05
elapsed=1.145499e+02 cycle=49600 time=3.395610e+00 dt=6.161848e-05
elapsed=1.147853e+02 cycle=49700 time=3.401662e+00 dt=6.025048e-05
elapsed=1.150065e+02 cycle=49800 time=3.407531e+00 dt=5.798532e-05
elapsed=1.152420e+02 cycle=49900 time=3.413214e+00 dt=5.474576e-05
elapsed=1.154632e+02 cycle=50000 time=3.418601e+00 dt=5.375561e-05
elapsed=1.156983e+02 cycle=50100 time=3.423996e+00 dt=5.403935e-05
elapsed=1.159195e+02 cycle=50200 time=3.429416e+00 dt=5.399488e-05
elapsed=1.161551e+02 cycle=50300 time=3.434763e+00 dt=5.343192e-05
elapsed=1.163904e+02 cycle=50400 time=3.440134e+00 dt=5.456788e-05
elapsed=1.166119e+02 cycle=50500 time=3.445663e+00 dt=5.685369e-05
elapsed=1.168470e+02 cycle=50600 time=3.451258e+00 dt=5.461621e-05
elapsed=1.170685e+02 cycle=50700 time=3.456624e+00 dt=5.290107e-05
elapsed=1.173042e+02 cycle=50800 time=3.461864e+00 dt=5.217389e-05
elapsed=1.175257e+02 cycle=50900 time=3.467131e+00 dt=5.267806e-05
elapsed=1.177609e+02 cycle=51000 time=3.472446e+00 dt=5.431740e-05
elapsed=1.179827e+02 cycle=51100 time=3.478093e+00 dt=5.902367e-05
elapsed=1.182176e+02 cycle=51200 time=3.484236e+00 dt=6.064673e-05
elapsed=1.184392e+02 cycle=51300 time=3.489941e+00 dt=5.329368e-05
elapsed=1.186749e+02 cycle=51400 time=3.495494e+00 dt=5.799726e-05
elapsed=1.189100e+02 cycle=51500 time=3.501169e+00 dt=5.951076e-05
elapsed=1.191316e+02 cycle=51600 time=3.507253e+00 dt=6.151047e-05
elapsed=1.193666e+02 cycle=51700 time=3.513458e+00 dt=6.101649e-05
elapsed=1.195887e+02 cycle=51800 time=3.519616e+00 dt=6.386160e-05
elapsed=1.198241e+02 cycle=51900 time=3.526167e+00 dt=6.769057e-05
elapsed=1.200597e+02 cycle=52000 time=3.532800e+00 dt=6.460497e-05
elapsed=1.202819e+02 cycle=52100 time=3.538971e+00 dt=5.867795e-05
elapsed=1.205175e+02 cycle=52200 time=3.544601e+00 dt=5.487983e-05
elapsed=1.207538e+02 cycle=52300 time=3.550050e+00 dt=5.473197e-05
elapsed=1.209755e+02 cycle=52400 time=3.555731e+00 dt=5.980151e-05
elapsed=1.212111e+02 cycle=52500 time=3.561741e+00 dt=6.139361e-05
elapsed=1.214331e+02 cycle=52600 time=3.568241e+00 dt=6.690773e-05
elapsed=1.216688e+02 cycle=52700 time=3.574853e+00 dt=6.505785e-05
elapsed=1.219047e+02 cycle=52800 time=3.581334e+00 dt=6.508610e-05
elapsed=1.221264e+02 cycle=52900 time=3.588046e+00 dt=7.056151e-05
elapsed=1.223620e+02 cycle=53000 time=3.595048e+00 dt=6.783394e-05
elapsed=1.225988e+02 cycle=53100 time=3.601643e+00 dt=6.396737e-05
elapsed=1.228205e+02 cycle=53200 time=3.607903e+00 dt=6.138988e-05
elapsed=1.230564e+02 cycle=53300 time=3.613982e+00 dt=6.075672e-05
elapsed=1.232925e+02 cycle=53400 time=3.620156e+00 dt=6.289613e-05
elapsed=1.235142e+02 cycle=53500 time=3.626394e+00 dt=6.223027e-05
elapsed=1.237500e+02 cycle=53600 time=3.632642e+00 dt=6.293152e-05
elapsed=1.239721e+02 cycle=53700 time=3.639026e+00 dt=6.419228e-05
elapsed=1.242079e+02 cycle=53800 time=3.645334e+00 dt=6.148801e-05
elapsed=1.244434e+02 cycle=53900 time=3.651424e+00 dt=6.130419e-05
elapsed=1.246653e+02 cycle=54000 time=3.657703e+00 dt=6.354464e-05
elapsed=1.249009e+02 cycle=54100 time=3.664120e+00 dt=6.578312e-05
elapsed=1.251367e+02 cycle=54200 time=3.670480e+00 dt=6.104038e-05
elapsed=1.253584e+02 cycle=54300 time=3.676289e+00 dt=5.484435e-05
elapsed=1.255935e+02 cycle=54400 time=3.681863e+00 dt=6.280879e-05
elapsed=1.258153e+02 cycle=54500 time=3.688287e+00 dt=6.833320e-05
elapsed=1.260512e+02 cycle=54600 time=3.694957e+00 dt=6.601240e-05
elapsed=1.262871e+02 cycle=54700 time=3.701815e+00 dt=6.977757e-05
elapsed=1.265087e+02 cycle=54800 time=3.708736e+00 dt=6.798563e-05
elapsed=1.267444e+02 cycle=54900 time=3.715276e+00 dt=6.279954e-05
elapsed=1.269800e+02 cycle=55000 time=3.721309e+00 dt=5.895890e-05
elapsed=1.272020e+02 cycle=55100 time=3.727511e+00 dt=6.630572e-05
elapsed=1.274381e+02 cycle=55200 time=3.734169e+00 dt=6.726841e-05
elapsed=1.276736e+02 cycle=55300 time=3.740887e+00 dt=6.724742e-05
elapsed=1.278953e+02 cycle=55400 time=3.747582e+00 dt=6.558344e-05
elapsed=1.281310e+02 cycle=55500 time=3.754016e+00 dt=6.330852e-05
elapsed=1.283670e+02 cycle=55600 time=3.760244e+00 dt=6.140465e-05
elapsed=1.285889e+02 cycle=55700 time=3.766162e+00 dt=5.738386e-05
elapsed=1.288247e+02 cycle=55800 time=3.771713e+00 dt=5.501027e-05
elapsed=1.290465e+02 cycle=55900 time=3.777082e+00 dt=5.327221e-05
elapsed=1.292824e+02 cycle=56000 time=3.782482e+00 dt=5.318263e-05
elapsed=1.295042e+02 cycle=56100 time=3.787796e+00 dt=5.203130e-05
elapsed=1.297399e+02 cycle=56200 time=3.793018e+00 dt=5.364836e-05
elapsed=1.299613e+02 cycle=56300 time=3.798317e+00 dt=5.586129e-05
elapsed=1.301964e+02 cycle=56400 time=3.804151e+00 dt=6.000741e-05
elapsed=1.304319e+02 cycle=56500 time=3.810271e+00 dt=6.109989e-05
elapsed=1.306534e+02 cycle=56600 time=3.816587e+00 dt=6.509936e-05
elapsed=1.308889e+02 cycle=56700 time=3.823016e+00 dt=6.356245e-05
elapsed=1.311105e+02 cycle=56800 time=3.829162e+00 dt=5.880596e-05
elapsed=1.313458e+02 cycle=56900 time=3.834935e+00 dt=5.728957e-05
elapsed=1.315816e+02 cycle=57000 time=3.840615e+00 dt=5.583643e-05
elapsed=1.318032e+02 cycle=57100 time=3.846300e+00 dt=5.799435e-05
elapsed=1.320388e+02 cycle=57200 time=3.852003e+00 dt=5.717665e-05
elapsed=1.322611e+02 cycle=57300 time=3.858035e+00 dt=6.129427e-05
elapsed=1.324972e+02 cycle=57400 time=3.864264e+00 dt=6.062077e-05
elapsed=1.327335e+02 cycle=57500 time=3.870711e+00 dt=6.443102e-05
elapsed=1.329555e+02 cycle=57600 time=3.877086e+00 dt=6.346713e-05
elapsed=1.331912e+02 cycle=57700 time=3.883127e+00 dt=5.642430e-05
elapsed=1.334134e+02 cycle=57800 time=3.889217e+00 dt=6.399868e-05
elapsed=1.336492e+02 cycle=57900 time=3.895557e+00 dt=6.229851e-05
elapsed=1.338848e+02 cycle=58000 time=3.901832e+00 dt=6.430500e-05
elapsed=1.341066e+02 cycle=58100 time=3.908215e+00 dt=6.120315e-05
elapsed=1.343427e+02 cycle=58200 time=3.914113e+00 dt=5.908785e-05
elapsed=1.345645e+02 cycle=58300 time=3.919834e+00 dt=5.414760e-05
elapsed=1.348011e+02 cycle=58400 time=3.925009e+00 dt=5.604412e-05
elapsed=1.350371e+02 cycle=58500 time=3.931749e+00 dt=6.886040e-05
elapsed=1.352588e+02 cycle=58600 time=3.938817e+00 dt=7.201324e-05
elapsed=1.354943e+02 cycle=58700 time=3.946012e+00 dt=7.239515e-05
elapsed=1.357305e+02 cycle=58800 time=3.953249e+00 dt=7.211085e-05
elapsed=1.359662e+02 cycle=58900 time=3.960375e+00 dt=7.089762e-05
elapsed=1.361875e+02 cycle=59000 time=3.967405e+00 dt=6.976884e-05
elapsed=1.364221e+02 cycle=59100 time=3.974350e+00 dt=6.936972e-05
elapsed=1.366577e+02 cycle=59200 time=3.981267e+00 dt=6.912885e-05
elapsed=1.368794e+02 cycle=59300 time=3.987840e+00 dt=6.228059e-05
elapsed=1.371148e+02 cycle=59400 time=3.993883e+00 dt=6.129640e-05
elapsed=1.373532e+02 cycle=59500 time=4.000638e+00 dt=7.077087e-05
elapsed=1.375750e+02 cycle=59600 time=4.007827e+00 dt=7.355369e-05
elapsed=1.378099e+02 cycle=59700 time=4.015047e+00 dt=7.146628e-05
elapsed=1.380454e+02 cycle=59800 time=4.022110e+00 dt=7.085060e-05
elapsed=1.382664e+02 cycle=59900 time=4.029200e+00 dt=7.128643e-05
elapsed=1.385011e+02 cycle=60000 time=4.036115e+00 dt=6.615344e-05
elapsed=1.387363e+02 cycle=60100 time=4.042509e+00 dt=6.356983e-05
elapsed=1.389576e+02 cycle=60200 time=4.049303e+00 dt=6.859234e-05
elapsed=1.391931e+02 cycle=60300 time=4.056122e+00 dt=6.871390e-05
elapsed=1.394283e+02 cycle=60400 time=4.063034e+00 dt=7.028102e-05
elapsed=1.396492e+02 cycle=60500 time=4.069734e+00 dt=6.500339e-05
elapsed=1.398838e+02 cycle=60600 time=4.076112e+00 dt=6.329941e-05
elapsed=1.401186e+02 cycle=60700 time=4.082402e+00 dt=6.270873e-05
elapsed=1.403398e+02 cycle=60800 time=4.088701e+00 dt=6.333045e-05
elapsed=1.405754e+02 cycle=60900 time=4.095014e+00 dt=6.293870e-05
elapsed=1.408101e+02 cycle=61000 time=4.101364e+00 dt=6.684742e-05
elapsed=1.410311e+02 cycle=61100 time=4.108056e+00 dt=6.704313e-05
elapsed=1.412662e+02 cycle=61200 time=4.114801e+00 dt=6.759093e-05
elapsed=1.415009e+02 cycle=61300 time=4.121526e+00 dt=6.699034e-05
elapsed=1.417218e+02 cycle=61400 time=4.128205e+00 dt=6.672077e-05
elapsed=1.419560e+02 cycle=61500 time=4.134817e+00 dt=6.591790e-05
elapsed=1.421907e+02 cycle=61600 time=4.141365e+00 dt=6.825983e-05
elapsed=1.424115e+02 cycle=61700 time=4.148175e+00 dt=6.834426e-05
elapsed=1.426459e+02 cycle=61800 time=4.155019e+00 dt=6.828102e-05
elapsed=1.428800e+02 cycle=61900 time=4.161728e+00 dt=6.429270e-05
elapsed=1.431009e+02 cycle=62000 time=4.168074e+00 dt=6.427040e-05
elapsed=1.433354e+02 cycle=62100 time=4.174798e+00 dt=6.868848e-05
elapsed=1.435704e+02 cycle=62200 time=4.181686e+00 dt=6.887038e-05
elapsed=1.437911e+02 cycle=62300 time=4.188585e+00 dt=6.915534e-05
elapsed=1.440260e+02 cycle=62400 time=4.195539e+00 dt=6.793421e-05
elapsed=1.442610e+02 cycle=62500 time=4.202143e+00 dt=6.464208e-05
elapsed=1.444817e+02 cycle=62600 time=4.208521e+00 dt=6.282094e-05
elapsed=1.447166e+02 cycle=62700 time=4.214874e+00 dt=6.317200e-05
elapsed=1.449510e+02 cycle=62800 time=4.221080e+00 dt=6.172941e-05
elapsed=1.451715e+02 cycle=62900 time=4.227384e+00 dt=6.499751e-05
elapsed=1.454056e+02 cycle=63000 time=4.233953e+00 dt=6.567224e-05
elapsed=1.456403e+02 cycle=63100 time=4.240480e+00 dt=6.472903e-05
elapsed=1.458610e+02 cycle=63200 time=4.246923e+00 dt=6.445719e-05
elapsed=1.460954e+02 cycle=63300 time=4.253372e+00 dt=6.441502e-05
elapsed=1.463161e+02 cycle=63400 time=4.259788e+00 dt=6.379541e-05
elapsed=1.465505e+02 cycle=63500 time=4.266147e+00 dt=6.358635e-05
elapsed=1.467855e+02 cycle=63600 time=4.272533e+00 dt=6.405674e-05
elapsed=1.470066e+02 cycle=63700 time=4.278868e+00 dt=6.271128e-05
elapsed=1.472414e+02 cycle=63800 time=4.285078e+00 dt=6.162335e-05
elapsed=1.474766e+02 cycle=63900 time=4.291180e+00 dt=6.032294e-05
elapsed=1.476987e+02 cycle=64000 time=4.297122e+00 dt=5.843704e-05
elapsed=1.479347e+02 cycle=64100 time=4.302874e+00 dt=5.654705e-05
elapsed=1.481565e+02 cycle=64200 time=4.308444e+00 dt=5.534442e-05
elapsed=1.483922e+02 cycle=64300 time=4.314107e+00 dt=5.789040e-05
elapsed=1.486284e+02 cycle=64400 time=4.320111e+00 dt=6.185244e-05
elapsed=1.488500e+02 cycle=64500 time=4.326423e+00 dt=6.349714e-05
elapsed=1.490859e+02 cycle=64600 time=4.332891e+00 dt=6.544840e-05
elapsed=1.493078e+02 cycle=64700 time=4.339353e+00 dt=6.396559e-05
elapsed=1.495436e+02 cycle=64800 time=4.345743e+00 dt=6.367201e-05
elapsed=1.497794e+02 cycle=64900 time=4.351937e+00 dt=6.032754e-05
elapsed=1.500011e+02 cycle=65000 time=4.358118e+00 dt=6.267108e-05
elapsed=1.502375e+02 cycle=65100 time=4.364294e+00 dt=6.084797e-05
elapsed=1.504746e+02 cycle=65200 time=4.370252e+00 dt=5.821898e-05
elapsed=1.506980e+02 cycle=65300 time=4.375963e+00 dt=5.640245e-05
elapsed=1.509355e+02 cycle=65400 time=4.381590e+00 dt=5.610118e-05
elapsed=1.511593e+02 cycle=65500 time=4.387136e+00 dt=5.668021e-05
elapsed=1.513970e+02 cycle=65600 time=4.393083e+00 dt=6.088243e-05
elapsed=1.516205e+02 cycle=65700 time=4.399249e+00 dt=6.264660e-05
elapsed=1.518577e+02 cycle=65800 time=4.405647e+00 dt=6.450209e-05
elapsed=1.520950e+02 cycle=65900 time=4.412046e+00 dt=6.218137e-05
elapsed=1.523186e+02 cycle=66000 time=4.418196e+00 dt=6.132593e-05
elapsed=1.525563e+02 cycle=66100 time=4.424209e+00 dt=5.868405e-05
elapsed=1.527932e+02 cycle=66200 time=4.430210e+00 dt=6.643835e-05
elapsed=1.530160e+02 cycle=66300 time=4.436972e+00 dt=6.653180e-05
elapsed=1.532533e+02 cycle=66400 time=4.443247e+00 dt=5.726002e-05
elapsed=1.534760e+02 cycle=66500 time=4.449020e+00 dt=6.258330e-05
elapsed=1.537125e+02 cycle=66600 time=4.455206e+00 dt=6.117162e-05
elapsed=1.539484e+02 cycle=66700 time=4.461334e+00 dt=6.115505e-05
elapsed=1.541704e+02 cycle=66800 time=4.467414e+00 dt=5.996821e-05
elapsed=1.544068e+02 cycle=66900 time=4.473375e+00 dt=5.920931e-05
elapsed=1.546289e+02 cycle=67000 time=4.479240e+00 dt=5.828817e-05
elapsed=1.548649e+02 cycle=67100 time=4.485009e+00 dt=5.595324e-05
elapsed=1.551004e+02 cycle=67200 time=4.490455e+00 dt=5.383007e-05
elapsed=1.553223e+02 cycle=67300 time=4.496029e+00 dt=5.702723e-05
elapsed=1.555585e+02 cycle=67400 time=4.501769e+00 dt=5.764041e-05
elapsed=1.557809e+02 cycle=67500 time=4.507601e+00 dt=5.949109e-05
elapsed=1.560173e+02 cycle=67600 time=4.513522e+00 dt=5.864862e-05
elapsed=1.562396e+02 cycle=67700 time=4.519329e+00 dt=5.786633e-05
elapsed=1.564760e+02 cycle=67800 time=4.525090e+00 dt=5.729422e-05
elapsed=1.567125e+02 cycle=67900 time=4.530854e+00 dt=5.810540e-05
elapsed=1.569347e+02 cycle=68000 time=4.536569e+00 dt=5.605374e-05
elapsed=1.571706e+02 cycle=68100 time=4.542263e+00 dt=5.617096e-05
elapsed=1.573927e+02 cycle=68200 time=4.547688e+00 dt=5.264049e-05
elapsed=1.576292e+02 cycle=68300 time=4.552904e+00 dt=5.271527e-05
elapsed=1.578513e+02 cycle=68400 time=4.558395e+00 dt=5.828825e-05
elapsed=1.580872e+02 cycle=68500 time=4.563936e+00 dt=5.279384e-05
elapsed=1.583089e+02 cycle=68600 time=4.569331e+00 dt=5.606262e-05
elapsed=1.585445e+02 cycle=68700 time=4.575206e+00 dt=6.038919e-05
elapsed=1.587804e+02 cycle=68800 time=4.581144e+00 dt=5.915589e-05
elapsed=1.590022e+02 cycle=68900 time=4.586955e+00 dt=5.723787e-05
elapsed=1.592378e+02 cycle=69000 time=4.592694e+00 dt=5.722575e-05
elapsed=1.594600e+02 cycle=69100 time=4.598427e+00 dt=5.734423e-05
elapsed=1.596959e+02 cycle=69200 time=4.604184e+00 dt=5.816953e-05
elapsed=1.599318e+02 cycle=69300 time=4.610166e+00 dt=6.019406e-05
elapsed=1.601533e+02 cycle=69400 time=4.616082e+00 dt=5.874056e-05
elapsed=1.603889e+02 cycle=69500 time=4.622099e+00 dt=6.087932e-05
elapsed=1.606110e+02 cycle=69600 time=4.628012e+00 dt=5.794892e-05
elapsed=1.608467e+02 cycle=69700 time=4.633663e+00 dt=5.623338e-05
elapsed=1.610687e+02 cycle=69800 time=4.639177e+00 dt=5.432559e-05
elapsed=1.613045e+02 cycle=69900 time=4.644537e+00 dt=5.257932e-05
elapsed=1.615265e+02 cycle=70000 time=4.649737e+00 dt=5.149230e-05
elapsed=1.617621e+02 cycle=70100 time=4.654787e+00 dt=4.919487e-05
elapsed=1.619843e+02 cycle=70200 time=4.659683e+00 dt=4.695422e-05
elapsed=1.622200e+02 cycle=70300 time=4.664465e+00 dt=5.251862e-05
elapsed=1.624412e+02 cycle=70400 time=4.669746e+00 dt=5.196783e-05
elapsed=1.626765e+02 cycle=70500 time=4.674915e+00 dt=5.239226e-05
elapsed=1.629126e+02 cycle=70600 time=4.680291e+00 dt=5.397187e-05
elapsed=1.631344e+02 cycle=70700 time=4.686203e+00 dt=6.230171e-05
elapsed=1.633712e+02 cycle=70800 time=4.692186e+00 dt=5.916293e-05
elapsed=1.635934e+02 cycle=70900 time=4.698488e+00 dt=6.362405e-05
elapsed=1.638289e+02 cycle=71000 time=4.704779e+00 dt=6.161790e-05
elapsed=1.640651e+02 cycle=71100 time=4.710698e+00 dt=5.670006e-05
elapsed=1.642862e+02 cycle=71200 time=4.716474e+00 dt=5.965732e-05
elapsed=1.645213e+02 cycle=71300 time=4.722661e+00 dt=6.131798e-05
elapsed=1.647422e+02 cycle=71400 time=4.728716e+00 dt=5.928556e-05
elapsed=1.649769e+02 cycle=71500 time=4.734676e+00 dt=5.971834e-05
elapsed=1.652124e+02 cycle=71600 time=4.740683e+00 dt=5.929862e-05
elapsed=1.654332e+02 cycle=71700 time=4.746732e+00 dt=6.290612e-05
elapsed=1.656676e+02 cycle=71800 time=4.753068e+00 dt=6.299069e-05
elapsed=1.658883e+02 cycle=71900 time=4.759303e+00 dt=6.267051e-05
elapsed=1.661224e+02 cycle=72000 time=4.765563e+00 dt=6.036255e-05
elapsed=1.663576e+02 cycle=72100 time=4.771242e+00 dt=5.386733e-05
elapsed=1.665781e+02 cycle=72200 time=4.776509e+00 dt=5.326704e-05
elapsed=1.668123e+02 cycle=72300 time=4.782214e+00 dt=5.871781e-05
elapsed=1.670329e+02 cycle=72400 time=4.788015e+00 dt=6.048908e-05
elapsed=1.672670e+02 cycle=72500 time=4.793998e+00 dt=5.935520e-05
elapsed=1.674876e+02 cycle=72600 time=4.799998e+00 dt=6.057743e-05
elapsed=1.677218e+02 cycle=72700 time=4.805970e+00 dt=5.918850e-05
elapsed=1.679557e+02 cycle=72800 time=4.811830e+00 dt=5.799515e-05
elapsed=1.681762e+02 cycle=72900 time=4.817685e+00 dt=5.939246e-05
elapsed=1.684105e+02 cycle=73000 time=4.823483e+00 dt=5.609546e-05
elapsed=1.686308e+02 cycle=73100 time=4.828889e+00 dt=5.249376e-05
elapsed=1.688649e+02 cycle=73200 time=4.834257e+00 dt=5.852327e-05
elapsed=1.690983e+02 cycle=73300 time=4.840320e+00 dt=5.974805e-05
elapsed=1.693182e+02 cycle=73400 time=4.846182e+00 dt=5.779834e-05
elapsed=1.695519e+02 cycle=73500 time=4.852325e+00 dt=6.658634e-05
elapsed=1.697723e+02 cycle=73600 time=4.859010e+00 dt=6.783207e-05
elapsed=1.700062e+02 cycle=73700 time=4.865769e+00 dt=6.649112e-05
elapsed=1.702399e+02 cycle=73800 time=4.872355e+00 dt=6.471335e-05
elapsed=1.704601e+02 cycle=73900 time=4.878758e+00 dt=6.296144e-05
elapsed=1.706948e+02 cycle=74000 time=4.884848e+00 dt=5.949950e-05
elapsed=1.709294e+02 cycle=74100 time=4.890844e+00 dt=6.178044e-05
elapsed=1.711500e+02 cycle=74200 time=4.896901e+00 dt=5.968492e-05
elapsed=1.713842e+02 cycle=74300 time=4.902832e+00 dt=5.902984e-05
elapsed=1.716045e+02 cycle=74400 time=4.908714e+00 dt=5.763929e-05
elapsed=1.718391e+02 cycle=74500 time=4.914725e+00 dt=6.308005e-05
elapsed=1.720734e+02 cycle=74600 time=4.920989e+00 dt=6.301504e-05
elapsed=1.722937e+02 cycle=74700 time=4.927278e+00 dt=6.154006e-05
elapsed=1.725278e+02 cycle=74800 time=4.933357e+00 dt=6.085766e-05
elapsed=1.727485e+02 cycle=74900 time=4.939373e+00 dt=6.036240e-05
elapsed=1.729831e+02 cycle=75000 time=4.945218e+00 dt=5.692627e-05
elapsed=1.732174e+02 cycle=75100 time=4.951109e+00 dt=6.212989e-05
elapsed=1.734378e+02 cycle=75200 time=4.957379e+00 dt=6.034567e-05
elapsed=1.736720e+02 cycle=75300 time=4.963791e+00 dt=6.547049e-05
elapsed=1.739067e+02 cycle=75400 time=4.970462e+00 dt=6.821504e-05
elapsed=1.741277e+02 cycle=75500 time=4.977516e+00 dt=7.637737e-05
elapsed=1.743624e+02 cycle=75600 time=4.985151e+00 dt=7.703763e-05
elapsed=1.745973e+02 cycle=75700 time=4.992805e+00 dt=7.517384e-05
elapsed=1.748348e+02 cycle=75800 time=5.000433e+00 dt=7.712905e-05
elapsed=1.750553e+02 cycle=75900 time=5.007931e+00 dt=7.289443e-05
elapsed=1.752900e+02 cycle=76000 time=5.015139e+00 dt=7.101136e-05
elapsed=1.755259e+02 cycle=76100 time=5.022102e+00 dt=6.890669e-05
elapsed=1.757478e+02 cycle=76200 time=5.028995e+00 dt=6.896578e-05
elapsed=1.759833e+02 cycle=76300 time=5.035961e+00 dt=7.072050e-05
elapsed=1.762191e+02 cycle=76400 time=5.043127e+00 dt=7.193926e-05
elapsed=1.764537e+02 cycle=76500 time=5.050261e+00 dt=7.203505e-05
elapsed=1.766742e+02 cycle=76600 time=5.057930e+00 dt=7.757623e-05
elapsed=1.769089e+02 cycle=76700 time=5.065465e+00 dt=7.373367e-05
elapsed=1.771432e+02 cycle=76800 time=5.073235e+00 dt=7.798084e-05
elapsed=1.773776e+02 cycle=76900 time=5.080997e+00 dt=7.698859e-05
elapsed=1.775974e+02 cycle=77000 time=5.088568e+00 dt=7.458041e-05
elapsed=1.778309e+02 cycle=77100 time=5.095949e+00 dt=7.296206e-05
elapsed=1.780642e+02 cycle=77200 time=5.103132e+00 dt=7.116690e-05
elapsed=1.782983e+02 cycle=77300 time=5.110203e+00 dt=7.037803e-05
elapsed=1.785179e+02 cycle=77400 time=5.117175e+00 dt=6.856548e-05
elapsed=1.787517e+02 cycle=77500 time=5.123929e+00 dt=6.650383e-05
elapsed=1.789853e+02 cycle=77600 time=5.130501e+00 dt=6.501568e-05
elapsed=1.792054e+02 cycle=77700 time=5.136857e+00 dt=6.320305e-05
elapsed=1.794402e+02 cycle=77800 time=5.143266e+00 dt=6.379208e-05
elapsed=1.796604e+02 cycle=77900 time=5.149612e+00 dt=6.282663e-05
elapsed=1.798944e+02 cycle=78000 time=5.155698e+00 dt=5.968400e-05
elapsed=1.801285e+02 cycle=78100 time=5.161563e+00 dt=5.774812e-05
elapsed=1.803486e+02 cycle=78200 time=5.167405e+00 dt=6.239985e-05
elapsed=1.805829e+02 cycle=78300 time=5.173697e+00 dt=6.362487e-05
elapsed=1.808169e+02 cycle=78400 time=5.180056e+00 dt=6.350947e-05
elapsed=1.810370e+02 cycle=78500 time=5.186404e+00 dt=6.334094e-05
elapsed=1.812708e+02 cycle=78600 time=5.192656e+00 dt=6.159501e-05
elapsed=1.814911e+02 cycle=78700 time=5.198797e+00 dt=6.203971e-05
elapsed=1.817256e+02 cycle=78800 time=5.205210e+00 dt=6.545859e-05
elapsed=1.819598e+02 cycle=78900 time=5.211815e+00 dt=6.645466e-05
elapsed=1.821801e+02 cycle=79000 time=5.218424e+00 dt=6.589850e-05
elapsed=1.824144e+02 cycle=79100 time=5.224921e+00 dt=6.549865e-05
elapsed=1.826489e+02 cycle=79200 time=5.231475e+00 dt=6.592965e-05
elapsed=1.828698e+02 cycle=79300 time=5.238057e+00 dt=6.587632e-05
elapsed=1.831040e+02 cycle=79400 time=5.244543e+00 dt=6.391867e-05
elapsed=1.833378e+02 cycle=79500 time=5.250954e+00 dt=6.519700e-05
elapsed=1.835582e+02 cycle=79600 time=5.257597e+00 dt=6.603839e-05
elapsed=1.837929e+02 cycle=79700 time=5.264070e+00 dt=6.285226e-05
elapsed=1.840273e+02 cycle=79800 time=5.270185e+00 dt=5.955862e-05
elapsed=1.842478e+02 cycle=79900 time=5.276084e+00 dt=5.886655e-05
elapsed=1.844822e+02 cycle=80000 time=5.282164e+00 dt=6.291058e-05
elapsed=1.847027e+02 cycle=80100 time=5.288497e+00 dt=6.612295e-05
elapsed=1.849379e+02 cycle=80200 time=5.295322e+00 dt=6.890070e-05
elapsed=1.851723e+02 cycle=80300 time=5.302228e+00 dt=6.923510e-05
elapsed=1.853924e+02 cycle=80400 time=5.309150e+00 dt=6.878453e-05
elapsed=1.856262e+02 cycle=80500 time=5.315832e+00 dt=6.466600e-05
elapsed=1.858602e+02 cycle=80600 time=5.322183e+00 dt=6.265189e-05
elapsed=1.860804e+02 cycle=80700 time=5.328494e+00 dt=6.371435e-05
elapsed=1.863145e+02 cycle=80800 time=5.334987e+00 dt=6.730180e-05
elapsed=1.865485e+02 cycle=80900 time=5.341555e+00 dt=6.448209e-05
elapsed=1.867689e+02 cycle=81000 time=5.347949e+00 dt=6.342350e-05
elapsed=1.870034e+02 cycle=81100 time=5.354354e+00 dt=6.429544e-05
elapsed=1.872379e+02 cycle=81200 time=5.360819e+00 dt=6.461469e-05
elapsed=1.874583e+02 cycle=81300 time=5.367214e+00 dt=6.435781e-05
elapsed=1.876925e+02 cycle=81400 time=5.373358e+00 dt=5.857296e-05
elapsed=1.879131e+02 cycle=81500 time=5.379143e+00 dt=5.805451e-05
elapsed=1.881472e+02 cycle=81600 time=5.384941e+00 dt=5.831406e-05
elapsed=1.883815e+02 cycle=81700 time=5.390881e+00 dt=5.993819e-05
elapsed=1.886019e+02 cycle=81800 time=5.397113e+00 dt=6.636065e-05
elapsed=1.888361e+02 cycle=81900 time=5.403592e+00 dt=6.253020e-05
elapsed=1.890563e+02 cycle=82000 time=5.409738e+00 dt=6.083108e-05
elapsed=1.892903e+02 cycle=82100 time=5.415787e+00 dt=5.995119e-05
elapsed=1.895243e+02 cycle=82200 time=5.421736e+00 dt=5.835495e-05
elapsed=1.897445e+02 cycle=82300 time=5.427365e+00 dt=5.462222e-05
elapsed=1.899784e+02 cycle=82400 time=5.432930e+00 dt=5.798394e-05
elapsed=1.901989e+02 cycle=82500 time=5.438632e+00 dt=5.613443e-05
elapsed=1.904342e+02 cycle=82600 time=5.444355e+00 dt=5.896919e-05
elapsed=1.906684e+02 cycle=82700 time=5.450483e+00 dt=6.350923e-05
elapsed=1.908889e+02 cycle=82800 time=5.456807e+00 dt=6.312156e-05
elapsed=1.911230e+02 cycle=82900 time=5.463157e+00 dt=6.386869e-05
elapsed=1.913431e+02 cycle=83000 time=5.469511e+00 dt=6.324002e-05
elapsed=1.915776e+02 cycle=83100 time=5.475833e+00 dt=6.282856e-05
elapsed=1.918119e+02 cycle=83200 time=5.482114e+00 dt=6.227982e-05
elapsed=1.920321e+02 cycle=83300 time=5.488337e+00 dt=6.244396e-05
elapsed=1.922659e+02 cycle=83400 time=5.494632e+00 dt=6.318325e-05
elapsed=1.925006e+02 cycle=83500 time=5.500915e+00 dt=6.269372e-05
elapsed=1.927210e+02 cycle=83600 time=5.507128e+00 dt=6.104445e-05
elapsed=1.929548e+02 cycle=83700 time=5.513096e+00 dt=5.794666e-05
elapsed=1.931751e+02 cycle=83800 time=5.518701e+00 dt=5.428378e-05
elapsed=1.934092e+02 cycle=83900 time=5.523964e+00 dt=5.158754e-05
elapsed=1.936296e+02 cycle=84000 time=5.529613e+00 dt=6.586105e-05
elapsed=1.938641e+02 cycle=84100 time=5.536288e+00 dt=6.870408e-05
elapsed=1.940984e+02 cycle=84200 time=5.543102e+00 dt=6.554577e-05
elapsed=1.943184e+02 cycle=84300 time=5.549420e+00 dt=6.258974e-05
elapsed=1.945523e+02 cycle=84400 time=5.556005e+00 dt=6.929205e-05
elapsed=1.947866e+02 cycle=84500 time=5.562695e+00 dt=6.454266e-05
elapsed=1.950070e+02 cycle=84600 time=5.569277e+00 dt=7.287335e-05
elapsed=1.952411e+02 cycle=84700 time=5.576462e+00 dt=7.074298e-05
elapsed=1.954751e+02 cycle=84800 time=5.583469e+00 dt=6.911146e-05
elapsed=1.957098e+02 cycle=84900 time=5.590214e+00 dt=6.537067e-05
elapsed=1.959302e+02 cycle=85000 time=5.596610e+00 dt=6.245382e-05
elapsed=1.961648e+02 cycle=85100 time=5.602723e+00 dt=6.009954e-05
elapsed=1.963853e+02 cycle=85200 time=5.608692e+00 dt=5.939156e-05
elapsed=1.966200e+02 cycle=85300 time=5.614641e+00 dt=5.974129e-05
elapsed=1.968551e+02 cycle=85400 time=5.620800e+00 dt=6.352858e-05
elapsed=1.970758e+02 cycle=85500 time=5.627490e+00 dt=6.766624e-05
elapsed=1.973106e+02 cycle=85600 time=5.634031e+00 dt=6.274787e-05
elapsed=1.975450e+02 cycle=85700 time=5.640329e+00 dt=6.294611e-05
elapsed=1.977654e+02 cycle=85800 time=5.646623e+00 dt=6.348807e-05
elapsed=1.980000e+02 cycle=85900 time=5.653015e+00 dt=6.362675e-05
elapsed=1.982210e+02 cycle=86000 time=5.659444e+00 dt=6.591948e-05
elapsed=1.984556e+02 cycle=86100 time=5.666022e+00 dt=6.421763e-05
elapsed=1.986901e+02 cycle=86200 time=5.672387e+00 dt=6.333717e-05
elapsed=1.989110e+02 cycle=86300 time=5.678756e+00 dt=6.398653e-05
elapsed=1.991462e+02 cycle=86400 time=5.685089e+00 dt=6.329766e-05
elapsed=1.993810e+02 cycle=86500 time=5.691465e+00 dt=6.439517e-05
elapsed=1.996017e+02 cycle=86600 time=5.697920e+00 dt=6.436326e-05
elapsed=1.998361e+02 cycle=86700 time=5.704289e+00 dt=6.292767e-05
elapsed=2.000708e+02 cycle=86800 time=5.710585e+00 dt=6.349436e-05
elapsed=2.002914e+02 cycle=86900 time=5.716999e+00 dt=6.520384e-05
elapsed=2.005264e+02 cycle=87000 time=5.723490e+00 dt=6.459874e-05
elapsed=2.007469e+02 cycle=87100 time=5.729831e+00 dt=6.223412e-05
elapsed=2.009816e+02 cycle=87200 time=5.736001e+00 dt=6.118590e-05
elapsed=2.012166e+02 cycle=87300 time=5.742237e+00 dt=6.504182e-05
elapsed=2.014374e+02 cycle=87400 time=5.749173e+00 dt=7.170517e-05
elapsed=2.016724e+02 cycle=87500 time=5.756449e+00 dt=7.286477e-05
elapsed=2.019067e+02 cycle=87600 time=5.763715e+00 dt=7.178538e-05
elapsed=2.021410e+02 cycle=87700 time=5.770746e+00 dt=6.937638e-05
elapsed=2.023620e+02 cycle=87800 time=5.777442e+00 dt=6.323118e-05
elapsed=2.025970e+02 cycle=87900 time=5.783835e+00 dt=6.546575e-05
elapsed=2.028318e+02 cycle=88000 time=5.790532e+00 dt=6.776073e-05
elapsed=2.030526e+02 cycle=88100 time=5.797655e+00 dt=7.169845e-05
elapsed=2.032873e+02 cycle=88200 time=5.804795e+00 dt=7.109125e-05
elapsed=2.035221e+02 cycle=88300 time=5.811804e+00 dt=6.916363e-05
elapsed=2.037427e+02 cycle=88400 time=5.818727e+00 dt=6.952210e-05
elapsed=2.039772e+02 cycle=88500 time=5.825655e+00 dt=6.914879e-05
elapsed=2.042121e+02 cycle=88600 time=5.832587e+00 dt=6.961345e-05
elapsed=2.044330e+02 cycle=88700 time=5.839530e+00 dt=6.928166e-05
elapsed=2.046684e+02 cycle=88800 time=5.846436e+00 dt=6.925466e-05
elapsed=2.049032e+02 cycle=88900 time=5.853348e+00 dt=6.897373e-05
elapsed=2.051380e+02 cycle=89000 time=5.860246e+00 dt=6.879481e-05
elapsed=2.053589e+02 cycle=89100 time=5.867056e+00 dt=6.708859e-05
elapsed=2.055942e+02 cycle=89200 time=5.873875e+00 dt=7.360092e-05
elapsed=2.058292e+02 cycle=89300 time=5.881394e+00 dt=7.523581e-05
elapsed=2.060503e+02 cycle=89400 time=5.888960e+00 dt=7.559949e-05
elapsed=2.062853e+02 cycle=89500 time=5.896449e+00 dt=7.416947e-05
elapsed=2.065203e+02 cycle=89600 time=5.903839e+00 dt=7.427989e-05
elapsed=2.067555e+02 cycle=89700 time=5.911218e+00 dt=7.335557e-05
elapsed=2.069767e+02 cycle=89800 time=5.918554e+00 dt=7.405526e-05
elapsed=2.072118e+02 cycle=89900 time=5.925867e+00 dt=7.184915e-05
elapsed=2.074466e+02 cycle=90000 time=5.932895e+00 dt=6.883568e-05
elapsed=2.076678e+02 cycle=90100 time=5.939696e+00 dt=6.702827e-05
elapsed=2.079032e+02 cycle=90200 time=5.946330e+00 dt=6.532532e-05
elapsed=2.081383e+02 cycle=90300 time=5.952864e+00 dt=6.536624e-05
elapsed=2.083598e+02 cycle=90400 time=5.959307e+00 dt=6.379546e-05
elapsed=2.085946e+02 cycle=90500 time=5.965863e+00 dt=6.625539e-05
elapsed=2.088302e+02 cycle=90600 time=5.972353e+00 dt=6.499503e-05
elapsed=2.090513e+02 cycle=90700 time=5.978889e+00 dt=6.615231e-05
elapsed=2.092866e+02 cycle=90800 time=5.985721e+00 dt=7.025923e-05
elapsed=2.095216e+02 cycle=90900 time=5.992642e+00 dt=6.820608e-05
elapsed=2.097427e+02 cycle=91000 time=5.999353e+00 dt=6.783516e-05
elapsed=2.099803e+02 cycle=91100 time=6.006223e+00 dt=6.882883e-05
elapsed=2.102154e+02 cycle=91200 time=6.013057e+00 dt=6.804953e-05
elapsed=2.104363e+02 cycle=91300 time=6.019849e+00 dt=6.838067e-05
elapsed=2.106714e+02 cycle=91400 time=6.026770e+00 dt=7.033643e-05
elapsed=2.109068e+02 cycle=91500 time=6.033903e+00 dt=7.213385e-05
elapsed=2.111425e+02 cycle=91600 time=6.041142e+00 dt=7.142583e-05
elapsed=2.113642e+02 cycle=91700 time=6.048287e+00 dt=7.175420e-05
elapsed=2.115999e+02 cycle=91800 time=6.055491e+00 dt=7.232091e-05
elapsed=2.118351e+02 cycle=91900 time=6.062737e+00 dt=7.137993e-05
elapsed=2.120565e+02 cycle=92000 time=6.069616e+00 dt=6.527490e-05
elapsed=2.122923e+02 cycle=92100 time=6.076182e+00 dt=7.129606e-05
elapsed=2.125279e+02 cycle=92200 time=6.083154e+00 dt=6.997275e-05
elapsed=2.127631e+02 cycle=92300 time=6.090278e+00 dt=7.324977e-05
elapsed=2.129845e+02 cycle=92400 time=6.097713e+00 dt=7.398938e-05
elapsed=2.132197e+02 cycle=92500 time=6.105064e+00 dt=7.291882e-05
elapsed=2.134548e+02 cycle=92600 time=6.112358e+00 dt=7.290118e-05
elapsed=2.136762e+02 cycle=92700 time=6.119625e+00 dt=7.253091e-05
elapsed=2.139123e+02 cycle=92800 time=6.126634e+00 dt=6.610166e-05
elapsed=2.141477e+02 cycle=92900 time=6.132985e+00 dt=6.185960e-05
elapsed=2.143690e+02 cycle=93000 time=6.139112e+00 dt=6.140080e-05
elapsed=2.146046e+02 cycle=93100 time=6.145735e+00 dt=6.873774e-05
elapsed=2.148402e+02 cycle=93200 time=6.152607e+00 dt=6.682531e-05
elapsed=2.150616e+02 cycle=93300 time=6.159132e+00 dt=6.410735e-05
elapsed=2.152976e+02 cycle=93400 time=6.165457e+00 dt=6.270313e-05
elapsed=2.155329e+02 cycle=93500 time=6.171766e+00 dt=6.421087e-05
elapsed=2.157545e+02 cycle=93600 time=6.178051e+00 dt=6.613382e-05
elapsed=2.159901e+02 cycle=93700 time=6.185071e+00 dt=7.182907e-05
elapsed=2.162256e+02 cycle=93800 time=6.192408e+00 dt=7.274126e-05
elapsed=2.164479e+02 cycle=93900 time=6.199405e+00 dt=6.830458e-05
elapsed=2.166834e+02 cycle=94000 time=6.206002e+00 dt=6.961520e-05
elapsed=2.169189e+02 cycle=94100 time=6.212829e+00 dt=6.786778e-05
elapsed=2.171401e+02 cycle=94200 time=6.219825e+00 dt=6.745427e-05
elapsed=2.173756e+02 cycle=94300 time=6.227004e+00 dt=7.303047e-05
elapsed=2.176111e+02 cycle=94400 time=6.234278e+00 dt=7.262007e-05
elapsed=2.178461e+02 cycle=94500 time=6.241473e+00 dt=7.268030e-05
elapsed=2.180674e+02 cycle=94600 time=6.248595e+00 dt=6.924445e-05
elapsed=2.183024e+02 cycle=94700 time=6.255478e+00 dt=7.078615e-05
elapsed=2.185379e+02 cycle=94800 time=6.262427e+00 dt=6.803121e-05
elapsed=2.187592e+02 cycle=94900 time=6.269215e+00 dt=6.783579e-05
elapsed=2.189944e+02 cycle=95000 time=6.275870e+00 dt=7.090320e-05
elapsed=2.192292e+02 cycle=95100 time=6.282915e+00 dt=7.016716e-05
elapsed=2.194502e+02 cycle=95200 time=6.289773e+00 dt=6.645819e-05
elapsed=2.196857e+02 cycle=95300 time=6.296242e+00 dt=6.245824e-05
elapsed=2.199212e+02 cycle=95400 time=6.302428e+00 dt=6.471660e-05
elapsed=2.201424e+02 cycle=95500 time=6.309377e+00 dt=7.040090e-05
elapsed=2.203775e+02 cycle=95600 time=6.316439e+00 dt=7.097674e-05
elapsed=2.206124e+02 cycle=95700 time=6.323487e+00 dt=6.855352e-05
elapsed=2.208480e+02 cycle=95800 time=6.330207e+00 dt=6.590110e-05
elapsed=2.210692e+02 cycle=95900 time=6.336704e+00 dt=6.542397e-05
elapsed=2.213045e+02 cycle=96000 time=6.343577e+00 dt=7.145776e-05
elapsed=2.215395e+02 cycle=96100 time=6.350740e+00 dt=7.181145e-05
elapsed=2.217605e+02 cycle=96200 time=6.357915e+00 dt=7.121309e-05
elapsed=2.219955e+02 cycle=96300 time=6.365030e+00 dt=7.111611e-05
elapsed=2.222308e+02 cycle=96400 time=6.372098e+00 dt=7.070923e-05
elapsed=2.224520e+02 cycle=96500 time=6.379191e+00 dt=7.137864e-05
elapsed=2.226868e+02 cycle=96600 time=6.386364e+00 dt=7.150978e-05
elapsed=2.229215e+02 cycle=96700 time=6.393548e+00 dt=7.209106e-05
elapsed=2.231563e+02 cycle=96800 time=6.400718e+00 dt=7.102525e-05
elapsed=2.233770e+02 cycle=96900 time=6.407705e+00 dt=6.794819e-05
elapsed=2.236121e+02 cycle=97000 time=6.414369e+00 dt=6.591917e-05
elapsed=2.238474e+02 cycle=97100 time=6.421093e+00 dt=7.080481e-05
elapsed=2.240689e+02 cycle=97200 time=6.428353e+00 dt=7.284950e-05
elapsed=2.243045e+02 cycle=97300 time=6.435651e+00 dt=7.340375e-05
elapsed=2.245403e+02 cycle=97400 time=6.442972e+00 dt=7.219903e-05
elapsed=2.247754e+02 cycle=97500 time=6.450198e+00 dt=7.269542e-05
elapsed=2.249965e+02 cycle=97600 time=6.457573e+00 dt=7.508774e-05
elapsed=2.252321e+02 cycle=97700 time=6.465085e+00 dt=7.484398e-05
elapsed=2.254673e+02 cycle=97800 time=6.472570e+00 dt=7.469339e-05
elapsed=2.256890e+02 cycle=97900 time=6.479919e+00 dt=7.235049e-05
elapsed=2.259254e+02 cycle=98000 time=6.487096e+00 dt=7.145164e-05
elapsed=2.261615e+02 cycle=98100 time=6.494286e+00 dt=7.252862e-05
elapsed=2.263981e+02 cycle=98200 time=6.501563e+00 dt=6.960151e-05
elapsed=2.266206e+02 cycle=98300 time=6.508730e+00 dt=7.370545e-05
elapsed=2.268572e+02 cycle=98400 time=6.516003e+00 dt=7.152924e-05
elapsed=2.270939e+02 cycle=98500 time=6.523084e+00 dt=7.049197e-05
elapsed=2.273308e+02 cycle=98600 time=6.530127e+00 dt=7.007218e-05
elapsed=2.275530e+02 cycle=98700 time=6.537059e+00 dt=6.879812e-05
elapsed=2.277891e+02 cycle=98800 time=6.543885e+00 dt=6.817402e-05
elapsed=2.280251e+02 cycle=98900 time=6.550712e+00 dt=6.807403e-05
elapsed=2.282468e+02 cycle=99000 time=6.557504e+00 dt=6.803332e-05
elapsed=2.284822e+02 cycle=99100 time=6.564335e+00 dt=6.846671e-05
elapsed=2.287174e+02 cycle=99200 time=6.571163e+00 dt=6.768583e-05
elapsed=2.289390e+02 cycle=99300 time=6.577870e+00 dt=6.708783e-05
elapsed=2.291746e+02 cycle=99400 time=6.584627e+00 dt=6.753233e-05
elapsed=2.294103e+02 cycle=99500 time=6.591375e+00 dt=6.728770e-05
elapsed=2.296321e+02 cycle=99600 time=6.598057e+00 dt=6.589929e-05
elapsed=2.298678e+02 cycle=99700 time=6.604524e+00 dt=6.239271e-05
elapsed=2.301040e+02 cycle=99800 time=6.610499e+00 dt=5.788270e-05
elapsed=2.303259e+02 cycle=99900 time=6.616214e+00 dt=5.735080e-05
elapsed=2.305620e+02 cycle=100000 time=6.622214e+00 dt=6.080874e-05
elapsed=2.307847e+02 cycle=100100 time=6.628269e+00 dt=6.007043e-05
elapsed=2.310215e+02 cycle=100200 time=6.634307e+00 dt=6.037824e-05
elapsed=2.312578e+02 cycle=100300 time=6.640242e+00 dt=5.754195e-05
elapsed=2.314804e+02 cycle=100400 time=6.645849e+00 dt=5.422481e-05
elapsed=2.317170e+02 cycle=100500 time=6.651423e+00 dt=6.210004e-05
elapsed=2.319394e+02 cycle=100600 time=6.657468e+00 dt=5.904678e-05
elapsed=2.321757e+02 cycle=100700 time=6.663275e+00 dt=5.744516e-05
elapsed=2.323979e+02 cycle=100800 time=6.668985e+00 dt=5.676365e-05
elapsed=2.326336e+02 cycle=100900 time=6.674606e+00 dt=5.559037e-05
elapsed=2.328694e+02 cycle=101000 time=6.680154e+00 dt=5.524405e-05
elapsed=2.330912e+02 cycle=101100 time=6.685653e+00 dt=5.521026e-05
elapsed=2.333260e+02 cycle=101200 time=6.691417e+00 dt=6.250272e-05
elapsed=2.335476e+02 cycle=101300 time=6.697380e+00 dt=5.592704e-05
elapsed=2.337826e+02 cycle=101400 time=6.702864e+00 dt=5.669865e-05
elapsed=2.340037e+02 cycle=101500 time=6.708691e+00 dt=6.124787e-05
elapsed=2.342392e+02 cycle=101600 time=6.714528e+00 dt=5.551411e-05
elapsed=2.344609e+02 cycle=101700 time=6.719960e+00 dt=5.423733e-05
elapsed=2.346964e+02 cycle=101800 time=6.725845e+00 dt=6.400670e-05
elapsed=2.349312e+02 cycle=101900 time=6.732306e+00 dt=6.387065e-05
elapsed=2.351528e+02 cycle=102000 time=6.738595e+00 dt=6.192434e-05
elapsed=2.353880e+02 cycle=102100 time=6.744755e+00 dt=6.132181e-05
elapsed=2.356235e+02 cycle=102200 time=6.750945e+00 dt=6.399808e-05
elapsed=2.358451e+02 cycle=102300 time=6.757263e+00 dt=6.152133e-05
elapsed=2.360801e+02 cycle=102400 time=6.763270e+00 dt=5.904875e-05
elapsed=2.363012e+02 cycle=102500 time=6.769057e+00 dt=5.668299e-05
elapsed=2.365368e+02 cycle=102600 time=6.774444e+00 dt=5.185871e-05
elapsed=2.367724e+02 cycle=102700 time=6.780332e+00 dt=6.353995e-05
elapsed=2.369936e+02 cycle=102800 time=6.786935e+00 dt=6.596392e-05
elapsed=2.372294e+02 cycle=102900 time=6.793332e+00 dt=6.205667e-05
elapsed=2.374506e+02 cycle=103000 time=6.799389e+00 dt=5.932198e-05
elapsed=2.376856e+02 cycle=103100 time=6.805219e+00 dt=5.696105e-05
elapsed=2.379213e+02 cycle=103200 time=6.811259e+00 dt=5.953347e-05
elapsed=2.381426e+02 cycle=103300 time=6.816770e+00 dt=5.100043e-05
elapsed=2.383783e+02 cycle=103400 time=6.821782e+00 dt=5.250989e-05
elapsed=2.385999e+02 cycle=103500 time=6.827480e+00 dt=5.676538e-05
elapsed=2.388350e+02 cycle=103600 time=6.833183e+00 dt=5.641964e-05
elapsed=2.390567e+02 cycle=103700 time=6.839195e+00 dt=6.407387e-05
elapsed=2.392925e+02 cycle=103800 time=6.845701e+00 dt=6.456639e-05
elapsed=2.395279e+02 cycle=103900 time=6.852267e+00 dt=6.626783e-05
elapsed=2.397492e+02 cycle=104000 time=6.858790e+00 dt=6.402015e-05
elapsed=2.399844e+02 cycle=104100 time=6.865089e+00 dt=6.223424e-05
elapsed=2.402196e+02 cycle=104200 time=6.871274e+00 dt=6.217120e-05
elapsed=2.404412e+02 cycle=104300 time=6.877676e+00 dt=6.450342e-05
elapsed=2.406767e+02 cycle=104400 time=6.883869e+00 dt=6.034478e-05
elapsed=2.408985e+02 cycle=104500 time=6.889790e+00 dt=5.915169e-05
elapsed=2.411346e+02 cycle=104600 time=6.895817e+00 dt=6.099783e-05
elapsed=2.413707e+02 cycle=104700 time=6.902141e+00 dt=6.538394e-05
elapsed=2.415924e+02 cycle=104800 time=6.908662e+00 dt=6.525124e-05
elapsed=2.418278e+02 cycle=104900 time=6.915302e+00 dt=6.636668e-05
elapsed=2.420632e+02 cycle=105000 time=6.921806e+00 dt=6.353818e-05
elapsed=2.422844e+02 cycle=105100 time=6.927997e+00 dt=6.047459e-05
elapsed=2.425190e+02 cycle=105200 time=6.934097e+00 dt=6.372138e-05
elapsed=2.427540e+02 cycle=105300 time=6.940669e+00 dt=6.412365e-05
elapsed=2.429751e+02 cycle=105400 time=6.946961e+00 dt=6.264903e-05
elapsed=2.432101e+02 cycle=105500 time=6.953382e+00 dt=6.358158e-05
elapsed=2.434313e+02 cycle=105600 time=6.959813e+00 dt=6.454485e-05
elapsed=2.436662e+02 cycle=105700 time=6.966343e+00 dt=6.727149e-05
elapsed=2.439011e+02 cycle=105800 time=6.973122e+00 dt=6.832608e-05
elapsed=2.441219e+02 cycle=105900 time=6.979852e+00 dt=6.637949e-05
elapsed=2.443570e+02 cycle=106000 time=6.986259e+00 dt=5.899951e-05
elapsed=2.445917e+02 cycle=106100 time=6.992067e+00 dt=6.409647e-05
elapsed=2.448124e+02 cycle=106200 time=6.998660e+00 dt=6.411158e-05
elapsed=2.450499e+02 cycle=106300 time=7.005241e+00 dt=6.801839e-05
elapsed=2.452842e+02 cycle=106400 time=7.012070e+00 dt=6.831434e-05
elapsed=2.455046e+02 cycle=106500 time=7.018910e+00 dt=6.792605e-05
elapsed=2.457390e+02 cycle=106600 time=7.025592e+00 dt=6.600784e-05
elapsed=2.459739e+02 cycle=106700 time=7.032213e+00 dt=6.711442e-05
elapsed=2.461945e+02 cycle=106800 time=7.038947e+00 dt=6.670520e-05
elapsed=2.464289e+02 cycle=106900 time=7.045569e+00 dt=6.559403e-05
elapsed=2.466635e+02 cycle=107000 time=7.052056e+00 dt=6.407835e-05
elapsed=2.468842e+02 cycle=107100 time=7.058423e+00 dt=6.309694e-05
elapsed=2.471195e+02 cycle=107200 time=7.064332e+00 dt=6.001925e-05
elapsed=2.473544e+02 cycle=107300 time=7.070989e+00 dt=6.859288e-05
elapsed=2.475747e+02 cycle=107400 time=7.077742e+00 dt=6.811622e-05
elapsed=2.478094e+02 cycle=107500 time=7.084701e+00 dt=7.193057e-05
elapsed=2.480439e+02 cycle=107600 time=7.091987e+00 dt=7.306728e-05
elapsed=2.482642e+02 cycle=107700 time=7.099366e+00 dt=7.456503e-05
elapsed=2.484986e+02 cycle=107800 time=7.106859e+00 dt=7.485498e-05
elapsed=2.487332e+02 cycle=107900 time=7.114215e+00 dt=7.285163e-05
elapsed=2.489678e+02 cycle=108000 time=7.121389e+00 dt=6.950423e-05
elapsed=2.491887e+02 cycle=108100 time=7.128398e+00 dt=6.930228e-05
elapsed=2.494234e+02 cycle=108200 time=7.135166e+00 dt=6.589293e-05
elapsed=2.496578e+02 cycle=108300 time=7.141947e+00 dt=6.814028e-05
elapsed=2.498783e+02 cycle=108400 time=7.148782e+00 dt=6.885723e-05
elapsed=2.501126e+02 cycle=108500 time=7.155630e+00 dt=6.617671e-05
elapsed=2.503475e+02 cycle=108600 time=7.162012e+00 dt=6.163288e-05
elapsed=2.505680e+02 cycle=108700 time=7.168089e+00 dt=6.041873e-05
elapsed=2.508027e+02 cycle=108800 time=7.174430e+00 dt=6.515642e-05
elapsed=2.510373e+02 cycle=108900 time=7.181081e+00 dt=6.735210e-05
elapsed=2.512580e+02 cycle=109000 time=7.187904e+00 dt=6.933819e-05
elapsed=2.514933e+02 cycle=109100 time=7.194801e+00 dt=6.920276e-05
elapsed=2.517279e+02 cycle=109200 time=7.201850e+00 dt=7.172097e-05
elapsed=2.519489e+02 cycle=109300 time=7.209278e+00 dt=7.544045e-05
elapsed=2.521837e+02 cycle=109400 time=7.216856e+00 dt=7.488045e-05
elapsed=2.524181e+02 cycle=109500 time=7.224202e+00 dt=7.327050e-05
elapsed=2.526761e+02 cycle=109600 time=7.231710e+00 dt=7.478942e-05
elapsed=2.528966e+02 cycle=109700 time=7.239140e+00 dt=7.355930e-05
elapsed=2.531310e+02 cycle=109800 time=7.246504e+00 dt=7.386220e-05
elapsed=2.533653e+02 cycle=109900 time=7.253884e+00 dt=7.366343e-05
elapsed=2.536011e+02 cycle=110000 time=7.261264e+00 dt=7.366770e-05
elapsed=2.538212e+02 cycle=110100 time=7.268560e+00 dt=7.195127e-05
elapsed=2.540557e+02 cycle=110200 time=7.275756e+00 dt=7.165407e-05
elapsed=2.542906e+02 cycle=110300 time=7.282921e+00 dt=7.223020e-05
elapsed=2.545249e+02 cycle=110400 time=7.290175e+00 dt=7.254986e-05
elapsed=2.547453e+02 cycle=110500 time=7.297476e+00 dt=7.399270e-05
elapsed=2.549793e+02 cycle=110600 time=7.304869e+00 dt=7.341930e-05
elapsed=2.552137e+02 cycle=110700 time=7.312234e+00 dt=7.396988e-05
elapsed=2.554343e+02 cycle=110800 time=7.319593e+00 dt=7.366030e-05
elapsed=2.556688e+02 cycle=110900 time=7.326976e+00 dt=7.353701e-05
elapsed=2.559036e+02 cycle=111000 time=7.334276e+00 dt=7.206870e-05
elapsed=2.561380e+02 cycle=111100 time=7.341450e+00 dt=7.119388e-05
elapsed=2.563585e+02 cycle=111200 time=7.348549e+00 dt=7.090079e-05
elapsed=2.565931e+02 cycle=111300 time=7.355637e+00 dt=7.111183e-05
elapsed=2.568281e+02 cycle=111400 time=7.362775e+00 dt=7.178913e-05
elapsed=2.570627e+02 cycle=111500 time=7.370022e+00 dt=7.314192e-05
elapsed=2.572834e+02 cycle=111600 time=7.377416e+00 dt=7.436578e-05
elapsed=2.575179e+02 cycle=111700 time=7.384874e+00 dt=7.471015e-05
elapsed=2.577525e+02 cycle=111800 time=7.392384e+00 dt=7.509012e-05
elapsed=2.579735e+02 cycle=111900 time=7.399780e+00 dt=7.277431e-05
elapsed=2.582085e+02 cycle=112000 time=7.407003e+00 dt=7.184062e-05
elapsed=2.584434e+02 cycle=112100 time=7.414217e+00 dt=7.248672e-05
elapsed=2.586783e+02 cycle=112200 time=7.421503e+00 dt=7.126779e-05
elapsed=2.588994e+02 cycle=112300 time=7.428265e+00 dt=6.408578e-05
elapsed=2.591346e+02 cycle=112400 time=7.434993e+00 dt=7.295664e-05
elapsed=2.593693e+02 cycle=112500 time=7.442457e+00 dt=7.581979e-05
elapsed=2.596042e+02 cycle=112600 time=7.450048e+00 dt=7.537594e-05
elapsed=2.598253e+02 cycle=112700 time=7.457511e+00 dt=7.441207e-05
elapsed=2.600600e+02 cycle=112800 time=7.464915e+00 dt=7.403719e-05
elapsed=2.602946e+02 cycle=112900 time=7.472332e+00 dt=7.491904e-05
elapsed=2.605156e+02 cycle=113000 time=7.479628e+00 dt=7.008397e-05
elapsed=2.607503e+02 cycle=113100 time=7.486768e+00 dt=7.295247e-05
elapsed=2.609851e+02 cycle=113200 time=7.494040e+00 dt=7.366425e-05
elapsed=2.612203e+02 cycle=113300 time=7.501391e+00 dt=7.329097e-05
elapsed=2.614410e+02 cycle=113400 time=7.508687e+00 dt=7.283587e-05
elapsed=2.616759e+02 cycle=113500 time=7.515925e+00 dt=7.241711e-05
elapsed=2.619109e+02 cycle=113600 time=7.523171e+00 dt=7.179620e-05
elapsed=2.621456e+02 cycle=113700 time=7.530294e+00 dt=7.069341e-05
elapsed=2.623665e+02 cycle=113800 time=7.537366e+00 dt=7.073535e-05
elapsed=2.626011e+02 cycle=113900 time=7.544480e+00 dt=7.186658e-05
elapsed=2.628357e+02 cycle=114000 time=7.551759e+00 dt=7.335986e-05
elapsed=2.630563e+02 cycle=114100 time=7.559070e+00 dt=7.321077e-05
elapsed=2.632906e+02 cycle=114200 time=7.566224e+00 dt=6.980672e-05
elapsed=2.635253e+02 cycle=114300 time=7.573149e+00 dt=6.832069e-05
elapsed=2.637599e+02 cycle=114400 time=7.580018e+00 dt=6.906160e-05
elapsed=2.639803e+02 cycle=114500 time=7.586921e+00 dt=6.960116e-05
elapsed=2.642149e+02 cycle=114600 time=7.593981e+00 dt=7.022370e-05
elapsed=2.644495e+02 cycle=114700 time=7.600916e+00 dt=6.903621e-05
elapsed=2.646701e+02 cycle=114800 time=7.607945e+00 dt=7.184732e-05
elapsed=2.649048e+02 cycle=114900 time=7.615498e+00 dt=7.749937e-05
elapsed=2.651393e+02 cycle=115000 time=7.623317e+00 dt=7.849547e-05
elapsed=2.653740e+02 cycle=115100 time=7.631161e+00 dt=7.861254e-05
elapsed=2.655948e+02 cycle=115200 time=7.639053e+00 dt=7.886902e-05
elapsed=2.658295e+02 cycle=115300 time=7.646889e+00 dt=7.786182e-05
elapsed=2.660642e+02 cycle=115400 time=7.654639e+00 dt=7.717767e-05
elapsed=2.662988e+02 cycle=115500 time=7.662369e+00 dt=7.755487e-05
elapsed=2.665341e+02 cycle=115600 time=7.670108e+00 dt=7.726502e-05
elapsed=2.667548e+02 cycle=115700 time=7.677753e+00 dt=7.587231e-05
elapsed=2.669895e+02 cycle=115800 time=7.685335e+00 dt=7.563578e-05
elapsed=2.672237e+02 cycle=115900 time=7.692863e+00 dt=7.517125e-05
elapsed=2.674585e+02 cycle=116000 time=7.700392e+00 dt=7.499284e-05
elapsed=2.676793e+02 cycle=116100 time=7.707808e+00 dt=7.333847e-05
elapsed=2.679142e+02 cycle=116200 time=7.714980e+00 dt=6.933298e-05
elapsed=2.681490e+02 cycle=116300 time=7.721711e+00 dt=6.549300e-05
elapsed=2.683699e+02 cycle=116400 time=7.728089e+00 dt=6.209542e-05
elapsed=2.686047e+02 cycle=116500 time=7.734195e+00 dt=6.002982e-05
elapsed=2.688401e+02 cycle=116600 time=7.740142e+00 dt=5.908227e-05
elapsed=2.690608e+02 cycle=116700 time=7.745915e+00 dt=5.593326e-05
elapsed=2.692959e+02 cycle=116800 time=7.751675e+00 dt=6.282732e-05
elapsed=2.695164e+02 cycle=116900 time=7.758343e+00 dt=7.086211e-05
elapsed=2.697505e+02 cycle=117000 time=7.765414e+00 dt=7.108450e-05
elapsed=2.699852e+02 cycle=117100 time=7.772486e+00 dt=6.937066e-05
elapsed=2.702055e+02 cycle=117200 time=7.779062e+00 dt=6.338539e-05
elapsed=2.704399e+02 cycle=117300 time=7.785793e+00 dt=6.711931e-05
elapsed=2.706743e+02 cycle=117400 time=7.792442e+00 dt=6.484023e-05
elapsed=2.708950e+02 cycle=117500 time=7.798552e+00 dt=5.819542e-05
elapsed=2.711296e+02 cycle=117600 time=7.804203e+00 dt=5.524154e-05
elapsed=2.713499e+02 cycle=117700 time=7.809876e+00 dt=6.028256e-05
elapsed=2.715841e+02 cycle=117800 time=7.816349e+00 dt=7.084043e-05
elapsed=2.718179e+02 cycle=117900 time=7.823559e+00 dt=7.169477e-05
elapsed=2.720523e+02 cycle=118000 time=7.830498e+00 dt=6.740085e-05
elapsed=2.722727e+02 cycle=118100 time=7.837007e+00 dt=6.256095e-05
elapsed=2.725069e+02 cycle=118200 time=7.843069e+00 dt=6.199605e-05
elapsed=2.727269e+02 cycle=118300 time=7.849527e+00 dt=6.747359e-05
elapsed=2.729610e+02 cycle=118400 time=7.856277e+00 dt=6.761952e-05
elapsed=2.731959e+02 cycle=118500 time=7.863086e+00 dt=6.859442e-05
elapsed=2.734301e+02 cycle=118600 time=7.870042e+00 dt=7.088829e-05
elapsed=2.736506e+02 cycle=118700 time=7.877169e+00 dt=7.183027e-05
elapsed=2.738847e+02 cycle=118800 time=7.884407e+00 dt=7.205794e-05
elapsed=2.741187e+02 cycle=118900 time=7.891531e+00 dt=7.102242e-05
elapsed=2.743389e+02 cycle=119000 time=7.898664e+00 dt=7.162793e-05
elapsed=2.745734e+02 cycle=119100 time=7.905797e+00 dt=7.104972e-05
elapsed=2.748080e+02 cycle=119200 time=7.912921e+00 dt=7.156237e-05
elapsed=2.750429e+02 cycle=119300 time=7.920119e+00 dt=7.026668e-05
elapsed=2.752636e+02 cycle=119400 time=7.926914e+00 dt=6.623266e-05
elapsed=2.754982e+02 cycle=119500 time=7.933858e+00 dt=7.234043e-05
elapsed=2.757328e+02 cycle=119600 time=7.941053e+00 dt=7.145137e-05
elapsed=2.759532e+02 cycle=119700 time=7.948138e+00 dt=7.014366e-05
elapsed=2.761875e+02 cycle=119800 time=7.955249e+00 dt=7.139244e-05
elapsed=2.764221e+02 cycle=119900 time=7.962439e+00 dt=7.196226e-05
elapsed=2.766423e+02 cycle=120000 time=7.969636e+00 dt=7.188272e-05
elapsed=2.768765e+02 cycle=120100 time=7.976806e+00 dt=7.170859e-05
elapsed=2.771110e+02 cycle=120200 time=7.983984e+00 dt=7.164454e-05
elapsed=2.773446e+02 cycle=120300 time=7.991117e+00 dt=7.090465e-05
elapsed=2.775650e+02 cycle=120400 time=7.998171e+00 dt=7.047510e-05
elapsed=2.778019e+02 cycle=120500 time=8.005103e+00 dt=6.804958e-05
elapsed=2.780357e+02 cycle=120600 time=8.011752e+00 dt=6.501374e-05
elapsed=2.782563e+02 cycle=120700 time=8.018080e+00 dt=6.176815e-05
elapsed=2.784906e+02 cycle=120800 time=8.024143e+00 dt=5.951089e-05
elapsed=2.787108e+02 cycle=120900 time=8.029992e+00 dt=5.695623e-05
elapsed=2.789453e+02 cycle=121000 time=8.035511e+00 dt=5.388866e-05
elapsed=2.791803e+02 cycle=121100 time=8.040951e+00 dt=5.551481e-05
elapsed=2.794010e+02 cycle=121200 time=8.046703e+00 dt=6.063463e-05
elapsed=2.796357e+02 cycle=121300 time=8.053219e+00 dt=6.810433e-05
elapsed=2.798563e+02 cycle=121400 time=8.059911e+00 dt=6.623864e-05
elapsed=2.800912e+02 cycle=121500 time=8.066526e+00 dt=6.641760e-05
elapsed=2.803261e+02 cycle=121600 time=8.073144e+00 dt=6.517573e-05
elapsed=2.805471e+02 cycle=121700 time=8.079487e+00 dt=6.143524e-05
elapsed=2.807821e+02 cycle=121800 time=8.085473e+00 dt=5.853128e-05
elapsed=2.810172e+02 cycle=121900 time=8.091291e+00 dt=5.788590e-05
elapsed=2.812382e+02 cycle=122000 time=8.097110e+00 dt=5.853691e-05
elapsed=2.814732e+02 cycle=122100 time=8.103093e+00 dt=6.057441e-05
elapsed=2.816941e+02 cycle=122200 time=8.109092e+00 dt=5.755834e-05
elapsed=2.819298e+02 cycle=122300 time=8.114603e+00 dt=5.347465e-05
elapsed=2.821656e+02 cycle=122400 time=8.120088e+00 dt=5.622083e-05
elapsed=2.823862e+02 cycle=122500 time=8.126097e+00 dt=6.578955e-05
elapsed=2.826211e+02 cycle=122600 time=8.132650e+00 dt=6.523727e-05
elapsed=2.828419e+02 cycle=122700 time=8.139155e+00 dt=6.445061e-05
elapsed=2.830772e+02 cycle=122800 time=8.145571e+00 dt=6.348878e-05
elapsed=2.833119e+02 cycle=122900 time=8.151811e+00 dt=6.217030e-05
elapsed=2.835331e+02 cycle=123000 time=8.158079e+00 dt=6.652782e-05
elapsed=2.837677e+02 cycle=123100 time=8.164703e+00 dt=6.543325e-05
elapsed=2.840031e+02 cycle=123200 time=8.171195e+00 dt=6.447734e-05
elapsed=2.842239e+02 cycle=123300 time=8.177676e+00 dt=6.676315e-05
elapsed=2.844589e+02 cycle=123400 time=8.184376e+00 dt=6.648681e-05
elapsed=2.846937e+02 cycle=123500 time=8.191017e+00 dt=6.661643e-05
elapsed=2.849150e+02 cycle=123600 time=8.197512e+00 dt=6.377039e-05
elapsed=2.851499e+02 cycle=123700 time=8.203780e+00 dt=6.181487e-05
elapsed=2.853708e+02 cycle=123800 time=8.209883e+00 dt=6.071998e-05
elapsed=2.856060e+02 cycle=123900 time=8.216040e+00 dt=6.431454e-05
elapsed=2.858412e+02 cycle=124000 time=8.222349e+00 dt=6.157392e-05
elapsed=2.860620e+02 cycle=124100 time=8.228695e+00 dt=6.736127e-05
elapsed=2.862968e+02 cycle=124200 time=8.235688e+00 dt=6.913213e-05
elapsed=2.865317e+02 cycle=124300 time=8.242496e+00 dt=6.747682e-05
elapsed=2.867527e+02 cycle=124400 time=8.249247e+00 dt=6.770208e-05
elapsed=2.869878e+02 cycle=124500 time=8.256075e+00 dt=6.857777e-05
elapsed=2.872225e+02 cycle=124600 time=8.262955e+00 dt=6.864667e-05
elapsed=2.874435e+02 cycle=124700 time=8.269829e+00 dt=6.890110e-05
elapsed=2.876787e+02 cycle=124800 time=8.276923e+00 dt=7.193276e-05
elapsed=2.879133e+02 cycle=124900 time=8.284183e+00 dt=7.356455e-05
elapsed=2.881480e+02 cycle=125000 time=8.291274e+00 dt=7.421412e-05
elapsed=2.883691e+02 cycle=125100 time=8.298790e+00 dt=7.515643e-05
elapsed=2.886041e+02 cycle=125200 time=8.306210e+00 dt=7.353497e-05
elapsed=2.888389e+02 cycle=125300 time=8.313588e+00 dt=7.395223e-05
elapsed=2.890739e+02 cycle=125400 time=8.320571e+00 dt=6.646233e-05
elapsed=2.892946e+02 cycle=125500 time=8.327475e+00 dt=6.865158e-05
elapsed=2.895298e+02 cycle=125600 time=8.334465e+00 dt=7.432533e-05
elapsed=2.897647e+02 cycle=125700 time=8.341934e+00 dt=7.541835e-05
elapsed=2.899858e+02 cycle=125800 time=8.349478e+00 dt=7.553001e-05
elapsed=2.902206e+02 cycle=125900 time=8.357084e+00 dt=7.628638e-05
elapsed=2.904552e+02 cycle=126000 time=8.364732e+00 dt=7.706647e-05
elapsed=2.906899e+02 cycle=126100 time=8.372440e+00 dt=7.725201e-05
elapsed=2.909242e+02 cycle=126200 time=8.380201e+00 dt=7.809335e-05
elapsed=2.911450e+02 cycle=126300 time=8.388014e+00 dt=7.818932e-05
elapsed=2.913799e+02 cycle=126400 time=8.395857e+00 dt=7.832044e-05
elapsed=2.916147e+02 cycle=126500 time=8.403652e+00 dt=7.791119e-05
elapsed=2.918500e+02 cycle=126600 time=8.411462e+00 dt=7.822660e-05
elapsed=2.920714e+02 cycle=126700 time=8.419289e+00 dt=7.816678e-05
elapsed=2.923063e+02 cycle=126800 time=8.427058e+00 dt=7.725275e-05
elapsed=2.925412e+02 cycle=126900 time=8.434786e+00 dt=7.744556e-05
elapsed=2.927767e+02 cycle=127000 time=8.442552e+00 dt=7.751420e-05
elapsed=2.930114e+02 cycle=127100 time=8.450288e+00 dt=7.713855e-05
elapsed=2.932322e+02 cycle=127200 time=8.457993e+00 dt=7.727788e-05
elapsed=2.934668e+02 cycle=127300 time=8.465681e+00 dt=7.607184e-05
elapsed=2.937014e+02 cycle=127400 time=8.473176e+00 dt=7.417261e-05
elapsed=2.939367e+02 cycle=127500 time=8.480554e+00 dt=7.278429e-05
elapsed=2.941576e+02 cycle=127600 time=8.487735e+00 dt=7.072941e-05
elapsed=2.943923e+02 cycle=127700 time=8.494755e+00 dt=6.910751e-05
elapsed=2.946271e+02 cycle=127800 time=8.501659e+00 dt=6.905207e-05
elapsed=2.948478e+02 cycle=127900 time=8.508527e+00 dt=6.853677e-05
elapsed=2.950830e+02 cycle=128000 time=8.515391e+00 dt=6.852096e-05
elapsed=2.953180e+02 cycle=128100 time=8.522201e+00 dt=6.744113e-05
elapsed=2.955389e+02 cycle=128200 time=8.528882e+00 dt=6.584520e-05
elapsed=2.957738e+02 cycle=128300 time=8.535365e+00 dt=6.404736e-05
elapsed=2.960083e+02 cycle=128400 time=8.541803e+00 dt=6.554391e-05
elapsed=2.962290e+02 cycle=128500 time=8.549162e+00 dt=7.750183e-05
elapsed=2.964644e+02 cycle=128600 time=8.556827e+00 dt=7.624110e-05
elapsed=2.966989e+02 cycle=128700 time=8.564528e+00 dt=7.796958e-05
elapsed=2.969334e+02 cycle=128800 time=8.572332e+00 dt=7.812623e-05
elapsed=2.971685e+02 cycle=128900 time=8.580177e+00 dt=7.885873e-05
elapsed=2.973890e+02 cycle=129000 time=8.588166e+00 dt=8.108772e-05
elapsed=2.976234e+02 cycle=129100 time=8.596306e+00 dt=8.158279e-05
elapsed=2.978581e+02 cycle=129200 time=8.604444e+00 dt=8.085296e-05
elapsed=2.980929e+02 cycle=129300 time=8.612544e+00 dt=8.106348e-05
elapsed=2.983281e+02 cycle=129400 time=8.620629e+00 dt=8.033436e-05
elapsed=2.985493e+02 cycle=129500 time=8.628640e+00 dt=7.980427e-05
elapsed=2.987845e+02 cycle=129600 time=8.636630e+00 dt=7.994973e-05
elapsed=2.990195e+02 cycle=129700 time=8.644612e+00 dt=7.922666e-05
elapsed=2.992552e+02 cycle=129800 time=8.652495e+00 dt=7.841871e-05
elapsed=2.994902e+02 cycle=129900 time=8.660274e+00 dt=7.680382e-05
elapsed=2.997111e+02 cycle=130000 time=8.667896e+00 dt=7.575342e-05
elapsed=2.999455e+02 cycle=130100 time=8.675391e+00 dt=7.435940e-05
elapsed=3.001799e+02 cycle=130200 time=8.682743e+00 dt=7.320539e-05
elapsed=3.004007e+02 cycle=130300 time=8.689960e+00 dt=7.167357e-05
elapsed=3.006357e+02 cycle=130400 time=8.697077e+00 dt=6.968486e-05
elapsed=3.008703e+02 cycle=130500 time=8.704088e+00 dt=7.026629e-05
elapsed=3.011047e+02 cycle=130600 time=8.711242e+00 dt=7.197786e-05
elapsed=3.013251e+02 cycle=130700 time=8.718334e+00 dt=6.999265e-05
elapsed=3.015593e+02 cycle=130800 time=8.725228e+00 dt=6.841495e-05
elapsed=3.017937e+02 cycle=130900 time=8.732112e+00 dt=6.943310e-05
elapsed=3.020141e+02 cycle=131000 time=8.739068e+00 dt=6.957187e-05
elapsed=3.022482e+02 cycle=131100 time=8.746100e+00 dt=7.251168e-05
elapsed=3.024832e+02 cycle=131200 time=8.753355e+00 dt=7.183675e-05
elapsed=3.027183e+02 cycle=131300 time=8.760432e+00 dt=7.080517e-05
elapsed=3.029387e+02 cycle=131400 time=8.767820e+00 dt=7.656178e-05
elapsed=3.031735e+02 cycle=131500 time=8.775538e+00 dt=7.702314e-05
elapsed=3.034079e+02 cycle=131600 time=8.783227e+00 dt=7.650181e-05
elapsed=3.036434e+02 cycle=131700 time=8.790848e+00 dt=7.591464e-05
elapsed=3.038644e+02 cycle=131800 time=8.798406e+00 dt=7.539784e-05
elapsed=3.040992e+02 cycle=131900 time=8.805966e+00 dt=7.578380e-05
elapsed=3.043341e+02 cycle=132000 time=8.813584e+00 dt=7.707012e-05
elapsed=3.045688e+02 cycle=132100 time=8.821339e+00 dt=7.648766e-05
elapsed=3.047899e+02 cycle=132200 time=8.828741e+00 dt=7.050402e-05
elapsed=3.050255e+02 cycle=132300 time=8.835704e+00 dt=7.184930e-05
elapsed=3.052603e+02 cycle=132400 time=8.843401e+00 dt=7.804557e-05
elapsed=3.054949e+02 cycle=132500 time=8.851144e+00 dt=7.651218e-05
elapsed=3.057156e+02 cycle=132600 time=8.858706e+00 dt=7.539637e-05
elapsed=3.059510e+02 cycle=132700 time=8.866125e+00 dt=7.544854e-05
elapsed=3.061859e+02 cycle=132800 time=8.873647e+00 dt=7.496077e-05
elapsed=3.064208e+02 cycle=132900 time=8.881110e+00 dt=7.425702e-05
elapsed=3.066417e+02 cycle=133000 time=8.888524e+00 dt=7.393576e-05
elapsed=3.068768e+02 cycle=133100 time=8.895993e+00 dt=7.541457e-05
elapsed=3.071126e+02 cycle=133200 time=8.903562e+00 dt=7.639954e-05
elapsed=3.073477e+02 cycle=133300 time=8.911199e+00 dt=7.603990e-05
elapsed=3.075689e+02 cycle=133400 time=8.918798e+00 dt=7.582900e-05
elapsed=3.078041e+02 cycle=133500 time=8.926360e+00 dt=7.545976e-05
elapsed=3.080390e+02 cycle=133600 time=8.933916e+00 dt=7.557763e-05
elapsed=3.082740e+02 cycle=133700 time=8.941462e+00 dt=7.561657e-05
elapsed=3.084952e+02 cycle=133800 time=8.949011e+00 dt=7.539360e-05
elapsed=3.087302e+02 cycle=133900 time=8.956536e+00 dt=7.533888e-05
elapsed=3.089654e+02 cycle=134000 time=8.964101e+00 dt=7.589472e-05
elapsed=3.092004e+02 cycle=134100 time=8.971703e+00 dt=7.596032e-05
elapsed=3.094213e+02 cycle=134200 time=8.979299e+00 dt=7.584005e-05
elapsed=3.096567e+02 cycle=134300 time=8.986839e+00 dt=7.500078e-05
elapsed=3.098913e+02 cycle=134400 time=8.994297e+00 dt=7.424310e-05
elapsed=3.101291e+02 cycle=134500 time=9.001704e+00 dt=7.364305e-05
elapsed=3.103506e+02 cycle=134600 time=9.009050e+00 dt=7.367164e-05
elapsed=3.105860e+02 cycle=134700 time=9.016480e+00 dt=7.460219e-05
elapsed=3.108213e+02 cycle=134800 time=9.023950e+00 dt=7.484526e-05
elapsed=3.110568e+02 cycle=134900 time=9.031444e+00 dt=7.499843e-05
elapsed=3.112786e+02 cycle=135000 time=9.038886e+00 dt=7.358018e-05
elapsed=3.115144e+02 cycle=135100 time=9.046109e+00 dt=7.079372e-05
elapsed=3.117502e+02 cycle=135200 time=9.053030e+00 dt=6.755145e-05
elapsed=3.119722e+02 cycle=135300 time=9.059679e+00 dt=6.607413e-05
elapsed=3.122074e+02 cycle=135400 time=9.066394e+00 dt=6.823817e-05
elapsed=3.124429e+02 cycle=135500 time=9.073253e+00 dt=6.908926e-05
elapsed=3.126782e+02 cycle=135600 time=9.080237e+00 dt=7.011513e-05
elapsed=3.128994e+02 cycle=135700 time=9.087186e+00 dt=6.893368e-05
elapsed=3.131345e+02 cycle=135800 time=9.094010e+00 dt=6.753647e-05
elapsed=3.133701e+02 cycle=135900 time=9.100703e+00 dt=6.632620e-05
elapsed=3.135916e+02 cycle=136000 time=9.107292e+00 dt=6.544766e-05
elapsed=3.138269e+02 cycle=136100 time=9.113810e+00 dt=6.494316e-05
elapsed=3.140623e+02 cycle=136200 time=9.120317e+00 dt=6.511284e-05
elapsed=3.142841e+02 cycle=136300 time=9.126471e+00 dt=6.397175e-05
elapsed=3.145192e+02 cycle=136400 time=9.132961e+00 dt=6.449107e-05
elapsed=3.147407e+02 cycle=136500 time=9.139256e+00 dt=6.141091e-05
elapsed=3.149767e+02 cycle=136600 time=9.145788e+00 dt=6.657108e-05
elapsed=3.152124e+02 cycle=136700 time=9.152195e+00 dt=6.176774e-05
elapsed=3.154339e+02 cycle=136800 time=9.158740e+00 dt=6.713162e-05
elapsed=3.156689e+02 cycle=136900 time=9.165367e+00 dt=6.724549e-05
elapsed=3.159036e+02 cycle=137000 time=9.172310e+00 dt=7.114089e-05
elapsed=3.161246e+02 cycle=137100 time=9.179270e+00 dt=6.884040e-05
elapsed=3.163596e+02 cycle=137200 time=9.186120e+00 dt=6.825895e-05
elapsed=3.165944e+02 cycle=137300 time=9.192859e+00 dt=6.586699e-05
elapsed=3.168154e+02 cycle=137400 time=9.199214e+00 dt=6.123102e-05
elapsed=3.170503e+02 cycle=137500 time=9.205127e+00 dt=5.759020e-05
elapsed=3.172847e+02 cycle=137600 time=9.210848e+00 dt=5.708419e-05
elapsed=3.175053e+02 cycle=137700 time=9.216586e+00 dt=5.812939e-05
elapsed=3.177396e+02 cycle=137800 time=9.222487e+00 dt=6.004834e-05
elapsed=3.179599e+02 cycle=137900 time=9.228426e+00 dt=5.916347e-05
elapsed=3.181947e+02 cycle=138000 time=9.234271e+00 dt=5.872965e-05
elapsed=3.184292e+02 cycle=138100 time=9.240626e+00 dt=6.460560e-05
elapsed=3.186499e+02 cycle=138200 time=9.247230e+00 dt=6.664126e-05
elapsed=3.188846e+02 cycle=138300 time=9.253716e+00 dt=6.076494e-05
elapsed=3.191194e+02 cycle=138400 time=9.260187e+00 dt=6.642008e-05
elapsed=3.193402e+02 cycle=138500 time=9.266691e+00 dt=6.699172e-05
elapsed=3.195751e+02 cycle=138600 time=9.273610e+00 dt=6.864612e-05
elapsed=3.198103e+02 cycle=138700 time=9.280401e+00 dt=6.707474e-05
elapsed=3.200313e+02 cycle=138800 time=9.287100e+00 dt=6.694147e-05
elapsed=3.202663e+02 cycle=138900 time=9.293740e+00 dt=6.533811e-05
elapsed=3.205011e+02 cycle=139000 time=9.300449e+00 dt=7.104741e-05
elapsed=3.207223e+02 cycle=139100 time=9.307610e+00 dt=7.219615e-05
elapsed=3.209572e+02 cycle=139200 time=9.314941e+00 dt=7.368941e-05
elapsed=3.211924e+02 cycle=139300 time=9.322270e+00 dt=7.264923e-05
elapsed=3.214133e+02 cycle=139400 time=9.329623e+00 dt=7.405807e-05
elapsed=3.216484e+02 cycle=139500 time=9.336945e+00 dt=7.235457e-05
elapsed=3.218832e+02 cycle=139600 time=9.344067e+00 dt=6.936825e-05
elapsed=3.221187e+02 cycle=139700 time=9.350881e+00 dt=6.716153e-05
elapsed=3.223399e+02 cycle=139800 time=9.357545e+00 dt=6.628235e-05
elapsed=3.225750e+02 cycle=139900 time=9.364137e+00 dt=6.541946e-05
elapsed=3.228105e+02 cycle=140000 time=9.370626e+00 dt=6.444552e-05
elapsed=3.230315e+02 cycle=140100 time=9.377059e+00 dt=6.406911e-05
elapsed=3.232666e+02 cycle=140200 time=9.383428e+00 dt=6.337223e-05
elapsed=3.234878e+02 cycle=140300 time=9.389757e+00 dt=6.308151e-05
elapsed=3.237230e+02 cycle=140400 time=9.396079e+00 dt=6.356135e-05
elapsed=3.239582e+02 cycle=140500 time=9.402494e+00 dt=6.450065e-05
elapsed=3.241799e+02 cycle=140600 time=9.408713e+00 dt=5.955765e-05
elapsed=3.244155e+02 cycle=140700 time=9.414401e+00 dt=5.509921e-05
elapsed=3.246509e+02 cycle=140800 time=9.420096e+00 dt=6.025446e-05
elapsed=3.248723e+02 cycle=140900 time=9.426648e+00 dt=6.826039e-05
elapsed=3.251078e+02 cycle=141000 time=9.433690e+00 dt=7.230225e-05
elapsed=3.253431e+02 cycle=141100 time=9.440942e+00 dt=7.193892e-05
elapsed=3.255641e+02 cycle=141200 time=9.448145e+00 dt=7.229023e-05
elapsed=3.257995e+02 cycle=141300 time=9.455392e+00 dt=7.280326e-05
elapsed=3.260347e+02 cycle=141400 time=9.462702e+00 dt=7.325690e-05
elapsed=3.262568e+02 cycle=141500 time=9.469995e+00 dt=7.188204e-05
elapsed=3.264924e+02 cycle=141600 time=9.477071e+00 dt=6.977314e-05
elapsed=3.267288e+02 cycle=141700 time=9.483908e+00 dt=6.736378e-05
elapsed=3.269641e+02 cycle=141800 time=9.490537e+00 dt=6.476282e-05
elapsed=3.271856e+02 cycle=141900 time=9.496912e+00 dt=6.413682e-05
elapsed=3.274213e+02 cycle=142000 time=9.503916e+00 dt=7.216510e-05
elapsed=3.276579e+02 cycle=142100 time=9.511126e+00 dt=7.169808e-05
elapsed=3.278802e+02 cycle=142200 time=9.518285e+00 dt=7.136918e-05
elapsed=3.281163e+02 cycle=142300 time=9.525377e+00 dt=7.018586e-05
elapsed=3.283529e+02 cycle=142400 time=9.532317e+00 dt=6.882462e-05
elapsed=3.285749e+02 cycle=142500 time=9.539169e+00 dt=6.822776e-05
elapsed=3.288114e+02 cycle=142600 time=9.545910e+00 dt=6.638780e-05
elapsed=3.290481e+02 cycle=142700 time=9.552331e+00 dt=6.055761e-05
elapsed=3.292703e+02 cycle=142800 time=9.558698e+00 dt=6.478514e-05
elapsed=3.295061e+02 cycle=142900 time=9.565026e+00 dt=6.167635e-05
elapsed=3.297423e+02 cycle=143000 time=9.571119e+00 dt=5.991935e-05
elapsed=3.299646e+02 cycle=143100 time=9.577188e+00 dt=6.100935e-05
elapsed=3.302003e+02 cycle=143200 time=9.583586e+00 dt=6.750361e-05
elapsed=3.304364e+02 cycle=143300 time=9.590523e+00 dt=7.036666e-05
elapsed=3.306580e+02 cycle=143400 time=9.597540e+00 dt=7.003413e-05
elapsed=3.308941e+02 cycle=143500 time=9.604518e+00 dt=6.959080e-05
elapsed=3.311301e+02 cycle=143600 time=9.611436e+00 dt=6.839396e-05
elapsed=3.313524e+02 cycle=143700 time=9.618233e+00 dt=6.749388e-05
elapsed=3.315886e+02 cycle=143800 time=9.624918e+00 dt=6.640542e-05
elapsed=3.318247e+02 cycle=143900 time=9.631568e+00 dt=6.674082e-05
elapsed=3.320469e+02 cycle=144000 time=9.638209e+00 dt=6.636068e-05
elapsed=3.322829e+02 cycle=144100 time=9.644842e+00 dt=6.580565e-05
elapsed=3.325187e+02 cycle=144200 time=9.651378e+00 dt=6.488239e-05
elapsed=3.327407e+02 cycle=144300 time=9.657846e+00 dt=6.377826e-05
elapsed=3.329761e+02 cycle=144400 time=9.664120e+00 dt=6.224757e-05
elapsed=3.332120e+02 cycle=144500 time=9.670335e+00 dt=6.193458e-05
elapsed=3.334340e+02 cycle=144600 time=9.676472e+00 dt=6.100187e-05
elapsed=3.336696e+02 cycle=144700 time=9.682548e+00 dt=6.051252e-05
elapsed=3.338912e+02 cycle=144800 time=9.688573e+00 dt=5.966250e-05
elapsed=3.341275e+02 cycle=144900 time=9.694389e+00 dt=5.547215e-05
elapsed=3.343488e+02 cycle=145000 time=9.699537e+00 dt=4.778495e-05
elapsed=3.345845e+02 cycle=145100 time=9.705179e+00 dt=6.160499e-05
elapsed=3.348206e+02 cycle=145200 time=9.711324e+00 dt=6.136538e-05
elapsed=3.350421e+02 cycle=145300 time=9.717471e+00 dt=6.243932e-05
elapsed=3.352767e+02 cycle=145400 time=9.723670e+00 dt=6.043924e-05
elapsed=3.354972e+02 cycle=145500 time=9.729818e+00 dt=6.225991e-05
elapsed=3.357318e+02 cycle=145600 time=9.735995e+00 dt=5.921063e-05
elapsed=3.359661e+02 cycle=145700 time=9.742018e+00 dt=6.255945e-05
elapsed=3.361868e+02 cycle=145800 time=9.748374e+00 dt=6.427397e-05
elapsed=3.364219e+02 cycle=145900 time=9.754538e+00 dt=5.993750e-05
elapsed=3.366568e+02 cycle=146000 time=9.760590e+00 dt=6.017550e-05
elapsed=3.368777e+02 cycle=146100 time=9.766546e+00 dt=5.967753e-05
elapsed=3.371124e+02 cycle=146200 time=9.772591e+00 dt=6.245462e-05
elapsed=3.373336e+02 cycle=146300 time=9.779208e+00 dt=6.847320e-05
elapsed=3.375686e+02 cycle=146400 time=9.786079e+00 dt=6.813743e-05
elapsed=3.378036e+02 cycle=146500 time=9.792804e+00 dt=6.564770e-05
elapsed=3.380245e+02 cycle=146600 time=9.799273e+00 dt=6.394263e-05
elapsed=3.382601e+02 cycle=146700 time=9.805658e+00 dt=6.351208e-05
elapsed=3.384962e+02 cycle=146800 time=9.811941e+00 dt=6.182410e-05
elapsed=3.387179e+02 cycle=146900 time=9.818168e+00 dt=6.369922e-05
elapsed=3.389545e+02 cycle=147000 time=9.824570e+00 dt=6.125175e-05
elapsed=3.391909e+02 cycle=147100 time=9.830623e+00 dt=6.047794e-05
elapsed=3.394137e+02 cycle=147200 time=9.836913e+00 dt=6.305615e-05
elapsed=3.396505e+02 cycle=147300 time=9.843221e+00 dt=6.402186e-05
elapsed=3.398735e+02 cycle=147400 time=9.849701e+00 dt=6.555692e-05
elapsed=3.401105e+02 cycle=147500 time=9.856264e+00 dt=6.582897e-05
elapsed=3.403470e+02 cycle=147600 time=9.862815e+00 dt=6.496233e-05
elapsed=3.405692e+02 cycle=147700 time=9.869177e+00 dt=6.182078e-05
elapsed=3.408058e+02 cycle=147800 time=9.875049e+00 dt=5.608352e-05
elapsed=3.410426e+02 cycle=147900 time=9.880510e+00 dt=5.338807e-05
elapsed=3.412646e+02 cycle=148000 time=9.886066e+00 dt=5.561084e-05
elapsed=3.415012e+02 cycle=148100 time=9.891768e+00 dt=6.280917e-05
elapsed=3.417236e+02 cycle=148200 time=9.898098e+00 dt=6.394163e-05
elapsed=3.419598e+02 cycle=148300 time=9.904443e+00 dt=6.144620e-05
elapsed=3.421961e+02 cycle=148400 time=9.910453e+00 dt=5.810628e-05
elapsed=3.424180e+02 cycle=148500 time=9.916134e+00 dt=5.663371e-05
elapsed=3.426544e+02 cycle=148600 time=9.921961e+00 dt=5.758347e-05
elapsed=3.428767e+02 cycle=148700 time=9.927634e+00 dt=5.622455e-05
elapsed=3.431131e+02 cycle=148800 time=9.933526e+00 dt=6.182067e-05
elapsed=3.433346e+02 cycle=148900 time=9.939686e+00 dt=6.083043e-05
elapsed=3.435701e+02 cycle=149000 time=9.945770e+00 dt=6.126786e-05
elapsed=3.438058e+02 cycle=149100 time=9.952052e+00 dt=6.336051e-05
elapsed=3.440279e+02 cycle=149200 time=9.958364e+00 dt=6.220906e-05
elapsed=3.442644e+02 cycle=149300 time=9.964398e+00 dt=6.141977e-05
elapsed=3.445009e+02 cycle=149400 time=9.970529e+00 dt=6.134300e-05
elapsed=3.447224e+02 cycle=149500 time=9.976513e+00 dt=5.829053e-05
elapsed=3.449580e+02 cycle=149600 time=9.982208e+00 dt=5.547530e-05
elapsed=3.451800e+02 cycle=149700 time=9.987691e+00 dt=5.426909e-05
elapsed=3.454157e+02 cycle=149800 time=9.993041e+00 dt=5.283731e-05
elapsed=3.456371e+02 cycle=149900 time=9.998211e+00 dt=5.088522e-05

Terminating on time limit
time=1.000000e+01 cycle=149936
tlim=1.000000e+01 nlim=-1

MeshBlock-cycles = 4797952
cpu time used  = 3.456982e+02
zone-cycles/cpu_second = 5.684847e+07
particle-updates/cpu_second = 0.000000e+00
