Authorization required, but no authorization protocol specified
Authorization required, but no authorization protocol specified

Root grid = 4 x 8 x 1 MeshBlocks
Total number of MeshBlocks = 32
Number of logical  levels of refinement = 3 (4 levels total)
Number of physical levels of refinement = 0 (1 levels total)
Number of parallel ranks = 16
  Rank = 0: 2 MeshBlocks, cost = 2
  Rank = 1: 2 MeshBlocks, cost = 2
  Rank = 2: 2 MeshBlocks, cost = 2
  Rank = 3: 2 MeshBlocks, cost = 2
  Rank = 4: 2 MeshBlocks, cost = 2
  Rank = 5: 2 MeshBlocks, cost = 2
  Rank = 6: 2 MeshBlocks, cost = 2
  Rank = 7: 2 MeshBlocks, cost = 2
  Rank = 8: 2 MeshBlocks, cost = 2
  Rank = 9: 2 MeshBlocks, cost = 2
  Rank = 10: 2 MeshBlocks, cost = 2
  Rank = 11: 2 MeshBlocks, cost = 2
  Rank = 12: 2 MeshBlocks, cost = 2
  Rank = 13: 2 MeshBlocks, cost = 2
  Rank = 14: 2 MeshBlocks, cost = 2
  Rank = 15: 2 MeshBlocks, cost = 2
Load Balancing:
  Maximum normalized cost = 1, Average = 1

Setup complete, executing task list(s)...

elapsed=2.017050e-01 cycle=0 time=0.000000e+00 dt=2.162822e-05
elapsed=2.287559e+01 cycle=100 time=2.161300e-03 dt=2.160220e-05
elapsed=4.731758e+01 cycle=200 time=4.322306e-03 dt=2.161549e-05
elapsed=6.975527e+01 cycle=300 time=6.484193e-03 dt=2.162174e-05
elapsed=9.419546e+01 cycle=400 time=8.646501e-03 dt=2.162407e-05
elapsed=1.167125e+02 cycle=500 time=1.080897e-02 dt=2.162530e-05
elapsed=1.411652e+02 cycle=600 time=1.297154e-02 dt=2.162600e-05
elapsed=1.635986e+02 cycle=700 time=1.513416e-02 dt=2.162640e-05
elapsed=1.880322e+02 cycle=800 time=1.729682e-02 dt=2.162674e-05
elapsed=2.105308e+02 cycle=900 time=1.945951e-02 dt=2.162703e-05
elapsed=2.346138e+02 cycle=1000 time=2.162222e-02 dt=2.162728e-05
elapsed=2.576365e+02 cycle=1100 time=2.378475e-02 dt=2.161482e-05
elapsed=2.818004e+02 cycle=1200 time=2.594536e-02 dt=2.159876e-05
elapsed=3.045361e+02 cycle=1300 time=2.810451e-02 dt=2.158629e-05
elapsed=3.290936e+02 cycle=1400 time=3.026272e-02 dt=2.157729e-05
elapsed=3.516112e+02 cycle=1500 time=3.241982e-02 dt=2.156411e-05
elapsed=3.762485e+02 cycle=1600 time=3.457570e-02 dt=2.154723e-05
elapsed=3.986659e+02 cycle=1700 time=3.672900e-02 dt=2.152767e-05
elapsed=4.232492e+02 cycle=1800 time=3.888085e-02 dt=2.149913e-05
elapsed=4.479800e+02 cycle=1900 time=4.102765e-02 dt=2.144357e-05
elapsed=4.704070e+02 cycle=2000 time=4.317176e-02 dt=2.143666e-05
elapsed=4.950251e+02 cycle=2100 time=4.531383e-02 dt=2.138359e-05
elapsed=5.196142e+02 cycle=2200 time=4.745047e-02 dt=2.133761e-05
elapsed=5.420427e+02 cycle=2300 time=4.957994e-02 dt=2.126218e-05
elapsed=5.667337e+02 cycle=2400 time=5.170336e-02 dt=2.120941e-05
elapsed=5.913337e+02 cycle=2500 time=5.382348e-02 dt=2.117921e-05
elapsed=6.137630e+02 cycle=2600 time=5.593698e-02 dt=2.108669e-05
elapsed=6.384331e+02 cycle=2700 time=5.804234e-02 dt=2.099528e-05
elapsed=6.631912e+02 cycle=2800 time=6.014080e-02 dt=2.098347e-05
elapsed=6.857464e+02 cycle=2900 time=6.223754e-02 dt=2.094985e-05
elapsed=7.101923e+02 cycle=3000 time=6.433054e-02 dt=2.086674e-05
elapsed=7.347867e+02 cycle=3100 time=6.641266e-02 dt=2.076562e-05
elapsed=7.572144e+02 cycle=3200 time=6.847870e-02 dt=2.055885e-05
elapsed=7.818953e+02 cycle=3300 time=7.052884e-02 dt=2.044820e-05
elapsed=8.064954e+02 cycle=3400 time=7.256888e-02 dt=2.036239e-05
elapsed=8.289629e+02 cycle=3500 time=7.460665e-02 dt=2.039024e-05
elapsed=8.535902e+02 cycle=3600 time=7.665120e-02 dt=2.048231e-05
elapsed=8.782309e+02 cycle=3700 time=7.869536e-02 dt=2.039772e-05
elapsed=9.007940e+02 cycle=3800 time=8.073450e-02 dt=2.031149e-05
elapsed=9.253885e+02 cycle=3900 time=8.275517e-02 dt=2.013045e-05
elapsed=9.500236e+02 cycle=4000 time=8.475662e-02 dt=1.998895e-05
elapsed=9.724525e+02 cycle=4100 time=8.674412e-02 dt=1.984598e-05
elapsed=9.970952e+02 cycle=4200 time=8.872455e-02 dt=1.975311e-05
elapsed=1.021800e+03 cycle=4300 time=9.063523e-02 dt=1.831747e-05
elapsed=1.044238e+03 cycle=4400 time=9.239585e-02 dt=1.734653e-05
elapsed=1.068879e+03 cycle=4500 time=9.427037e-02 dt=1.966777e-05
elapsed=1.093499e+03 cycle=4600 time=9.622854e-02 dt=1.935280e-05
elapsed=1.115935e+03 cycle=4700 time=9.811401e-02 dt=1.841168e-05
elapsed=1.140568e+03 cycle=4800 time=9.999888e-02 dt=1.958469e-05
elapsed=1.165018e+03 cycle=4900 time=1.019574e-01 dt=1.958365e-05
elapsed=1.187681e+03 cycle=5000 time=1.039106e-01 dt=1.941349e-05
elapsed=1.212311e+03 cycle=5100 time=1.058403e-01 dt=1.916534e-05
elapsed=1.235610e+03 cycle=5200 time=1.077135e-01 dt=1.826611e-05
elapsed=1.259358e+03 cycle=5300 time=1.094961e-01 dt=1.745230e-05
elapsed=1.284054e+03 cycle=5400 time=1.112678e-01 dt=1.841928e-05
elapsed=1.307201e+03 cycle=5500 time=1.131816e-01 dt=1.934166e-05
elapsed=1.331107e+03 cycle=5600 time=1.151217e-01 dt=1.943363e-05
elapsed=1.355736e+03 cycle=5700 time=1.170545e-01 dt=1.924260e-05
elapsed=1.379036e+03 cycle=5800 time=1.189744e-01 dt=1.913816e-05
elapsed=1.402891e+03 cycle=5900 time=1.208890e-01 dt=1.910264e-05
elapsed=1.427525e+03 cycle=6000 time=1.228015e-01 dt=1.914565e-05
elapsed=1.450373e+03 cycle=6100 time=1.247204e-01 dt=1.925613e-05
elapsed=1.474597e+03 cycle=6200 time=1.266486e-01 dt=1.931724e-05
elapsed=1.499220e+03 cycle=6300 time=1.285678e-01 dt=1.913698e-05
elapsed=1.521765e+03 cycle=6400 time=1.304713e-01 dt=1.900280e-05
elapsed=1.546362e+03 cycle=6500 time=1.323539e-01 dt=1.854294e-05
elapsed=1.570945e+03 cycle=6600 time=1.341524e-01 dt=1.710547e-05
elapsed=1.593489e+03 cycle=6700 time=1.357945e-01 dt=1.579952e-05
elapsed=1.618116e+03 cycle=6800 time=1.373618e-01 dt=1.581265e-05
elapsed=1.642722e+03 cycle=6900 time=1.389822e-01 dt=1.683461e-05
elapsed=1.665258e+03 cycle=7000 time=1.408163e-01 dt=1.917010e-05
elapsed=1.689875e+03 cycle=7100 time=1.427416e-01 dt=1.935676e-05
elapsed=1.714094e+03 cycle=7200 time=1.446610e-01 dt=1.895685e-05
elapsed=1.736945e+03 cycle=7300 time=1.465587e-01 dt=1.920558e-05
elapsed=1.761554e+03 cycle=7400 time=1.484735e-01 dt=1.904955e-05
elapsed=1.785449e+03 cycle=7500 time=1.503701e-01 dt=1.889257e-05
elapsed=1.808797e+03 cycle=7600 time=1.522543e-01 dt=1.881179e-05
elapsed=1.833410e+03 cycle=7700 time=1.541268e-01 dt=1.868662e-05
elapsed=1.856429e+03 cycle=7800 time=1.559964e-01 dt=1.871582e-05
elapsed=1.880509e+03 cycle=7900 time=1.578770e-01 dt=1.882471e-05
elapsed=1.905119e+03 cycle=8000 time=1.597333e-01 dt=1.841149e-05
elapsed=1.927774e+03 cycle=8100 time=1.616145e-01 dt=1.882986e-05
elapsed=1.952257e+03 cycle=8200 time=1.634947e-01 dt=1.882532e-05
elapsed=1.976888e+03 cycle=8300 time=1.653812e-01 dt=1.892986e-05
elapsed=1.999348e+03 cycle=8400 time=1.672752e-01 dt=1.897741e-05
elapsed=2.023940e+03 cycle=8500 time=1.691810e-01 dt=1.910352e-05
elapsed=2.048282e+03 cycle=8600 time=1.710861e-01 dt=1.889066e-05
elapsed=2.071106e+03 cycle=8700 time=1.729941e-01 dt=1.891668e-05
elapsed=2.095710e+03 cycle=8800 time=1.749169e-01 dt=1.939604e-05
elapsed=2.119481e+03 cycle=8900 time=1.768614e-01 dt=1.945061e-05
elapsed=2.142774e+03 cycle=9000 time=1.787977e-01 dt=1.929534e-05
elapsed=2.167481e+03 cycle=9100 time=1.807234e-01 dt=1.925496e-05
elapsed=2.190808e+03 cycle=9200 time=1.826501e-01 dt=1.928924e-05
elapsed=2.214554e+03 cycle=9300 time=1.845824e-01 dt=1.934562e-05
elapsed=2.239192e+03 cycle=9400 time=1.865167e-01 dt=1.935427e-05
elapsed=2.261750e+03 cycle=9500 time=1.884501e-01 dt=1.931609e-05
elapsed=2.286336e+03 cycle=9600 time=1.903807e-01 dt=1.929870e-05
elapsed=2.310964e+03 cycle=9700 time=1.923077e-01 dt=1.919859e-05
elapsed=2.333416e+03 cycle=9800 time=1.942249e-01 dt=1.912340e-05
elapsed=2.358035e+03 cycle=9900 time=1.961361e-01 dt=1.913846e-05
elapsed=2.382698e+03 cycle=10000 time=1.980446e-01 dt=1.910605e-05
elapsed=2.405144e+03 cycle=10100 time=1.999450e-01 dt=1.901151e-05
elapsed=2.429881e+03 cycle=10200 time=2.018373e-01 dt=1.895061e-05
elapsed=2.454576e+03 cycle=10300 time=2.037258e-01 dt=1.891838e-05
elapsed=2.477024e+03 cycle=10400 time=2.056112e-01 dt=1.886198e-05
elapsed=2.501712e+03 cycle=10500 time=2.074877e-01 dt=1.847086e-05
elapsed=2.526007e+03 cycle=10600 time=2.093084e-01 dt=1.848329e-05
elapsed=2.548871e+03 cycle=10700 time=2.111518e-01 dt=1.833635e-05
elapsed=2.573538e+03 cycle=10800 time=2.129849e-01 dt=1.835109e-05
elapsed=2.598182e+03 cycle=10900 time=2.148071e-01 dt=1.811399e-05
elapsed=2.620641e+03 cycle=11000 time=2.166156e-01 dt=1.801785e-05
elapsed=2.645285e+03 cycle=11100 time=2.184019e-01 dt=1.773711e-05
elapsed=2.669785e+03 cycle=11200 time=2.201654e-01 dt=1.752346e-05
elapsed=2.692511e+03 cycle=11300 time=2.219035e-01 dt=1.719678e-05
elapsed=2.717190e+03 cycle=11400 time=2.236063e-01 dt=1.689053e-05
elapsed=2.741445e+03 cycle=11500 time=2.253152e-01 dt=1.761650e-05
elapsed=2.764301e+03 cycle=11600 time=2.271505e-01 dt=1.882190e-05
elapsed=2.788979e+03 cycle=11700 time=2.290191e-01 dt=1.856875e-05
elapsed=2.812549e+03 cycle=11800 time=2.308698e-01 dt=1.846288e-05
elapsed=2.836169e+03 cycle=11900 time=2.327291e-01 dt=1.881930e-05
elapsed=2.860808e+03 cycle=12000 time=2.346364e-01 dt=1.920450e-05
elapsed=2.884043e+03 cycle=12100 time=2.365498e-01 dt=1.904446e-05
elapsed=2.907570e+03 cycle=12200 time=2.384445e-01 dt=1.883802e-05
elapsed=2.931918e+03 cycle=12300 time=2.403275e-01 dt=1.879014e-05
elapsed=2.954867e+03 cycle=12400 time=2.422060e-01 dt=1.880506e-05
elapsed=2.977805e+03 cycle=12500 time=2.440966e-01 dt=1.909240e-05
elapsed=3.001605e+03 cycle=12600 time=2.460214e-01 dt=1.924926e-05
elapsed=3.023038e+03 cycle=12700 time=2.479433e-01 dt=1.916494e-05
elapsed=3.046498e+03 cycle=12800 time=2.498564e-01 dt=1.909572e-05
elapsed=3.069886e+03 cycle=12900 time=2.517652e-01 dt=1.905498e-05
elapsed=3.090861e+03 cycle=13000 time=2.536770e-01 dt=1.917125e-05
elapsed=3.113876e+03 cycle=13100 time=2.555917e-01 dt=1.914516e-05
elapsed=3.134543e+03 cycle=13200 time=2.575058e-01 dt=1.913004e-05
elapsed=3.157236e+03 cycle=13300 time=2.594210e-01 dt=1.913556e-05
elapsed=3.179826e+03 cycle=13400 time=2.613419e-01 dt=1.923106e-05
elapsed=3.200044e+03 cycle=13500 time=2.632637e-01 dt=1.920297e-05
elapsed=3.222264e+03 cycle=13600 time=2.651764e-01 dt=1.909077e-05
elapsed=3.242153e+03 cycle=13700 time=2.670561e-01 dt=1.825798e-05
elapsed=3.264091e+03 cycle=13800 time=2.688212e-01 dt=1.691203e-05
elapsed=3.285483e+03 cycle=13900 time=2.704832e-01 dt=1.736969e-05
elapsed=3.305548e+03 cycle=14000 time=2.722834e-01 dt=1.837463e-05
elapsed=3.327148e+03 cycle=14100 time=2.741125e-01 dt=1.832607e-05
elapsed=3.346391e+03 cycle=14200 time=2.758938e-01 dt=1.795640e-05
elapsed=3.367639e+03 cycle=14300 time=2.777360e-01 dt=1.838095e-05
elapsed=3.386569e+03 cycle=14400 time=2.795610e-01 dt=1.811192e-05
elapsed=3.407574e+03 cycle=14500 time=2.813618e-01 dt=1.790055e-05
elapsed=3.426619e+03 cycle=14600 time=2.831423e-01 dt=1.772107e-05
elapsed=3.446831e+03 cycle=14700 time=2.848985e-01 dt=1.733328e-05
elapsed=3.465672e+03 cycle=14800 time=2.865819e-01 dt=1.620460e-05
elapsed=3.485576e+03 cycle=14900 time=2.882601e-01 dt=1.806680e-05
elapsed=3.505076e+03 cycle=15000 time=2.901488e-01 dt=1.823587e-05
elapsed=3.523824e+03 cycle=15100 time=2.918943e-01 dt=1.799043e-05
elapsed=3.543307e+03 cycle=15200 time=2.937969e-01 dt=1.921028e-05
elapsed=3.561384e+03 cycle=15300 time=2.956852e-01 dt=1.844384e-05
elapsed=3.580667e+03 cycle=15400 time=2.975445e-01 dt=1.822425e-05
elapsed=3.598260e+03 cycle=15500 time=2.993726e-01 dt=1.808944e-05
elapsed=3.617633e+03 cycle=15600 time=3.012224e-01 dt=1.927080e-05
elapsed=3.634628e+03 cycle=15700 time=3.031427e-01 dt=1.912996e-05
elapsed=3.653607e+03 cycle=15800 time=3.050520e-01 dt=1.907189e-05
elapsed=3.670272e+03 cycle=15900 time=3.069547e-01 dt=1.894539e-05
elapsed=3.688921e+03 cycle=16000 time=3.088443e-01 dt=1.891632e-05
elapsed=3.705390e+03 cycle=16100 time=3.107365e-01 dt=1.893979e-05
elapsed=3.723243e+03 cycle=16200 time=3.126183e-01 dt=1.870952e-05
elapsed=3.739813e+03 cycle=16300 time=3.144856e-01 dt=1.861011e-05
elapsed=3.756346e+03 cycle=16400 time=3.163286e-01 dt=1.828686e-05
elapsed=3.773629e+03 cycle=16500 time=3.181714e-01 dt=1.840954e-05
elapsed=3.789391e+03 cycle=16600 time=3.200015e-01 dt=1.822335e-05
elapsed=3.806973e+03 cycle=16700 time=3.218181e-01 dt=1.810142e-05
elapsed=3.822335e+03 cycle=16800 time=3.236354e-01 dt=1.845995e-05
elapsed=3.839667e+03 cycle=16900 time=3.254788e-01 dt=1.837919e-05
elapsed=3.854715e+03 cycle=17000 time=3.273096e-01 dt=1.822580e-05
elapsed=3.871326e+03 cycle=17100 time=3.291239e-01 dt=1.803013e-05
elapsed=3.886566e+03 cycle=17200 time=3.309247e-01 dt=1.795010e-05
elapsed=3.901214e+03 cycle=17300 time=3.327185e-01 dt=1.788360e-05
elapsed=3.917807e+03 cycle=17400 time=3.345026e-01 dt=1.778866e-05
elapsed=3.932178e+03 cycle=17500 time=3.362720e-01 dt=1.766329e-05
elapsed=3.948476e+03 cycle=17600 time=3.380260e-01 dt=1.749797e-05
elapsed=3.962578e+03 cycle=17700 time=3.397685e-01 dt=1.733986e-05
elapsed=3.976589e+03 cycle=17800 time=3.415017e-01 dt=1.731238e-05
elapsed=3.992465e+03 cycle=17900 time=3.432377e-01 dt=1.736069e-05
elapsed=4.006072e+03 cycle=18000 time=3.449742e-01 dt=1.734994e-05
elapsed=4.020739e+03 cycle=18100 time=3.467081e-01 dt=1.738995e-05
elapsed=4.033926e+03 cycle=18200 time=3.484443e-01 dt=1.738912e-05
elapsed=4.045525e+03 cycle=18300 time=3.501893e-01 dt=1.749471e-05
elapsed=4.056847e+03 cycle=18400 time=3.519490e-01 dt=1.772577e-05
elapsed=4.067573e+03 cycle=18500 time=3.537298e-01 dt=1.790687e-05
elapsed=4.076001e+03 cycle=18600 time=3.555104e-01 dt=1.763040e-05
elapsed=4.083986e+03 cycle=18700 time=3.572832e-01 dt=1.793733e-05
elapsed=4.091948e+03 cycle=18800 time=3.591198e-01 dt=1.862554e-05
elapsed=4.102821e+03 cycle=18900 time=3.609780e-01 dt=1.851583e-05
elapsed=4.112502e+03 cycle=19000 time=3.628275e-01 dt=1.849248e-05
elapsed=4.120512e+03 cycle=19100 time=3.646759e-01 dt=1.846171e-05
elapsed=4.128464e+03 cycle=19200 time=3.665229e-01 dt=1.846523e-05
elapsed=4.136550e+03 cycle=19300 time=3.683721e-01 dt=1.851466e-05
elapsed=4.146438e+03 cycle=19400 time=3.702238e-01 dt=1.852497e-05
elapsed=4.154398e+03 cycle=19500 time=3.720768e-01 dt=1.856156e-05
elapsed=4.162356e+03 cycle=19600 time=3.739193e-01 dt=1.812007e-05
elapsed=4.170322e+03 cycle=19700 time=3.757020e-01 dt=1.760061e-05
elapsed=4.178420e+03 cycle=19800 time=3.774306e-01 dt=1.682157e-05
elapsed=4.188061e+03 cycle=19900 time=3.790714e-01 dt=1.608098e-05
elapsed=4.196087e+03 cycle=20000 time=3.806540e-01 dt=1.641317e-05
elapsed=4.204064e+03 cycle=20100 time=3.823908e-01 dt=1.740154e-05
elapsed=4.212040e+03 cycle=20200 time=3.841477e-01 dt=1.744149e-05
elapsed=4.221082e+03 cycle=20300 time=3.858698e-01 dt=1.697676e-05
elapsed=4.229801e+03 cycle=20400 time=3.875321e-01 dt=1.620996e-05
elapsed=4.238776e+03 cycle=20500 time=3.891205e-01 dt=1.583204e-05
elapsed=4.246999e+03 cycle=20600 time=3.908081e-01 dt=1.806587e-05
elapsed=4.255173e+03 cycle=20700 time=3.926185e-01 dt=1.812501e-05
elapsed=4.264759e+03 cycle=20800 time=3.944372e-01 dt=1.826584e-05
elapsed=4.272744e+03 cycle=20900 time=3.962504e-01 dt=1.809584e-05
elapsed=4.280732e+03 cycle=21000 time=3.980552e-01 dt=1.789977e-05
elapsed=4.288723e+03 cycle=21100 time=3.998299e-01 dt=1.762556e-05
elapsed=4.297897e+03 cycle=21200 time=4.015819e-01 dt=1.750441e-05
elapsed=4.307519e+03 cycle=21300 time=4.033293e-01 dt=1.752090e-05
elapsed=4.315516e+03 cycle=21400 time=4.050781e-01 dt=1.747525e-05
elapsed=4.323629e+03 cycle=21500 time=4.068250e-01 dt=1.742817e-05
elapsed=4.332830e+03 cycle=21600 time=4.085620e-01 dt=1.735884e-05
elapsed=4.342849e+03 cycle=21700 time=4.102939e-01 dt=1.726421e-05
elapsed=4.351246e+03 cycle=21800 time=4.120197e-01 dt=1.719404e-05
elapsed=4.359173e+03 cycle=21900 time=4.137380e-01 dt=1.712267e-05
elapsed=4.367106e+03 cycle=22000 time=4.154490e-01 dt=1.705934e-05
elapsed=4.375145e+03 cycle=22100 time=4.171508e-01 dt=1.695935e-05
elapsed=4.385346e+03 cycle=22200 time=4.188434e-01 dt=1.697047e-05
elapsed=4.394724e+03 cycle=22300 time=4.205427e-01 dt=1.707611e-05
elapsed=4.403927e+03 cycle=22400 time=4.222595e-01 dt=1.721437e-05
elapsed=4.413077e+03 cycle=22500 time=4.239823e-01 dt=1.724309e-05
elapsed=4.423268e+03 cycle=22600 time=4.256993e-01 dt=1.712224e-05
elapsed=4.431673e+03 cycle=22700 time=4.274155e-01 dt=1.720479e-05
elapsed=4.440306e+03 cycle=22800 time=4.291390e-01 dt=1.727020e-05
elapsed=4.449441e+03 cycle=22900 time=4.308589e-01 dt=1.686117e-05
elapsed=4.458803e+03 cycle=23000 time=4.325282e-01 dt=1.744647e-05
elapsed=4.469932e+03 cycle=23100 time=4.342732e-01 dt=1.753229e-05
elapsed=4.478576e+03 cycle=23200 time=4.360326e-01 dt=1.763231e-05
elapsed=4.486643e+03 cycle=23300 time=4.378016e-01 dt=1.773252e-05
elapsed=4.494713e+03 cycle=23400 time=4.395834e-01 dt=1.788115e-05
elapsed=4.503957e+03 cycle=23500 time=4.413772e-01 dt=1.787778e-05
elapsed=4.512944e+03 cycle=23600 time=4.431392e-01 dt=1.735340e-05
elapsed=4.521014e+03 cycle=23700 time=4.448477e-01 dt=1.681727e-05
elapsed=4.529090e+03 cycle=23800 time=4.465037e-01 dt=1.622611e-05
elapsed=4.537155e+03 cycle=23900 time=4.480711e-01 dt=1.496674e-05
elapsed=4.546691e+03 cycle=24000 time=4.495581e-01 dt=1.595441e-05
elapsed=4.555393e+03 cycle=24100 time=4.512686e-01 dt=1.713313e-05
elapsed=4.563459e+03 cycle=24200 time=4.529703e-01 dt=1.687775e-05
elapsed=4.571570e+03 cycle=24300 time=4.546461e-01 dt=1.661530e-05
elapsed=4.579751e+03 cycle=24400 time=4.562979e-01 dt=1.641002e-05
elapsed=4.589702e+03 cycle=24500 time=4.579310e-01 dt=1.625718e-05
elapsed=4.597927e+03 cycle=24600 time=4.595461e-01 dt=1.602541e-05
elapsed=4.606789e+03 cycle=24700 time=4.611331e-01 dt=1.568340e-05
elapsed=4.615833e+03 cycle=24800 time=4.626733e-01 dt=1.503717e-05
elapsed=4.626013e+03 cycle=24900 time=4.641761e-01 dt=1.604656e-05
elapsed=4.636216e+03 cycle=25000 time=4.658483e-01 dt=1.697291e-05
elapsed=4.644578e+03 cycle=25100 time=4.675710e-01 dt=1.751389e-05
elapsed=4.652629e+03 cycle=25200 time=4.693290e-01 dt=1.747025e-05
elapsed=4.661532e+03 cycle=25300 time=4.710519e-01 dt=1.709336e-05
elapsed=4.671885e+03 cycle=25400 time=4.727730e-01 dt=1.736730e-05
elapsed=4.680610e+03 cycle=25500 time=4.745222e-01 dt=1.760686e-05
elapsed=4.689543e+03 cycle=25600 time=4.762893e-01 dt=1.750981e-05
elapsed=4.698750e+03 cycle=25700 time=4.779889e-01 dt=1.624890e-05
elapsed=4.709997e+03 cycle=25800 time=4.795566e-01 dt=1.573935e-05
elapsed=4.719175e+03 cycle=25900 time=4.811372e-01 dt=1.503972e-05
elapsed=4.728265e+03 cycle=26000 time=4.827441e-01 dt=1.817592e-05
elapsed=4.737254e+03 cycle=26100 time=4.845701e-01 dt=1.827232e-05
elapsed=4.747419e+03 cycle=26200 time=4.863906e-01 dt=1.805576e-05
elapsed=4.755624e+03 cycle=26300 time=4.882166e-01 dt=1.818268e-05
elapsed=4.763660e+03 cycle=26400 time=4.900443e-01 dt=1.847996e-05
elapsed=4.771685e+03 cycle=26500 time=4.918713e-01 dt=1.805214e-05
elapsed=4.779668e+03 cycle=26600 time=4.936609e-01 dt=1.774124e-05
elapsed=4.788458e+03 cycle=26700 time=4.954177e-01 dt=1.743781e-05
elapsed=4.797596e+03 cycle=26800 time=4.971529e-01 dt=1.726795e-05
elapsed=4.805577e+03 cycle=26900 time=4.988737e-01 dt=1.716554e-05
elapsed=4.813620e+03 cycle=27000 time=5.005836e-01 dt=1.702031e-05
elapsed=4.821601e+03 cycle=27100 time=5.022470e-01 dt=1.616747e-05
elapsed=4.829932e+03 cycle=27200 time=5.038280e-01 dt=1.548395e-05
elapsed=4.839540e+03 cycle=27300 time=5.053893e-01 dt=1.651727e-05
elapsed=4.847521e+03 cycle=27400 time=5.071362e-01 dt=1.779507e-05
elapsed=4.855501e+03 cycle=27500 time=5.089380e-01 dt=1.827591e-05
elapsed=4.863654e+03 cycle=27600 time=5.107674e-01 dt=1.828171e-05
elapsed=4.872501e+03 cycle=27700 time=5.125921e-01 dt=1.846466e-05
elapsed=4.881407e+03 cycle=27800 time=5.144270e-01 dt=1.821634e-05
elapsed=4.889396e+03 cycle=27900 time=5.162413e-01 dt=1.802499e-05
elapsed=4.897384e+03 cycle=28000 time=5.180351e-01 dt=1.783570e-05
elapsed=4.905370e+03 cycle=28100 time=5.198169e-01 dt=1.785228e-05
elapsed=4.914967e+03 cycle=28200 time=5.216171e-01 dt=1.811634e-05
elapsed=4.923967e+03 cycle=28300 time=5.234254e-01 dt=1.808006e-05
elapsed=4.933333e+03 cycle=28400 time=5.252314e-01 dt=1.800429e-05
elapsed=4.942724e+03 cycle=28500 time=5.270221e-01 dt=1.786880e-05
elapsed=4.954267e+03 cycle=28600 time=5.287973e-01 dt=1.763338e-05
elapsed=4.963943e+03 cycle=28700 time=5.305514e-01 dt=1.741590e-05
elapsed=4.973434e+03 cycle=28800 time=5.322821e-01 dt=1.724824e-05
elapsed=4.982963e+03 cycle=28900 time=5.340013e-01 dt=1.714749e-05
elapsed=4.994787e+03 cycle=29000 time=5.357045e-01 dt=1.688772e-05
elapsed=5.004372e+03 cycle=29100 time=5.373721e-01 dt=1.639481e-05
elapsed=5.013974e+03 cycle=29200 time=5.390109e-01 dt=1.688603e-05
elapsed=5.023665e+03 cycle=29300 time=5.408039e-01 dt=1.837531e-05
elapsed=5.035349e+03 cycle=29400 time=5.426373e-01 dt=1.838484e-05
elapsed=5.044991e+03 cycle=29500 time=5.444820e-01 dt=1.847589e-05
elapsed=5.054614e+03 cycle=29600 time=5.463304e-01 dt=1.845734e-05
elapsed=5.064620e+03 cycle=29700 time=5.481777e-01 dt=1.849955e-05
elapsed=5.076091e+03 cycle=29800 time=5.500388e-01 dt=1.871473e-05
elapsed=5.085609e+03 cycle=29900 time=5.519144e-01 dt=1.869055e-05
elapsed=5.095097e+03 cycle=30000 time=5.537803e-01 dt=1.860048e-05
elapsed=5.105104e+03 cycle=30100 time=5.556378e-01 dt=1.854303e-05
elapsed=5.115957e+03 cycle=30200 time=5.574908e-01 dt=1.848250e-05
elapsed=5.125299e+03 cycle=30300 time=5.593346e-01 dt=1.841369e-05
elapsed=5.134661e+03 cycle=30400 time=5.611640e-01 dt=1.815978e-05
elapsed=5.144625e+03 cycle=30500 time=5.629697e-01 dt=1.798919e-05
elapsed=5.155103e+03 cycle=30600 time=5.647734e-01 dt=1.803203e-05
elapsed=5.164235e+03 cycle=30700 time=5.665668e-01 dt=1.784716e-05
elapsed=5.173332e+03 cycle=30800 time=5.683416e-01 dt=1.764833e-05
elapsed=5.183966e+03 cycle=30900 time=5.700905e-01 dt=1.725572e-05
elapsed=5.193481e+03 cycle=31000 time=5.717946e-01 dt=1.678764e-05
elapsed=5.202464e+03 cycle=31100 time=5.734518e-01 dt=1.655856e-05
elapsed=5.211417e+03 cycle=31200 time=5.751883e-01 dt=1.792347e-05
elapsed=5.221902e+03 cycle=31300 time=5.769712e-01 dt=1.771176e-05
elapsed=5.231491e+03 cycle=31400 time=5.787276e-01 dt=1.730608e-05
elapsed=5.240466e+03 cycle=31500 time=5.804737e-01 dt=1.801898e-05
elapsed=5.249376e+03 cycle=31600 time=5.822631e-01 dt=1.777358e-05
elapsed=5.259625e+03 cycle=31700 time=5.840273e-01 dt=1.750836e-05
elapsed=5.269444e+03 cycle=31800 time=5.857536e-01 dt=1.696033e-05
elapsed=5.278361e+03 cycle=31900 time=5.875358e-01 dt=1.801204e-05
elapsed=5.287265e+03 cycle=32000 time=5.893229e-01 dt=1.778169e-05
elapsed=5.296825e+03 cycle=32100 time=5.910902e-01 dt=1.755587e-05
elapsed=5.307193e+03 cycle=32200 time=5.928346e-01 dt=1.733997e-05
elapsed=5.316122e+03 cycle=32300 time=5.945610e-01 dt=1.715456e-05
elapsed=5.325054e+03 cycle=32400 time=5.962698e-01 dt=1.712206e-05
elapsed=5.334291e+03 cycle=32500 time=5.979896e-01 dt=1.734375e-05
elapsed=5.345163e+03 cycle=32600 time=5.997425e-01 dt=1.765076e-05
elapsed=5.354156e+03 cycle=32700 time=6.015027e-01 dt=1.751963e-05
elapsed=5.363083e+03 cycle=32800 time=6.032180e-01 dt=1.679425e-05
elapsed=5.372136e+03 cycle=32900 time=6.049056e-01 dt=1.707572e-05
elapsed=5.382993e+03 cycle=33000 time=6.065753e-01 dt=1.636796e-05
elapsed=5.391931e+03 cycle=33100 time=6.082089e-01 dt=1.648177e-05
elapsed=5.400881e+03 cycle=33200 time=6.099454e-01 dt=1.787853e-05
elapsed=5.409906e+03 cycle=33300 time=6.117178e-01 dt=1.756715e-05
elapsed=5.421113e+03 cycle=33400 time=6.134846e-01 dt=1.797665e-05
elapsed=5.430077e+03 cycle=33500 time=6.152782e-01 dt=1.772573e-05
elapsed=5.439044e+03 cycle=33600 time=6.169876e-01 dt=1.666785e-05
elapsed=5.448007e+03 cycle=33700 time=6.187013e-01 dt=1.714792e-05
elapsed=5.459165e+03 cycle=33800 time=6.203833e-01 dt=1.673128e-05
elapsed=5.468215e+03 cycle=33900 time=6.220769e-01 dt=1.733275e-05
elapsed=5.477148e+03 cycle=34000 time=6.238164e-01 dt=1.728968e-05
elapsed=5.486084e+03 cycle=34100 time=6.255657e-01 dt=1.772119e-05
elapsed=5.496917e+03 cycle=34200 time=6.273711e-01 dt=1.839504e-05
elapsed=5.506140e+03 cycle=34300 time=6.292103e-01 dt=1.835003e-05
elapsed=5.515109e+03 cycle=34400 time=6.310215e-01 dt=1.785482e-05
elapsed=5.523990e+03 cycle=34500 time=6.327615e-01 dt=1.697086e-05
elapsed=5.533955e+03 cycle=34600 time=6.344362e-01 dt=1.656368e-05
elapsed=5.543923e+03 cycle=34700 time=6.361000e-01 dt=1.678625e-05
elapsed=5.552746e+03 cycle=34800 time=6.377918e-01 dt=1.658856e-05
elapsed=5.561553e+03 cycle=34900 time=6.394017e-01 dt=1.566981e-05
elapsed=5.570935e+03 cycle=35000 time=6.409513e-01 dt=1.544040e-05
elapsed=5.581202e+03 cycle=35100 time=6.425183e-01 dt=1.594462e-05
elapsed=5.589948e+03 cycle=35200 time=6.441661e-01 dt=1.722827e-05
elapsed=5.598672e+03 cycle=35300 time=6.459518e-01 dt=1.804045e-05
elapsed=5.607377e+03 cycle=35400 time=6.476788e-01 dt=1.654052e-05
elapsed=5.618109e+03 cycle=35500 time=6.493752e-01 dt=1.747257e-05
elapsed=5.627029e+03 cycle=35600 time=6.511200e-01 dt=1.750764e-05
elapsed=5.635705e+03 cycle=35700 time=6.528644e-01 dt=1.711177e-05
elapsed=5.644371e+03 cycle=35800 time=6.545562e-01 dt=1.667776e-05
elapsed=5.654064e+03 cycle=35900 time=6.561931e-01 dt=1.610759e-05
elapsed=5.663903e+03 cycle=36000 time=6.578028e-01 dt=1.619027e-05
elapsed=5.672534e+03 cycle=36100 time=6.594487e-01 dt=1.663192e-05
elapsed=5.681239e+03 cycle=36200 time=6.611648e-01 dt=1.773143e-05
elapsed=5.690367e+03 cycle=36300 time=6.629709e-01 dt=1.806835e-05
elapsed=5.700440e+03 cycle=36400 time=6.647714e-01 dt=1.786038e-05
elapsed=5.709028e+03 cycle=36500 time=6.665544e-01 dt=1.783564e-05
elapsed=5.717620e+03 cycle=36600 time=6.682935e-01 dt=1.700496e-05
elapsed=5.726293e+03 cycle=36700 time=6.699876e-01 dt=1.747519e-05
elapsed=5.735001e+03 cycle=36800 time=6.717845e-01 dt=1.815892e-05
elapsed=5.745776e+03 cycle=36900 time=6.736170e-01 dt=1.841767e-05
elapsed=5.754349e+03 cycle=37000 time=6.754580e-01 dt=1.838633e-05
elapsed=5.762920e+03 cycle=37100 time=6.772790e-01 dt=1.776801e-05
elapsed=5.771492e+03 cycle=37200 time=6.790764e-01 dt=1.825050e-05
elapsed=5.781826e+03 cycle=37300 time=6.808908e-01 dt=1.755145e-05
elapsed=5.790715e+03 cycle=37400 time=6.825933e-01 dt=1.730467e-05
elapsed=5.799307e+03 cycle=37500 time=6.843904e-01 dt=1.796101e-05
elapsed=5.807905e+03 cycle=37600 time=6.861958e-01 dt=1.834913e-05
elapsed=5.818113e+03 cycle=37700 time=6.880545e-01 dt=1.874838e-05
elapsed=5.827102e+03 cycle=37800 time=6.899287e-01 dt=1.864494e-05
elapsed=5.835770e+03 cycle=37900 time=6.917800e-01 dt=1.838628e-05
elapsed=5.844377e+03 cycle=38000 time=6.936112e-01 dt=1.824829e-05
elapsed=5.853994e+03 cycle=38100 time=6.954208e-01 dt=1.784729e-05
elapsed=5.863812e+03 cycle=38200 time=6.972193e-01 dt=1.816151e-05
elapsed=5.872500e+03 cycle=38300 time=6.990286e-01 dt=1.800700e-05
elapsed=5.881198e+03 cycle=38400 time=7.008194e-01 dt=1.782526e-05
elapsed=5.889828e+03 cycle=38500 time=7.025999e-01 dt=1.781825e-05
elapsed=5.900402e+03 cycle=38600 time=7.043887e-01 dt=1.793066e-05
elapsed=5.909083e+03 cycle=38700 time=7.061825e-01 dt=1.793698e-05
elapsed=5.917720e+03 cycle=38800 time=7.079693e-01 dt=1.777525e-05
elapsed=5.926359e+03 cycle=38900 time=7.097496e-01 dt=1.770228e-05
elapsed=5.936761e+03 cycle=39000 time=7.115028e-01 dt=1.724114e-05
elapsed=5.945738e+03 cycle=39100 time=7.132222e-01 dt=1.712129e-05
elapsed=5.954384e+03 cycle=39200 time=7.149536e-01 dt=1.740756e-05
elapsed=5.963041e+03 cycle=39300 time=7.166965e-01 dt=1.734901e-05
elapsed=5.973368e+03 cycle=39400 time=7.184409e-01 dt=1.745302e-05
elapsed=5.982434e+03 cycle=39500 time=7.201709e-01 dt=1.690116e-05
elapsed=5.991084e+03 cycle=39600 time=7.218223e-01 dt=1.637498e-05
elapsed=5.999731e+03 cycle=39700 time=7.235298e-01 dt=1.733170e-05
elapsed=6.009512e+03 cycle=39800 time=7.252808e-01 dt=1.796997e-05
elapsed=6.019272e+03 cycle=39900 time=7.271095e-01 dt=1.844047e-05
elapsed=6.027945e+03 cycle=40000 time=7.289109e-01 dt=1.745158e-05
elapsed=6.036700e+03 cycle=40100 time=7.306219e-01 dt=1.681201e-05
elapsed=6.046048e+03 cycle=40200 time=7.322786e-01 dt=1.642960e-05
elapsed=6.056070e+03 cycle=40300 time=7.339019e-01 dt=1.601038e-05
elapsed=6.064757e+03 cycle=40400 time=7.354912e-01 dt=1.599328e-05
elapsed=6.073448e+03 cycle=40500 time=7.371934e-01 dt=1.847037e-05
elapsed=6.082829e+03 cycle=40600 time=7.390566e-01 dt=1.868625e-05
elapsed=6.092921e+03 cycle=40700 time=7.408894e-01 dt=1.794373e-05
elapsed=6.101628e+03 cycle=40800 time=7.427312e-01 dt=1.869555e-05
elapsed=6.110340e+03 cycle=40900 time=7.445926e-01 dt=1.846131e-05
elapsed=6.119047e+03 cycle=41000 time=7.464233e-01 dt=1.827049e-05
elapsed=6.130033e+03 cycle=41100 time=7.482318e-01 dt=1.780474e-05
elapsed=6.138754e+03 cycle=41200 time=7.499884e-01 dt=1.734319e-05
elapsed=6.147546e+03 cycle=41300 time=7.517055e-01 dt=1.699984e-05
elapsed=6.156262e+03 cycle=41400 time=7.533879e-01 dt=1.664012e-05
elapsed=6.166996e+03 cycle=41500 time=7.550291e-01 dt=1.612341e-05
elapsed=6.175737e+03 cycle=41600 time=7.567370e-01 dt=1.820298e-05
elapsed=6.184492e+03 cycle=41700 time=7.585648e-01 dt=1.823790e-05
elapsed=6.193330e+03 cycle=41800 time=7.603805e-01 dt=1.809156e-05
elapsed=6.204162e+03 cycle=41900 time=7.621719e-01 dt=1.738726e-05
elapsed=6.212941e+03 cycle=42000 time=7.639218e-01 dt=1.800554e-05
elapsed=6.221723e+03 cycle=42100 time=7.657396e-01 dt=1.819971e-05
elapsed=6.230505e+03 cycle=42200 time=7.675599e-01 dt=1.818396e-05
elapsed=6.241102e+03 cycle=42300 time=7.693689e-01 dt=1.795106e-05
elapsed=6.250389e+03 cycle=42400 time=7.711532e-01 dt=1.778424e-05
elapsed=6.259174e+03 cycle=42500 time=7.729195e-01 dt=1.732957e-05
elapsed=6.267979e+03 cycle=42600 time=7.746622e-01 dt=1.749690e-05
elapsed=6.278805e+03 cycle=42700 time=7.764091e-01 dt=1.740269e-05
elapsed=6.287596e+03 cycle=42800 time=7.781407e-01 dt=1.724679e-05
elapsed=6.296397e+03 cycle=42900 time=7.798592e-01 dt=1.710811e-05
elapsed=6.305464e+03 cycle=43000 time=7.815691e-01 dt=1.715353e-05
elapsed=6.316199e+03 cycle=43100 time=7.832945e-01 dt=1.740474e-05
elapsed=6.325070e+03 cycle=43200 time=7.850382e-01 dt=1.736796e-05
elapsed=6.333953e+03 cycle=43300 time=7.867803e-01 dt=1.770313e-05
elapsed=6.342976e+03 cycle=43400 time=7.885841e-01 dt=1.811602e-05
elapsed=6.354090e+03 cycle=43500 time=7.903795e-01 dt=1.775097e-05
elapsed=6.363021e+03 cycle=43600 time=7.921323e-01 dt=1.737053e-05
elapsed=6.371975e+03 cycle=43700 time=7.938671e-01 dt=1.730779e-05
elapsed=6.380955e+03 cycle=43800 time=7.956014e-01 dt=1.737664e-05
elapsed=6.392201e+03 cycle=43900 time=7.972878e-01 dt=1.602813e-05
elapsed=6.401227e+03 cycle=44000 time=7.989437e-01 dt=1.823489e-05
elapsed=6.410359e+03 cycle=44100 time=8.007759e-01 dt=1.824830e-05
elapsed=6.419448e+03 cycle=44200 time=8.025894e-01 dt=1.787180e-05
elapsed=6.430352e+03 cycle=44300 time=8.043722e-01 dt=1.794584e-05
elapsed=6.439775e+03 cycle=44400 time=8.061678e-01 dt=1.796881e-05
elapsed=6.448967e+03 cycle=44500 time=8.079563e-01 dt=1.779746e-05
elapsed=6.458174e+03 cycle=44600 time=8.097375e-01 dt=1.785560e-05
elapsed=6.469511e+03 cycle=44700 time=8.115205e-01 dt=1.772884e-05
elapsed=6.478766e+03 cycle=44800 time=8.132754e-01 dt=1.731961e-05
elapsed=6.488047e+03 cycle=44900 time=8.149842e-01 dt=1.688871e-05
elapsed=6.497618e+03 cycle=45000 time=8.166420e-01 dt=1.634091e-05
elapsed=6.508714e+03 cycle=45100 time=8.182715e-01 dt=1.620597e-05
elapsed=6.518022e+03 cycle=45200 time=8.199020e-01 dt=1.641556e-05
elapsed=6.527427e+03 cycle=45300 time=8.215252e-01 dt=1.628456e-05
elapsed=6.537785e+03 cycle=45400 time=8.231557e-01 dt=1.662948e-05
elapsed=6.548341e+03 cycle=45500 time=8.248794e-01 dt=1.721480e-05
elapsed=6.557662e+03 cycle=45600 time=8.265504e-01 dt=1.666978e-05
elapsed=6.566969e+03 cycle=45700 time=8.282695e-01 dt=1.779374e-05
elapsed=6.577324e+03 cycle=45800 time=8.300856e-01 dt=1.806268e-05
elapsed=6.587964e+03 cycle=45900 time=8.318793e-01 dt=1.791133e-05
elapsed=6.597274e+03 cycle=46000 time=8.336792e-01 dt=1.809585e-05
elapsed=6.606579e+03 cycle=46100 time=8.354770e-01 dt=1.790119e-05
elapsed=6.617333e+03 cycle=46200 time=8.372584e-01 dt=1.772654e-05
elapsed=6.627197e+03 cycle=46300 time=8.390224e-01 dt=1.754638e-05
elapsed=6.636612e+03 cycle=46400 time=8.407727e-01 dt=1.748582e-05
elapsed=6.645983e+03 cycle=46500 time=8.425259e-01 dt=1.753344e-05
elapsed=6.657254e+03 cycle=46600 time=8.442797e-01 dt=1.754749e-05
elapsed=6.666728e+03 cycle=46700 time=8.460393e-01 dt=1.759429e-05
elapsed=6.676089e+03 cycle=46800 time=8.477963e-01 dt=1.753928e-05
elapsed=6.685444e+03 cycle=46900 time=8.495449e-01 dt=1.747152e-05
elapsed=6.697113e+03 cycle=47000 time=8.512887e-01 dt=1.738070e-05
elapsed=6.706445e+03 cycle=47100 time=8.530265e-01 dt=1.739671e-05
elapsed=6.715767e+03 cycle=47200 time=8.547644e-01 dt=1.737125e-05
elapsed=6.725082e+03 cycle=47300 time=8.565003e-01 dt=1.732328e-05
elapsed=6.736494e+03 cycle=47400 time=8.582337e-01 dt=1.734536e-05
elapsed=6.746000e+03 cycle=47500 time=8.599704e-01 dt=1.741082e-05
elapsed=6.755374e+03 cycle=47600 time=8.617223e-01 dt=1.752668e-05
elapsed=6.764715e+03 cycle=47700 time=8.634806e-01 dt=1.758414e-05
elapsed=6.775999e+03 cycle=47800 time=8.652426e-01 dt=1.759313e-05
elapsed=6.785264e+03 cycle=47900 time=8.670004e-01 dt=1.737180e-05
elapsed=6.794536e+03 cycle=48000 time=8.686896e-01 dt=1.629176e-05
elapsed=6.804651e+03 cycle=48100 time=8.702441e-01 dt=1.465381e-05
elapsed=6.815217e+03 cycle=48200 time=8.716223e-01 dt=1.417905e-05
elapsed=6.824470e+03 cycle=48300 time=8.732486e-01 dt=1.747436e-05
elapsed=6.833712e+03 cycle=48400 time=8.750147e-01 dt=1.742846e-05
elapsed=6.844094e+03 cycle=48500 time=8.767564e-01 dt=1.739038e-05
elapsed=6.854471e+03 cycle=48600 time=8.784949e-01 dt=1.737844e-05
elapsed=6.863757e+03 cycle=48700 time=8.801904e-01 dt=1.648635e-05
elapsed=6.872933e+03 cycle=48800 time=8.817998e-01 dt=1.576197e-05
elapsed=6.883630e+03 cycle=48900 time=8.833396e-01 dt=1.507294e-05
elapsed=6.893276e+03 cycle=49000 time=8.848549e-01 dt=1.545836e-05
elapsed=6.902399e+03 cycle=49100 time=8.864641e-01 dt=1.686328e-05
elapsed=6.911492e+03 cycle=49200 time=8.881753e-01 dt=1.701723e-05
elapsed=6.922314e+03 cycle=49300 time=8.898418e-01 dt=1.620786e-05
elapsed=6.931967e+03 cycle=49400 time=8.914292e-01 dt=1.602563e-05
elapsed=6.940989e+03 cycle=49500 time=8.930073e-01 dt=1.546094e-05
elapsed=6.950001e+03 cycle=49600 time=8.945098e-01 dt=1.447101e-05
elapsed=6.960666e+03 cycle=49700 time=8.958908e-01 dt=1.366259e-05
elapsed=6.970268e+03 cycle=49800 time=8.974353e-01 dt=1.650731e-05
elapsed=6.979222e+03 cycle=49900 time=8.990564e-01 dt=1.563547e-05
elapsed=6.988247e+03 cycle=50000 time=9.007471e-01 dt=1.726486e-05
elapsed=6.998703e+03 cycle=50100 time=9.024473e-01 dt=1.677280e-05
elapsed=7.008150e+03 cycle=50200 time=9.041692e-01 dt=1.766962e-05
elapsed=7.017030e+03 cycle=50300 time=9.059737e-01 dt=1.812014e-05
elapsed=7.025899e+03 cycle=50400 time=9.077790e-01 dt=1.798453e-05
elapsed=7.036804e+03 cycle=50500 time=9.095712e-01 dt=1.774612e-05
elapsed=7.045753e+03 cycle=50600 time=9.113160e-01 dt=1.712594e-05
elapsed=7.054596e+03 cycle=50700 time=9.130075e-01 dt=1.678012e-05
elapsed=7.063564e+03 cycle=50800 time=9.146634e-01 dt=1.601252e-05
elapsed=7.074528e+03 cycle=50900 time=9.162145e-01 dt=1.506828e-05
elapsed=7.083320e+03 cycle=51000 time=9.176842e-01 dt=1.470687e-05
elapsed=7.092107e+03 cycle=51100 time=9.192396e-01 dt=1.682090e-05
elapsed=7.100978e+03 cycle=51200 time=9.208832e-01 dt=1.604931e-05
elapsed=7.111974e+03 cycle=51300 time=9.224568e-01 dt=1.537725e-05
elapsed=7.120813e+03 cycle=51400 time=9.239672e-01 dt=1.486971e-05
elapsed=7.129588e+03 cycle=51500 time=9.254400e-01 dt=1.464129e-05
elapsed=7.138433e+03 cycle=51600 time=9.269213e-01 dt=1.509270e-05
elapsed=7.148717e+03 cycle=51700 time=9.285146e-01 dt=1.638979e-05
elapsed=7.158460e+03 cycle=51800 time=9.301072e-01 dt=1.580132e-05
elapsed=7.167755e+03 cycle=51900 time=9.318503e-01 dt=1.801833e-05
elapsed=7.177061e+03 cycle=52000 time=9.336495e-01 dt=1.774412e-05
elapsed=7.188046e+03 cycle=52100 time=9.353998e-01 dt=1.741992e-05
elapsed=7.197404e+03 cycle=52200 time=9.371402e-01 dt=1.740530e-05
elapsed=7.206147e+03 cycle=52300 time=9.388924e-01 dt=1.788925e-05
elapsed=7.215040e+03 cycle=52400 time=9.406711e-01 dt=1.766241e-05
elapsed=7.226093e+03 cycle=52500 time=9.424310e-01 dt=1.753382e-05
elapsed=7.235687e+03 cycle=52600 time=9.441814e-01 dt=1.743836e-05
elapsed=7.244992e+03 cycle=52700 time=9.459205e-01 dt=1.730936e-05
elapsed=7.253891e+03 cycle=52800 time=9.476507e-01 dt=1.730470e-05
elapsed=7.265226e+03 cycle=52900 time=9.493799e-01 dt=1.730523e-05
elapsed=7.274805e+03 cycle=53000 time=9.510842e-01 dt=1.688651e-05
elapsed=7.284107e+03 cycle=53100 time=9.528360e-01 dt=1.790104e-05
elapsed=7.293420e+03 cycle=53200 time=9.546188e-01 dt=1.775064e-05
elapsed=7.304717e+03 cycle=53300 time=9.563899e-01 dt=1.770699e-05
elapsed=7.314050e+03 cycle=53400 time=9.581596e-01 dt=1.767019e-05
elapsed=7.323332e+03 cycle=53500 time=9.598981e-01 dt=1.687805e-05
elapsed=7.332871e+03 cycle=53600 time=9.615229e-01 dt=1.579770e-05
elapsed=7.344013e+03 cycle=53700 time=9.631543e-01 dt=1.715260e-05
elapsed=7.353148e+03 cycle=53800 time=9.648788e-01 dt=1.712468e-05
elapsed=7.361858e+03 cycle=53900 time=9.665768e-01 dt=1.682954e-05
elapsed=7.371082e+03 cycle=54000 time=9.682498e-01 dt=1.661258e-05
elapsed=7.381311e+03 cycle=54100 time=9.699097e-01 dt=1.660691e-05
elapsed=7.390135e+03 cycle=54200 time=9.715738e-01 dt=1.667082e-05
elapsed=7.399082e+03 cycle=54300 time=9.732441e-01 dt=1.658753e-05
elapsed=7.408027e+03 cycle=54400 time=9.748683e-01 dt=1.598785e-05
elapsed=7.418921e+03 cycle=54500 time=9.764490e-01 dt=1.559267e-05
elapsed=7.427678e+03 cycle=54600 time=9.779997e-01 dt=1.541220e-05
elapsed=7.436427e+03 cycle=54700 time=9.795113e-01 dt=1.488028e-05
elapsed=7.445258e+03 cycle=54800 time=9.809630e-01 dt=1.414476e-05
elapsed=7.455281e+03 cycle=54900 time=9.823869e-01 dt=1.482611e-05
elapsed=7.465028e+03 cycle=55000 time=9.839982e-01 dt=1.703717e-05
elapsed=7.473790e+03 cycle=55100 time=9.856616e-01 dt=1.603859e-05
elapsed=7.482554e+03 cycle=55200 time=9.872337e-01 dt=1.577801e-05
elapsed=7.492202e+03 cycle=55300 time=9.888333e-01 dt=1.589902e-05
elapsed=7.502410e+03 cycle=55400 time=9.904195e-01 dt=1.571516e-05
elapsed=7.511182e+03 cycle=55500 time=9.919849e-01 dt=1.564709e-05
elapsed=7.519945e+03 cycle=55600 time=9.936075e-01 dt=1.703998e-05
elapsed=7.528709e+03 cycle=55700 time=9.953302e-01 dt=1.728502e-05
elapsed=7.539753e+03 cycle=55800 time=9.970543e-01 dt=1.713236e-05
elapsed=7.548555e+03 cycle=55900 time=9.987496e-01 dt=1.683990e-05
elapsed=7.557510e+03 cycle=56000 time=1.000424e+00 dt=1.662751e-05
elapsed=7.566316e+03 cycle=56100 time=1.002058e+00 dt=1.604717e-05
elapsed=7.576569e+03 cycle=56200 time=1.003653e+00 dt=1.581901e-05
elapsed=7.586290e+03 cycle=56300 time=1.005233e+00 dt=1.606233e-05
elapsed=7.595114e+03 cycle=56400 time=1.006903e+00 dt=1.676051e-05
elapsed=7.603939e+03 cycle=56500 time=1.008591e+00 dt=1.691729e-05
elapsed=7.613746e+03 cycle=56600 time=1.010252e+00 dt=1.555141e-05
elapsed=7.623726e+03 cycle=56700 time=1.011744e+00 dt=1.675464e-05
elapsed=7.632593e+03 cycle=56800 time=1.013420e+00 dt=1.680285e-05
elapsed=7.641470e+03 cycle=56900 time=1.015098e+00 dt=1.675322e-05
elapsed=7.650905e+03 cycle=57000 time=1.016759e+00 dt=1.656051e-05
elapsed=7.661259e+03 cycle=57100 time=1.018416e+00 dt=1.655189e-05
elapsed=7.670255e+03 cycle=57200 time=1.020051e+00 dt=1.616754e-05
elapsed=7.679168e+03 cycle=57300 time=1.021635e+00 dt=1.541917e-05
elapsed=7.689207e+03 cycle=57400 time=1.023129e+00 dt=1.436109e-05
elapsed=7.699021e+03 cycle=57500 time=1.024561e+00 dt=1.454984e-05
elapsed=7.707952e+03 cycle=57600 time=1.026057e+00 dt=1.494361e-05
elapsed=7.716891e+03 cycle=57700 time=1.027554e+00 dt=1.515771e-05
elapsed=7.727302e+03 cycle=57800 time=1.029109e+00 dt=1.596222e-05
elapsed=7.737193e+03 cycle=57900 time=1.030746e+00 dt=1.683423e-05
elapsed=7.746177e+03 cycle=58000 time=1.032457e+00 dt=1.678988e-05
elapsed=7.755164e+03 cycle=58100 time=1.034084e+00 dt=1.570851e-05
elapsed=7.766075e+03 cycle=58200 time=1.035628e+00 dt=1.510886e-05
elapsed=7.775434e+03 cycle=58300 time=1.037111e+00 dt=1.444311e-05
elapsed=7.784428e+03 cycle=58400 time=1.038541e+00 dt=1.468366e-05
elapsed=7.793501e+03 cycle=58500 time=1.040132e+00 dt=1.685712e-05
elapsed=7.804521e+03 cycle=58600 time=1.041813e+00 dt=1.700437e-05
elapsed=7.813520e+03 cycle=58700 time=1.043528e+00 dt=1.700611e-05
elapsed=7.822528e+03 cycle=58800 time=1.045206e+00 dt=1.654511e-05
elapsed=7.831552e+03 cycle=58900 time=1.046853e+00 dt=1.653040e-05
elapsed=7.842619e+03 cycle=59000 time=1.048515e+00 dt=1.672652e-05
elapsed=7.851746e+03 cycle=59100 time=1.050196e+00 dt=1.719542e-05
elapsed=7.860811e+03 cycle=59200 time=1.051938e+00 dt=1.767173e-05
elapsed=7.870351e+03 cycle=59300 time=1.053708e+00 dt=1.770236e-05
elapsed=7.881221e+03 cycle=59400 time=1.055485e+00 dt=1.787487e-05
elapsed=7.890298e+03 cycle=59500 time=1.057255e+00 dt=1.758313e-05
elapsed=7.899385e+03 cycle=59600 time=1.059024e+00 dt=1.773543e-05
elapsed=7.908996e+03 cycle=59700 time=1.060763e+00 dt=1.702089e-05
elapsed=7.919898e+03 cycle=59800 time=1.062428e+00 dt=1.626564e-05
elapsed=7.928997e+03 cycle=59900 time=1.064012e+00 dt=1.549938e-05
elapsed=7.938101e+03 cycle=60000 time=1.065580e+00 dt=1.631669e-05
elapsed=7.947630e+03 cycle=60100 time=1.067294e+00 dt=1.726011e-05
elapsed=7.958355e+03 cycle=60200 time=1.068993e+00 dt=1.659230e-05
elapsed=7.967549e+03 cycle=60300 time=1.070615e+00 dt=1.582130e-05
elapsed=7.976662e+03 cycle=60400 time=1.072158e+00 dt=1.508011e-05
elapsed=7.986984e+03 cycle=60500 time=1.073659e+00 dt=1.518510e-05
elapsed=7.996919e+03 cycle=60600 time=1.075210e+00 dt=1.628935e-05
elapsed=8.006048e+03 cycle=60700 time=1.076928e+00 dt=1.774156e-05
elapsed=8.015180e+03 cycle=60800 time=1.078701e+00 dt=1.803672e-05
elapsed=8.025570e+03 cycle=60900 time=1.080506e+00 dt=1.768872e-05
elapsed=8.035784e+03 cycle=61000 time=1.082291e+00 dt=1.806683e-05
elapsed=8.044927e+03 cycle=61100 time=1.084049e+00 dt=1.723649e-05
elapsed=8.054071e+03 cycle=61200 time=1.085828e+00 dt=1.806063e-05
elapsed=8.063852e+03 cycle=61300 time=1.087630e+00 dt=1.797217e-05
elapsed=8.074617e+03 cycle=61400 time=1.089429e+00 dt=1.803790e-05
elapsed=8.083825e+03 cycle=61500 time=1.091233e+00 dt=1.804890e-05
elapsed=8.092942e+03 cycle=61600 time=1.093028e+00 dt=1.772432e-05
elapsed=8.102430e+03 cycle=61700 time=1.094740e+00 dt=1.651490e-05
elapsed=8.113191e+03 cycle=61800 time=1.096370e+00 dt=1.659087e-05
elapsed=8.122273e+03 cycle=61900 time=1.098068e+00 dt=1.649863e-05
elapsed=8.131346e+03 cycle=62000 time=1.099722e+00 dt=1.729253e-05
elapsed=8.141087e+03 cycle=62100 time=1.101463e+00 dt=1.687896e-05
elapsed=8.151838e+03 cycle=62200 time=1.103115e+00 dt=1.647028e-05
elapsed=8.160908e+03 cycle=62300 time=1.104779e+00 dt=1.765173e-05
elapsed=8.169974e+03 cycle=62400 time=1.106518e+00 dt=1.708369e-05
elapsed=8.179035e+03 cycle=62500 time=1.108210e+00 dt=1.682498e-05
elapsed=8.190137e+03 cycle=62600 time=1.109970e+00 dt=1.791089e-05
elapsed=8.199282e+03 cycle=62700 time=1.111735e+00 dt=1.746919e-05
elapsed=8.208340e+03 cycle=62800 time=1.113534e+00 dt=1.837239e-05
elapsed=8.218070e+03 cycle=62900 time=1.115369e+00 dt=1.835909e-05
elapsed=8.228421e+03 cycle=63000 time=1.117209e+00 dt=1.844408e-05
elapsed=8.237429e+03 cycle=63100 time=1.119046e+00 dt=1.828623e-05
elapsed=8.246498e+03 cycle=63200 time=1.120869e+00 dt=1.817008e-05
elapsed=8.256572e+03 cycle=63300 time=1.122639e+00 dt=1.755248e-05
elapsed=8.266484e+03 cycle=63400 time=1.124400e+00 dt=1.710245e-05
elapsed=8.275449e+03 cycle=63500 time=1.126065e+00 dt=1.642814e-05
elapsed=8.284411e+03 cycle=63600 time=1.127719e+00 dt=1.635005e-05
elapsed=8.294790e+03 cycle=63700 time=1.129319e+00 dt=1.585609e-05
elapsed=8.304644e+03 cycle=63800 time=1.130879e+00 dt=1.534278e-05
elapsed=8.313555e+03 cycle=63900 time=1.132409e+00 dt=1.510343e-05
elapsed=8.322446e+03 cycle=64000 time=1.133909e+00 dt=1.508757e-05
elapsed=8.332238e+03 cycle=64100 time=1.135508e+00 dt=1.733792e-05
elapsed=8.342190e+03 cycle=64200 time=1.137241e+00 dt=1.719557e-05
elapsed=8.351020e+03 cycle=64300 time=1.138946e+00 dt=1.689666e-05
elapsed=8.359921e+03 cycle=64400 time=1.140641e+00 dt=1.728797e-05
elapsed=8.369861e+03 cycle=64500 time=1.142372e+00 dt=1.714379e-05
elapsed=8.379778e+03 cycle=64600 time=1.144071e+00 dt=1.685662e-05
elapsed=8.388571e+03 cycle=64700 time=1.145739e+00 dt=1.642642e-05
elapsed=8.397365e+03 cycle=64800 time=1.147355e+00 dt=1.584512e-05
elapsed=8.406158e+03 cycle=64900 time=1.148937e+00 dt=1.593538e-05
elapsed=8.417034e+03 cycle=65000 time=1.150590e+00 dt=1.724720e-05
elapsed=8.425800e+03 cycle=65100 time=1.152288e+00 dt=1.672862e-05
elapsed=8.434561e+03 cycle=65200 time=1.153980e+00 dt=1.714915e-05
elapsed=8.443385e+03 cycle=65300 time=1.155653e+00 dt=1.682483e-05
elapsed=8.454327e+03 cycle=65400 time=1.157362e+00 dt=1.751756e-05
elapsed=8.463089e+03 cycle=65500 time=1.159152e+00 dt=1.796065e-05
elapsed=8.471922e+03 cycle=65600 time=1.160934e+00 dt=1.777245e-05
elapsed=8.480678e+03 cycle=65700 time=1.162706e+00 dt=1.778631e-05
elapsed=8.491467e+03 cycle=65800 time=1.164494e+00 dt=1.790230e-05
elapsed=8.500425e+03 cycle=65900 time=1.166278e+00 dt=1.782682e-05
elapsed=8.509179e+03 cycle=66000 time=1.168048e+00 dt=1.727063e-05
elapsed=8.517926e+03 cycle=66100 time=1.169699e+00 dt=1.569594e-05
elapsed=8.527551e+03 cycle=66200 time=1.171229e+00 dt=1.493361e-05
elapsed=8.537720e+03 cycle=66300 time=1.172615e+00 dt=1.471598e-05
elapsed=8.546466e+03 cycle=66400 time=1.174264e+00 dt=1.678018e-05
elapsed=8.555207e+03 cycle=66500 time=1.175947e+00 dt=1.688235e-05
elapsed=8.564058e+03 cycle=66600 time=1.177648e+00 dt=1.706823e-05
elapsed=8.574680e+03 cycle=66700 time=1.179357e+00 dt=1.713668e-05
elapsed=8.583486e+03 cycle=66800 time=1.181065e+00 dt=1.705436e-05
elapsed=8.592220e+03 cycle=66900 time=1.182768e+00 dt=1.699029e-05
elapsed=8.600957e+03 cycle=67000 time=1.184468e+00 dt=1.708056e-05
elapsed=8.611700e+03 cycle=67100 time=1.186176e+00 dt=1.703466e-05
elapsed=8.620433e+03 cycle=67200 time=1.187887e+00 dt=1.742675e-05
elapsed=8.629159e+03 cycle=67300 time=1.189630e+00 dt=1.738067e-05
elapsed=8.637956e+03 cycle=67400 time=1.191360e+00 dt=1.717921e-05
elapsed=8.648466e+03 cycle=67500 time=1.193073e+00 dt=1.707407e-05
elapsed=8.657623e+03 cycle=67600 time=1.194786e+00 dt=1.725359e-05
elapsed=8.666334e+03 cycle=67700 time=1.196512e+00 dt=1.689530e-05
elapsed=8.675042e+03 cycle=67800 time=1.198203e+00 dt=1.760010e-05
elapsed=8.684523e+03 cycle=67900 time=1.199897e+00 dt=1.632799e-05
elapsed=8.694513e+03 cycle=68000 time=1.201556e+00 dt=1.744814e-05
elapsed=8.703206e+03 cycle=68100 time=1.203273e+00 dt=1.667966e-05
elapsed=8.711891e+03 cycle=68200 time=1.204897e+00 dt=1.586270e-05
elapsed=8.720846e+03 cycle=68300 time=1.206442e+00 dt=1.505185e-05
elapsed=8.731479e+03 cycle=68400 time=1.207919e+00 dt=1.477227e-05
elapsed=8.740161e+03 cycle=68500 time=1.209591e+00 dt=1.729454e-05
elapsed=8.748920e+03 cycle=68600 time=1.211359e+00 dt=1.814259e-05
elapsed=8.757597e+03 cycle=68700 time=1.213174e+00 dt=1.816656e-05
elapsed=8.768300e+03 cycle=68800 time=1.214978e+00 dt=1.775143e-05
elapsed=8.776981e+03 cycle=68900 time=1.216714e+00 dt=1.694386e-05
elapsed=8.785666e+03 cycle=69000 time=1.218364e+00 dt=1.614299e-05
elapsed=8.794427e+03 cycle=69100 time=1.220031e+00 dt=1.793251e-05
elapsed=8.804734e+03 cycle=69200 time=1.221806e+00 dt=1.758238e-05
elapsed=8.813809e+03 cycle=69300 time=1.223555e+00 dt=1.743106e-05
elapsed=8.822509e+03 cycle=69400 time=1.225285e+00 dt=1.722883e-05
elapsed=8.831199e+03 cycle=69500 time=1.226999e+00 dt=1.705675e-05
elapsed=8.841812e+03 cycle=69600 time=1.228684e+00 dt=1.663691e-05
elapsed=8.850666e+03 cycle=69700 time=1.230327e+00 dt=1.624688e-05
elapsed=8.859356e+03 cycle=69800 time=1.231940e+00 dt=1.618081e-05
elapsed=8.868052e+03 cycle=69900 time=1.233574e+00 dt=1.655842e-05
elapsed=8.878743e+03 cycle=70000 time=1.235247e+00 dt=1.656157e-05
elapsed=8.887694e+03 cycle=70100 time=1.236902e+00 dt=1.664741e-05
elapsed=8.896398e+03 cycle=70200 time=1.238581e+00 dt=1.696994e-05
elapsed=8.905181e+03 cycle=70300 time=1.240310e+00 dt=1.775345e-05
elapsed=8.914872e+03 cycle=70400 time=1.242122e+00 dt=1.811674e-05
elapsed=8.924585e+03 cycle=70500 time=1.243882e+00 dt=1.696310e-05
elapsed=8.933294e+03 cycle=70600 time=1.245518e+00 dt=1.587892e-05
elapsed=8.942011e+03 cycle=70700 time=1.247115e+00 dt=1.621425e-05
elapsed=8.951791e+03 cycle=70800 time=1.248836e+00 dt=1.825362e-05
elapsed=8.961769e+03 cycle=70900 time=1.250647e+00 dt=1.815065e-05
elapsed=8.970477e+03 cycle=71000 time=1.252463e+00 dt=1.804007e-05
elapsed=8.979203e+03 cycle=71100 time=1.254250e+00 dt=1.773522e-05
elapsed=8.988596e+03 cycle=71200 time=1.256015e+00 dt=1.760118e-05
elapsed=8.998949e+03 cycle=71300 time=1.257772e+00 dt=1.751047e-05
elapsed=9.007691e+03 cycle=71400 time=1.259504e+00 dt=1.718625e-05
elapsed=9.016654e+03 cycle=71500 time=1.261214e+00 dt=1.701671e-05
elapsed=9.025950e+03 cycle=71600 time=1.262908e+00 dt=1.682477e-05
elapsed=9.036751e+03 cycle=71700 time=1.264565e+00 dt=1.632851e-05
elapsed=9.045866e+03 cycle=71800 time=1.266192e+00 dt=1.623027e-05
elapsed=9.054982e+03 cycle=71900 time=1.267808e+00 dt=1.605294e-05
elapsed=9.064142e+03 cycle=72000 time=1.269395e+00 dt=1.563991e-05
elapsed=9.075071e+03 cycle=72100 time=1.270941e+00 dt=1.526709e-05
elapsed=9.083935e+03 cycle=72200 time=1.272450e+00 dt=1.490670e-05
elapsed=9.092959e+03 cycle=72300 time=1.273934e+00 dt=1.482780e-05
elapsed=9.102019e+03 cycle=72400 time=1.275433e+00 dt=1.513608e-05
elapsed=9.113337e+03 cycle=72500 time=1.276963e+00 dt=1.532116e-05
elapsed=9.122415e+03 cycle=72600 time=1.278447e+00 dt=1.453020e-05
elapsed=9.131385e+03 cycle=72700 time=1.279909e+00 dt=1.493719e-05
elapsed=9.140330e+03 cycle=72800 time=1.281515e+00 dt=1.663776e-05
elapsed=9.150384e+03 cycle=72900 time=1.283214e+00 dt=1.730186e-05
elapsed=9.160285e+03 cycle=73000 time=1.284933e+00 dt=1.707794e-05
elapsed=9.169158e+03 cycle=73100 time=1.286643e+00 dt=1.690840e-05
elapsed=9.178053e+03 cycle=73200 time=1.288314e+00 dt=1.684062e-05
elapsed=9.187610e+03 cycle=73300 time=1.289975e+00 dt=1.657376e-05
elapsed=9.197930e+03 cycle=73400 time=1.291641e+00 dt=1.689122e-05
elapsed=9.206845e+03 cycle=73500 time=1.293363e+00 dt=1.732930e-05
elapsed=9.215717e+03 cycle=73600 time=1.295067e+00 dt=1.685071e-05
elapsed=9.225781e+03 cycle=73700 time=1.296735e+00 dt=1.648746e-05
elapsed=9.235685e+03 cycle=73800 time=1.298368e+00 dt=1.640491e-05
elapsed=9.244645e+03 cycle=73900 time=1.300073e+00 dt=1.720214e-05
elapsed=9.253523e+03 cycle=74000 time=1.301776e+00 dt=1.698497e-05
elapsed=9.262818e+03 cycle=74100 time=1.303507e+00 dt=1.763981e-05
elapsed=9.273339e+03 cycle=74200 time=1.305259e+00 dt=1.745006e-05
elapsed=9.282275e+03 cycle=74300 time=1.306997e+00 dt=1.727954e-05
elapsed=9.291219e+03 cycle=74400 time=1.308713e+00 dt=1.708191e-05
elapsed=9.300698e+03 cycle=74500 time=1.310420e+00 dt=1.707408e-05
elapsed=9.311244e+03 cycle=74600 time=1.312126e+00 dt=1.701007e-05
elapsed=9.320230e+03 cycle=74700 time=1.313820e+00 dt=1.681424e-05
elapsed=9.329231e+03 cycle=74800 time=1.315480e+00 dt=1.647229e-05
elapsed=9.339349e+03 cycle=74900 time=1.317163e+00 dt=1.711709e-05
elapsed=9.349574e+03 cycle=75000 time=1.318859e+00 dt=1.681888e-05
elapsed=9.358741e+03 cycle=75100 time=1.320526e+00 dt=1.630800e-05
elapsed=9.367865e+03 cycle=75200 time=1.322118e+00 dt=1.565621e-05
elapsed=9.377860e+03 cycle=75300 time=1.323717e+00 dt=1.670899e-05
elapsed=9.388306e+03 cycle=75400 time=1.325432e+00 dt=1.717824e-05
elapsed=9.397578e+03 cycle=75500 time=1.327139e+00 dt=1.698409e-05
elapsed=9.406888e+03 cycle=75600 time=1.328816e+00 dt=1.657035e-05
elapsed=9.418097e+03 cycle=75700 time=1.330503e+00 dt=1.707750e-05
elapsed=9.427662e+03 cycle=75800 time=1.332231e+00 dt=1.767122e-05
elapsed=9.436994e+03 cycle=75900 time=1.333969e+00 dt=1.764658e-05
elapsed=9.446622e+03 cycle=76000 time=1.335748e+00 dt=1.794080e-05
elapsed=9.457695e+03 cycle=76100 time=1.337551e+00 dt=1.774111e-05
elapsed=9.467071e+03 cycle=76200 time=1.339281e+00 dt=1.687192e-05
elapsed=9.476518e+03 cycle=76300 time=1.340928e+00 dt=1.609331e-05
elapsed=9.486988e+03 cycle=76400 time=1.342511e+00 dt=1.565781e-05
elapsed=9.497330e+03 cycle=76500 time=1.344070e+00 dt=1.548849e-05
elapsed=9.506728e+03 cycle=76600 time=1.345608e+00 dt=1.534309e-05
elapsed=9.516132e+03 cycle=76700 time=1.347151e+00 dt=1.561102e-05
elapsed=9.527180e+03 cycle=76800 time=1.348748e+00 dt=1.621916e-05
elapsed=9.537333e+03 cycle=76900 time=1.350335e+00 dt=1.545651e-05
elapsed=9.546771e+03 cycle=77000 time=1.351830e+00 dt=1.444416e-05
elapsed=9.556215e+03 cycle=77100 time=1.353257e+00 dt=1.422314e-05
elapsed=9.567390e+03 cycle=77200 time=1.354692e+00 dt=1.476114e-05
elapsed=9.577188e+03 cycle=77300 time=1.356283e+00 dt=1.738041e-05
elapsed=9.586669e+03 cycle=77400 time=1.358039e+00 dt=1.768276e-05
elapsed=9.596199e+03 cycle=77500 time=1.359815e+00 dt=1.786559e-05
elapsed=9.607765e+03 cycle=77600 time=1.361563e+00 dt=1.707731e-05
elapsed=9.617273e+03 cycle=77700 time=1.363245e+00 dt=1.659991e-05
elapsed=9.626791e+03 cycle=77800 time=1.364876e+00 dt=1.603778e-05
elapsed=9.636745e+03 cycle=77900 time=1.366435e+00 dt=1.509529e-05
elapsed=9.648131e+03 cycle=78000 time=1.367918e+00 dt=1.512093e-05
elapsed=9.657692e+03 cycle=78100 time=1.369607e+00 dt=1.746029e-05
elapsed=9.667361e+03 cycle=78200 time=1.371286e+00 dt=1.587951e-05
elapsed=9.677910e+03 cycle=78300 time=1.372971e+00 dt=1.756561e-05
elapsed=9.688873e+03 cycle=78400 time=1.374719e+00 dt=1.739633e-05
elapsed=9.698509e+03 cycle=78500 time=1.376447e+00 dt=1.713404e-05
elapsed=9.708150e+03 cycle=78600 time=1.378154e+00 dt=1.700093e-05
elapsed=9.719027e+03 cycle=78700 time=1.379856e+00 dt=1.707837e-05
elapsed=9.729597e+03 cycle=78800 time=1.381571e+00 dt=1.709324e-05
elapsed=9.739291e+03 cycle=78900 time=1.383253e+00 dt=1.663738e-05
elapsed=9.749075e+03 cycle=79000 time=1.384887e+00 dt=1.599473e-05
elapsed=9.760361e+03 cycle=79100 time=1.386466e+00 dt=1.546222e-05
elapsed=9.770596e+03 cycle=79200 time=1.388055e+00 dt=1.590007e-05
elapsed=9.780351e+03 cycle=79300 time=1.389643e+00 dt=1.595580e-05
elapsed=9.790277e+03 cycle=79400 time=1.391247e+00 dt=1.616115e-05
elapsed=9.802389e+03 cycle=79500 time=1.392821e+00 dt=1.519916e-05
elapsed=9.812296e+03 cycle=79600 time=1.394525e+00 dt=1.708610e-05
elapsed=9.822197e+03 cycle=79700 time=1.396200e+00 dt=1.641692e-05
elapsed=9.832241e+03 cycle=79800 time=1.397812e+00 dt=1.579633e-05
elapsed=9.844279e+03 cycle=79900 time=1.399363e+00 dt=1.511078e-05
elapsed=9.854295e+03 cycle=80000 time=1.400824e+00 dt=1.431325e-05
elapsed=9.864250e+03 cycle=80100 time=1.402295e+00 dt=1.516437e-05
elapsed=9.875512e+03 cycle=80200 time=1.403926e+00 dt=1.682881e-05
elapsed=9.886140e+03 cycle=80300 time=1.405613e+00 dt=1.694105e-05
elapsed=9.896061e+03 cycle=80400 time=1.407323e+00 dt=1.705661e-05
elapsed=9.905994e+03 cycle=80500 time=1.409047e+00 dt=1.736310e-05
elapsed=9.918020e+03 cycle=80600 time=1.410777e+00 dt=1.705430e-05
elapsed=9.927954e+03 cycle=80700 time=1.412463e+00 dt=1.661248e-05
elapsed=9.937902e+03 cycle=80800 time=1.414091e+00 dt=1.590113e-05
elapsed=9.948706e+03 cycle=80900 time=1.415646e+00 dt=1.521930e-05
elapsed=9.960094e+03 cycle=81000 time=1.417154e+00 dt=1.510769e-05
elapsed=9.970051e+03 cycle=81100 time=1.418692e+00 dt=1.598857e-05
elapsed=9.980095e+03 cycle=81200 time=1.420363e+00 dt=1.723428e-05
elapsed=9.991887e+03 cycle=81300 time=1.422058e+00 dt=1.615291e-05
elapsed=1.000213e+04 cycle=81400 time=1.423597e+00 dt=1.479068e-05
elapsed=1.001214e+04 cycle=81500 time=1.425104e+00 dt=1.600459e-05
elapsed=1.002216e+04 cycle=81600 time=1.426752e+00 dt=1.663348e-05
elapsed=1.003447e+04 cycle=81700 time=1.428417e+00 dt=1.660891e-05
elapsed=1.004459e+04 cycle=81800 time=1.430084e+00 dt=1.672783e-05
elapsed=1.005464e+04 cycle=81900 time=1.431755e+00 dt=1.665968e-05
elapsed=1.006516e+04 cycle=82000 time=1.433420e+00 dt=1.668448e-05
elapsed=1.007684e+04 cycle=82100 time=1.435064e+00 dt=1.605563e-05
elapsed=1.008692e+04 cycle=82200 time=1.436646e+00 dt=1.571081e-05
elapsed=1.009706e+04 cycle=82300 time=1.438198e+00 dt=1.519406e-05
elapsed=1.010897e+04 cycle=82400 time=1.439704e+00 dt=1.520154e-05
elapsed=1.011954e+04 cycle=82500 time=1.441284e+00 dt=1.591694e-05
elapsed=1.012967e+04 cycle=82600 time=1.442859e+00 dt=1.562227e-05
elapsed=1.013983e+04 cycle=82700 time=1.444399e+00 dt=1.516375e-05
elapsed=1.015215e+04 cycle=82800 time=1.445954e+00 dt=1.633209e-05
elapsed=1.016224e+04 cycle=82900 time=1.447595e+00 dt=1.585223e-05
elapsed=1.017234e+04 cycle=83000 time=1.449142e+00 dt=1.607097e-05
elapsed=1.018367e+04 cycle=83100 time=1.450676e+00 dt=1.647009e-05
elapsed=1.019468e+04 cycle=83200 time=1.452247e+00 dt=1.485441e-05
elapsed=1.020485e+04 cycle=83300 time=1.453742e+00 dt=1.682250e-05
elapsed=1.021505e+04 cycle=83400 time=1.455475e+00 dt=1.734341e-05
elapsed=1.022719e+04 cycle=83500 time=1.457184e+00 dt=1.682735e-05
elapsed=1.023728e+04 cycle=83600 time=1.458840e+00 dt=1.599965e-05
elapsed=1.024745e+04 cycle=83700 time=1.460394e+00 dt=1.514592e-05
elapsed=1.025922e+04 cycle=83800 time=1.461877e+00 dt=1.461081e-05
elapsed=1.026996e+04 cycle=83900 time=1.463348e+00 dt=1.497431e-05
elapsed=1.028004e+04 cycle=84000 time=1.464901e+00 dt=1.592191e-05
elapsed=1.029011e+04 cycle=84100 time=1.466555e+00 dt=1.694405e-05
elapsed=1.030248e+04 cycle=84200 time=1.468237e+00 dt=1.671839e-05
elapsed=1.031254e+04 cycle=84300 time=1.469869e+00 dt=1.604133e-05
elapsed=1.032267e+04 cycle=84400 time=1.471492e+00 dt=1.641472e-05
elapsed=1.033346e+04 cycle=84500 time=1.473122e+00 dt=1.613290e-05
elapsed=1.034511e+04 cycle=84600 time=1.474754e+00 dt=1.625560e-05
elapsed=1.035525e+04 cycle=84700 time=1.476296e+00 dt=1.476611e-05
elapsed=1.036533e+04 cycle=84800 time=1.477787e+00 dt=1.508937e-05
elapsed=1.037659e+04 cycle=84900 time=1.479276e+00 dt=1.484159e-05
elapsed=1.038678e+04 cycle=85000 time=1.480786e+00 dt=1.551006e-05
elapsed=1.039609e+04 cycle=85100 time=1.482350e+00 dt=1.595226e-05
elapsed=1.040619e+04 cycle=85200 time=1.483965e+00 dt=1.612598e-05
elapsed=1.041838e+04 cycle=85300 time=1.485517e+00 dt=1.468692e-05
elapsed=1.042743e+04 cycle=85400 time=1.486899e+00 dt=1.351501e-05
elapsed=1.043622e+04 cycle=85500 time=1.488480e+00 dt=1.698879e-05
elapsed=1.044598e+04 cycle=85600 time=1.490187e+00 dt=1.688012e-05
elapsed=1.045722e+04 cycle=85700 time=1.491843e+00 dt=1.649253e-05
elapsed=1.046782e+04 cycle=85800 time=1.493485e+00 dt=1.656482e-05
elapsed=1.047654e+04 cycle=85900 time=1.495127e+00 dt=1.629090e-05
elapsed=1.048525e+04 cycle=86000 time=1.496756e+00 dt=1.639844e-05
elapsed=1.049520e+04 cycle=86100 time=1.498467e+00 dt=1.755433e-05
elapsed=1.050474e+04 cycle=86200 time=1.500219e+00 dt=1.729612e-05
elapsed=1.051345e+04 cycle=86300 time=1.501926e+00 dt=1.678301e-05
elapsed=1.052220e+04 cycle=86400 time=1.503589e+00 dt=1.658680e-05
elapsed=1.053174e+04 cycle=86500 time=1.505239e+00 dt=1.646432e-05
elapsed=1.054173e+04 cycle=86600 time=1.506884e+00 dt=1.621154e-05
elapsed=1.055157e+04 cycle=86700 time=1.508479e+00 dt=1.565700e-05
elapsed=1.056102e+04 cycle=86800 time=1.510030e+00 dt=1.539957e-05
elapsed=1.057144e+04 cycle=86900 time=1.511571e+00 dt=1.563065e-05
elapsed=1.058079e+04 cycle=87000 time=1.513158e+00 dt=1.624259e-05
elapsed=1.058954e+04 cycle=87100 time=1.514776e+00 dt=1.611093e-05
elapsed=1.059829e+04 cycle=87200 time=1.516373e+00 dt=1.572225e-05
elapsed=1.060832e+04 cycle=87300 time=1.517933e+00 dt=1.572420e-05
elapsed=1.061809e+04 cycle=87400 time=1.519593e+00 dt=1.755158e-05
elapsed=1.062692e+04 cycle=87500 time=1.521329e+00 dt=1.763965e-05
elapsed=1.063568e+04 cycle=87600 time=1.523082e+00 dt=1.741909e-05
elapsed=1.064535e+04 cycle=87700 time=1.524816e+00 dt=1.722917e-05
elapsed=1.065527e+04 cycle=87800 time=1.526527e+00 dt=1.700832e-05
elapsed=1.066403e+04 cycle=87900 time=1.528222e+00 dt=1.694088e-05
elapsed=1.067277e+04 cycle=88000 time=1.529909e+00 dt=1.660221e-05
elapsed=1.068234e+04 cycle=88100 time=1.531587e+00 dt=1.710314e-05
elapsed=1.069389e+04 cycle=88200 time=1.533314e+00 dt=1.744508e-05
elapsed=1.070393e+04 cycle=88300 time=1.535034e+00 dt=1.700296e-05
elapsed=1.071396e+04 cycle=88400 time=1.536733e+00 dt=1.704420e-05
elapsed=1.072602e+04 cycle=88500 time=1.538419e+00 dt=1.666616e-05
elapsed=1.073616e+04 cycle=88600 time=1.540070e+00 dt=1.635475e-05
elapsed=1.074632e+04 cycle=88700 time=1.541706e+00 dt=1.653192e-05
elapsed=1.075795e+04 cycle=88800 time=1.543336e+00 dt=1.577011e-05
elapsed=1.076869e+04 cycle=88900 time=1.544859e+00 dt=1.473634e-05
elapsed=1.077886e+04 cycle=89000 time=1.546315e+00 dt=1.464771e-05
elapsed=1.078940e+04 cycle=89100 time=1.547848e+00 dt=1.622416e-05
elapsed=1.080127e+04 cycle=89200 time=1.549457e+00 dt=1.596546e-05
elapsed=1.081154e+04 cycle=89300 time=1.551056e+00 dt=1.601267e-05
elapsed=1.082172e+04 cycle=89400 time=1.552661e+00 dt=1.619004e-05
elapsed=1.083335e+04 cycle=89500 time=1.554317e+00 dt=1.702718e-05
elapsed=1.084411e+04 cycle=89600 time=1.555996e+00 dt=1.673917e-05
elapsed=1.085430e+04 cycle=89700 time=1.557694e+00 dt=1.669253e-05
elapsed=1.086515e+04 cycle=89800 time=1.559305e+00 dt=1.553410e-05
elapsed=1.087679e+04 cycle=89900 time=1.560830e+00 dt=1.518912e-05
elapsed=1.088698e+04 cycle=90000 time=1.562430e+00 dt=1.596098e-05
elapsed=1.089715e+04 cycle=90100 time=1.563969e+00 dt=1.508253e-05
elapsed=1.090905e+04 cycle=90200 time=1.565497e+00 dt=1.558023e-05
elapsed=1.091949e+04 cycle=90300 time=1.567136e+00 dt=1.704456e-05
elapsed=1.092963e+04 cycle=90400 time=1.568825e+00 dt=1.647693e-05
elapsed=1.094077e+04 cycle=90500 time=1.570496e+00 dt=1.713025e-05
elapsed=1.095203e+04 cycle=90600 time=1.572232e+00 dt=1.739123e-05
elapsed=1.096216e+04 cycle=90700 time=1.573970e+00 dt=1.745416e-05
elapsed=1.097230e+04 cycle=90800 time=1.575670e+00 dt=1.667074e-05
elapsed=1.098470e+04 cycle=90900 time=1.577302e+00 dt=1.600972e-05
elapsed=1.099482e+04 cycle=91000 time=1.578961e+00 dt=1.738741e-05
elapsed=1.100501e+04 cycle=91100 time=1.580681e+00 dt=1.706372e-05
elapsed=1.101571e+04 cycle=91200 time=1.582446e+00 dt=1.805269e-05
elapsed=1.102722e+04 cycle=91300 time=1.584253e+00 dt=1.813074e-05
elapsed=1.103729e+04 cycle=91400 time=1.586040e+00 dt=1.756286e-05
elapsed=1.104734e+04 cycle=91500 time=1.587773e+00 dt=1.716937e-05
elapsed=1.105942e+04 cycle=91600 time=1.589478e+00 dt=1.713025e-05
elapsed=1.106957e+04 cycle=91700 time=1.591224e+00 dt=1.765846e-05
elapsed=1.107965e+04 cycle=91800 time=1.592973e+00 dt=1.728636e-05
elapsed=1.109038e+04 cycle=91900 time=1.594706e+00 dt=1.743694e-05
elapsed=1.110181e+04 cycle=92000 time=1.596472e+00 dt=1.775208e-05
elapsed=1.111183e+04 cycle=92100 time=1.598250e+00 dt=1.784800e-05
elapsed=1.112187e+04 cycle=92200 time=1.599997e+00 dt=1.687688e-05
elapsed=1.113399e+04 cycle=92300 time=1.601611e+00 dt=1.542862e-05
elapsed=1.114403e+04 cycle=92400 time=1.603152e+00 dt=1.604424e-05
elapsed=1.115408e+04 cycle=92500 time=1.604858e+00 dt=1.734543e-05
elapsed=1.116480e+04 cycle=92600 time=1.606592e+00 dt=1.689224e-05
elapsed=1.117620e+04 cycle=92700 time=1.608206e+00 dt=1.714821e-05
elapsed=1.118627e+04 cycle=92800 time=1.609926e+00 dt=1.733304e-05
elapsed=1.119641e+04 cycle=92900 time=1.611660e+00 dt=1.731546e-05
elapsed=1.120842e+04 cycle=93000 time=1.613395e+00 dt=1.745272e-05
elapsed=1.121856e+04 cycle=93100 time=1.615137e+00 dt=1.739276e-05
elapsed=1.122860e+04 cycle=93200 time=1.616858e+00 dt=1.689269e-05
elapsed=1.123939e+04 cycle=93300 time=1.618511e+00 dt=1.618569e-05
elapsed=1.125080e+04 cycle=93400 time=1.620144e+00 dt=1.703000e-05
elapsed=1.126081e+04 cycle=93500 time=1.621854e+00 dt=1.720092e-05
elapsed=1.127081e+04 cycle=93600 time=1.623578e+00 dt=1.724411e-05
elapsed=1.128273e+04 cycle=93700 time=1.625298e+00 dt=1.711605e-05
elapsed=1.129279e+04 cycle=93800 time=1.626987e+00 dt=1.665786e-05
elapsed=1.130273e+04 cycle=93900 time=1.628630e+00 dt=1.624191e-05
elapsed=1.131312e+04 cycle=94000 time=1.630257e+00 dt=1.644554e-05
elapsed=1.132468e+04 cycle=94100 time=1.631949e+00 dt=1.686080e-05
elapsed=1.133460e+04 cycle=94200 time=1.633613e+00 dt=1.653278e-05
elapsed=1.134452e+04 cycle=94300 time=1.635238e+00 dt=1.583866e-05
elapsed=1.135614e+04 cycle=94400 time=1.636770e+00 dt=1.475313e-05
elapsed=1.136633e+04 cycle=94500 time=1.638172e+00 dt=1.322502e-05
elapsed=1.137621e+04 cycle=94600 time=1.639698e+00 dt=1.744454e-05
elapsed=1.138654e+04 cycle=94700 time=1.641454e+00 dt=1.751382e-05
elapsed=1.139798e+04 cycle=94800 time=1.643203e+00 dt=1.747239e-05
elapsed=1.140778e+04 cycle=94900 time=1.644947e+00 dt=1.708329e-05
elapsed=1.141758e+04 cycle=95000 time=1.646651e+00 dt=1.729440e-05
elapsed=1.142898e+04 cycle=95100 time=1.648399e+00 dt=1.763594e-05
elapsed=1.143922e+04 cycle=95200 time=1.650114e+00 dt=1.667143e-05
elapsed=1.144897e+04 cycle=95300 time=1.651819e+00 dt=1.766854e-05
elapsed=1.145872e+04 cycle=95400 time=1.653548e+00 dt=1.683656e-05
elapsed=1.147040e+04 cycle=95500 time=1.655235e+00 dt=1.691070e-05
elapsed=1.148012e+04 cycle=95600 time=1.656929e+00 dt=1.744804e-05
elapsed=1.148984e+04 cycle=95700 time=1.658668e+00 dt=1.732791e-05
elapsed=1.150012e+04 cycle=95800 time=1.660394e+00 dt=1.715847e-05
elapsed=1.151153e+04 cycle=95900 time=1.662076e+00 dt=1.639262e-05
elapsed=1.152120e+04 cycle=96000 time=1.663675e+00 dt=1.587658e-05
elapsed=1.153085e+04 cycle=96100 time=1.665352e+00 dt=1.715237e-05
elapsed=1.154127e+04 cycle=96200 time=1.667058e+00 dt=1.681596e-05
elapsed=1.155211e+04 cycle=96300 time=1.668714e+00 dt=1.637511e-05
elapsed=1.156177e+04 cycle=96400 time=1.670357e+00 dt=1.669342e-05
elapsed=1.157133e+04 cycle=96500 time=1.672064e+00 dt=1.691792e-05
elapsed=1.158236e+04 cycle=96600 time=1.673720e+00 dt=1.596350e-05
elapsed=1.159238e+04 cycle=96700 time=1.675323e+00 dt=1.761256e-05
elapsed=1.160186e+04 cycle=96800 time=1.677073e+00 dt=1.721753e-05
elapsed=1.161132e+04 cycle=96900 time=1.678739e+00 dt=1.598154e-05
elapsed=1.162292e+04 cycle=97000 time=1.680367e+00 dt=1.648598e-05
elapsed=1.163247e+04 cycle=97100 time=1.682097e+00 dt=1.783332e-05
elapsed=1.164186e+04 cycle=97200 time=1.683880e+00 dt=1.753422e-05
elapsed=1.165127e+04 cycle=97300 time=1.685644e+00 dt=1.757921e-05
elapsed=1.166227e+04 cycle=97400 time=1.687376e+00 dt=1.712922e-05
elapsed=1.167239e+04 cycle=97500 time=1.689075e+00 dt=1.687548e-05
elapsed=1.168193e+04 cycle=97600 time=1.690760e+00 dt=1.680545e-05
elapsed=1.169140e+04 cycle=97700 time=1.692446e+00 dt=1.698390e-05
elapsed=1.170259e+04 cycle=97800 time=1.694140e+00 dt=1.675836e-05
elapsed=1.171268e+04 cycle=97900 time=1.695782e+00 dt=1.606907e-05
elapsed=1.172223e+04 cycle=98000 time=1.697353e+00 dt=1.532646e-05
elapsed=1.173180e+04 cycle=98100 time=1.698878e+00 dt=1.557086e-05
elapsed=1.174153e+04 cycle=98200 time=1.700542e+00 dt=1.703867e-05
elapsed=1.175316e+04 cycle=98300 time=1.702240e+00 dt=1.678275e-05
elapsed=1.176276e+04 cycle=98400 time=1.703887e+00 dt=1.607581e-05
elapsed=1.177238e+04 cycle=98500 time=1.705459e+00 dt=1.546674e-05
elapsed=1.178272e+04 cycle=98600 time=1.707051e+00 dt=1.659016e-05
elapsed=1.179395e+04 cycle=98700 time=1.708799e+00 dt=1.781440e-05
elapsed=1.180373e+04 cycle=98800 time=1.710544e+00 dt=1.708441e-05
elapsed=1.181344e+04 cycle=98900 time=1.712224e+00 dt=1.651868e-05
elapsed=1.182478e+04 cycle=99000 time=1.713854e+00 dt=1.606579e-05
elapsed=1.183492e+04 cycle=99100 time=1.715422e+00 dt=1.526605e-05
elapsed=1.184466e+04 cycle=99200 time=1.716897e+00 dt=1.421713e-05
elapsed=1.185442e+04 cycle=99300 time=1.718279e+00 dt=1.348067e-05
elapsed=1.186625e+04 cycle=99400 time=1.719597e+00 dt=1.299176e-05
elapsed=1.187610e+04 cycle=99500 time=1.720983e+00 dt=1.458997e-05
elapsed=1.188589e+04 cycle=99600 time=1.722493e+00 dt=1.547739e-05
elapsed=1.189685e+04 cycle=99700 time=1.724101e+00 dt=1.651818e-05
elapsed=1.190759e+04 cycle=99800 time=1.725750e+00 dt=1.647791e-05
elapsed=1.191744e+04 cycle=99900 time=1.727396e+00 dt=1.648441e-05
elapsed=1.192728e+04 cycle=100000 time=1.729036e+00 dt=1.618020e-05
elapsed=1.193922e+04 cycle=100100 time=1.730634e+00 dt=1.578113e-05
elapsed=1.194905e+04 cycle=100200 time=1.732195e+00 dt=1.547324e-05
elapsed=1.195890e+04 cycle=100300 time=1.733740e+00 dt=1.545920e-05
elapsed=1.196981e+04 cycle=100400 time=1.735290e+00 dt=1.556098e-05
elapsed=1.198062e+04 cycle=100500 time=1.736856e+00 dt=1.559018e-05
elapsed=1.199048e+04 cycle=100600 time=1.738438e+00 dt=1.579587e-05
elapsed=1.200041e+04 cycle=100700 time=1.740012e+00 dt=1.573269e-05
elapsed=1.201253e+04 cycle=100800 time=1.741595e+00 dt=1.600952e-05
elapsed=1.202239e+04 cycle=100900 time=1.743234e+00 dt=1.678878e-05
elapsed=1.203224e+04 cycle=101000 time=1.744951e+00 dt=1.709278e-05
elapsed=1.204231e+04 cycle=101100 time=1.746642e+00 dt=1.644471e-05
elapsed=1.205418e+04 cycle=101200 time=1.748212e+00 dt=1.500666e-05
elapsed=1.206400e+04 cycle=101300 time=1.749765e+00 dt=1.631411e-05
elapsed=1.207394e+04 cycle=101400 time=1.751379e+00 dt=1.601883e-05
elapsed=1.208457e+04 cycle=101500 time=1.752978e+00 dt=1.607364e-05
elapsed=1.209592e+04 cycle=101600 time=1.754604e+00 dt=1.648788e-05
elapsed=1.210578e+04 cycle=101700 time=1.756267e+00 dt=1.674377e-05
elapsed=1.211563e+04 cycle=101800 time=1.757940e+00 dt=1.640838e-05
elapsed=1.212668e+04 cycle=101900 time=1.759562e+00 dt=1.705140e-05
elapsed=1.213729e+04 cycle=102000 time=1.761247e+00 dt=1.677004e-05
elapsed=1.214703e+04 cycle=102100 time=1.762894e+00 dt=1.606723e-05
elapsed=1.215676e+04 cycle=102200 time=1.764485e+00 dt=1.601255e-05
elapsed=1.216853e+04 cycle=102300 time=1.766129e+00 dt=1.598289e-05
elapsed=1.217822e+04 cycle=102400 time=1.767682e+00 dt=1.524895e-05
elapsed=1.218791e+04 cycle=102500 time=1.769225e+00 dt=1.574522e-05
elapsed=1.219806e+04 cycle=102600 time=1.770802e+00 dt=1.563525e-05
elapsed=1.220944e+04 cycle=102700 time=1.772351e+00 dt=1.528366e-05
elapsed=1.221915e+04 cycle=102800 time=1.773848e+00 dt=1.463383e-05
elapsed=1.222885e+04 cycle=102900 time=1.775279e+00 dt=1.397267e-05
elapsed=1.223952e+04 cycle=103000 time=1.776650e+00 dt=1.365442e-05
elapsed=1.225028e+04 cycle=103100 time=1.778079e+00 dt=1.584410e-05
elapsed=1.225993e+04 cycle=103200 time=1.779711e+00 dt=1.627051e-05
elapsed=1.226964e+04 cycle=103300 time=1.781343e+00 dt=1.637240e-05
elapsed=1.228046e+04 cycle=103400 time=1.782973e+00 dt=1.614997e-05
elapsed=1.229110e+04 cycle=103500 time=1.784559e+00 dt=1.562957e-05
elapsed=1.230067e+04 cycle=103600 time=1.786097e+00 dt=1.588053e-05
elapsed=1.231022e+04 cycle=103700 time=1.787707e+00 dt=1.595959e-05
elapsed=1.232168e+04 cycle=103800 time=1.789297e+00 dt=1.577804e-05
elapsed=1.233130e+04 cycle=103900 time=1.790878e+00 dt=1.584124e-05
elapsed=1.234077e+04 cycle=104000 time=1.792432e+00 dt=1.549753e-05
elapsed=1.235024e+04 cycle=104100 time=1.794037e+00 dt=1.645710e-05
elapsed=1.236171e+04 cycle=104200 time=1.795662e+00 dt=1.604044e-05
elapsed=1.237114e+04 cycle=104300 time=1.797256e+00 dt=1.587323e-05
elapsed=1.238055e+04 cycle=104400 time=1.798832e+00 dt=1.582891e-05
elapsed=1.239089e+04 cycle=104500 time=1.800414e+00 dt=1.554450e-05
elapsed=1.240173e+04 cycle=104600 time=1.802004e+00 dt=1.598566e-05
elapsed=1.241122e+04 cycle=104700 time=1.803594e+00 dt=1.579338e-05
elapsed=1.242070e+04 cycle=104800 time=1.805174e+00 dt=1.584004e-05
elapsed=1.243084e+04 cycle=104900 time=1.806770e+00 dt=1.607651e-05
elapsed=1.244162e+04 cycle=105000 time=1.808382e+00 dt=1.612636e-05
elapsed=1.245103e+04 cycle=105100 time=1.809986e+00 dt=1.592218e-05
elapsed=1.246063e+04 cycle=105200 time=1.811566e+00 dt=1.573651e-05
elapsed=1.247019e+04 cycle=105300 time=1.813141e+00 dt=1.574183e-05
elapsed=1.248172e+04 cycle=105400 time=1.814729e+00 dt=1.537590e-05
elapsed=1.249113e+04 cycle=105500 time=1.816227e+00 dt=1.464054e-05
elapsed=1.250052e+04 cycle=105600 time=1.817710e+00 dt=1.576002e-05
elapsed=1.251006e+04 cycle=105700 time=1.819315e+00 dt=1.586297e-05
elapsed=1.252140e+04 cycle=105800 time=1.820890e+00 dt=1.560630e-05
elapsed=1.253077e+04 cycle=105900 time=1.822434e+00 dt=1.528604e-05
elapsed=1.254014e+04 cycle=106000 time=1.823981e+00 dt=1.527779e-05
elapsed=1.255074e+04 cycle=106100 time=1.825538e+00 dt=1.581488e-05
elapsed=1.256089e+04 cycle=106200 time=1.827143e+00 dt=1.615446e-05
elapsed=1.257024e+04 cycle=106300 time=1.828729e+00 dt=1.509934e-05
elapsed=1.257965e+04 cycle=106400 time=1.830256e+00 dt=1.612821e-05
elapsed=1.259041e+04 cycle=106500 time=1.831855e+00 dt=1.598352e-05
elapsed=1.260056e+04 cycle=106600 time=1.833443e+00 dt=1.563769e-05
elapsed=1.260990e+04 cycle=106700 time=1.834987e+00 dt=1.531301e-05
elapsed=1.261924e+04 cycle=106800 time=1.836531e+00 dt=1.566432e-05
elapsed=1.262996e+04 cycle=106900 time=1.838138e+00 dt=1.616944e-05
elapsed=1.263995e+04 cycle=107000 time=1.839736e+00 dt=1.580358e-05
elapsed=1.264936e+04 cycle=107100 time=1.841338e+00 dt=1.652774e-05
elapsed=1.265868e+04 cycle=107200 time=1.842991e+00 dt=1.647925e-05
elapsed=1.267005e+04 cycle=107300 time=1.844636e+00 dt=1.640910e-05
elapsed=1.267938e+04 cycle=107400 time=1.846281e+00 dt=1.668960e-05
elapsed=1.268871e+04 cycle=107500 time=1.847924e+00 dt=1.611442e-05
elapsed=1.269810e+04 cycle=107600 time=1.849502e+00 dt=1.557568e-05
elapsed=1.270971e+04 cycle=107700 time=1.851119e+00 dt=1.708075e-05
elapsed=1.271904e+04 cycle=107800 time=1.852844e+00 dt=1.727754e-05
elapsed=1.272839e+04 cycle=107900 time=1.854555e+00 dt=1.710122e-05
elapsed=1.273835e+04 cycle=108000 time=1.856190e+00 dt=1.617235e-05
elapsed=1.274915e+04 cycle=108100 time=1.857844e+00 dt=1.691403e-05
elapsed=1.275850e+04 cycle=108200 time=1.859526e+00 dt=1.677422e-05
elapsed=1.276792e+04 cycle=108300 time=1.861197e+00 dt=1.666134e-05
elapsed=1.277841e+04 cycle=108400 time=1.862863e+00 dt=1.648871e-05
elapsed=1.278888e+04 cycle=108500 time=1.864485e+00 dt=1.592202e-05
elapsed=1.279810e+04 cycle=108600 time=1.866050e+00 dt=1.548110e-05
elapsed=1.280733e+04 cycle=108700 time=1.867622e+00 dt=1.607882e-05
elapsed=1.281800e+04 cycle=108800 time=1.869292e+00 dt=1.686758e-05
elapsed=1.282819e+04 cycle=108900 time=1.870882e+00 dt=1.526142e-05
elapsed=1.283758e+04 cycle=109000 time=1.872461e+00 dt=1.641533e-05
elapsed=1.284695e+04 cycle=109100 time=1.874082e+00 dt=1.599148e-05
elapsed=1.285834e+04 cycle=109200 time=1.875654e+00 dt=1.538879e-05
elapsed=1.286768e+04 cycle=109300 time=1.877170e+00 dt=1.515785e-05
elapsed=1.287703e+04 cycle=109400 time=1.878722e+00 dt=1.599158e-05
elapsed=1.288650e+04 cycle=109500 time=1.880354e+00 dt=1.657681e-05
elapsed=1.289785e+04 cycle=109600 time=1.882015e+00 dt=1.672615e-05
elapsed=1.290720e+04 cycle=109700 time=1.883706e+00 dt=1.706797e-05
elapsed=1.291654e+04 cycle=109800 time=1.885394e+00 dt=1.657123e-05
elapsed=1.292668e+04 cycle=109900 time=1.887029e+00 dt=1.613832e-05
elapsed=1.293727e+04 cycle=110000 time=1.888619e+00 dt=1.563456e-05
elapsed=1.294669e+04 cycle=110100 time=1.890154e+00 dt=1.504720e-05
elapsed=1.295603e+04 cycle=110200 time=1.891636e+00 dt=1.459957e-05
elapsed=1.296664e+04 cycle=110300 time=1.893069e+00 dt=1.404415e-05
elapsed=1.297671e+04 cycle=110400 time=1.894438e+00 dt=1.332935e-05
elapsed=1.298602e+04 cycle=110500 time=1.895734e+00 dt=1.253691e-05
elapsed=1.299529e+04 cycle=110600 time=1.896944e+00 dt=1.159838e-05
elapsed=1.300596e+04 cycle=110700 time=1.898247e+00 dt=1.557474e-05
elapsed=1.301603e+04 cycle=110800 time=1.899769e+00 dt=1.500777e-05
elapsed=1.302535e+04 cycle=110900 time=1.901242e+00 dt=1.457346e-05
elapsed=1.303457e+04 cycle=111000 time=1.902737e+00 dt=1.502725e-05
elapsed=1.304475e+04 cycle=111100 time=1.904227e+00 dt=1.468916e-05
elapsed=1.305524e+04 cycle=111200 time=1.905674e+00 dt=1.423174e-05
elapsed=1.306441e+04 cycle=111300 time=1.907077e+00 dt=1.384682e-05
elapsed=1.307356e+04 cycle=111400 time=1.908453e+00 dt=1.376551e-05
elapsed=1.308372e+04 cycle=111500 time=1.909855e+00 dt=1.440700e-05
elapsed=1.309398e+04 cycle=111600 time=1.911273e+00 dt=1.396342e-05
elapsed=1.310315e+04 cycle=111700 time=1.912705e+00 dt=1.481897e-05
elapsed=1.311231e+04 cycle=111800 time=1.914166e+00 dt=1.438235e-05
elapsed=1.312304e+04 cycle=111900 time=1.915586e+00 dt=1.395736e-05
elapsed=1.313264e+04 cycle=112000 time=1.916960e+00 dt=1.355772e-05
elapsed=1.314177e+04 cycle=112100 time=1.918314e+00 dt=1.369370e-05
elapsed=1.315090e+04 cycle=112200 time=1.919713e+00 dt=1.414275e-05
elapsed=1.316191e+04 cycle=112300 time=1.921115e+00 dt=1.389657e-05
elapsed=1.317143e+04 cycle=112400 time=1.922493e+00 dt=1.367315e-05
elapsed=1.318051e+04 cycle=112500 time=1.923852e+00 dt=1.351406e-05
elapsed=1.318958e+04 cycle=112600 time=1.925209e+00 dt=1.369414e-05
elapsed=1.320043e+04 cycle=112700 time=1.926596e+00 dt=1.392979e-05
elapsed=1.320997e+04 cycle=112800 time=1.927971e+00 dt=1.351179e-05
elapsed=1.321899e+04 cycle=112900 time=1.929298e+00 dt=1.305252e-05
elapsed=1.322805e+04 cycle=113000 time=1.930588e+00 dt=1.282904e-05
elapsed=1.323849e+04 cycle=113100 time=1.931875e+00 dt=1.290370e-05
elapsed=1.324813e+04 cycle=113200 time=1.933185e+00 dt=1.325637e-05
elapsed=1.325715e+04 cycle=113300 time=1.934525e+00 dt=1.346335e-05
elapsed=1.326614e+04 cycle=113400 time=1.935883e+00 dt=1.391487e-05
elapsed=1.327621e+04 cycle=113500 time=1.937342e+00 dt=1.594862e-05
elapsed=1.328624e+04 cycle=113600 time=1.938994e+00 dt=1.640521e-05
elapsed=1.329529e+04 cycle=113700 time=1.940628e+00 dt=1.622104e-05
elapsed=1.330426e+04 cycle=113800 time=1.942239e+00 dt=1.612357e-05
elapsed=1.331367e+04 cycle=113900 time=1.943869e+00 dt=1.623643e-05
elapsed=1.332408e+04 cycle=114000 time=1.945457e+00 dt=1.584435e-05
elapsed=1.333291e+04 cycle=114100 time=1.947061e+00 dt=1.603807e-05
elapsed=1.334174e+04 cycle=114200 time=1.948669e+00 dt=1.616877e-05
elapsed=1.335076e+04 cycle=114300 time=1.950275e+00 dt=1.589604e-05
elapsed=1.336170e+04 cycle=114400 time=1.951860e+00 dt=1.557105e-05
elapsed=1.337064e+04 cycle=114500 time=1.953389e+00 dt=1.508804e-05
elapsed=1.337964e+04 cycle=114600 time=1.954860e+00 dt=1.427658e-05
elapsed=1.338857e+04 cycle=114700 time=1.956244e+00 dt=1.344575e-05
elapsed=1.339949e+04 cycle=114800 time=1.957533e+00 dt=1.225526e-05
elapsed=1.340844e+04 cycle=114900 time=1.958789e+00 dt=1.339933e-05
elapsed=1.341747e+04 cycle=115000 time=1.960192e+00 dt=1.458462e-05
elapsed=1.342644e+04 cycle=115100 time=1.961659e+00 dt=1.475029e-05
elapsed=1.343762e+04 cycle=115200 time=1.963135e+00 dt=1.489788e-05
elapsed=1.344652e+04 cycle=115300 time=1.964579e+00 dt=1.352619e-05
elapsed=1.345539e+04 cycle=115400 time=1.965949e+00 dt=1.486142e-05
elapsed=1.346426e+04 cycle=115500 time=1.967527e+00 dt=1.609794e-05
elapsed=1.347459e+04 cycle=115600 time=1.969131e+00 dt=1.593924e-05
elapsed=1.348426e+04 cycle=115700 time=1.970723e+00 dt=1.576352e-05
elapsed=1.349310e+04 cycle=115800 time=1.972265e+00 dt=1.507185e-05
elapsed=1.350195e+04 cycle=115900 time=1.973750e+00 dt=1.469708e-05
elapsed=1.351147e+04 cycle=116000 time=1.975208e+00 dt=1.453675e-05
elapsed=1.352191e+04 cycle=116100 time=1.976638e+00 dt=1.424897e-05
elapsed=1.353077e+04 cycle=116200 time=1.978093e+00 dt=1.469820e-05
elapsed=1.353964e+04 cycle=116300 time=1.979580e+00 dt=1.486902e-05
elapsed=1.354903e+04 cycle=116400 time=1.981083e+00 dt=1.499422e-05
elapsed=1.355977e+04 cycle=116500 time=1.982580e+00 dt=1.477947e-05
elapsed=1.356868e+04 cycle=116600 time=1.984090e+00 dt=1.510932e-05
elapsed=1.357759e+04 cycle=116700 time=1.985593e+00 dt=1.483290e-05
elapsed=1.358671e+04 cycle=116800 time=1.987041e+00 dt=1.425132e-05
elapsed=1.359744e+04 cycle=116900 time=1.988451e+00 dt=1.409096e-05
elapsed=1.360635e+04 cycle=117000 time=1.989824e+00 dt=1.334694e-05
elapsed=1.361534e+04 cycle=117100 time=1.991301e+00 dt=1.662138e-05
elapsed=1.362445e+04 cycle=117200 time=1.992956e+00 dt=1.670383e-05
elapsed=1.363518e+04 cycle=117300 time=1.994651e+00 dt=1.670698e-05
elapsed=1.364410e+04 cycle=117400 time=1.996322e+00 dt=1.681942e-05
elapsed=1.365301e+04 cycle=117500 time=1.998018e+00 dt=1.703597e-05
elapsed=1.366210e+04 cycle=117600 time=1.999716e+00 dt=1.689209e-05
elapsed=1.367316e+04 cycle=117700 time=2.001394e+00 dt=1.670392e-05
elapsed=1.368198e+04 cycle=117800 time=2.003072e+00 dt=1.665243e-05
elapsed=1.369063e+04 cycle=117900 time=2.004705e+00 dt=1.603217e-05
elapsed=1.369935e+04 cycle=118000 time=2.006293e+00 dt=1.577677e-05
elapsed=1.371013e+04 cycle=118100 time=2.007901e+00 dt=1.621182e-05
elapsed=1.371913e+04 cycle=118200 time=2.009480e+00 dt=1.533908e-05
elapsed=1.372814e+04 cycle=118300 time=2.010965e+00 dt=1.474516e-05
elapsed=1.373709e+04 cycle=118400 time=2.012473e+00 dt=1.496862e-05
elapsed=1.374806e+04 cycle=118500 time=2.013950e+00 dt=1.458403e-05
elapsed=1.375708e+04 cycle=118600 time=2.015375e+00 dt=1.379237e-05
elapsed=1.376585e+04 cycle=118700 time=2.016724e+00 dt=1.382634e-05
elapsed=1.377464e+04 cycle=118800 time=2.018126e+00 dt=1.382563e-05
elapsed=1.378478e+04 cycle=118900 time=2.019633e+00 dt=1.638269e-05
elapsed=1.379437e+04 cycle=119000 time=2.021266e+00 dt=1.627723e-05
elapsed=1.380322e+04 cycle=119100 time=2.022853e+00 dt=1.568355e-05
elapsed=1.381208e+04 cycle=119200 time=2.024432e+00 dt=1.574840e-05
elapsed=1.382279e+04 cycle=119300 time=2.025994e+00 dt=1.556762e-05
elapsed=1.383186e+04 cycle=119400 time=2.027554e+00 dt=1.564786e-05
elapsed=1.384080e+04 cycle=119500 time=2.029126e+00 dt=1.576141e-05
elapsed=1.385008e+04 cycle=119600 time=2.030688e+00 dt=1.528508e-05
elapsed=1.386132e+04 cycle=119700 time=2.032190e+00 dt=1.509461e-05
elapsed=1.387056e+04 cycle=119800 time=2.033674e+00 dt=1.461969e-05
elapsed=1.387981e+04 cycle=119900 time=2.035151e+00 dt=1.517101e-05
elapsed=1.388926e+04 cycle=120000 time=2.036769e+00 dt=1.633277e-05
elapsed=1.390039e+04 cycle=120100 time=2.038391e+00 dt=1.610726e-05
elapsed=1.390971e+04 cycle=120200 time=2.039996e+00 dt=1.608776e-05
elapsed=1.391911e+04 cycle=120300 time=2.041578e+00 dt=1.519313e-05
elapsed=1.392905e+04 cycle=120400 time=2.043057e+00 dt=1.592726e-05
elapsed=1.393977e+04 cycle=120500 time=2.044646e+00 dt=1.590861e-05
elapsed=1.394909e+04 cycle=120600 time=2.046237e+00 dt=1.576896e-05
elapsed=1.395843e+04 cycle=120700 time=2.047782e+00 dt=1.515915e-05
elapsed=1.396864e+04 cycle=120800 time=2.049321e+00 dt=1.615327e-05
elapsed=1.397961e+04 cycle=120900 time=2.050972e+00 dt=1.637559e-05
elapsed=1.398900e+04 cycle=121000 time=2.052603e+00 dt=1.676094e-05
elapsed=1.399835e+04 cycle=121100 time=2.054319e+00 dt=1.756576e-05
elapsed=1.400883e+04 cycle=121200 time=2.056070e+00 dt=1.743904e-05
elapsed=1.401941e+04 cycle=121300 time=2.057810e+00 dt=1.737001e-05
elapsed=1.402888e+04 cycle=121400 time=2.059537e+00 dt=1.718018e-05
elapsed=1.403847e+04 cycle=121500 time=2.061256e+00 dt=1.705745e-05
elapsed=1.404894e+04 cycle=121600 time=2.062930e+00 dt=1.680576e-05
elapsed=1.405980e+04 cycle=121700 time=2.064632e+00 dt=1.697905e-05
elapsed=1.406934e+04 cycle=121800 time=2.066313e+00 dt=1.664016e-05
elapsed=1.407888e+04 cycle=121900 time=2.067960e+00 dt=1.633270e-05
elapsed=1.408953e+04 cycle=122000 time=2.069579e+00 dt=1.608939e-05
elapsed=1.410002e+04 cycle=122100 time=2.071185e+00 dt=1.601806e-05
elapsed=1.410954e+04 cycle=122200 time=2.072783e+00 dt=1.596346e-05
elapsed=1.411906e+04 cycle=122300 time=2.074345e+00 dt=1.513343e-05
elapsed=1.413063e+04 cycle=122400 time=2.075840e+00 dt=1.462900e-05
elapsed=1.414012e+04 cycle=122500 time=2.077271e+00 dt=1.403729e-05
elapsed=1.414959e+04 cycle=122600 time=2.078668e+00 dt=1.419139e-05
elapsed=1.415926e+04 cycle=122700 time=2.080152e+00 dt=1.572485e-05
elapsed=1.417060e+04 cycle=122800 time=2.081684e+00 dt=1.485037e-05
elapsed=1.418004e+04 cycle=122900 time=2.083121e+00 dt=1.396974e-05
elapsed=1.418947e+04 cycle=123000 time=2.084484e+00 dt=1.327058e-05
elapsed=1.420004e+04 cycle=123100 time=2.085805e+00 dt=1.353099e-05
elapsed=1.421009e+04 cycle=123200 time=2.087304e+00 dt=1.571237e-05
elapsed=1.421922e+04 cycle=123300 time=2.088868e+00 dt=1.552019e-05
elapsed=1.422843e+04 cycle=123400 time=2.090396e+00 dt=1.501020e-05
elapsed=1.423939e+04 cycle=123500 time=2.091879e+00 dt=1.475119e-05
elapsed=1.424875e+04 cycle=123600 time=2.093358e+00 dt=1.485045e-05
elapsed=1.425789e+04 cycle=123700 time=2.094842e+00 dt=1.486259e-05
elapsed=1.426716e+04 cycle=123800 time=2.096304e+00 dt=1.390432e-05
elapsed=1.427822e+04 cycle=123900 time=2.097756e+00 dt=1.465165e-05
elapsed=1.428737e+04 cycle=124000 time=2.099200e+00 dt=1.430751e-05
elapsed=1.429661e+04 cycle=124100 time=2.100627e+00 dt=1.435627e-05
elapsed=1.430744e+04 cycle=124200 time=2.102073e+00 dt=1.429583e-05
elapsed=1.431769e+04 cycle=124300 time=2.103492e+00 dt=1.417849e-05
elapsed=1.432714e+04 cycle=124400 time=2.104930e+00 dt=1.475439e-05
elapsed=1.433662e+04 cycle=124500 time=2.106399e+00 dt=1.444856e-05
elapsed=1.434757e+04 cycle=124600 time=2.107824e+00 dt=1.417700e-05
elapsed=1.435791e+04 cycle=124700 time=2.109282e+00 dt=1.479625e-05
elapsed=1.436749e+04 cycle=124800 time=2.110815e+00 dt=1.572041e-05
elapsed=1.437699e+04 cycle=124900 time=2.112428e+00 dt=1.619181e-05
elapsed=1.438846e+04 cycle=125000 time=2.114032e+00 dt=1.596644e-05
elapsed=1.439763e+04 cycle=125100 time=2.115636e+00 dt=1.588242e-05
elapsed=1.440677e+04 cycle=125200 time=2.117195e+00 dt=1.529633e-05
elapsed=1.441606e+04 cycle=125300 time=2.118716e+00 dt=1.534038e-05
elapsed=1.442707e+04 cycle=125400 time=2.120276e+00 dt=1.560716e-05
elapsed=1.443619e+04 cycle=125500 time=2.121830e+00 dt=1.551625e-05
elapsed=1.444513e+04 cycle=125600 time=2.123417e+00 dt=1.606976e-05
elapsed=1.445437e+04 cycle=125700 time=2.125031e+00 dt=1.614579e-05
elapsed=1.446522e+04 cycle=125800 time=2.126651e+00 dt=1.623716e-05
elapsed=1.447410e+04 cycle=125900 time=2.128268e+00 dt=1.613644e-05
elapsed=1.448297e+04 cycle=126000 time=2.129887e+00 dt=1.626283e-05
elapsed=1.449233e+04 cycle=126100 time=2.131526e+00 dt=1.647156e-05
elapsed=1.450314e+04 cycle=126200 time=2.133158e+00 dt=1.611750e-05
elapsed=1.451205e+04 cycle=126300 time=2.134778e+00 dt=1.657773e-05
elapsed=1.452090e+04 cycle=126400 time=2.136444e+00 dt=1.686305e-05
elapsed=1.452970e+04 cycle=126500 time=2.138141e+00 dt=1.713839e-05
elapsed=1.454036e+04 cycle=126600 time=2.139847e+00 dt=1.698901e-05
elapsed=1.454911e+04 cycle=126700 time=2.141537e+00 dt=1.639077e-05
elapsed=1.455808e+04 cycle=126800 time=2.143170e+00 dt=1.702132e-05
elapsed=1.456766e+04 cycle=126900 time=2.144865e+00 dt=1.685932e-05
elapsed=1.457832e+04 cycle=127000 time=2.146519e+00 dt=1.633071e-05
elapsed=1.458693e+04 cycle=127100 time=2.148141e+00 dt=1.658865e-05
elapsed=1.459550e+04 cycle=127200 time=2.149798e+00 dt=1.645511e-05
elapsed=1.460424e+04 cycle=127300 time=2.151425e+00 dt=1.606054e-05
elapsed=1.461470e+04 cycle=127400 time=2.153007e+00 dt=1.558090e-05
elapsed=1.462321e+04 cycle=127500 time=2.154537e+00 dt=1.491669e-05
elapsed=1.463170e+04 cycle=127600 time=2.156013e+00 dt=1.445684e-05
elapsed=1.464042e+04 cycle=127700 time=2.157507e+00 dt=1.527273e-05
elapsed=1.465082e+04 cycle=127800 time=2.159026e+00 dt=1.504903e-05
elapsed=1.465960e+04 cycle=127900 time=2.160526e+00 dt=1.495341e-05
elapsed=1.466830e+04 cycle=128000 time=2.161998e+00 dt=1.459300e-05
elapsed=1.467698e+04 cycle=128100 time=2.163432e+00 dt=1.416154e-05
elapsed=1.468737e+04 cycle=128200 time=2.164858e+00 dt=1.447742e-05
elapsed=1.469627e+04 cycle=128300 time=2.166318e+00 dt=1.457356e-05
elapsed=1.470490e+04 cycle=128400 time=2.167763e+00 dt=1.425089e-05
elapsed=1.471353e+04 cycle=128500 time=2.169170e+00 dt=1.394194e-05
elapsed=1.472311e+04 cycle=128600 time=2.170585e+00 dt=1.453633e-05
elapsed=1.473283e+04 cycle=128700 time=2.172123e+00 dt=1.591944e-05
elapsed=1.474143e+04 cycle=128800 time=2.173703e+00 dt=1.572199e-05
elapsed=1.474998e+04 cycle=128900 time=2.175225e+00 dt=1.469187e-05
elapsed=1.475860e+04 cycle=129000 time=2.176658e+00 dt=1.375091e-05
elapsed=1.476944e+04 cycle=129100 time=2.177964e+00 dt=1.332350e-05
elapsed=1.477805e+04 cycle=129200 time=2.179452e+00 dt=1.543242e-05
elapsed=1.478673e+04 cycle=129300 time=2.181000e+00 dt=1.550249e-05
elapsed=1.479534e+04 cycle=129400 time=2.182540e+00 dt=1.524407e-05
elapsed=1.480482e+04 cycle=129500 time=2.184053e+00 dt=1.500721e-05
elapsed=1.481459e+04 cycle=129600 time=2.185541e+00 dt=1.469530e-05
elapsed=1.482300e+04 cycle=129700 time=2.187038e+00 dt=1.542907e-05
elapsed=1.483143e+04 cycle=129800 time=2.188581e+00 dt=1.528515e-05
elapsed=1.484040e+04 cycle=129900 time=2.190105e+00 dt=1.519198e-05
elapsed=1.485042e+04 cycle=130000 time=2.191624e+00 dt=1.501219e-05
elapsed=1.485889e+04 cycle=130100 time=2.193103e+00 dt=1.468555e-05
elapsed=1.486737e+04 cycle=130200 time=2.194579e+00 dt=1.491160e-05
elapsed=1.487588e+04 cycle=130300 time=2.196116e+00 dt=1.574522e-05
elapsed=1.488673e+04 cycle=130400 time=2.197721e+00 dt=1.608523e-05
elapsed=1.489524e+04 cycle=130500 time=2.199295e+00 dt=1.552617e-05
elapsed=1.490383e+04 cycle=130600 time=2.200873e+00 dt=1.617355e-05
elapsed=1.491235e+04 cycle=130700 time=2.202518e+00 dt=1.643457e-05
elapsed=1.492259e+04 cycle=130800 time=2.204159e+00 dt=1.640285e-05
elapsed=1.493150e+04 cycle=130900 time=2.205806e+00 dt=1.660239e-05
elapsed=1.494006e+04 cycle=131000 time=2.207485e+00 dt=1.696051e-05
elapsed=1.494865e+04 cycle=131100 time=2.209158e+00 dt=1.617173e-05
elapsed=1.495936e+04 cycle=131200 time=2.210749e+00 dt=1.647164e-05
elapsed=1.496798e+04 cycle=131300 time=2.212411e+00 dt=1.662333e-05
elapsed=1.497660e+04 cycle=131400 time=2.214076e+00 dt=1.676314e-05
elapsed=1.498564e+04 cycle=131500 time=2.215761e+00 dt=1.685642e-05
elapsed=1.499597e+04 cycle=131600 time=2.217443e+00 dt=1.685867e-05
elapsed=1.500465e+04 cycle=131700 time=2.219128e+00 dt=1.681488e-05
elapsed=1.501345e+04 cycle=131800 time=2.220788e+00 dt=1.640569e-05
elapsed=1.502298e+04 cycle=131900 time=2.222439e+00 dt=1.689165e-05
elapsed=1.503307e+04 cycle=132000 time=2.224156e+00 dt=1.711175e-05
elapsed=1.504190e+04 cycle=132100 time=2.225850e+00 dt=1.690848e-05
elapsed=1.505078e+04 cycle=132200 time=2.227493e+00 dt=1.600018e-05
elapsed=1.506098e+04 cycle=132300 time=2.229061e+00 dt=1.536139e-05
elapsed=1.507101e+04 cycle=132400 time=2.230650e+00 dt=1.640464e-05
elapsed=1.508000e+04 cycle=132500 time=2.232288e+00 dt=1.648254e-05
elapsed=1.508919e+04 cycle=132600 time=2.233937e+00 dt=1.653041e-05
elapsed=1.509979e+04 cycle=132700 time=2.235569e+00 dt=1.643907e-05
elapsed=1.510974e+04 cycle=132800 time=2.237283e+00 dt=1.729940e-05
elapsed=1.511894e+04 cycle=132900 time=2.238997e+00 dt=1.676659e-05
elapsed=1.512835e+04 cycle=133000 time=2.240677e+00 dt=1.709328e-05
elapsed=1.514018e+04 cycle=133100 time=2.242364e+00 dt=1.640306e-05
elapsed=1.514971e+04 cycle=133200 time=2.243960e+00 dt=1.553584e-05
elapsed=1.515919e+04 cycle=133300 time=2.245486e+00 dt=1.509484e-05
elapsed=1.516945e+04 cycle=133400 time=2.246978e+00 dt=1.472693e-05
elapsed=1.518038e+04 cycle=133500 time=2.248437e+00 dt=1.452469e-05
elapsed=1.519001e+04 cycle=133600 time=2.249878e+00 dt=1.431662e-05
elapsed=1.519977e+04 cycle=133700 time=2.251327e+00 dt=1.490939e-05
elapsed=1.521142e+04 cycle=133800 time=2.252868e+00 dt=1.572159e-05
elapsed=1.522163e+04 cycle=133900 time=2.254503e+00 dt=1.691638e-05
elapsed=1.523149e+04 cycle=134000 time=2.256205e+00 dt=1.705530e-05
elapsed=1.524182e+04 cycle=134100 time=2.257904e+00 dt=1.687267e-05
elapsed=1.525360e+04 cycle=134200 time=2.259574e+00 dt=1.660387e-05
elapsed=1.526371e+04 cycle=134300 time=2.261228e+00 dt=1.646309e-05
elapsed=1.527395e+04 cycle=134400 time=2.262863e+00 dt=1.610920e-05
elapsed=1.528628e+04 cycle=134500 time=2.264479e+00 dt=1.645270e-05
elapsed=1.529671e+04 cycle=134600 time=2.266114e+00 dt=1.622747e-05
elapsed=1.530713e+04 cycle=134700 time=2.267719e+00 dt=1.588906e-05
elapsed=1.531932e+04 cycle=134800 time=2.269267e+00 dt=1.511695e-05
elapsed=1.533034e+04 cycle=134900 time=2.270763e+00 dt=1.507754e-05
elapsed=1.534093e+04 cycle=135000 time=2.272292e+00 dt=1.565718e-05
elapsed=1.535253e+04 cycle=135100 time=2.273892e+00 dt=1.635020e-05
elapsed=1.536441e+04 cycle=135200 time=2.275545e+00 dt=1.624918e-05
elapsed=1.537519e+04 cycle=135300 time=2.277138e+00 dt=1.589682e-05
elapsed=1.538697e+04 cycle=135400 time=2.278760e+00 dt=1.652164e-05
elapsed=1.539916e+04 cycle=135500 time=2.280418e+00 dt=1.651932e-05
elapsed=1.541017e+04 cycle=135600 time=2.282057e+00 dt=1.631690e-05
elapsed=1.542236e+04 cycle=135700 time=2.283681e+00 dt=1.595367e-05
elapsed=1.543445e+04 cycle=135800 time=2.285218e+00 dt=1.507674e-05
elapsed=1.544560e+04 cycle=135900 time=2.286819e+00 dt=1.656916e-05
elapsed=1.545825e+04 cycle=136000 time=2.288487e+00 dt=1.671546e-05
elapsed=1.547038e+04 cycle=136100 time=2.290152e+00 dt=1.659451e-05
elapsed=1.548185e+04 cycle=136200 time=2.291763e+00 dt=1.519543e-05
elapsed=1.549556e+04 cycle=136300 time=2.293231e+00 dt=1.558506e-05
elapsed=1.550726e+04 cycle=136400 time=2.294782e+00 dt=1.508803e-05
elapsed=1.551909e+04 cycle=136500 time=2.296252e+00 dt=1.488736e-05
elapsed=1.553339e+04 cycle=136600 time=2.297880e+00 dt=1.687335e-05
elapsed=1.554549e+04 cycle=136700 time=2.299594e+00 dt=1.712402e-05
elapsed=1.555780e+04 cycle=136800 time=2.301298e+00 dt=1.688451e-05
elapsed=1.557231e+04 cycle=136900 time=2.302956e+00 dt=1.629180e-05
elapsed=1.558482e+04 cycle=137000 time=2.304554e+00 dt=1.571753e-05
elapsed=1.559897e+04 cycle=137100 time=2.306109e+00 dt=1.544861e-05
elapsed=1.561235e+04 cycle=137200 time=2.307657e+00 dt=1.548939e-05
elapsed=1.562521e+04 cycle=137300 time=2.309208e+00 dt=1.549673e-05
elapsed=1.564040e+04 cycle=137400 time=2.310755e+00 dt=1.545092e-05
elapsed=1.565351e+04 cycle=137500 time=2.312296e+00 dt=1.533351e-05
elapsed=1.566739e+04 cycle=137600 time=2.313831e+00 dt=1.542396e-05
elapsed=1.568223e+04 cycle=137700 time=2.315388e+00 dt=1.556691e-05
elapsed=1.569570e+04 cycle=137800 time=2.316935e+00 dt=1.546042e-05
elapsed=1.571146e+04 cycle=137900 time=2.318493e+00 dt=1.573541e-05
elapsed=1.572523e+04 cycle=138000 time=2.320057e+00 dt=1.550769e-05
elapsed=1.574067e+04 cycle=138100 time=2.321576e+00 dt=1.482928e-05
elapsed=1.575518e+04 cycle=138200 time=2.323047e+00 dt=1.466798e-05
elapsed=1.576956e+04 cycle=138300 time=2.324511e+00 dt=1.453936e-05
elapsed=1.578562e+04 cycle=138400 time=2.325955e+00 dt=1.488770e-05
elapsed=1.579993e+04 cycle=138500 time=2.327534e+00 dt=1.671825e-05
elapsed=1.581680e+04 cycle=138600 time=2.329234e+00 dt=1.697686e-05
elapsed=1.583146e+04 cycle=138700 time=2.330921e+00 dt=1.675629e-05
elapsed=1.584792e+04 cycle=138800 time=2.332572e+00 dt=1.628722e-05
elapsed=1.586325e+04 cycle=138900 time=2.334180e+00 dt=1.587695e-05
elapsed=1.587890e+04 cycle=139000 time=2.335733e+00 dt=1.516135e-05
elapsed=1.589553e+04 cycle=139100 time=2.337202e+00 dt=1.416494e-05
elapsed=1.591073e+04 cycle=139200 time=2.338608e+00 dt=1.451019e-05
elapsed=1.592833e+04 cycle=139300 time=2.340193e+00 dt=1.641484e-05
elapsed=1.594378e+04 cycle=139400 time=2.341827e+00 dt=1.617897e-05
elapsed=1.596151e+04 cycle=139500 time=2.343418e+00 dt=1.566385e-05
elapsed=1.597716e+04 cycle=139600 time=2.344979e+00 dt=1.558440e-05
elapsed=1.599506e+04 cycle=139700 time=2.346549e+00 dt=1.575785e-05
elapsed=1.601092e+04 cycle=139800 time=2.348157e+00 dt=1.640191e-05
elapsed=1.602906e+04 cycle=139900 time=2.349834e+00 dt=1.661301e-05
elapsed=1.604519e+04 cycle=140000 time=2.351539e+00 dt=1.691822e-05
elapsed=1.606283e+04 cycle=140100 time=2.353195e+00 dt=1.600672e-05
elapsed=1.607972e+04 cycle=140200 time=2.354754e+00 dt=1.596591e-05
elapsed=1.609698e+04 cycle=140300 time=2.356375e+00 dt=1.623033e-05
elapsed=1.611459e+04 cycle=140400 time=2.358016e+00 dt=1.657641e-05
elapsed=1.613109e+04 cycle=140500 time=2.359672e+00 dt=1.671238e-05
elapsed=1.614988e+04 cycle=140600 time=2.361337e+00 dt=1.636302e-05
elapsed=1.616657e+04 cycle=140700 time=2.362936e+00 dt=1.574454e-05
elapsed=1.618549e+04 cycle=140800 time=2.364559e+00 dt=1.678669e-05
elapsed=1.620236e+04 cycle=140900 time=2.366258e+00 dt=1.693077e-05
elapsed=1.622141e+04 cycle=141000 time=2.367876e+00 dt=1.620368e-05
elapsed=1.623838e+04 cycle=141100 time=2.369555e+00 dt=1.689182e-05
elapsed=1.625760e+04 cycle=141200 time=2.371233e+00 dt=1.660081e-05
elapsed=1.627469e+04 cycle=141300 time=2.372867e+00 dt=1.603400e-05
elapsed=1.629397e+04 cycle=141400 time=2.374438e+00 dt=1.537709e-05
elapsed=1.631115e+04 cycle=141500 time=2.375925e+00 dt=1.433565e-05
elapsed=1.633050e+04 cycle=141600 time=2.377321e+00 dt=1.361557e-05
elapsed=1.634777e+04 cycle=141700 time=2.378656e+00 dt=1.332282e-05
elapsed=1.636729e+04 cycle=141800 time=2.380018e+00 dt=1.424801e-05
elapsed=1.638465e+04 cycle=141900 time=2.381530e+00 dt=1.549213e-05
elapsed=1.640421e+04 cycle=142000 time=2.383070e+00 dt=1.512411e-05
elapsed=1.642174e+04 cycle=142100 time=2.384652e+00 dt=1.623768e-05
elapsed=1.644148e+04 cycle=142200 time=2.386272e+00 dt=1.621874e-05
elapsed=1.645916e+04 cycle=142300 time=2.387909e+00 dt=1.663479e-05
elapsed=1.647908e+04 cycle=142400 time=2.389607e+00 dt=1.681257e-05
elapsed=1.649701e+04 cycle=142500 time=2.391215e+00 dt=1.585080e-05
elapsed=1.651714e+04 cycle=142600 time=2.392794e+00 dt=1.539330e-05
elapsed=1.653514e+04 cycle=142700 time=2.394308e+00 dt=1.517577e-05
elapsed=1.655539e+04 cycle=142800 time=2.395883e+00 dt=1.650774e-05
elapsed=1.657352e+04 cycle=142900 time=2.397526e+00 dt=1.616807e-05
elapsed=1.659388e+04 cycle=143000 time=2.399129e+00 dt=1.616137e-05
elapsed=1.661312e+04 cycle=143100 time=2.400751e+00 dt=1.616120e-05
elapsed=1.663268e+04 cycle=143200 time=2.402365e+00 dt=1.618734e-05
elapsed=1.665262e+04 cycle=143300 time=2.403993e+00 dt=1.645074e-05
elapsed=1.667165e+04 cycle=143400 time=2.405662e+00 dt=1.672160e-05
elapsed=1.669232e+04 cycle=143500 time=2.407278e+00 dt=1.561230e-05
elapsed=1.671083e+04 cycle=143600 time=2.408875e+00 dt=1.602884e-05
elapsed=1.673166e+04 cycle=143700 time=2.410467e+00 dt=1.586582e-05
elapsed=1.675027e+04 cycle=143800 time=2.412045e+00 dt=1.625114e-05
elapsed=1.677112e+04 cycle=143900 time=2.413679e+00 dt=1.625121e-05
elapsed=1.679001e+04 cycle=144000 time=2.415287e+00 dt=1.581210e-05
elapsed=1.681075e+04 cycle=144100 time=2.416827e+00 dt=1.498714e-05
elapsed=1.683090e+04 cycle=144200 time=2.418299e+00 dt=1.452523e-05
elapsed=1.685051e+04 cycle=144300 time=2.419751e+00 dt=1.459388e-05
elapsed=1.687165e+04 cycle=144400 time=2.421239e+00 dt=1.527002e-05
elapsed=1.689063e+04 cycle=144500 time=2.422806e+00 dt=1.574597e-05
elapsed=1.691180e+04 cycle=144600 time=2.424359e+00 dt=1.525093e-05
elapsed=1.693081e+04 cycle=144700 time=2.425860e+00 dt=1.467788e-05
elapsed=1.695207e+04 cycle=144800 time=2.427280e+00 dt=1.381951e-05
elapsed=1.697143e+04 cycle=144900 time=2.428742e+00 dt=1.508706e-05
elapsed=1.699263e+04 cycle=145000 time=2.430204e+00 dt=1.422132e-05
elapsed=1.701389e+04 cycle=145100 time=2.431595e+00 dt=1.360162e-05
elapsed=1.703326e+04 cycle=145200 time=2.432941e+00 dt=1.332993e-05
elapsed=1.705467e+04 cycle=145300 time=2.434262e+00 dt=1.312930e-05
elapsed=1.707400e+04 cycle=145400 time=2.435568e+00 dt=1.318092e-05
elapsed=1.709550e+04 cycle=145500 time=2.436937e+00 dt=1.408714e-05
elapsed=1.711491e+04 cycle=145600 time=2.438345e+00 dt=1.411830e-05
elapsed=1.713651e+04 cycle=145700 time=2.439768e+00 dt=1.432314e-05
elapsed=1.715618e+04 cycle=145800 time=2.441201e+00 dt=1.442215e-05
elapsed=1.717773e+04 cycle=145900 time=2.442670e+00 dt=1.483532e-05
elapsed=1.719812e+04 cycle=146000 time=2.444185e+00 dt=1.534496e-05
elapsed=1.721902e+04 cycle=146100 time=2.445693e+00 dt=1.477855e-05
elapsed=1.724046e+04 cycle=146200 time=2.447132e+00 dt=1.399020e-05
elapsed=1.726036e+04 cycle=146300 time=2.448454e+00 dt=1.248890e-05
elapsed=1.728211e+04 cycle=146400 time=2.449769e+00 dt=1.507943e-05
elapsed=1.730180e+04 cycle=146500 time=2.451378e+00 dt=1.611092e-05
elapsed=1.732357e+04 cycle=146600 time=2.452982e+00 dt=1.597622e-05
elapsed=1.734319e+04 cycle=146700 time=2.454569e+00 dt=1.573110e-05
elapsed=1.736495e+04 cycle=146800 time=2.456144e+00 dt=1.581071e-05
elapsed=1.738505e+04 cycle=146900 time=2.457728e+00 dt=1.589559e-05
elapsed=1.740634e+04 cycle=147000 time=2.459326e+00 dt=1.602128e-05
elapsed=1.742729e+04 cycle=147100 time=2.460893e+00 dt=1.531680e-05
elapsed=1.744781e+04 cycle=147200 time=2.462379e+00 dt=1.450549e-05
elapsed=1.746945e+04 cycle=147300 time=2.463794e+00 dt=1.386305e-05
elapsed=1.748923e+04 cycle=147400 time=2.465193e+00 dt=1.414839e-05
elapsed=1.751103e+04 cycle=147500 time=2.466634e+00 dt=1.495388e-05
elapsed=1.753069e+04 cycle=147600 time=2.468117e+00 dt=1.502912e-05
elapsed=1.755249e+04 cycle=147700 time=2.469691e+00 dt=1.575638e-05
elapsed=1.757224e+04 cycle=147800 time=2.471221e+00 dt=1.511314e-05
elapsed=1.759405e+04 cycle=147900 time=2.472760e+00 dt=1.570548e-05
elapsed=1.761448e+04 cycle=148000 time=2.474354e+00 dt=1.602015e-05
elapsed=1.763560e+04 cycle=148100 time=2.475933e+00 dt=1.565282e-05
elapsed=1.765795e+04 cycle=148200 time=2.477490e+00 dt=1.547736e-05
elapsed=1.767809e+04 cycle=148300 time=2.479037e+00 dt=1.558017e-05
elapsed=1.770076e+04 cycle=148400 time=2.480615e+00 dt=1.613970e-05
elapsed=1.772264e+04 cycle=148500 time=2.482175e+00 dt=1.527706e-05
elapsed=1.774498e+04 cycle=148600 time=2.483745e+00 dt=1.581160e-05
elapsed=1.776567e+04 cycle=148700 time=2.485320e+00 dt=1.577542e-05
elapsed=1.778691e+04 cycle=148800 time=2.486915e+00 dt=1.596435e-05
elapsed=1.780892e+04 cycle=148900 time=2.488505e+00 dt=1.605206e-05
elapsed=1.782907e+04 cycle=149000 time=2.490113e+00 dt=1.602598e-05
elapsed=1.785122e+04 cycle=149100 time=2.491730e+00 dt=1.629813e-05
elapsed=1.787288e+04 cycle=149200 time=2.493352e+00 dt=1.612872e-05
elapsed=1.789520e+04 cycle=149300 time=2.494966e+00 dt=1.622591e-05
elapsed=1.791659e+04 cycle=149400 time=2.496612e+00 dt=1.638480e-05
elapsed=1.793813e+04 cycle=149500 time=2.498197e+00 dt=1.600612e-05
elapsed=1.796057e+04 cycle=149600 time=2.499772e+00 dt=1.544761e-05
elapsed=1.798379e+04 cycle=149700 time=2.501287e+00 dt=1.487198e-05
elapsed=1.800750e+04 cycle=149800 time=2.502764e+00 dt=1.459511e-05
elapsed=1.802860e+04 cycle=149900 time=2.504196e+00 dt=1.395991e-05
elapsed=1.805034e+04 cycle=150000 time=2.505566e+00 dt=1.331205e-05
elapsed=1.807276e+04 cycle=150100 time=2.506833e+00 dt=1.196987e-05
elapsed=1.809327e+04 cycle=150200 time=2.508047e+00 dt=1.340560e-05
elapsed=1.811586e+04 cycle=150300 time=2.509556e+00 dt=1.532336e-05
elapsed=1.813647e+04 cycle=150400 time=2.511037e+00 dt=1.444436e-05
elapsed=1.815920e+04 cycle=150500 time=2.512479e+00 dt=1.465676e-05
elapsed=1.818018e+04 cycle=150600 time=2.513987e+00 dt=1.519986e-05
elapsed=1.820277e+04 cycle=150700 time=2.515492e+00 dt=1.498043e-05
elapsed=1.822535e+04 cycle=150800 time=2.516993e+00 dt=1.513488e-05
elapsed=1.824669e+04 cycle=150900 time=2.518523e+00 dt=1.556833e-05
elapsed=1.827061e+04 cycle=151000 time=2.520126e+00 dt=1.628865e-05
elapsed=1.829493e+04 cycle=151100 time=2.521763e+00 dt=1.624128e-05
elapsed=1.831828e+04 cycle=151200 time=2.523364e+00 dt=1.588266e-05
elapsed=1.834154e+04 cycle=151300 time=2.524961e+00 dt=1.606149e-05
elapsed=1.836310e+04 cycle=151400 time=2.526579e+00 dt=1.590380e-05
elapsed=1.838672e+04 cycle=151500 time=2.528134e+00 dt=1.524729e-05
elapsed=1.840831e+04 cycle=151600 time=2.529621e+00 dt=1.439512e-05
elapsed=1.843552e+04 cycle=151700 time=2.530993e+00 dt=1.307200e-05
elapsed=1.846490e+04 cycle=151800 time=2.532362e+00 dt=1.549056e-05
elapsed=1.849024e+04 cycle=151900 time=2.533942e+00 dt=1.567123e-05
elapsed=1.851334e+04 cycle=152000 time=2.535546e+00 dt=1.636965e-05
elapsed=1.853760e+04 cycle=152100 time=2.537179e+00 dt=1.581175e-05
elapsed=1.856178e+04 cycle=152200 time=2.538710e+00 dt=1.525181e-05
elapsed=1.858592e+04 cycle=152300 time=2.540255e+00 dt=1.515407e-05
elapsed=1.861059e+04 cycle=152400 time=2.541720e+00 dt=1.433850e-05
elapsed=1.863372e+04 cycle=152500 time=2.543174e+00 dt=1.454253e-05
elapsed=1.865805e+04 cycle=152600 time=2.544593e+00 dt=1.382401e-05
elapsed=1.868302e+04 cycle=152700 time=2.545935e+00 dt=1.306239e-05
elapsed=1.870588e+04 cycle=152800 time=2.547254e+00 dt=1.367602e-05
elapsed=1.873097e+04 cycle=152900 time=2.548743e+00 dt=1.533410e-05
elapsed=1.875628e+04 cycle=153000 time=2.550272e+00 dt=1.526033e-05
elapsed=1.877946e+04 cycle=153100 time=2.551797e+00 dt=1.520297e-05
elapsed=1.880493e+04 cycle=153200 time=2.553311e+00 dt=1.512184e-05
elapsed=1.882993e+04 cycle=153300 time=2.554824e+00 dt=1.511971e-05
elapsed=1.885405e+04 cycle=153400 time=2.556331e+00 dt=1.500581e-05
elapsed=1.887987e+04 cycle=153500 time=2.557836e+00 dt=1.518166e-05
elapsed=1.890430e+04 cycle=153600 time=2.559349e+00 dt=1.506117e-05
elapsed=1.892981e+04 cycle=153700 time=2.560881e+00 dt=1.581565e-05
elapsed=1.895603e+04 cycle=153800 time=2.562465e+00 dt=1.584475e-05
elapsed=1.898057e+04 cycle=153900 time=2.564053e+00 dt=1.589327e-05
elapsed=1.900668e+04 cycle=154000 time=2.565633e+00 dt=1.573011e-05
elapsed=1.903328e+04 cycle=154100 time=2.567201e+00 dt=1.557770e-05
elapsed=1.905827e+04 cycle=154200 time=2.568752e+00 dt=1.555081e-05
elapsed=1.908480e+04 cycle=154300 time=2.570303e+00 dt=1.536271e-05
elapsed=1.911263e+04 cycle=154400 time=2.571825e+00 dt=1.510326e-05
elapsed=1.914249e+04 cycle=154500 time=2.573317e+00 dt=1.476122e-05
elapsed=1.917099e+04 cycle=154600 time=2.574779e+00 dt=1.459155e-05
elapsed=1.919804e+04 cycle=154700 time=2.576252e+00 dt=1.482944e-05
elapsed=1.922555e+04 cycle=154800 time=2.577729e+00 dt=1.464248e-05
elapsed=1.925310e+04 cycle=154900 time=2.579191e+00 dt=1.461532e-05
elapsed=1.927958e+04 cycle=155000 time=2.580670e+00 dt=1.504169e-05
elapsed=1.930635e+04 cycle=155100 time=2.582246e+00 dt=1.637184e-05
elapsed=1.933422e+04 cycle=155200 time=2.583869e+00 dt=1.590136e-05
elapsed=1.936273e+04 cycle=155300 time=2.585439e+00 dt=1.571161e-05
elapsed=1.939252e+04 cycle=155400 time=2.587036e+00 dt=1.630567e-05
elapsed=1.942025e+04 cycle=155500 time=2.588659e+00 dt=1.621856e-05
elapsed=1.945018e+04 cycle=155600 time=2.590296e+00 dt=1.649254e-05
elapsed=1.948009e+04 cycle=155700 time=2.591937e+00 dt=1.629768e-05
elapsed=1.950993e+04 cycle=155800 time=2.593592e+00 dt=1.652996e-05
elapsed=1.953894e+04 cycle=155900 time=2.595237e+00 dt=1.631507e-05
elapsed=1.956741e+04 cycle=156000 time=2.596842e+00 dt=1.591255e-05
elapsed=1.959730e+04 cycle=156100 time=2.598427e+00 dt=1.588532e-05
elapsed=1.962728e+04 cycle=156200 time=2.600015e+00 dt=1.583671e-05
elapsed=1.965727e+04 cycle=156300 time=2.601600e+00 dt=1.567547e-05
elapsed=1.968664e+04 cycle=156400 time=2.603143e+00 dt=1.520229e-05
elapsed=1.971497e+04 cycle=156500 time=2.604669e+00 dt=1.547146e-05
elapsed=1.974497e+04 cycle=156600 time=2.606228e+00 dt=1.562454e-05
elapsed=1.977497e+04 cycle=156700 time=2.607791e+00 dt=1.566231e-05
elapsed=1.980500e+04 cycle=156800 time=2.609356e+00 dt=1.575218e-05
elapsed=1.983456e+04 cycle=156900 time=2.610944e+00 dt=1.576643e-05
elapsed=1.986285e+04 cycle=157000 time=2.612449e+00 dt=1.444032e-05
elapsed=1.989285e+04 cycle=157100 time=2.613963e+00 dt=1.629991e-05
elapsed=1.992280e+04 cycle=157200 time=2.615599e+00 dt=1.646277e-05
elapsed=1.995284e+04 cycle=157300 time=2.617245e+00 dt=1.625268e-05
elapsed=1.998184e+04 cycle=157400 time=2.618872e+00 dt=1.628183e-05
elapsed=2.001090e+04 cycle=157500 time=2.620507e+00 dt=1.643213e-05
elapsed=2.004099e+04 cycle=157600 time=2.622137e+00 dt=1.613370e-05
elapsed=2.007115e+04 cycle=157700 time=2.623745e+00 dt=1.604782e-05
elapsed=2.010138e+04 cycle=157800 time=2.625353e+00 dt=1.616782e-05
elapsed=2.013000e+04 cycle=157900 time=2.626982e+00 dt=1.628604e-05
elapsed=2.015983e+04 cycle=158000 time=2.628597e+00 dt=1.599823e-05
elapsed=2.019035e+04 cycle=158100 time=2.630188e+00 dt=1.584628e-05
elapsed=2.022091e+04 cycle=158200 time=2.631780e+00 dt=1.605039e-05
elapsed=2.025149e+04 cycle=158300 time=2.633395e+00 dt=1.603710e-05
elapsed=2.028127e+04 cycle=158400 time=2.634999e+00 dt=1.612471e-05
elapsed=2.031061e+04 cycle=158500 time=2.636605e+00 dt=1.593521e-05
elapsed=2.034134e+04 cycle=158600 time=2.638192e+00 dt=1.589216e-05
elapsed=2.037210e+04 cycle=158700 time=2.639801e+00 dt=1.624644e-05
elapsed=2.040303e+04 cycle=158800 time=2.641422e+00 dt=1.604126e-05
elapsed=2.043212e+04 cycle=158900 time=2.643024e+00 dt=1.600842e-05
elapsed=2.046261e+04 cycle=159000 time=2.644619e+00 dt=1.596784e-05
elapsed=2.049352e+04 cycle=159100 time=2.646224e+00 dt=1.617760e-05
elapsed=2.052445e+04 cycle=159200 time=2.647856e+00 dt=1.634673e-05
elapsed=2.055481e+04 cycle=159300 time=2.649490e+00 dt=1.640193e-05
elapsed=2.058409e+04 cycle=159400 time=2.651150e+00 dt=1.670323e-05
elapsed=2.061482e+04 cycle=159500 time=2.652804e+00 dt=1.647198e-05
elapsed=2.064551e+04 cycle=159600 time=2.654450e+00 dt=1.656711e-05
elapsed=2.067614e+04 cycle=159700 time=2.656137e+00 dt=1.709880e-05
elapsed=2.070596e+04 cycle=159800 time=2.657813e+00 dt=1.630452e-05
elapsed=2.073503e+04 cycle=159900 time=2.659386e+00 dt=1.497006e-05
elapsed=2.076553e+04 cycle=160000 time=2.660778e+00 dt=1.359658e-05
elapsed=2.079590e+04 cycle=160100 time=2.662393e+00 dt=1.659086e-05
elapsed=2.082619e+04 cycle=160200 time=2.664057e+00 dt=1.664137e-05
elapsed=2.085529e+04 cycle=160300 time=2.665706e+00 dt=1.617523e-05
elapsed=2.088420e+04 cycle=160400 time=2.667267e+00 dt=1.516117e-05
elapsed=2.091412e+04 cycle=160500 time=2.668755e+00 dt=1.478760e-05
elapsed=2.094401e+04 cycle=160600 time=2.670275e+00 dt=1.541638e-05
elapsed=2.097338e+04 cycle=160700 time=2.671877e+00 dt=1.654340e-05
elapsed=2.100132e+04 cycle=160800 time=2.673544e+00 dt=1.668963e-05
elapsed=2.103101e+04 cycle=160900 time=2.675210e+00 dt=1.655297e-05
elapsed=2.106068e+04 cycle=161000 time=2.676806e+00 dt=1.532574e-05
elapsed=2.108876e+04 cycle=161100 time=2.678280e+00 dt=1.422513e-05
elapsed=2.111773e+04 cycle=161200 time=2.679704e+00 dt=1.482506e-05
elapsed=2.114740e+04 cycle=161300 time=2.681282e+00 dt=1.710272e-05
elapsed=2.117695e+04 cycle=161400 time=2.683010e+00 dt=1.723205e-05
elapsed=2.120486e+04 cycle=161500 time=2.684718e+00 dt=1.695654e-05
elapsed=2.123371e+04 cycle=161600 time=2.686406e+00 dt=1.686246e-05
elapsed=2.126310e+04 cycle=161700 time=2.688099e+00 dt=1.700081e-05
elapsed=2.129243e+04 cycle=161800 time=2.689787e+00 dt=1.679178e-05
elapsed=2.132086e+04 cycle=161900 time=2.691467e+00 dt=1.687378e-05
elapsed=2.134892e+04 cycle=162000 time=2.693072e+00 dt=1.507483e-05
elapsed=2.137816e+04 cycle=162100 time=2.694617e+00 dt=1.657699e-05
elapsed=2.140741e+04 cycle=162200 time=2.696298e+00 dt=1.679159e-05
elapsed=2.143531e+04 cycle=162300 time=2.697979e+00 dt=1.686120e-05
elapsed=2.146368e+04 cycle=162400 time=2.699672e+00 dt=1.694391e-05
elapsed=2.149298e+04 cycle=162500 time=2.701352e+00 dt=1.667775e-05
elapsed=2.152221e+04 cycle=162600 time=2.703011e+00 dt=1.648000e-05
elapsed=2.155058e+04 cycle=162700 time=2.704647e+00 dt=1.624972e-05
elapsed=2.157846e+04 cycle=162800 time=2.706267e+00 dt=1.606329e-05
elapsed=2.160764e+04 cycle=162900 time=2.707817e+00 dt=1.496761e-05
elapsed=2.163675e+04 cycle=163000 time=2.709288e+00 dt=1.457860e-05
elapsed=2.166380e+04 cycle=163100 time=2.710740e+00 dt=1.448996e-05
elapsed=2.169293e+04 cycle=163200 time=2.712190e+00 dt=1.448170e-05
elapsed=2.172210e+04 cycle=163300 time=2.713645e+00 dt=1.478557e-05
elapsed=2.175128e+04 cycle=163400 time=2.715171e+00 dt=1.589438e-05
elapsed=2.177856e+04 cycle=163500 time=2.716736e+00 dt=1.546941e-05
elapsed=2.180742e+04 cycle=163600 time=2.718289e+00 dt=1.577483e-05
elapsed=2.183664e+04 cycle=163700 time=2.719880e+00 dt=1.579945e-05
elapsed=2.186585e+04 cycle=163800 time=2.721471e+00 dt=1.652286e-05
elapsed=2.189353e+04 cycle=163900 time=2.723115e+00 dt=1.612187e-05
elapsed=2.192187e+04 cycle=164000 time=2.724703e+00 dt=1.557372e-05
elapsed=2.195098e+04 cycle=164100 time=2.726264e+00 dt=1.599784e-05
elapsed=2.198007e+04 cycle=164200 time=2.727874e+00 dt=1.612884e-05
elapsed=2.200866e+04 cycle=164300 time=2.729504e+00 dt=1.608028e-05
elapsed=2.203613e+04 cycle=164400 time=2.731076e+00 dt=1.536958e-05
elapsed=2.206517e+04 cycle=164500 time=2.732594e+00 dt=1.503619e-05
elapsed=2.209420e+04 cycle=164600 time=2.734091e+00 dt=1.490032e-05
elapsed=2.212234e+04 cycle=164700 time=2.735580e+00 dt=1.493000e-05
elapsed=2.214994e+04 cycle=164800 time=2.737086e+00 dt=1.524561e-05
elapsed=2.217881e+04 cycle=164900 time=2.738618e+00 dt=1.521072e-05
elapsed=2.220761e+04 cycle=165000 time=2.740125e+00 dt=1.495620e-05
elapsed=2.223411e+04 cycle=165100 time=2.741624e+00 dt=1.521689e-05
elapsed=2.226237e+04 cycle=165200 time=2.743196e+00 dt=1.576307e-05
elapsed=2.229024e+04 cycle=165300 time=2.744775e+00 dt=1.566672e-05
elapsed=2.231565e+04 cycle=165400 time=2.746321e+00 dt=1.523241e-05
elapsed=2.234298e+04 cycle=165500 time=2.747822e+00 dt=1.479270e-05
elapsed=2.237021e+04 cycle=165600 time=2.749273e+00 dt=1.416105e-05
elapsed=2.239620e+04 cycle=165700 time=2.750651e+00 dt=1.335320e-05
elapsed=2.242227e+04 cycle=165800 time=2.751958e+00 dt=1.286866e-05
elapsed=2.244924e+04 cycle=165900 time=2.753280e+00 dt=1.395321e-05
elapsed=2.247595e+04 cycle=166000 time=2.754852e+00 dt=1.681705e-05
elapsed=2.250084e+04 cycle=166100 time=2.756529e+00 dt=1.670299e-05
elapsed=2.252764e+04 cycle=166200 time=2.758170e+00 dt=1.608111e-05
elapsed=2.255420e+04 cycle=166300 time=2.759761e+00 dt=1.562816e-05
elapsed=2.257853e+04 cycle=166400 time=2.761298e+00 dt=1.542437e-05
elapsed=2.260457e+04 cycle=166500 time=2.762932e+00 dt=1.620537e-05
elapsed=2.263044e+04 cycle=166600 time=2.764542e+00 dt=1.605226e-05
elapsed=2.265396e+04 cycle=166700 time=2.766154e+00 dt=1.621190e-05
elapsed=2.267957e+04 cycle=166800 time=2.767780e+00 dt=1.627049e-05
elapsed=2.270511e+04 cycle=166900 time=2.769410e+00 dt=1.640722e-05
elapsed=2.272851e+04 cycle=167000 time=2.771066e+00 dt=1.657130e-05
elapsed=2.275378e+04 cycle=167100 time=2.772671e+00 dt=1.535358e-05
elapsed=2.277907e+04 cycle=167200 time=2.774170e+00 dt=1.477118e-05
elapsed=2.280291e+04 cycle=167300 time=2.775678e+00 dt=1.510223e-05
elapsed=2.282722e+04 cycle=167400 time=2.777259e+00 dt=1.638643e-05
elapsed=2.285224e+04 cycle=167500 time=2.778914e+00 dt=1.650903e-05
elapsed=2.287559e+04 cycle=167600 time=2.780535e+00 dt=1.601593e-05
elapsed=2.289958e+04 cycle=167700 time=2.782140e+00 dt=1.602516e-05
elapsed=2.292416e+04 cycle=167800 time=2.783724e+00 dt=1.568203e-05
elapsed=2.294645e+04 cycle=167900 time=2.785282e+00 dt=1.547489e-05
elapsed=2.297089e+04 cycle=168000 time=2.786819e+00 dt=1.524584e-05
elapsed=2.299524e+04 cycle=168100 time=2.788335e+00 dt=1.515519e-05
elapsed=2.301719e+04 cycle=168200 time=2.789848e+00 dt=1.475780e-05
elapsed=2.304106e+04 cycle=168300 time=2.791289e+00 dt=1.415525e-05
elapsed=2.306417e+04 cycle=168400 time=2.792699e+00 dt=1.422656e-05
elapsed=2.308604e+04 cycle=168500 time=2.794158e+00 dt=1.510158e-05
elapsed=2.310951e+04 cycle=168600 time=2.795698e+00 dt=1.548481e-05
elapsed=2.313115e+04 cycle=168700 time=2.797268e+00 dt=1.594707e-05
elapsed=2.315392e+04 cycle=168800 time=2.798859e+00 dt=1.580335e-05
elapsed=2.317668e+04 cycle=168900 time=2.800493e+00 dt=1.699753e-05
elapsed=2.319673e+04 cycle=169000 time=2.802173e+00 dt=1.655736e-05
elapsed=2.321873e+04 cycle=169100 time=2.803809e+00 dt=1.621342e-05
elapsed=2.323841e+04 cycle=169200 time=2.805422e+00 dt=1.605349e-05
elapsed=2.326018e+04 cycle=169300 time=2.807019e+00 dt=1.588035e-05
elapsed=2.328085e+04 cycle=169400 time=2.808596e+00 dt=1.560846e-05
elapsed=2.330142e+04 cycle=169500 time=2.810140e+00 dt=1.524738e-05
elapsed=2.332202e+04 cycle=169600 time=2.811646e+00 dt=1.492642e-05
elapsed=2.334231e+04 cycle=169700 time=2.813150e+00 dt=1.525783e-05
elapsed=2.336374e+04 cycle=169800 time=2.814734e+00 dt=1.611860e-05
elapsed=2.338299e+04 cycle=169900 time=2.816363e+00 dt=1.627317e-05
elapsed=2.340426e+04 cycle=170000 time=2.818015e+00 dt=1.652429e-05
elapsed=2.342333e+04 cycle=170100 time=2.819647e+00 dt=1.612044e-05
elapsed=2.344458e+04 cycle=170200 time=2.821240e+00 dt=1.571702e-05
elapsed=2.346353e+04 cycle=170300 time=2.822782e+00 dt=1.506923e-05
elapsed=2.348456e+04 cycle=170400 time=2.824259e+00 dt=1.446939e-05
elapsed=2.350341e+04 cycle=170500 time=2.825669e+00 dt=1.370241e-05
elapsed=2.352437e+04 cycle=170600 time=2.827069e+00 dt=1.496797e-05
elapsed=2.354315e+04 cycle=170700 time=2.828720e+00 dt=1.709550e-05
elapsed=2.356407e+04 cycle=170800 time=2.830413e+00 dt=1.664200e-05
elapsed=2.358272e+04 cycle=170900 time=2.832046e+00 dt=1.603138e-05
elapsed=2.360344e+04 cycle=171000 time=2.833627e+00 dt=1.563564e-05
elapsed=2.362220e+04 cycle=171100 time=2.835177e+00 dt=1.537976e-05
elapsed=2.364271e+04 cycle=171200 time=2.836704e+00 dt=1.512859e-05
elapsed=2.366126e+04 cycle=171300 time=2.838192e+00 dt=1.453358e-05
elapsed=2.368189e+04 cycle=171400 time=2.839600e+00 dt=1.356989e-05
elapsed=2.370058e+04 cycle=171500 time=2.840928e+00 dt=1.320645e-05
elapsed=2.372093e+04 cycle=171600 time=2.842256e+00 dt=1.333055e-05
elapsed=2.373918e+04 cycle=171700 time=2.843659e+00 dt=1.498275e-05
elapsed=2.375927e+04 cycle=171800 time=2.845157e+00 dt=1.483834e-05
elapsed=2.377710e+04 cycle=171900 time=2.846624e+00 dt=1.456127e-05
elapsed=2.379702e+04 cycle=172000 time=2.848086e+00 dt=1.467681e-05
elapsed=2.381481e+04 cycle=172100 time=2.849564e+00 dt=1.487058e-05
elapsed=2.383501e+04 cycle=172200 time=2.851066e+00 dt=1.528822e-05
elapsed=2.385280e+04 cycle=172300 time=2.852574e+00 dt=1.472462e-05
elapsed=2.387271e+04 cycle=172400 time=2.854014e+00 dt=1.409168e-05
elapsed=2.389048e+04 cycle=172500 time=2.855397e+00 dt=1.358980e-05
elapsed=2.391029e+04 cycle=172600 time=2.856728e+00 dt=1.293125e-05
elapsed=2.392786e+04 cycle=172700 time=2.857991e+00 dt=1.239581e-05
elapsed=2.394749e+04 cycle=172800 time=2.859237e+00 dt=1.263660e-05
elapsed=2.396504e+04 cycle=172900 time=2.860539e+00 dt=1.364629e-05
elapsed=2.398465e+04 cycle=173000 time=2.862059e+00 dt=1.549012e-05
elapsed=2.400213e+04 cycle=173100 time=2.863598e+00 dt=1.530499e-05
elapsed=2.402172e+04 cycle=173200 time=2.865108e+00 dt=1.489192e-05
elapsed=2.403921e+04 cycle=173300 time=2.866581e+00 dt=1.448162e-05
elapsed=2.405880e+04 cycle=173400 time=2.868010e+00 dt=1.411391e-05
elapsed=2.407627e+04 cycle=173500 time=2.869417e+00 dt=1.414519e-05
elapsed=2.409595e+04 cycle=173600 time=2.870879e+00 dt=1.506117e-05
elapsed=2.411344e+04 cycle=173700 time=2.872374e+00 dt=1.475551e-05
elapsed=2.413305e+04 cycle=173800 time=2.873826e+00 dt=1.431839e-05
elapsed=2.415052e+04 cycle=173900 time=2.875253e+00 dt=1.429527e-05
elapsed=2.417004e+04 cycle=174000 time=2.876685e+00 dt=1.438602e-05
elapsed=2.418753e+04 cycle=174100 time=2.878112e+00 dt=1.392996e-05
elapsed=2.420704e+04 cycle=174200 time=2.879459e+00 dt=1.305746e-05
elapsed=2.422449e+04 cycle=174300 time=2.880749e+00 dt=1.276319e-05
elapsed=2.424396e+04 cycle=174400 time=2.882015e+00 dt=1.288581e-05
elapsed=2.426129e+04 cycle=174500 time=2.883341e+00 dt=1.360509e-05
elapsed=2.428071e+04 cycle=174600 time=2.884694e+00 dt=1.332961e-05
elapsed=2.429797e+04 cycle=174700 time=2.886021e+00 dt=1.333132e-05
elapsed=2.431711e+04 cycle=174800 time=2.887379e+00 dt=1.365890e-05
elapsed=2.433444e+04 cycle=174900 time=2.888710e+00 dt=1.330565e-05
elapsed=2.435349e+04 cycle=175000 time=2.890099e+00 dt=1.411738e-05
elapsed=2.437081e+04 cycle=175100 time=2.891553e+00 dt=1.498054e-05
elapsed=2.438958e+04 cycle=175200 time=2.893073e+00 dt=1.530500e-05
elapsed=2.440692e+04 cycle=175300 time=2.894607e+00 dt=1.544908e-05
elapsed=2.442509e+04 cycle=175400 time=2.896165e+00 dt=1.570817e-05
elapsed=2.444281e+04 cycle=175500 time=2.897742e+00 dt=1.582007e-05
elapsed=2.446036e+04 cycle=175600 time=2.899341e+00 dt=1.620333e-05
elapsed=2.447860e+04 cycle=175700 time=2.900957e+00 dt=1.592942e-05
elapsed=2.449574e+04 cycle=175800 time=2.902525e+00 dt=1.538256e-05
elapsed=2.451406e+04 cycle=175900 time=2.904027e+00 dt=1.466128e-05
elapsed=2.453072e+04 cycle=176000 time=2.905459e+00 dt=1.393187e-05
elapsed=2.454931e+04 cycle=176100 time=2.906820e+00 dt=1.338580e-05
elapsed=2.456582e+04 cycle=176200 time=2.908128e+00 dt=1.253690e-05
elapsed=2.458440e+04 cycle=176300 time=2.909356e+00 dt=1.254187e-05
elapsed=2.460091e+04 cycle=176400 time=2.910679e+00 dt=1.483726e-05
elapsed=2.461946e+04 cycle=176500 time=2.912236e+00 dt=1.575783e-05
elapsed=2.463582e+04 cycle=176600 time=2.913737e+00 dt=1.417849e-05
elapsed=2.465403e+04 cycle=176700 time=2.915140e+00 dt=1.459370e-05
elapsed=2.467055e+04 cycle=176800 time=2.916640e+00 dt=1.496560e-05
elapsed=2.468834e+04 cycle=176900 time=2.918145e+00 dt=1.530618e-05
elapsed=2.470504e+04 cycle=177000 time=2.919667e+00 dt=1.508943e-05
elapsed=2.472160e+04 cycle=177100 time=2.921231e+00 dt=1.582540e-05
elapsed=2.473944e+04 cycle=177200 time=2.922759e+00 dt=1.558231e-05
elapsed=2.475551e+04 cycle=177300 time=2.924359e+00 dt=1.566004e-05
elapsed=2.477362e+04 cycle=177400 time=2.925917e+00 dt=1.562772e-05
elapsed=2.478956e+04 cycle=177500 time=2.927468e+00 dt=1.532013e-05
elapsed=2.480755e+04 cycle=177600 time=2.928984e+00 dt=1.501600e-05
elapsed=2.482348e+04 cycle=177700 time=2.930487e+00 dt=1.509336e-05
elapsed=2.484080e+04 cycle=177800 time=2.932003e+00 dt=1.520669e-05
elapsed=2.485722e+04 cycle=177900 time=2.933528e+00 dt=1.497752e-05
elapsed=2.487356e+04 cycle=178000 time=2.935022e+00 dt=1.559531e-05
elapsed=2.489071e+04 cycle=178100 time=2.936570e+00 dt=1.519600e-05
elapsed=2.490627e+04 cycle=178200 time=2.938057e+00 dt=1.461021e-05
elapsed=2.492390e+04 cycle=178300 time=2.939502e+00 dt=1.436014e-05
elapsed=2.493936e+04 cycle=178400 time=2.940926e+00 dt=1.413598e-05
elapsed=2.495685e+04 cycle=178500 time=2.942331e+00 dt=1.400200e-05
elapsed=2.497209e+04 cycle=178600 time=2.943737e+00 dt=1.389630e-05
elapsed=2.498938e+04 cycle=178700 time=2.945114e+00 dt=1.373847e-05
elapsed=2.500445e+04 cycle=178800 time=2.946523e+00 dt=1.448372e-05
elapsed=2.502030e+04 cycle=178900 time=2.947952e+00 dt=1.443455e-05
elapsed=2.503642e+04 cycle=179000 time=2.949443e+00 dt=1.513403e-05
elapsed=2.505129e+04 cycle=179100 time=2.950939e+00 dt=1.460108e-05
elapsed=2.506812e+04 cycle=179200 time=2.952386e+00 dt=1.451998e-05
elapsed=2.508271e+04 cycle=179300 time=2.953841e+00 dt=1.448624e-05
elapsed=2.509935e+04 cycle=179400 time=2.955221e+00 dt=1.323488e-05
elapsed=2.511379e+04 cycle=179500 time=2.956608e+00 dt=1.429264e-05
elapsed=2.512897e+04 cycle=179600 time=2.958034e+00 dt=1.419958e-05
elapsed=2.514453e+04 cycle=179700 time=2.959457e+00 dt=1.430047e-05
elapsed=2.515881e+04 cycle=179800 time=2.960904e+00 dt=1.466456e-05
elapsed=2.517507e+04 cycle=179900 time=2.962369e+00 dt=1.443720e-05
elapsed=2.518916e+04 cycle=180000 time=2.963820e+00 dt=1.482913e-05
elapsed=2.520456e+04 cycle=180100 time=2.965363e+00 dt=1.598861e-05
elapsed=2.521934e+04 cycle=180200 time=2.966957e+00 dt=1.581212e-05
elapsed=2.523326e+04 cycle=180300 time=2.968523e+00 dt=1.543538e-05
elapsed=2.524926e+04 cycle=180400 time=2.970034e+00 dt=1.483432e-05
elapsed=2.526306e+04 cycle=180500 time=2.971508e+00 dt=1.481531e-05
elapsed=2.527731e+04 cycle=180600 time=2.973040e+00 dt=1.584017e-05
elapsed=2.529259e+04 cycle=180700 time=2.974665e+00 dt=1.631646e-05
elapsed=2.530621e+04 cycle=180800 time=2.976286e+00 dt=1.605914e-05
elapsed=2.532184e+04 cycle=180900 time=2.977882e+00 dt=1.589559e-05
elapsed=2.533530e+04 cycle=181000 time=2.979465e+00 dt=1.567294e-05
elapsed=2.534875e+04 cycle=181100 time=2.980992e+00 dt=1.498321e-05
elapsed=2.536417e+04 cycle=181200 time=2.982493e+00 dt=1.515986e-05
elapsed=2.537747e+04 cycle=181300 time=2.984005e+00 dt=1.497578e-05
elapsed=2.539149e+04 cycle=181400 time=2.985490e+00 dt=1.472547e-05
elapsed=2.540607e+04 cycle=181500 time=2.986956e+00 dt=1.461532e-05
elapsed=2.541926e+04 cycle=181600 time=2.988410e+00 dt=1.443677e-05
elapsed=2.543397e+04 cycle=181700 time=2.989841e+00 dt=1.417711e-05
elapsed=2.544769e+04 cycle=181800 time=2.991245e+00 dt=1.392973e-05
elapsed=2.546077e+04 cycle=181900 time=2.992631e+00 dt=1.378709e-05
elapsed=2.547589e+04 cycle=182000 time=2.994010e+00 dt=1.381396e-05
elapsed=2.548886e+04 cycle=182100 time=2.995388e+00 dt=1.373340e-05
elapsed=2.550192e+04 cycle=182200 time=2.996760e+00 dt=1.370063e-05
elapsed=2.551671e+04 cycle=182300 time=2.998126e+00 dt=1.357365e-05
elapsed=2.552951e+04 cycle=182400 time=2.999481e+00 dt=1.362130e-05
elapsed=2.554277e+04 cycle=182500 time=3.000864e+00 dt=1.403846e-05
elapsed=2.555743e+04 cycle=182600 time=3.002264e+00 dt=1.384245e-05
elapsed=2.557010e+04 cycle=182700 time=3.003633e+00 dt=1.354239e-05
elapsed=2.558356e+04 cycle=182800 time=3.004971e+00 dt=1.318849e-05
elapsed=2.559761e+04 cycle=182900 time=3.006274e+00 dt=1.290773e-05
elapsed=2.561010e+04 cycle=183000 time=3.007565e+00 dt=1.303741e-05
elapsed=2.562337e+04 cycle=183100 time=3.008885e+00 dt=1.348953e-05
elapsed=2.563707e+04 cycle=183200 time=3.010254e+00 dt=1.376961e-05
elapsed=2.564939e+04 cycle=183300 time=3.011636e+00 dt=1.391982e-05
elapsed=2.566258e+04 cycle=183400 time=3.013040e+00 dt=1.419679e-05
elapsed=2.567591e+04 cycle=183500 time=3.014468e+00 dt=1.428194e-05
elapsed=2.568801e+04 cycle=183600 time=3.015883e+00 dt=1.398575e-05
elapsed=2.570085e+04 cycle=183700 time=3.017253e+00 dt=1.336773e-05
elapsed=2.571406e+04 cycle=183800 time=3.018589e+00 dt=1.353826e-05
elapsed=2.572594e+04 cycle=183900 time=3.019998e+00 dt=1.463764e-05
elapsed=2.573868e+04 cycle=184000 time=3.021461e+00 dt=1.447117e-05
elapsed=2.575165e+04 cycle=184100 time=3.022885e+00 dt=1.393429e-05
elapsed=2.576330e+04 cycle=184200 time=3.024251e+00 dt=1.332377e-05
elapsed=2.577580e+04 cycle=184300 time=3.025577e+00 dt=1.348160e-05
elapsed=2.578836e+04 cycle=184400 time=3.026956e+00 dt=1.371625e-05
elapsed=2.579969e+04 cycle=184500 time=3.028338e+00 dt=1.379762e-05
elapsed=2.581141e+04 cycle=184600 time=3.029734e+00 dt=1.409259e-05
elapsed=2.582416e+04 cycle=184700 time=3.031148e+00 dt=1.422206e-05
elapsed=2.583516e+04 cycle=184800 time=3.032562e+00 dt=1.380490e-05
elapsed=2.584614e+04 cycle=184900 time=3.033906e+00 dt=1.311071e-05
elapsed=2.585889e+04 cycle=185000 time=3.035210e+00 dt=1.334564e-05
elapsed=2.586959e+04 cycle=185100 time=3.036550e+00 dt=1.348246e-05
elapsed=2.588020e+04 cycle=185200 time=3.037891e+00 dt=1.334402e-05
elapsed=2.589215e+04 cycle=185300 time=3.039238e+00 dt=1.375455e-05
elapsed=2.590331e+04 cycle=185400 time=3.040650e+00 dt=1.474838e-05
elapsed=2.591371e+04 cycle=185500 time=3.042158e+00 dt=1.474448e-05
elapsed=2.592455e+04 cycle=185600 time=3.043633e+00 dt=1.464834e-05
elapsed=2.593640e+04 cycle=185700 time=3.045074e+00 dt=1.409401e-05
elapsed=2.594665e+04 cycle=185800 time=3.046505e+00 dt=1.506436e-05
elapsed=2.595687e+04 cycle=185900 time=3.048018e+00 dt=1.498896e-05
elapsed=2.596845e+04 cycle=186000 time=3.049552e+00 dt=1.590213e-05
elapsed=2.597958e+04 cycle=186100 time=3.051156e+00 dt=1.568390e-05
elapsed=2.598973e+04 cycle=186200 time=3.052741e+00 dt=1.575441e-05
elapsed=2.599987e+04 cycle=186300 time=3.054275e+00 dt=1.498233e-05
elapsed=2.601203e+04 cycle=186400 time=3.055752e+00 dt=1.473849e-05
elapsed=2.602216e+04 cycle=186500 time=3.057244e+00 dt=1.484570e-05
elapsed=2.603227e+04 cycle=186600 time=3.058729e+00 dt=1.490309e-05
elapsed=2.604321e+04 cycle=186700 time=3.060204e+00 dt=1.467758e-05
elapsed=2.605454e+04 cycle=186800 time=3.061654e+00 dt=1.435507e-05
elapsed=2.606458e+04 cycle=186900 time=3.063100e+00 dt=1.448980e-05
elapsed=2.607461e+04 cycle=187000 time=3.064519e+00 dt=1.400626e-05
elapsed=2.608669e+04 cycle=187100 time=3.065997e+00 dt=1.582703e-05
elapsed=2.609669e+04 cycle=187200 time=3.067575e+00 dt=1.557360e-05
elapsed=2.610668e+04 cycle=187300 time=3.069116e+00 dt=1.525686e-05
elapsed=2.611783e+04 cycle=187400 time=3.070640e+00 dt=1.511170e-05
elapsed=2.612881e+04 cycle=187500 time=3.072166e+00 dt=1.523654e-05
elapsed=2.613880e+04 cycle=187600 time=3.073682e+00 dt=1.534247e-05
elapsed=2.614878e+04 cycle=187700 time=3.075232e+00 dt=1.546177e-05
elapsed=2.616100e+04 cycle=187800 time=3.076794e+00 dt=1.580316e-05
elapsed=2.617105e+04 cycle=187900 time=3.078377e+00 dt=1.561687e-05
elapsed=2.618110e+04 cycle=188000 time=3.079912e+00 dt=1.502149e-05
elapsed=2.619150e+04 cycle=188100 time=3.081377e+00 dt=1.429286e-05
elapsed=2.620335e+04 cycle=188200 time=3.082778e+00 dt=1.375607e-05
elapsed=2.621342e+04 cycle=188300 time=3.084147e+00 dt=1.381086e-05
elapsed=2.622348e+04 cycle=188400 time=3.085566e+00 dt=1.479886e-05
elapsed=2.623507e+04 cycle=188500 time=3.087067e+00 dt=1.501572e-05
elapsed=2.624570e+04 cycle=188600 time=3.088623e+00 dt=1.610864e-05
elapsed=2.625587e+04 cycle=188700 time=3.090225e+00 dt=1.586059e-05
elapsed=2.626606e+04 cycle=188800 time=3.091804e+00 dt=1.581259e-05
elapsed=2.627815e+04 cycle=188900 time=3.093397e+00 dt=1.601019e-05
elapsed=2.628828e+04 cycle=189000 time=3.094993e+00 dt=1.609261e-05
elapsed=2.629839e+04 cycle=189100 time=3.096633e+00 dt=1.622830e-05
elapsed=2.630963e+04 cycle=189200 time=3.098204e+00 dt=1.516051e-05
elapsed=2.632067e+04 cycle=189300 time=3.099674e+00 dt=1.413278e-05
elapsed=2.633088e+04 cycle=189400 time=3.101035e+00 dt=1.338872e-05
elapsed=2.634101e+04 cycle=189500 time=3.102441e+00 dt=1.570634e-05
elapsed=2.635323e+04 cycle=189600 time=3.104030e+00 dt=1.622438e-05
elapsed=2.636336e+04 cycle=189700 time=3.105647e+00 dt=1.599003e-05
elapsed=2.637349e+04 cycle=189800 time=3.107225e+00 dt=1.560707e-05
elapsed=2.638467e+04 cycle=189900 time=3.108744e+00 dt=1.469866e-05
elapsed=2.639614e+04 cycle=190000 time=3.110225e+00 dt=1.485891e-05
elapsed=2.640631e+04 cycle=190100 time=3.111701e+00 dt=1.468512e-05
elapsed=2.641651e+04 cycle=190200 time=3.113201e+00 dt=1.517457e-05
elapsed=2.642874e+04 cycle=190300 time=3.114709e+00 dt=1.499809e-05
elapsed=2.643933e+04 cycle=190400 time=3.116202e+00 dt=1.487574e-05
elapsed=2.644960e+04 cycle=190500 time=3.117689e+00 dt=1.498944e-05
elapsed=2.645990e+04 cycle=190600 time=3.119218e+00 dt=1.525466e-05
elapsed=2.647239e+04 cycle=190700 time=3.120733e+00 dt=1.516434e-05
elapsed=2.648288e+04 cycle=190800 time=3.122236e+00 dt=1.489141e-05
elapsed=2.649318e+04 cycle=190900 time=3.123721e+00 dt=1.488699e-05
elapsed=2.650409e+04 cycle=191000 time=3.125218e+00 dt=1.509718e-05
elapsed=2.651587e+04 cycle=191100 time=3.126745e+00 dt=1.512637e-05
elapsed=2.652618e+04 cycle=191200 time=3.128244e+00 dt=1.495513e-05
elapsed=2.653649e+04 cycle=191300 time=3.129735e+00 dt=1.509529e-05
elapsed=2.654893e+04 cycle=191400 time=3.131237e+00 dt=1.525352e-05
elapsed=2.655923e+04 cycle=191500 time=3.132739e+00 dt=1.510002e-05
elapsed=2.656956e+04 cycle=191600 time=3.134234e+00 dt=1.496506e-05
elapsed=2.658069e+04 cycle=191700 time=3.135800e+00 dt=1.600926e-05
elapsed=2.659217e+04 cycle=191800 time=3.137345e+00 dt=1.500943e-05
elapsed=2.660245e+04 cycle=191900 time=3.138934e+00 dt=1.569124e-05
elapsed=2.661282e+04 cycle=192000 time=3.140538e+00 dt=1.658185e-05
elapsed=2.662524e+04 cycle=192100 time=3.142170e+00 dt=1.588638e-05
elapsed=2.663563e+04 cycle=192200 time=3.143673e+00 dt=1.424850e-05
elapsed=2.664597e+04 cycle=192300 time=3.145092e+00 dt=1.443494e-05
elapsed=2.665774e+04 cycle=192400 time=3.146644e+00 dt=1.608020e-05
elapsed=2.666878e+04 cycle=192500 time=3.148248e+00 dt=1.588839e-05
elapsed=2.667920e+04 cycle=192600 time=3.149821e+00 dt=1.553658e-05
elapsed=2.668995e+04 cycle=192700 time=3.151366e+00 dt=1.542159e-05
elapsed=2.670219e+04 cycle=192800 time=3.152884e+00 dt=1.490860e-05
elapsed=2.671264e+04 cycle=192900 time=3.154372e+00 dt=1.488718e-05
elapsed=2.672309e+04 cycle=193000 time=3.155863e+00 dt=1.506513e-05
elapsed=2.673549e+04 cycle=193100 time=3.157321e+00 dt=1.394101e-05
elapsed=2.674629e+04 cycle=193200 time=3.158673e+00 dt=1.351025e-05
elapsed=2.675686e+04 cycle=193300 time=3.160075e+00 dt=1.424534e-05
elapsed=2.676762e+04 cycle=193400 time=3.161581e+00 dt=1.558989e-05
elapsed=2.677986e+04 cycle=193500 time=3.163110e+00 dt=1.501315e-05
elapsed=2.679034e+04 cycle=193600 time=3.164551e+00 dt=1.422994e-05
elapsed=2.680082e+04 cycle=193700 time=3.165990e+00 dt=1.448775e-05
elapsed=2.681337e+04 cycle=193800 time=3.167481e+00 dt=1.558837e-05
elapsed=2.682387e+04 cycle=193900 time=3.169107e+00 dt=1.658901e-05
elapsed=2.683446e+04 cycle=194000 time=3.170738e+00 dt=1.567201e-05
elapsed=2.684590e+04 cycle=194100 time=3.172351e+00 dt=1.683429e-05
elapsed=2.685758e+04 cycle=194200 time=3.174024e+00 dt=1.647308e-05
elapsed=2.686813e+04 cycle=194300 time=3.175641e+00 dt=1.575959e-05
elapsed=2.687869e+04 cycle=194400 time=3.177164e+00 dt=1.481247e-05
elapsed=2.689131e+04 cycle=194500 time=3.178653e+00 dt=1.489389e-05
elapsed=2.690193e+04 cycle=194600 time=3.180099e+00 dt=1.420400e-05
elapsed=2.691249e+04 cycle=194700 time=3.181579e+00 dt=1.609125e-05
elapsed=2.692499e+04 cycle=194800 time=3.183185e+00 dt=1.577296e-05
elapsed=2.693566e+04 cycle=194900 time=3.184731e+00 dt=1.529739e-05
elapsed=2.694619e+04 cycle=195000 time=3.186232e+00 dt=1.478955e-05
elapsed=2.695785e+04 cycle=195100 time=3.187722e+00 dt=1.479565e-05
elapsed=2.696933e+04 cycle=195200 time=3.189191e+00 dt=1.443174e-05
elapsed=2.697996e+04 cycle=195300 time=3.190596e+00 dt=1.378469e-05
elapsed=2.699058e+04 cycle=195400 time=3.191994e+00 dt=1.507828e-05
elapsed=2.700340e+04 cycle=195500 time=3.193484e+00 dt=1.454897e-05
elapsed=2.701398e+04 cycle=195600 time=3.194929e+00 dt=1.471448e-05
elapsed=2.702458e+04 cycle=195700 time=3.196450e+00 dt=1.508925e-05
elapsed=2.703656e+04 cycle=195800 time=3.197897e+00 dt=1.402203e-05
elapsed=2.704785e+04 cycle=195900 time=3.199293e+00 dt=1.375679e-05
elapsed=2.705855e+04 cycle=196000 time=3.200662e+00 dt=1.370545e-05
elapsed=2.706925e+04 cycle=196100 time=3.202041e+00 dt=1.371085e-05
elapsed=2.708187e+04 cycle=196200 time=3.203407e+00 dt=1.354284e-05
elapsed=2.709252e+04 cycle=196300 time=3.204760e+00 dt=1.340314e-05
elapsed=2.710318e+04 cycle=196400 time=3.206094e+00 dt=1.380931e-05
elapsed=2.711588e+04 cycle=196500 time=3.207559e+00 dt=1.508162e-05
elapsed=2.712655e+04 cycle=196600 time=3.209064e+00 dt=1.505012e-05
elapsed=2.713730e+04 cycle=196700 time=3.210571e+00 dt=1.510600e-05
elapsed=2.714871e+04 cycle=196800 time=3.211996e+00 dt=1.379113e-05
elapsed=2.716073e+04 cycle=196900 time=3.213521e+00 dt=1.525501e-05
elapsed=2.717144e+04 cycle=197000 time=3.215003e+00 dt=1.458990e-05
elapsed=2.718218e+04 cycle=197100 time=3.216473e+00 dt=1.469114e-05
elapsed=2.719524e+04 cycle=197200 time=3.217949e+00 dt=1.493086e-05
elapsed=2.720605e+04 cycle=197300 time=3.219464e+00 dt=1.534298e-05
elapsed=2.721694e+04 cycle=197400 time=3.220984e+00 dt=1.502050e-05
elapsed=2.722916e+04 cycle=197500 time=3.222529e+00 dt=1.534390e-05
elapsed=2.724073e+04 cycle=197600 time=3.224065e+00 dt=1.552353e-05
elapsed=2.725162e+04 cycle=197700 time=3.225615e+00 dt=1.551613e-05
elapsed=2.726282e+04 cycle=197800 time=3.227122e+00 dt=1.455686e-05
elapsed=2.727581e+04 cycle=197900 time=3.228525e+00 dt=1.348019e-05
elapsed=2.728680e+04 cycle=198000 time=3.229834e+00 dt=1.280626e-05
elapsed=2.729787e+04 cycle=198100 time=3.231115e+00 dt=1.296197e-05
elapsed=2.731043e+04 cycle=198200 time=3.232458e+00 dt=1.394322e-05
elapsed=2.732230e+04 cycle=198300 time=3.233912e+00 dt=1.509192e-05
elapsed=2.733338e+04 cycle=198400 time=3.235444e+00 dt=1.558459e-05
elapsed=2.734515e+04 cycle=198500 time=3.237026e+00 dt=1.617233e-05
elapsed=2.735798e+04 cycle=198600 time=3.238650e+00 dt=1.604925e-05
elapsed=2.736922e+04 cycle=198700 time=3.240199e+00 dt=1.496202e-05
elapsed=2.738040e+04 cycle=198800 time=3.241647e+00 dt=1.402104e-05
elapsed=2.739367e+04 cycle=198900 time=3.243040e+00 dt=1.419280e-05
elapsed=2.740489e+04 cycle=199000 time=3.244532e+00 dt=1.597924e-05
elapsed=2.741612e+04 cycle=199100 time=3.246115e+00 dt=1.536148e-05
elapsed=2.742942e+04 cycle=199200 time=3.247603e+00 dt=1.449641e-05
elapsed=2.744068e+04 cycle=199300 time=3.249034e+00 dt=1.435979e-05
elapsed=2.745203e+04 cycle=199400 time=3.250539e+00 dt=1.578697e-05
elapsed=2.746496e+04 cycle=199500 time=3.252143e+00 dt=1.644006e-05
elapsed=2.747673e+04 cycle=199600 time=3.253713e+00 dt=1.525793e-05
elapsed=2.748807e+04 cycle=199700 time=3.255246e+00 dt=1.532718e-05
elapsed=2.750062e+04 cycle=199800 time=3.256801e+00 dt=1.585205e-05
elapsed=2.751287e+04 cycle=199900 time=3.258416e+00 dt=1.645790e-05
elapsed=2.752434e+04 cycle=200000 time=3.260060e+00 dt=1.638126e-05
elapsed=2.753631e+04 cycle=200100 time=3.261700e+00 dt=1.640951e-05
elapsed=2.754933e+04 cycle=200200 time=3.263363e+00 dt=1.691563e-05
elapsed=2.756081e+04 cycle=200300 time=3.265025e+00 dt=1.625667e-05
elapsed=2.757253e+04 cycle=200400 time=3.266627e+00 dt=1.560892e-05
elapsed=2.758592e+04 cycle=200500 time=3.268218e+00 dt=1.664041e-05
elapsed=2.759748e+04 cycle=200600 time=3.269835e+00 dt=1.564365e-05
elapsed=2.760939e+04 cycle=200700 time=3.271369e+00 dt=1.503385e-05
elapsed=2.762280e+04 cycle=200800 time=3.272863e+00 dt=1.499419e-05
elapsed=2.763440e+04 cycle=200900 time=3.274394e+00 dt=1.597127e-05
elapsed=2.764605e+04 cycle=201000 time=3.275984e+00 dt=1.551888e-05
elapsed=2.765974e+04 cycle=201100 time=3.277514e+00 dt=1.529346e-05
elapsed=2.767141e+04 cycle=201200 time=3.279096e+00 dt=1.647620e-05
elapsed=2.768318e+04 cycle=201300 time=3.280708e+00 dt=1.571655e-05
elapsed=2.769721e+04 cycle=201400 time=3.282256e+00 dt=1.595778e-05
elapsed=2.770893e+04 cycle=201500 time=3.283969e+00 dt=1.750197e-05
elapsed=2.772068e+04 cycle=201600 time=3.285710e+00 dt=1.722482e-05
elapsed=2.773453e+04 cycle=201700 time=3.287415e+00 dt=1.692332e-05
elapsed=2.774631e+04 cycle=201800 time=3.289102e+00 dt=1.683896e-05
elapsed=2.775817e+04 cycle=201900 time=3.290785e+00 dt=1.682708e-05
elapsed=2.777205e+04 cycle=202000 time=3.292453e+00 dt=1.658005e-05
elapsed=2.778385e+04 cycle=202100 time=3.294109e+00 dt=1.654180e-05
elapsed=2.779566e+04 cycle=202200 time=3.295757e+00 dt=1.645674e-05
elapsed=2.780957e+04 cycle=202300 time=3.297389e+00 dt=1.619035e-05
elapsed=2.782139e+04 cycle=202400 time=3.298999e+00 dt=1.602233e-05
elapsed=2.783328e+04 cycle=202500 time=3.300587e+00 dt=1.578109e-05
elapsed=2.784722e+04 cycle=202600 time=3.302172e+00 dt=1.581457e-05
elapsed=2.785928e+04 cycle=202700 time=3.303764e+00 dt=1.607486e-05
elapsed=2.787115e+04 cycle=202800 time=3.305372e+00 dt=1.604076e-05
elapsed=2.788511e+04 cycle=202900 time=3.306976e+00 dt=1.612085e-05
elapsed=2.789701e+04 cycle=203000 time=3.308578e+00 dt=1.569933e-05
elapsed=2.790904e+04 cycle=203100 time=3.310114e+00 dt=1.509919e-05
elapsed=2.792270e+04 cycle=203200 time=3.311581e+00 dt=1.411911e-05
elapsed=2.793537e+04 cycle=203300 time=3.312940e+00 dt=1.305342e-05
elapsed=2.794741e+04 cycle=203400 time=3.314195e+00 dt=1.222987e-05
elapsed=2.796020e+04 cycle=203500 time=3.315566e+00 dt=1.562793e-05
elapsed=2.797366e+04 cycle=203600 time=3.317125e+00 dt=1.530218e-05
elapsed=2.798580e+04 cycle=203700 time=3.318608e+00 dt=1.440957e-05
elapsed=2.799872e+04 cycle=203800 time=3.320037e+00 dt=1.442203e-05
elapsed=2.801235e+04 cycle=203900 time=3.321558e+00 dt=1.589925e-05
elapsed=2.802459e+04 cycle=204000 time=3.323162e+00 dt=1.604261e-05
elapsed=2.803809e+04 cycle=204100 time=3.324765e+00 dt=1.615605e-05
elapsed=2.805144e+04 cycle=204200 time=3.326438e+00 dt=1.706890e-05
elapsed=2.806372e+04 cycle=204300 time=3.328138e+00 dt=1.675615e-05
elapsed=2.807746e+04 cycle=204400 time=3.329728e+00 dt=1.556859e-05
elapsed=2.809059e+04 cycle=204500 time=3.331351e+00 dt=1.687012e-05
elapsed=2.810299e+04 cycle=204600 time=3.333039e+00 dt=1.681185e-05
elapsed=2.811698e+04 cycle=204700 time=3.334712e+00 dt=1.665481e-05
elapsed=2.813022e+04 cycle=204800 time=3.336368e+00 dt=1.641710e-05
elapsed=2.814274e+04 cycle=204900 time=3.337992e+00 dt=1.604030e-05
elapsed=2.815721e+04 cycle=205000 time=3.339575e+00 dt=1.570001e-05
elapsed=2.817029e+04 cycle=205100 time=3.341160e+00 dt=1.575470e-05
elapsed=2.818289e+04 cycle=205200 time=3.342720e+00 dt=1.584000e-05
elapsed=2.819766e+04 cycle=205300 time=3.344343e+00 dt=1.646353e-05
elapsed=2.821030e+04 cycle=205400 time=3.345954e+00 dt=1.506678e-05
elapsed=2.822296e+04 cycle=205500 time=3.347495e+00 dt=1.628384e-05
elapsed=2.823779e+04 cycle=205600 time=3.349109e+00 dt=1.605782e-05
elapsed=2.825058e+04 cycle=205700 time=3.350623e+00 dt=1.464494e-05
elapsed=2.826355e+04 cycle=205800 time=3.352009e+00 dt=1.339842e-05
elapsed=2.827833e+04 cycle=205900 time=3.353337e+00 dt=1.321643e-05
elapsed=2.829120e+04 cycle=206000 time=3.354661e+00 dt=1.326319e-05
elapsed=2.830610e+04 cycle=206100 time=3.355993e+00 dt=1.338027e-05
elapsed=2.831921e+04 cycle=206200 time=3.357330e+00 dt=1.336467e-05
elapsed=2.833221e+04 cycle=206300 time=3.358665e+00 dt=1.322422e-05
elapsed=2.834739e+04 cycle=206400 time=3.359979e+00 dt=1.374195e-05
elapsed=2.836056e+04 cycle=206500 time=3.361422e+00 dt=1.485012e-05
elapsed=2.837369e+04 cycle=206600 time=3.362989e+00 dt=1.542540e-05
elapsed=2.838899e+04 cycle=206700 time=3.364507e+00 dt=1.617310e-05
elapsed=2.840223e+04 cycle=206800 time=3.366127e+00 dt=1.559136e-05
elapsed=2.841551e+04 cycle=206900 time=3.367609e+00 dt=1.443167e-05
elapsed=2.843098e+04 cycle=207000 time=3.369089e+00 dt=1.545606e-05
elapsed=2.844442e+04 cycle=207100 time=3.370640e+00 dt=1.545851e-05
elapsed=2.845886e+04 cycle=207200 time=3.372185e+00 dt=1.563426e-05
elapsed=2.847345e+04 cycle=207300 time=3.373763e+00 dt=1.559703e-05
elapsed=2.848695e+04 cycle=207400 time=3.375299e+00 dt=1.510665e-05
elapsed=2.850261e+04 cycle=207500 time=3.376791e+00 dt=1.471666e-05
elapsed=2.851619e+04 cycle=207600 time=3.378239e+00 dt=1.425413e-05
elapsed=2.852979e+04 cycle=207700 time=3.379641e+00 dt=1.375636e-05
elapsed=2.854564e+04 cycle=207800 time=3.380995e+00 dt=1.346834e-05
elapsed=2.855932e+04 cycle=207900 time=3.382398e+00 dt=1.472651e-05
elapsed=2.857313e+04 cycle=208000 time=3.383872e+00 dt=1.453656e-05
elapsed=2.858891e+04 cycle=208100 time=3.385297e+00 dt=1.396297e-05
elapsed=2.860269e+04 cycle=208200 time=3.386681e+00 dt=1.381693e-05
elapsed=2.861707e+04 cycle=208300 time=3.388080e+00 dt=1.431177e-05
elapsed=2.863249e+04 cycle=208400 time=3.389561e+00 dt=1.486811e-05
elapsed=2.864644e+04 cycle=208500 time=3.391073e+00 dt=1.508055e-05
elapsed=2.866146e+04 cycle=208600 time=3.392529e+00 dt=1.435112e-05
elapsed=2.867640e+04 cycle=208700 time=3.394034e+00 dt=1.536573e-05
elapsed=2.869034e+04 cycle=208800 time=3.395515e+00 dt=1.425382e-05
elapsed=2.870645e+04 cycle=208900 time=3.396924e+00 dt=1.407671e-05
elapsed=2.872045e+04 cycle=209000 time=3.398381e+00 dt=1.500995e-05
elapsed=2.873462e+04 cycle=209100 time=3.399885e+00 dt=1.511657e-05
elapsed=2.875070e+04 cycle=209200 time=3.401374e+00 dt=1.459772e-05
elapsed=2.876475e+04 cycle=209300 time=3.402814e+00 dt=1.420305e-05
elapsed=2.877936e+04 cycle=209400 time=3.404255e+00 dt=1.448879e-05
elapsed=2.879501e+04 cycle=209500 time=3.405698e+00 dt=1.436553e-05
elapsed=2.880906e+04 cycle=209600 time=3.407125e+00 dt=1.407938e-05
elapsed=2.882452e+04 cycle=209700 time=3.408527e+00 dt=1.399929e-05
elapsed=2.883910e+04 cycle=209800 time=3.409927e+00 dt=1.409618e-05
elapsed=2.885316e+04 cycle=209900 time=3.411337e+00 dt=1.402368e-05
elapsed=2.886807e+04 cycle=210000 time=3.412697e+00 dt=1.319718e-05
elapsed=2.888321e+04 cycle=210100 time=3.414008e+00 dt=1.328229e-05
elapsed=2.889716e+04 cycle=210200 time=3.415359e+00 dt=1.400115e-05
elapsed=2.891172e+04 cycle=210300 time=3.416836e+00 dt=1.536201e-05
elapsed=2.892711e+04 cycle=210400 time=3.418357e+00 dt=1.513548e-05
elapsed=2.894102e+04 cycle=210500 time=3.419912e+00 dt=1.594634e-05
elapsed=2.895568e+04 cycle=210600 time=3.421484e+00 dt=1.545169e-05
elapsed=2.897116e+04 cycle=210700 time=3.423023e+00 dt=1.521431e-05
elapsed=2.898507e+04 cycle=210800 time=3.424535e+00 dt=1.504909e-05
elapsed=2.899960e+04 cycle=210900 time=3.426014e+00 dt=1.430490e-05
elapsed=2.901541e+04 cycle=211000 time=3.427382e+00 dt=1.336489e-05
elapsed=2.902982e+04 cycle=211100 time=3.428812e+00 dt=1.506841e-05
elapsed=2.904438e+04 cycle=211200 time=3.430309e+00 dt=1.483505e-05
elapsed=2.906033e+04 cycle=211300 time=3.431778e+00 dt=1.453069e-05
elapsed=2.907448e+04 cycle=211400 time=3.433230e+00 dt=1.461911e-05
elapsed=2.908933e+04 cycle=211500 time=3.434737e+00 dt=1.532484e-05
elapsed=2.910627e+04 cycle=211600 time=3.436262e+00 dt=1.520098e-05
elapsed=2.912127e+04 cycle=211700 time=3.437784e+00 dt=1.521444e-05
elapsed=2.913570e+04 cycle=211800 time=3.439303e+00 dt=1.518963e-05
elapsed=2.915099e+04 cycle=211900 time=3.440836e+00 dt=1.563690e-05
elapsed=2.916437e+04 cycle=212000 time=3.442422e+00 dt=1.587762e-05
elapsed=2.917771e+04 cycle=212100 time=3.444005e+00 dt=1.582653e-05
elapsed=2.919310e+04 cycle=212200 time=3.445575e+00 dt=1.558712e-05
elapsed=2.920635e+04 cycle=212300 time=3.447066e+00 dt=1.430812e-05
elapsed=2.921955e+04 cycle=212400 time=3.448554e+00 dt=1.555222e-05
elapsed=2.923482e+04 cycle=212500 time=3.450096e+00 dt=1.533414e-05
elapsed=2.924793e+04 cycle=212600 time=3.451625e+00 dt=1.523395e-05
elapsed=2.926100e+04 cycle=212700 time=3.453147e+00 dt=1.518426e-05
elapsed=2.927506e+04 cycle=212800 time=3.454656e+00 dt=1.500319e-05
elapsed=2.928905e+04 cycle=212900 time=3.456173e+00 dt=1.542690e-05
elapsed=2.930196e+04 cycle=213000 time=3.457734e+00 dt=1.566923e-05
elapsed=2.931484e+04 cycle=213100 time=3.459284e+00 dt=1.531231e-05
elapsed=2.932977e+04 cycle=213200 time=3.460794e+00 dt=1.488679e-05
elapsed=2.934265e+04 cycle=213300 time=3.462254e+00 dt=1.409684e-05
elapsed=2.935544e+04 cycle=213400 time=3.463620e+00 dt=1.351781e-05
elapsed=2.936920e+04 cycle=213500 time=3.465022e+00 dt=1.555412e-05
elapsed=2.938772e+04 cycle=213600 time=3.466593e+00 dt=1.522273e-05
elapsed=2.940316e+04 cycle=213700 time=3.468088e+00 dt=1.465950e-05
elapsed=2.941698e+04 cycle=213800 time=3.469698e+00 dt=1.624686e-05
elapsed=2.943054e+04 cycle=213900 time=3.471336e+00 dt=1.670904e-05
elapsed=2.944310e+04 cycle=214000 time=3.473002e+00 dt=1.679849e-05
elapsed=2.945563e+04 cycle=214100 time=3.474700e+00 dt=1.679558e-05
elapsed=2.947026e+04 cycle=214200 time=3.476358e+00 dt=1.627233e-05
elapsed=2.948271e+04 cycle=214300 time=3.477947e+00 dt=1.552382e-05
elapsed=2.949514e+04 cycle=214400 time=3.479469e+00 dt=1.488505e-05
elapsed=2.951060e+04 cycle=214500 time=3.480935e+00 dt=1.445662e-05
elapsed=2.952300e+04 cycle=214600 time=3.482393e+00 dt=1.488820e-05
elapsed=2.953538e+04 cycle=214700 time=3.484019e+00 dt=1.706130e-05
elapsed=2.954836e+04 cycle=214800 time=3.485688e+00 dt=1.626008e-05
elapsed=2.956223e+04 cycle=214900 time=3.487348e+00 dt=1.661771e-05
elapsed=2.957459e+04 cycle=215000 time=3.488956e+00 dt=1.550299e-05
elapsed=2.958702e+04 cycle=215100 time=3.490551e+00 dt=1.677720e-05
elapsed=2.960090e+04 cycle=215200 time=3.492223e+00 dt=1.671460e-05
elapsed=2.961783e+04 cycle=215300 time=3.493893e+00 dt=1.668350e-05
elapsed=2.963485e+04 cycle=215400 time=3.495562e+00 dt=1.680899e-05
elapsed=2.964859e+04 cycle=215500 time=3.497250e+00 dt=1.668566e-05
elapsed=2.966179e+04 cycle=215600 time=3.498879e+00 dt=1.582720e-05
elapsed=2.967654e+04 cycle=215700 time=3.500397e+00 dt=1.447445e-05
elapsed=2.968995e+04 cycle=215800 time=3.501906e+00 dt=1.654172e-05
elapsed=2.970424e+04 cycle=215900 time=3.503575e+00 dt=1.699724e-05
elapsed=2.971666e+04 cycle=216000 time=3.505290e+00 dt=1.723443e-05
elapsed=2.972903e+04 cycle=216100 time=3.507007e+00 dt=1.712077e-05
elapsed=2.974418e+04 cycle=216200 time=3.508709e+00 dt=1.696199e-05
elapsed=2.975662e+04 cycle=216300 time=3.510404e+00 dt=1.696013e-05
elapsed=2.976898e+04 cycle=216400 time=3.512101e+00 dt=1.702008e-05
elapsed=2.978350e+04 cycle=216500 time=3.513825e+00 dt=1.746207e-05
elapsed=2.979592e+04 cycle=216600 time=3.515584e+00 dt=1.757850e-05
elapsed=2.980836e+04 cycle=216700 time=3.517317e+00 dt=1.719730e-05
elapsed=2.982082e+04 cycle=216800 time=3.519017e+00 dt=1.683954e-05
elapsed=2.983552e+04 cycle=216900 time=3.520688e+00 dt=1.647447e-05
elapsed=2.984804e+04 cycle=217000 time=3.522321e+00 dt=1.615882e-05
elapsed=2.986058e+04 cycle=217100 time=3.523940e+00 dt=1.620772e-05
elapsed=2.987512e+04 cycle=217200 time=3.525569e+00 dt=1.637708e-05
elapsed=2.988786e+04 cycle=217300 time=3.527210e+00 dt=1.640066e-05
elapsed=2.990051e+04 cycle=217400 time=3.528848e+00 dt=1.628227e-05
elapsed=2.991386e+04 cycle=217500 time=3.530474e+00 dt=1.638336e-05
elapsed=2.992809e+04 cycle=217600 time=3.532117e+00 dt=1.603147e-05
elapsed=2.994089e+04 cycle=217700 time=3.533714e+00 dt=1.587630e-05
elapsed=2.995375e+04 cycle=217800 time=3.535281e+00 dt=1.547269e-05
elapsed=2.996883e+04 cycle=217900 time=3.536792e+00 dt=1.487349e-05
elapsed=2.998184e+04 cycle=218000 time=3.538294e+00 dt=1.548638e-05
elapsed=2.999491e+04 cycle=218100 time=3.539918e+00 dt=1.670285e-05
elapsed=3.001025e+04 cycle=218200 time=3.541563e+00 dt=1.612658e-05
elapsed=3.002346e+04 cycle=218300 time=3.543152e+00 dt=1.574477e-05
elapsed=3.003674e+04 cycle=218400 time=3.544730e+00 dt=1.554914e-05
elapsed=3.005223e+04 cycle=218500 time=3.546266e+00 dt=1.535549e-05
elapsed=3.006566e+04 cycle=218600 time=3.547901e+00 dt=1.654344e-05
elapsed=3.007918e+04 cycle=218700 time=3.549540e+00 dt=1.636521e-05
elapsed=3.009497e+04 cycle=218800 time=3.551204e+00 dt=1.684510e-05
elapsed=3.010865e+04 cycle=218900 time=3.552872e+00 dt=1.621971e-05
elapsed=3.012241e+04 cycle=219000 time=3.554511e+00 dt=1.679443e-05
elapsed=3.013838e+04 cycle=219100 time=3.556150e+00 dt=1.587972e-05
elapsed=3.015236e+04 cycle=219200 time=3.557687e+00 dt=1.493830e-05
elapsed=3.016645e+04 cycle=219300 time=3.559144e+00 dt=1.438844e-05
elapsed=3.018285e+04 cycle=219400 time=3.560583e+00 dt=1.493096e-05
elapsed=3.019717e+04 cycle=219500 time=3.562206e+00 dt=1.691365e-05
elapsed=3.021187e+04 cycle=219600 time=3.563887e+00 dt=1.706551e-05
elapsed=3.022829e+04 cycle=219700 time=3.565589e+00 dt=1.721479e-05
elapsed=3.024297e+04 cycle=219800 time=3.567296e+00 dt=1.691142e-05
elapsed=3.025808e+04 cycle=219900 time=3.568966e+00 dt=1.615910e-05
elapsed=3.027491e+04 cycle=220000 time=3.570566e+00 dt=1.579913e-05
elapsed=3.028998e+04 cycle=220100 time=3.572132e+00 dt=1.554204e-05
elapsed=3.030643e+04 cycle=220200 time=3.573691e+00 dt=1.562762e-05
elapsed=3.032262e+04 cycle=220300 time=3.575269e+00 dt=1.575490e-05
elapsed=3.033807e+04 cycle=220400 time=3.576844e+00 dt=1.574407e-05
elapsed=3.035568e+04 cycle=220500 time=3.578438e+00 dt=1.651115e-05
elapsed=3.037166e+04 cycle=220600 time=3.580113e+00 dt=1.687522e-05
elapsed=3.038759e+04 cycle=220700 time=3.581793e+00 dt=1.673692e-05
elapsed=3.040587e+04 cycle=220800 time=3.583455e+00 dt=1.658576e-05
elapsed=3.042215e+04 cycle=220900 time=3.585103e+00 dt=1.638855e-05
elapsed=3.044078e+04 cycle=221000 time=3.586735e+00 dt=1.623823e-05
elapsed=3.045740e+04 cycle=221100 time=3.588359e+00 dt=1.630371e-05
elapsed=3.047507e+04 cycle=221200 time=3.590004e+00 dt=1.657083e-05
elapsed=3.049338e+04 cycle=221300 time=3.591657e+00 dt=1.638334e-05
elapsed=3.051052e+04 cycle=221400 time=3.593273e+00 dt=1.584679e-05
elapsed=3.052978e+04 cycle=221500 time=3.594850e+00 dt=1.568039e-05
elapsed=3.054732e+04 cycle=221600 time=3.596432e+00 dt=1.622357e-05
elapsed=3.056725e+04 cycle=221700 time=3.598067e+00 dt=1.621306e-05
elapsed=3.058520e+04 cycle=221800 time=3.599681e+00 dt=1.609114e-05
elapsed=3.060561e+04 cycle=221900 time=3.601254e+00 dt=1.506389e-05
elapsed=3.062395e+04 cycle=222000 time=3.602715e+00 dt=1.449129e-05
elapsed=3.064462e+04 cycle=222100 time=3.604205e+00 dt=1.606122e-05
elapsed=3.066332e+04 cycle=222200 time=3.605789e+00 dt=1.548823e-05
elapsed=3.068318e+04 cycle=222300 time=3.607304e+00 dt=1.484583e-05
elapsed=3.070340e+04 cycle=222400 time=3.608776e+00 dt=1.452802e-05
elapsed=3.072270e+04 cycle=222500 time=3.610204e+00 dt=1.414658e-05
elapsed=3.074424e+04 cycle=222600 time=3.611631e+00 dt=1.434545e-05
elapsed=3.076382e+04 cycle=222700 time=3.613075e+00 dt=1.482443e-05
elapsed=3.078571e+04 cycle=222800 time=3.614616e+00 dt=1.557905e-05
elapsed=3.080563e+04 cycle=222900 time=3.616157e+00 dt=1.502013e-05
elapsed=3.082787e+04 cycle=223000 time=3.617644e+00 dt=1.506359e-05
elapsed=3.084814e+04 cycle=223100 time=3.619149e+00 dt=1.511206e-05
elapsed=3.087083e+04 cycle=223200 time=3.620699e+00 dt=1.540020e-05
elapsed=3.089147e+04 cycle=223300 time=3.622285e+00 dt=1.623942e-05
elapsed=3.091447e+04 cycle=223400 time=3.623908e+00 dt=1.617973e-05
elapsed=3.093554e+04 cycle=223500 time=3.625537e+00 dt=1.640706e-05
elapsed=3.095849e+04 cycle=223600 time=3.627170e+00 dt=1.615786e-05
elapsed=3.098048e+04 cycle=223700 time=3.628774e+00 dt=1.577046e-05
elapsed=3.100401e+04 cycle=223800 time=3.630349e+00 dt=1.581210e-05
elapsed=3.102606e+04 cycle=223900 time=3.631934e+00 dt=1.589716e-05
elapsed=3.105025e+04 cycle=224000 time=3.633508e+00 dt=1.550751e-05
elapsed=3.107269e+04 cycle=224100 time=3.635029e+00 dt=1.489328e-05
elapsed=3.109736e+04 cycle=224200 time=3.636503e+00 dt=1.479494e-05
elapsed=3.112005e+04 cycle=224300 time=3.638031e+00 dt=1.618231e-05
elapsed=3.114509e+04 cycle=224400 time=3.639631e+00 dt=1.644417e-05
elapsed=3.116824e+04 cycle=224500 time=3.641282e+00 dt=1.640258e-05
elapsed=3.119366e+04 cycle=224600 time=3.642900e+00 dt=1.585597e-05
elapsed=3.121709e+04 cycle=224700 time=3.644438e+00 dt=1.477923e-05
elapsed=3.124284e+04 cycle=224800 time=3.645862e+00 dt=1.374229e-05
elapsed=3.126656e+04 cycle=224900 time=3.647381e+00 dt=1.581471e-05
elapsed=3.129240e+04 cycle=225000 time=3.648988e+00 dt=1.656437e-05
elapsed=3.131652e+04 cycle=225100 time=3.650646e+00 dt=1.661670e-05
elapsed=3.134289e+04 cycle=225200 time=3.652319e+00 dt=1.685693e-05
elapsed=3.136735e+04 cycle=225300 time=3.653992e+00 dt=1.662363e-05
elapsed=3.139402e+04 cycle=225400 time=3.655637e+00 dt=1.627415e-05
elapsed=3.142061e+04 cycle=225500 time=3.657249e+00 dt=1.601774e-05
elapsed=3.144541e+04 cycle=225600 time=3.658853e+00 dt=1.609929e-05
elapsed=3.147259e+04 cycle=225700 time=3.660479e+00 dt=1.631527e-05
elapsed=3.149764e+04 cycle=225800 time=3.662076e+00 dt=1.597636e-05
elapsed=3.152497e+04 cycle=225900 time=3.663703e+00 dt=1.609463e-05
elapsed=3.155027e+04 cycle=226000 time=3.665300e+00 dt=1.578821e-05
elapsed=3.157783e+04 cycle=226100 time=3.666851e+00 dt=1.535999e-05
elapsed=3.160452e+04 cycle=226200 time=3.668393e+00 dt=1.576998e-05
elapsed=3.163119e+04 cycle=226300 time=3.669992e+00 dt=1.649230e-05
elapsed=3.165900e+04 cycle=226400 time=3.671677e+00 dt=1.646350e-05
elapsed=3.168494e+04 cycle=226500 time=3.673264e+00 dt=1.530204e-05
elapsed=3.171293e+04 cycle=226600 time=3.674748e+00 dt=1.440547e-05
elapsed=3.174010e+04 cycle=226700 time=3.676168e+00 dt=1.392233e-05
elapsed=3.176724e+04 cycle=226800 time=3.677553e+00 dt=1.385855e-05
elapsed=3.179553e+04 cycle=226900 time=3.678954e+00 dt=1.408214e-05
elapsed=3.182203e+04 cycle=227000 time=3.680361e+00 dt=1.402579e-05
elapsed=3.185051e+04 cycle=227100 time=3.681773e+00 dt=1.413853e-05
elapsed=3.187934e+04 cycle=227200 time=3.683212e+00 dt=1.480074e-05
elapsed=3.190612e+04 cycle=227300 time=3.684719e+00 dt=1.517059e-05
elapsed=3.193518e+04 cycle=227400 time=3.686248e+00 dt=1.554523e-05
elapsed=3.196386e+04 cycle=227500 time=3.687870e+00 dt=1.675060e-05
elapsed=3.199126e+04 cycle=227600 time=3.689571e+00 dt=1.713788e-05
elapsed=3.202077e+04 cycle=227700 time=3.691289e+00 dt=1.711602e-05
elapsed=3.204855e+04 cycle=227800 time=3.692896e+00 dt=1.522589e-05
elapsed=3.207773e+04 cycle=227900 time=3.694394e+00 dt=1.514354e-05
elapsed=3.210747e+04 cycle=228000 time=3.695923e+00 dt=1.528536e-05
elapsed=3.213511e+04 cycle=228100 time=3.697463e+00 dt=1.526859e-05
elapsed=3.216481e+04 cycle=228200 time=3.699024e+00 dt=1.568025e-05
elapsed=3.219475e+04 cycle=228300 time=3.700565e+00 dt=1.505050e-05
elapsed=3.222286e+04 cycle=228400 time=3.702039e+00 dt=1.449694e-05
elapsed=3.225309e+04 cycle=228500 time=3.703489e+00 dt=1.471906e-05
elapsed=3.228242e+04 cycle=228600 time=3.705032e+00 dt=1.633545e-05
elapsed=3.231131e+04 cycle=228700 time=3.706667e+00 dt=1.624658e-05
elapsed=3.234169e+04 cycle=228800 time=3.708315e+00 dt=1.675675e-05
elapsed=3.237021e+04 cycle=228900 time=3.709944e+00 dt=1.564435e-05
elapsed=3.240033e+04 cycle=229000 time=3.711443e+00 dt=1.435273e-05
elapsed=3.243068e+04 cycle=229100 time=3.712821e+00 dt=1.327444e-05
elapsed=3.245940e+04 cycle=229200 time=3.714144e+00 dt=1.440131e-05
elapsed=3.248957e+04 cycle=229300 time=3.715676e+00 dt=1.625200e-05
elapsed=3.252032e+04 cycle=229400 time=3.717318e+00 dt=1.679348e-05
elapsed=3.254894e+04 cycle=229500 time=3.719009e+00 dt=1.696867e-05
elapsed=3.257987e+04 cycle=229600 time=3.720693e+00 dt=1.678408e-05
elapsed=3.261079e+04 cycle=229700 time=3.722378e+00 dt=1.709707e-05
elapsed=3.263959e+04 cycle=229800 time=3.724056e+00 dt=1.643338e-05
elapsed=3.267062e+04 cycle=229900 time=3.725676e+00 dt=1.601745e-05
elapsed=3.270092e+04 cycle=230000 time=3.727242e+00 dt=1.517755e-05
elapsed=3.273048e+04 cycle=230100 time=3.728744e+00 dt=1.535520e-05
elapsed=3.276176e+04 cycle=230200 time=3.730372e+00 dt=1.680555e-05
elapsed=3.279107e+04 cycle=230300 time=3.732063e+00 dt=1.681867e-05
elapsed=3.282200e+04 cycle=230400 time=3.733729e+00 dt=1.652010e-05
elapsed=3.285344e+04 cycle=230500 time=3.735388e+00 dt=1.657935e-05
elapsed=3.288278e+04 cycle=230600 time=3.737049e+00 dt=1.658505e-05
elapsed=3.291416e+04 cycle=230700 time=3.738694e+00 dt=1.629560e-05
elapsed=3.294571e+04 cycle=230800 time=3.740285e+00 dt=1.547692e-05
elapsed=3.297587e+04 cycle=230900 time=3.741820e+00 dt=1.554489e-05
elapsed=3.300697e+04 cycle=231000 time=3.743471e+00 dt=1.677134e-05
elapsed=3.303892e+04 cycle=231100 time=3.745166e+00 dt=1.697522e-05
elapsed=3.306939e+04 cycle=231200 time=3.746876e+00 dt=1.729286e-05
elapsed=3.310064e+04 cycle=231300 time=3.748600e+00 dt=1.728042e-05
elapsed=3.313261e+04 cycle=231400 time=3.750333e+00 dt=1.718511e-05
elapsed=3.316466e+04 cycle=231500 time=3.752028e+00 dt=1.657740e-05
elapsed=3.319490e+04 cycle=231600 time=3.753651e+00 dt=1.600751e-05
elapsed=3.322696e+04 cycle=231700 time=3.755288e+00 dt=1.676650e-05
elapsed=3.325891e+04 cycle=231800 time=3.756941e+00 dt=1.621404e-05
elapsed=3.328953e+04 cycle=231900 time=3.758532e+00 dt=1.570557e-05
elapsed=3.332183e+04 cycle=232000 time=3.760070e+00 dt=1.515611e-05
elapsed=3.335437e+04 cycle=232100 time=3.761575e+00 dt=1.496634e-05
elapsed=3.338480e+04 cycle=232200 time=3.763065e+00 dt=1.489329e-05
elapsed=3.341763e+04 cycle=232300 time=3.764560e+00 dt=1.497448e-05
elapsed=3.345044e+04 cycle=232400 time=3.766026e+00 dt=1.431414e-05
elapsed=3.348112e+04 cycle=232500 time=3.767428e+00 dt=1.375571e-05
elapsed=3.351406e+04 cycle=232600 time=3.768813e+00 dt=1.444516e-05
elapsed=3.354712e+04 cycle=232700 time=3.770369e+00 dt=1.596251e-05
elapsed=3.358032e+04 cycle=232800 time=3.771987e+00 dt=1.633377e-05
elapsed=3.361365e+04 cycle=232900 time=3.773612e+00 dt=1.618036e-05
elapsed=3.364701e+04 cycle=233000 time=3.775231e+00 dt=1.621965e-05
elapsed=3.367947e+04 cycle=233100 time=3.776862e+00 dt=1.644324e-05
elapsed=3.371259e+04 cycle=233200 time=3.778509e+00 dt=1.617435e-05
elapsed=3.374662e+04 cycle=233300 time=3.780112e+00 dt=1.616870e-05
elapsed=3.378053e+04 cycle=233400 time=3.781700e+00 dt=1.593847e-05
elapsed=3.381452e+04 cycle=233500 time=3.783366e+00 dt=1.707352e-05
elapsed=3.384857e+04 cycle=233600 time=3.785051e+00 dt=1.685028e-05
elapsed=3.388293e+04 cycle=233700 time=3.786755e+00 dt=1.696248e-05
elapsed=3.391727e+04 cycle=233800 time=3.788465e+00 dt=1.706502e-05
elapsed=3.395174e+04 cycle=233900 time=3.790161e+00 dt=1.684372e-05
elapsed=3.398522e+04 cycle=234000 time=3.791816e+00 dt=1.630584e-05
elapsed=3.401836e+04 cycle=234100 time=3.793420e+00 dt=1.580540e-05
elapsed=3.405270e+04 cycle=234200 time=3.794948e+00 dt=1.479116e-05
elapsed=3.408722e+04 cycle=234300 time=3.796366e+00 dt=1.379149e-05
elapsed=3.412218e+04 cycle=234400 time=3.797842e+00 dt=1.705567e-05
elapsed=3.415698e+04 cycle=234500 time=3.799515e+00 dt=1.654933e-05
elapsed=3.419174e+04 cycle=234600 time=3.801159e+00 dt=1.628321e-05
elapsed=3.422656e+04 cycle=234700 time=3.802775e+00 dt=1.605315e-05
elapsed=3.426138e+04 cycle=234800 time=3.804439e+00 dt=1.716277e-05
elapsed=3.429613e+04 cycle=234900 time=3.806191e+00 dt=1.753154e-05
elapsed=3.433104e+04 cycle=235000 time=3.807970e+00 dt=1.793025e-05
elapsed=3.436562e+04 cycle=235100 time=3.809758e+00 dt=1.790406e-05
elapsed=3.440018e+04 cycle=235200 time=3.811556e+00 dt=1.804343e-05
elapsed=3.443279e+04 cycle=235300 time=3.813371e+00 dt=1.824024e-05
elapsed=3.446710e+04 cycle=235400 time=3.815202e+00 dt=1.839696e-05
elapsed=3.450182e+04 cycle=235500 time=3.817026e+00 dt=1.811049e-05
elapsed=3.453661e+04 cycle=235600 time=3.818836e+00 dt=1.797993e-05
elapsed=3.457124e+04 cycle=235700 time=3.820617e+00 dt=1.763765e-05
elapsed=3.460615e+04 cycle=235800 time=3.822371e+00 dt=1.745626e-05
elapsed=3.464111e+04 cycle=235900 time=3.824133e+00 dt=1.759421e-05
elapsed=3.467590e+04 cycle=236000 time=3.825889e+00 dt=1.787829e-05
elapsed=3.471106e+04 cycle=236100 time=3.827700e+00 dt=1.810282e-05
elapsed=3.474593e+04 cycle=236200 time=3.829506e+00 dt=1.790960e-05
elapsed=3.478030e+04 cycle=236300 time=3.831309e+00 dt=1.829100e-05
elapsed=3.481522e+04 cycle=236400 time=3.833127e+00 dt=1.830723e-05
elapsed=3.485037e+04 cycle=236500 time=3.834971e+00 dt=1.837792e-05
elapsed=3.488605e+04 cycle=236600 time=3.836813e+00 dt=1.853746e-05
elapsed=3.492179e+04 cycle=236700 time=3.838637e+00 dt=1.800481e-05
elapsed=3.495771e+04 cycle=236800 time=3.840403e+00 dt=1.693972e-05
elapsed=3.499363e+04 cycle=236900 time=3.842106e+00 dt=1.685224e-05
elapsed=3.502963e+04 cycle=237000 time=3.843851e+00 dt=1.777706e-05
elapsed=3.506567e+04 cycle=237100 time=3.845631e+00 dt=1.818132e-05
elapsed=3.510170e+04 cycle=237200 time=3.847457e+00 dt=1.821502e-05
elapsed=3.513778e+04 cycle=237300 time=3.849282e+00 dt=1.830151e-05
elapsed=3.517374e+04 cycle=237400 time=3.851110e+00 dt=1.827502e-05
elapsed=3.520983e+04 cycle=237500 time=3.852933e+00 dt=1.827104e-05
elapsed=3.524663e+04 cycle=237600 time=3.854763e+00 dt=1.832505e-05
elapsed=3.528287e+04 cycle=237700 time=3.856584e+00 dt=1.835781e-05
elapsed=3.531919e+04 cycle=237800 time=3.858411e+00 dt=1.811373e-05
elapsed=3.535568e+04 cycle=237900 time=3.860202e+00 dt=1.778404e-05
elapsed=3.539119e+04 cycle=238000 time=3.861968e+00 dt=1.764608e-05
elapsed=3.542785e+04 cycle=238100 time=3.863739e+00 dt=1.773100e-05
elapsed=3.546425e+04 cycle=238200 time=3.865499e+00 dt=1.745190e-05
elapsed=3.550057e+04 cycle=238300 time=3.867225e+00 dt=1.712371e-05
elapsed=3.553770e+04 cycle=238400 time=3.868939e+00 dt=1.718132e-05
elapsed=3.557531e+04 cycle=238500 time=3.870650e+00 dt=1.743144e-05
elapsed=3.561219e+04 cycle=238600 time=3.872407e+00 dt=1.757986e-05
elapsed=3.564908e+04 cycle=238700 time=3.874158e+00 dt=1.744181e-05
elapsed=3.568602e+04 cycle=238800 time=3.875894e+00 dt=1.731448e-05
elapsed=3.572303e+04 cycle=238900 time=3.877636e+00 dt=1.759706e-05
elapsed=3.575994e+04 cycle=239000 time=3.879412e+00 dt=1.780880e-05
elapsed=3.579771e+04 cycle=239100 time=3.881158e+00 dt=1.692918e-05
elapsed=3.583546e+04 cycle=239200 time=3.882792e+00 dt=1.582855e-05
elapsed=3.587334e+04 cycle=239300 time=3.884411e+00 dt=1.684431e-05
elapsed=3.591066e+04 cycle=239400 time=3.886157e+00 dt=1.758030e-05
elapsed=3.594780e+04 cycle=239500 time=3.887913e+00 dt=1.757816e-05
elapsed=3.598399e+04 cycle=239600 time=3.889665e+00 dt=1.742002e-05
elapsed=3.602066e+04 cycle=239700 time=3.891375e+00 dt=1.707208e-05
elapsed=3.605775e+04 cycle=239800 time=3.893071e+00 dt=1.735028e-05
elapsed=3.609530e+04 cycle=239900 time=3.894822e+00 dt=1.754662e-05
elapsed=3.613344e+04 cycle=240000 time=3.896580e+00 dt=1.759629e-05
elapsed=3.617199e+04 cycle=240100 time=3.898340e+00 dt=1.766084e-05
elapsed=3.621164e+04 cycle=240200 time=3.900099e+00 dt=1.749359e-05
elapsed=3.625089e+04 cycle=240300 time=3.901839e+00 dt=1.735486e-05
elapsed=3.629016e+04 cycle=240400 time=3.903575e+00 dt=1.734920e-05
elapsed=3.632970e+04 cycle=240500 time=3.905305e+00 dt=1.725487e-05
elapsed=3.636924e+04 cycle=240600 time=3.907027e+00 dt=1.721060e-05
elapsed=3.640869e+04 cycle=240700 time=3.908728e+00 dt=1.673511e-05
elapsed=3.644721e+04 cycle=240800 time=3.910373e+00 dt=1.610661e-05
elapsed=3.648602e+04 cycle=240900 time=3.911941e+00 dt=1.527181e-05
elapsed=3.652486e+04 cycle=241000 time=3.913446e+00 dt=1.481882e-05
elapsed=3.656436e+04 cycle=241100 time=3.914891e+00 dt=1.399149e-05
elapsed=3.660389e+04 cycle=241200 time=3.916259e+00 dt=1.345102e-05
elapsed=3.664340e+04 cycle=241300 time=3.917611e+00 dt=1.374416e-05
elapsed=3.668267e+04 cycle=241400 time=3.919013e+00 dt=1.428190e-05
elapsed=3.672226e+04 cycle=241500 time=3.920479e+00 dt=1.504416e-05
elapsed=3.676026e+04 cycle=241600 time=3.922014e+00 dt=1.567886e-05
elapsed=3.679892e+04 cycle=241700 time=3.923586e+00 dt=1.561238e-05
elapsed=3.683844e+04 cycle=241800 time=3.925141e+00 dt=1.552423e-05
elapsed=3.687774e+04 cycle=241900 time=3.926697e+00 dt=1.567539e-05
elapsed=3.691730e+04 cycle=242000 time=3.928290e+00 dt=1.620376e-05
elapsed=3.695584e+04 cycle=242100 time=3.929940e+00 dt=1.669147e-05
elapsed=3.697604e+04 cycle=242200 time=3.931610e+00 dt=1.674728e-05
elapsed=3.698551e+04 cycle=242300 time=3.933292e+00 dt=1.676885e-05
elapsed=3.699923e+04 cycle=242400 time=3.934977e+00 dt=1.706820e-05
elapsed=3.701976e+04 cycle=242500 time=3.936691e+00 dt=1.720301e-05
elapsed=3.703545e+04 cycle=242600 time=3.938413e+00 dt=1.725834e-05
elapsed=3.705779e+04 cycle=242700 time=3.940144e+00 dt=1.710711e-05
elapsed=3.706756e+04 cycle=242800 time=3.941863e+00 dt=1.703725e-05
elapsed=3.707698e+04 cycle=242900 time=3.943547e+00 dt=1.668782e-05
elapsed=3.709151e+04 cycle=243000 time=3.945211e+00 dt=1.664721e-05
elapsed=3.710270e+04 cycle=243100 time=3.946850e+00 dt=1.600827e-05
elapsed=3.711432e+04 cycle=243200 time=3.948410e+00 dt=1.523549e-05
elapsed=3.712361e+04 cycle=243300 time=3.949920e+00 dt=1.501689e-05
elapsed=3.713631e+04 cycle=243400 time=3.951417e+00 dt=1.498629e-05
elapsed=3.717590e+04 cycle=243500 time=3.952942e+00 dt=1.557856e-05
elapsed=3.721546e+04 cycle=243600 time=3.954529e+00 dt=1.611411e-05
elapsed=3.723462e+04 cycle=243700 time=3.956178e+00 dt=1.667973e-05
elapsed=3.724896e+04 cycle=243800 time=3.957858e+00 dt=1.692036e-05
elapsed=3.726396e+04 cycle=243900 time=3.959531e+00 dt=1.657887e-05
elapsed=3.729257e+04 cycle=244000 time=3.961183e+00 dt=1.647917e-05
elapsed=3.730634e+04 cycle=244100 time=3.962825e+00 dt=1.634041e-05
elapsed=3.732737e+04 cycle=244200 time=3.964447e+00 dt=1.607761e-05
elapsed=3.735029e+04 cycle=244300 time=3.966037e+00 dt=1.569801e-05
elapsed=3.738978e+04 cycle=244400 time=3.967594e+00 dt=1.545567e-05
elapsed=3.742868e+04 cycle=244500 time=3.969140e+00 dt=1.550516e-05
elapsed=3.746785e+04 cycle=244600 time=3.970664e+00 dt=1.464587e-05
elapsed=3.750701e+04 cycle=244700 time=3.972139e+00 dt=1.499885e-05
elapsed=3.754629e+04 cycle=244800 time=3.973717e+00 dt=1.658341e-05
elapsed=3.758485e+04 cycle=244900 time=3.975411e+00 dt=1.693481e-05
elapsed=3.762330e+04 cycle=245000 time=3.977102e+00 dt=1.693011e-05
elapsed=3.766088e+04 cycle=245100 time=3.978793e+00 dt=1.682300e-05
elapsed=3.769967e+04 cycle=245200 time=3.980458e+00 dt=1.641238e-05
elapsed=3.773871e+04 cycle=245300 time=3.982060e+00 dt=1.567931e-05
elapsed=3.777763e+04 cycle=245400 time=3.983610e+00 dt=1.549000e-05
elapsed=3.781681e+04 cycle=245500 time=3.985172e+00 dt=1.601836e-05
elapsed=3.785561e+04 cycle=245600 time=3.986756e+00 dt=1.549114e-05
elapsed=3.789483e+04 cycle=245700 time=3.988286e+00 dt=1.539768e-05
elapsed=3.793414e+04 cycle=245800 time=3.989825e+00 dt=1.501203e-05
elapsed=3.797333e+04 cycle=245900 time=3.991302e+00 dt=1.473017e-05
elapsed=3.801245e+04 cycle=246000 time=3.992774e+00 dt=1.454128e-05
elapsed=3.804947e+04 cycle=246100 time=3.994258e+00 dt=1.553466e-05
elapsed=3.808875e+04 cycle=246200 time=3.995845e+00 dt=1.673160e-05
elapsed=3.812810e+04 cycle=246300 time=3.997586e+00 dt=1.758593e-05
elapsed=3.816736e+04 cycle=246400 time=3.999336e+00 dt=1.743202e-05
elapsed=3.820665e+04 cycle=246500 time=4.001071e+00 dt=1.708872e-05
elapsed=3.824542e+04 cycle=246600 time=4.002766e+00 dt=1.689464e-05
elapsed=3.828489e+04 cycle=246700 time=4.004447e+00 dt=1.671584e-05
elapsed=3.832432e+04 cycle=246800 time=4.006094e+00 dt=1.621344e-05
elapsed=3.836360e+04 cycle=246900 time=4.007694e+00 dt=1.574911e-05
elapsed=3.840307e+04 cycle=247000 time=4.009250e+00 dt=1.535700e-05
elapsed=3.844264e+04 cycle=247100 time=4.010767e+00 dt=1.499903e-05
elapsed=3.848021e+04 cycle=247200 time=4.012243e+00 dt=1.450899e-05
elapsed=3.851982e+04 cycle=247300 time=4.013662e+00 dt=1.382882e-05
elapsed=3.855789e+04 cycle=247400 time=4.015003e+00 dt=1.302002e-05
elapsed=3.859706e+04 cycle=247500 time=4.016292e+00 dt=1.297441e-05
elapsed=3.863624e+04 cycle=247600 time=4.017600e+00 dt=1.348863e-05
elapsed=3.867503e+04 cycle=247700 time=4.019018e+00 dt=1.506578e-05
elapsed=3.871410e+04 cycle=247800 time=4.020633e+00 dt=1.722801e-05
elapsed=3.875299e+04 cycle=247900 time=4.022406e+00 dt=1.761067e-05
elapsed=3.879191e+04 cycle=248000 time=4.024151e+00 dt=1.731123e-05
elapsed=3.883140e+04 cycle=248100 time=4.025865e+00 dt=1.701618e-05
elapsed=3.886891e+04 cycle=248200 time=4.027541e+00 dt=1.649692e-05
elapsed=3.890897e+04 cycle=248300 time=4.029168e+00 dt=1.598815e-05
elapsed=3.894866e+04 cycle=248400 time=4.030747e+00 dt=1.560706e-05
elapsed=3.898820e+04 cycle=248500 time=4.032301e+00 dt=1.542307e-05
elapsed=3.902792e+04 cycle=248600 time=4.033791e+00 dt=1.442249e-05
elapsed=3.906756e+04 cycle=248700 time=4.035263e+00 dt=1.675120e-05
elapsed=3.910818e+04 cycle=248800 time=4.036983e+00 dt=1.686161e-05
elapsed=3.914781e+04 cycle=248900 time=4.038640e+00 dt=1.630117e-05
elapsed=3.918792e+04 cycle=249000 time=4.040244e+00 dt=1.587056e-05
elapsed=3.922840e+04 cycle=249100 time=4.041843e+00 dt=1.621834e-05
elapsed=3.926820e+04 cycle=249200 time=4.043524e+00 dt=1.752423e-05
elapsed=3.930784e+04 cycle=249300 time=4.045340e+00 dt=1.837163e-05
elapsed=3.934784e+04 cycle=249400 time=4.047186e+00 dt=1.853367e-05
elapsed=3.938777e+04 cycle=249500 time=4.049041e+00 dt=1.854064e-05
elapsed=3.942760e+04 cycle=249600 time=4.050889e+00 dt=1.843174e-05
elapsed=3.946743e+04 cycle=249700 time=4.052722e+00 dt=1.811016e-05
elapsed=3.950734e+04 cycle=249800 time=4.054512e+00 dt=1.772740e-05
elapsed=3.954723e+04 cycle=249900 time=4.056281e+00 dt=1.774035e-05
elapsed=3.958718e+04 cycle=250000 time=4.058056e+00 dt=1.773796e-05
elapsed=3.962720e+04 cycle=250100 time=4.059828e+00 dt=1.774579e-05
elapsed=3.966680e+04 cycle=250200 time=4.061613e+00 dt=1.798796e-05
elapsed=3.970667e+04 cycle=250300 time=4.063411e+00 dt=1.794643e-05
elapsed=3.974619e+04 cycle=250400 time=4.065200e+00 dt=1.782195e-05
elapsed=3.978582e+04 cycle=250500 time=4.066967e+00 dt=1.746748e-05
elapsed=3.982531e+04 cycle=250600 time=4.068692e+00 dt=1.700471e-05
elapsed=3.986478e+04 cycle=250700 time=4.070368e+00 dt=1.657371e-05
elapsed=3.990427e+04 cycle=250800 time=4.072028e+00 dt=1.695538e-05
elapsed=3.994376e+04 cycle=250900 time=4.073783e+00 dt=1.773902e-05
elapsed=3.998323e+04 cycle=251000 time=4.075558e+00 dt=1.772301e-05
elapsed=4.002215e+04 cycle=251100 time=4.077325e+00 dt=1.764354e-05
elapsed=4.006003e+04 cycle=251200 time=4.079071e+00 dt=1.725269e-05
elapsed=4.009986e+04 cycle=251300 time=4.080777e+00 dt=1.685658e-05
elapsed=4.013945e+04 cycle=251400 time=4.082434e+00 dt=1.639499e-05
elapsed=4.017894e+04 cycle=251500 time=4.084105e+00 dt=1.740851e-05
elapsed=4.021832e+04 cycle=251600 time=4.085943e+00 dt=1.866138e-05
elapsed=4.025791e+04 cycle=251700 time=4.087799e+00 dt=1.851660e-05
elapsed=4.029754e+04 cycle=251800 time=4.089645e+00 dt=1.841291e-05
elapsed=4.033708e+04 cycle=251900 time=4.091484e+00 dt=1.838170e-05
elapsed=4.037674e+04 cycle=252000 time=4.093333e+00 dt=1.864742e-05
elapsed=4.041613e+04 cycle=252100 time=4.095192e+00 dt=1.815090e-05
elapsed=4.045581e+04 cycle=252200 time=4.096994e+00 dt=1.776931e-05
elapsed=4.049549e+04 cycle=252300 time=4.098750e+00 dt=1.739973e-05
elapsed=4.053529e+04 cycle=252400 time=4.100486e+00 dt=1.733670e-05
elapsed=4.057512e+04 cycle=252500 time=4.102210e+00 dt=1.730015e-05
elapsed=4.061486e+04 cycle=252600 time=4.103974e+00 dt=1.789619e-05
elapsed=4.065466e+04 cycle=252700 time=4.105759e+00 dt=1.778163e-05
elapsed=4.069421e+04 cycle=252800 time=4.107528e+00 dt=1.760923e-05
elapsed=4.073401e+04 cycle=252900 time=4.109265e+00 dt=1.704816e-05
elapsed=4.077398e+04 cycle=253000 time=4.110958e+00 dt=1.685111e-05
elapsed=4.081396e+04 cycle=253100 time=4.112632e+00 dt=1.658996e-05
elapsed=4.085384e+04 cycle=253200 time=4.114277e+00 dt=1.638958e-05
elapsed=4.089364e+04 cycle=253300 time=4.115908e+00 dt=1.623233e-05
elapsed=4.093352e+04 cycle=253400 time=4.117521e+00 dt=1.599238e-05
elapsed=4.097353e+04 cycle=253500 time=4.119102e+00 dt=1.564175e-05
elapsed=4.101353e+04 cycle=253600 time=4.120653e+00 dt=1.537418e-05
elapsed=4.105344e+04 cycle=253700 time=4.122180e+00 dt=1.511761e-05
elapsed=4.109345e+04 cycle=253800 time=4.123670e+00 dt=1.459063e-05
elapsed=4.113359e+04 cycle=253900 time=4.125100e+00 dt=1.397084e-05
elapsed=4.117474e+04 cycle=254000 time=4.126471e+00 dt=1.353129e-05
elapsed=4.121446e+04 cycle=254100 time=4.127815e+00 dt=1.341543e-05
elapsed=4.125456e+04 cycle=254200 time=4.129178e+00 dt=1.404760e-05
elapsed=4.129485e+04 cycle=254300 time=4.130647e+00 dt=1.477992e-05
elapsed=4.133597e+04 cycle=254400 time=4.132175e+00 dt=1.541182e-05
elapsed=4.137635e+04 cycle=254500 time=4.133776e+00 dt=1.741205e-05
elapsed=4.141686e+04 cycle=254600 time=4.135541e+00 dt=1.768121e-05
elapsed=4.145687e+04 cycle=254700 time=4.137308e+00 dt=1.765831e-05
elapsed=4.149717e+04 cycle=254800 time=4.139073e+00 dt=1.756284e-05
elapsed=4.153762e+04 cycle=254900 time=4.140820e+00 dt=1.743242e-05
elapsed=4.157842e+04 cycle=255000 time=4.142561e+00 dt=1.741227e-05
elapsed=4.161898e+04 cycle=255100 time=4.144309e+00 dt=1.754885e-05
elapsed=4.165974e+04 cycle=255200 time=4.146059e+00 dt=1.741621e-05
elapsed=4.170053e+04 cycle=255300 time=4.147787e+00 dt=1.707452e-05
elapsed=4.174120e+04 cycle=255400 time=4.149465e+00 dt=1.651954e-05
elapsed=4.178211e+04 cycle=255500 time=4.151101e+00 dt=1.606882e-05
elapsed=4.182394e+04 cycle=255600 time=4.152672e+00 dt=1.533902e-05
elapsed=4.186543e+04 cycle=255700 time=4.154188e+00 dt=1.491731e-05
elapsed=4.190693e+04 cycle=255800 time=4.155662e+00 dt=1.455440e-05
elapsed=4.194738e+04 cycle=255900 time=4.157112e+00 dt=1.468984e-05
elapsed=4.198831e+04 cycle=256000 time=4.158630e+00 dt=1.554832e-05
elapsed=4.202938e+04 cycle=256100 time=4.160210e+00 dt=1.620413e-05
elapsed=4.207055e+04 cycle=256200 time=4.161894e+00 dt=1.726405e-05
elapsed=4.211114e+04 cycle=256300 time=4.163609e+00 dt=1.703523e-05
elapsed=4.215172e+04 cycle=256400 time=4.165309e+00 dt=1.698884e-05
elapsed=4.219255e+04 cycle=256500 time=4.167010e+00 dt=1.703894e-05
elapsed=4.223305e+04 cycle=256600 time=4.168717e+00 dt=1.701813e-05
elapsed=4.227370e+04 cycle=256700 time=4.170403e+00 dt=1.670587e-05
elapsed=4.231428e+04 cycle=256800 time=4.172073e+00 dt=1.653210e-05
elapsed=4.235494e+04 cycle=256900 time=4.173709e+00 dt=1.626824e-05
elapsed=4.239559e+04 cycle=257000 time=4.175322e+00 dt=1.598879e-05
elapsed=4.243645e+04 cycle=257100 time=4.176914e+00 dt=1.597092e-05
elapsed=4.247736e+04 cycle=257200 time=4.178524e+00 dt=1.619817e-05
elapsed=4.251807e+04 cycle=257300 time=4.180154e+00 dt=1.635892e-05
elapsed=4.255900e+04 cycle=257400 time=4.181794e+00 dt=1.643852e-05
elapsed=4.260006e+04 cycle=257500 time=4.183450e+00 dt=1.680514e-05
elapsed=4.264121e+04 cycle=257600 time=4.185138e+00 dt=1.695139e-05
elapsed=4.268237e+04 cycle=257700 time=4.186820e+00 dt=1.667028e-05
elapsed=4.272356e+04 cycle=257800 time=4.188481e+00 dt=1.653751e-05
elapsed=4.276563e+04 cycle=257900 time=4.190099e+00 dt=1.592602e-05
elapsed=4.280726e+04 cycle=258000 time=4.191660e+00 dt=1.600287e-05
elapsed=4.284963e+04 cycle=258100 time=4.193231e+00 dt=1.529165e-05
elapsed=4.289100e+04 cycle=258200 time=4.194760e+00 dt=1.581711e-05
elapsed=4.293229e+04 cycle=258300 time=4.196352e+00 dt=1.589226e-05
elapsed=4.297363e+04 cycle=258400 time=4.197890e+00 dt=1.479960e-05
elapsed=4.301500e+04 cycle=258500 time=4.199353e+00 dt=1.516895e-05
elapsed=4.305657e+04 cycle=258600 time=4.200925e+00 dt=1.553543e-05
elapsed=4.309812e+04 cycle=258700 time=4.202459e+00 dt=1.540203e-05
elapsed=4.313956e+04 cycle=258800 time=4.203987e+00 dt=1.500863e-05
elapsed=4.318176e+04 cycle=258900 time=4.205473e+00 dt=1.483708e-05
elapsed=4.322504e+04 cycle=259000 time=4.207054e+00 dt=1.657254e-05
elapsed=4.326699e+04 cycle=259100 time=4.208752e+00 dt=1.688212e-05
elapsed=4.330878e+04 cycle=259200 time=4.210425e+00 dt=1.693265e-05
elapsed=4.335046e+04 cycle=259300 time=4.212109e+00 dt=1.677296e-05
elapsed=4.339223e+04 cycle=259400 time=4.213777e+00 dt=1.647119e-05
elapsed=4.343403e+04 cycle=259500 time=4.215382e+00 dt=1.568108e-05
elapsed=4.347586e+04 cycle=259600 time=4.216910e+00 dt=1.489829e-05
elapsed=4.351878e+04 cycle=259700 time=4.218375e+00 dt=1.444379e-05
elapsed=4.356182e+04 cycle=259800 time=4.219805e+00 dt=1.418620e-05
elapsed=4.360381e+04 cycle=259900 time=4.221213e+00 dt=1.395568e-05
elapsed=4.364574e+04 cycle=260000 time=4.222597e+00 dt=1.380575e-05
elapsed=4.368768e+04 cycle=260100 time=4.223990e+00 dt=1.417448e-05
elapsed=4.372964e+04 cycle=260200 time=4.225414e+00 dt=1.431104e-05
elapsed=4.377163e+04 cycle=260300 time=4.226890e+00 dt=1.531852e-05
elapsed=4.381363e+04 cycle=260400 time=4.228429e+00 dt=1.560246e-05
elapsed=4.385567e+04 cycle=260500 time=4.229966e+00 dt=1.521148e-05
elapsed=4.389885e+04 cycle=260600 time=4.231482e+00 dt=1.519981e-05
elapsed=4.394186e+04 cycle=260700 time=4.232999e+00 dt=1.482002e-05
elapsed=4.398405e+04 cycle=260800 time=4.234436e+00 dt=1.385369e-05
elapsed=4.402609e+04 cycle=260900 time=4.235781e+00 dt=1.330428e-05
elapsed=4.406815e+04 cycle=261000 time=4.237146e+00 dt=1.399096e-05
elapsed=4.411017e+04 cycle=261100 time=4.238550e+00 dt=1.415943e-05
elapsed=4.415225e+04 cycle=261200 time=4.240017e+00 dt=1.499527e-05
elapsed=4.419465e+04 cycle=261300 time=4.241556e+00 dt=1.549277e-05
elapsed=4.423827e+04 cycle=261400 time=4.243139e+00 dt=1.593126e-05
elapsed=4.428040e+04 cycle=261500 time=4.244716e+00 dt=1.580349e-05
elapsed=4.432225e+04 cycle=261600 time=4.246333e+00 dt=1.671729e-05
elapsed=4.436406e+04 cycle=261700 time=4.247999e+00 dt=1.631064e-05
elapsed=4.440575e+04 cycle=261800 time=4.249626e+00 dt=1.642753e-05
elapsed=4.444747e+04 cycle=261900 time=4.251293e+00 dt=1.655328e-05
elapsed=4.448902e+04 cycle=262000 time=4.252921e+00 dt=1.593745e-05
elapsed=4.453050e+04 cycle=262100 time=4.254471e+00 dt=1.507733e-05
elapsed=4.457193e+04 cycle=262200 time=4.256049e+00 dt=1.680712e-05
elapsed=4.461436e+04 cycle=262300 time=4.257725e+00 dt=1.664620e-05
elapsed=4.465673e+04 cycle=262400 time=4.259378e+00 dt=1.643814e-05
elapsed=4.469798e+04 cycle=262500 time=4.261018e+00 dt=1.635634e-05
elapsed=4.473905e+04 cycle=262600 time=4.262648e+00 dt=1.625307e-05
elapsed=4.478003e+04 cycle=262700 time=4.264267e+00 dt=1.610154e-05
elapsed=4.482090e+04 cycle=262800 time=4.265865e+00 dt=1.581368e-05
elapsed=4.486163e+04 cycle=262900 time=4.267426e+00 dt=1.553427e-05
elapsed=4.490225e+04 cycle=263000 time=4.269055e+00 dt=1.702549e-05
elapsed=4.494292e+04 cycle=263100 time=4.270701e+00 dt=1.651532e-05
elapsed=4.498334e+04 cycle=263200 time=4.272373e+00 dt=1.642497e-05
elapsed=4.502388e+04 cycle=263300 time=4.273989e+00 dt=1.611798e-05
elapsed=4.506499e+04 cycle=263400 time=4.275616e+00 dt=1.665486e-05
elapsed=4.510573e+04 cycle=263500 time=4.277369e+00 dt=1.788348e-05
elapsed=4.514546e+04 cycle=263600 time=4.279139e+00 dt=1.758961e-05
elapsed=4.518505e+04 cycle=263700 time=4.280890e+00 dt=1.737933e-05
elapsed=4.522439e+04 cycle=263800 time=4.282619e+00 dt=1.718456e-05
elapsed=4.526363e+04 cycle=263900 time=4.284318e+00 dt=1.669243e-05
elapsed=4.530267e+04 cycle=264000 time=4.285941e+00 dt=1.568557e-05
elapsed=4.534148e+04 cycle=264100 time=4.287497e+00 dt=1.567705e-05
elapsed=4.538011e+04 cycle=264200 time=4.289125e+00 dt=1.651580e-05
elapsed=4.541864e+04 cycle=264300 time=4.290754e+00 dt=1.605066e-05
elapsed=4.545693e+04 cycle=264400 time=4.292338e+00 dt=1.566261e-05
elapsed=4.549513e+04 cycle=264500 time=4.293898e+00 dt=1.555339e-05
elapsed=4.553314e+04 cycle=264600 time=4.295450e+00 dt=1.552768e-05
elapsed=4.557099e+04 cycle=264700 time=4.297013e+00 dt=1.575739e-05
elapsed=4.560869e+04 cycle=264800 time=4.298624e+00 dt=1.654517e-05
elapsed=4.564633e+04 cycle=264900 time=4.300299e+00 dt=1.681097e-05
elapsed=4.568374e+04 cycle=265000 time=4.301984e+00 dt=1.692924e-05
elapsed=4.572100e+04 cycle=265100 time=4.303683e+00 dt=1.697614e-05
elapsed=4.575814e+04 cycle=265200 time=4.305377e+00 dt=1.693441e-05
elapsed=4.579513e+04 cycle=265300 time=4.307069e+00 dt=1.691625e-05
elapsed=4.583200e+04 cycle=265400 time=4.308763e+00 dt=1.700704e-05
elapsed=4.586878e+04 cycle=265500 time=4.310471e+00 dt=1.720871e-05
elapsed=4.590539e+04 cycle=265600 time=4.312154e+00 dt=1.620733e-05
elapsed=4.594189e+04 cycle=265700 time=4.313710e+00 dt=1.583719e-05
elapsed=4.597826e+04 cycle=265800 time=4.315360e+00 dt=1.642044e-05
elapsed=4.601430e+04 cycle=265900 time=4.316974e+00 dt=1.584029e-05
elapsed=4.604935e+04 cycle=266000 time=4.318517e+00 dt=1.498679e-05
elapsed=4.608496e+04 cycle=266100 time=4.320005e+00 dt=1.547715e-05
elapsed=4.612042e+04 cycle=266200 time=4.321637e+00 dt=1.665851e-05
elapsed=4.615620e+04 cycle=266300 time=4.323350e+00 dt=1.735697e-05
elapsed=4.619187e+04 cycle=266400 time=4.325091e+00 dt=1.746331e-05
elapsed=4.622739e+04 cycle=266500 time=4.326840e+00 dt=1.748844e-05
elapsed=4.626277e+04 cycle=266600 time=4.328576e+00 dt=1.717023e-05
elapsed=4.629811e+04 cycle=266700 time=4.330269e+00 dt=1.669947e-05
elapsed=4.633328e+04 cycle=266800 time=4.331921e+00 dt=1.631403e-05
elapsed=4.636834e+04 cycle=266900 time=4.333534e+00 dt=1.598469e-05
elapsed=4.640809e+04 cycle=267000 time=4.335124e+00 dt=1.589066e-05
elapsed=4.644845e+04 cycle=267100 time=4.336715e+00 dt=1.591895e-05
elapsed=4.648882e+04 cycle=267200 time=4.338306e+00 dt=1.587641e-05
elapsed=4.652382e+04 cycle=267300 time=4.339884e+00 dt=1.556055e-05
elapsed=4.655837e+04 cycle=267400 time=4.341412e+00 dt=1.498705e-05
elapsed=4.659294e+04 cycle=267500 time=4.342876e+00 dt=1.421719e-05
elapsed=4.662726e+04 cycle=267600 time=4.344249e+00 dt=1.320330e-05
elapsed=4.666146e+04 cycle=267700 time=4.345587e+00 dt=1.383817e-05
elapsed=4.669558e+04 cycle=267800 time=4.346930e+00 dt=1.294252e-05
elapsed=4.672970e+04 cycle=267900 time=4.348219e+00 dt=1.359712e-05
elapsed=4.676334e+04 cycle=268000 time=4.349685e+00 dt=1.465558e-05
elapsed=4.679629e+04 cycle=268100 time=4.351243e+00 dt=1.626739e-05
elapsed=4.682948e+04 cycle=268200 time=4.352847e+00 dt=1.585252e-05
elapsed=4.686337e+04 cycle=268300 time=4.354420e+00 dt=1.584844e-05
elapsed=4.690044e+04 cycle=268400 time=4.356014e+00 dt=1.623383e-05
elapsed=4.693692e+04 cycle=268500 time=4.357665e+00 dt=1.647480e-05
elapsed=4.697067e+04 cycle=268600 time=4.359302e+00 dt=1.603808e-05
elapsed=4.700446e+04 cycle=268700 time=4.360869e+00 dt=1.573018e-05
elapsed=4.703818e+04 cycle=268800 time=4.362474e+00 dt=1.627818e-05
elapsed=4.707197e+04 cycle=268900 time=4.364097e+00 dt=1.618027e-05
elapsed=4.710908e+04 cycle=269000 time=4.365713e+00 dt=1.608742e-05
elapsed=4.714851e+04 cycle=269100 time=4.367310e+00 dt=1.573506e-05
elapsed=4.718832e+04 cycle=269200 time=4.368871e+00 dt=1.555064e-05
elapsed=4.722732e+04 cycle=269300 time=4.370406e+00 dt=1.517598e-05
elapsed=4.726383e+04 cycle=269400 time=4.371926e+00 dt=1.506448e-05
elapsed=4.729759e+04 cycle=269500 time=4.373418e+00 dt=1.479038e-05
elapsed=4.733135e+04 cycle=269600 time=4.374892e+00 dt=1.471384e-05
elapsed=4.736512e+04 cycle=269700 time=4.376362e+00 dt=1.466948e-05
elapsed=4.739891e+04 cycle=269800 time=4.377818e+00 dt=1.418178e-05
elapsed=4.743271e+04 cycle=269900 time=4.379164e+00 dt=1.275405e-05
elapsed=4.746655e+04 cycle=270000 time=4.380403e+00 dt=1.237693e-05
elapsed=4.750033e+04 cycle=270100 time=4.381668e+00 dt=1.366979e-05
elapsed=4.753263e+04 cycle=270200 time=4.383023e+00 dt=1.372245e-05
elapsed=4.756583e+04 cycle=270300 time=4.384411e+00 dt=1.354522e-05
elapsed=4.759961e+04 cycle=270400 time=4.385750e+00 dt=1.338019e-05
elapsed=4.763447e+04 cycle=270500 time=4.387072e+00 dt=1.301203e-05
elapsed=4.766840e+04 cycle=270600 time=4.388397e+00 dt=1.411162e-05
elapsed=4.770260e+04 cycle=270700 time=4.389843e+00 dt=1.467748e-05
elapsed=4.773681e+04 cycle=270800 time=4.391308e+00 dt=1.453853e-05
elapsed=4.777059e+04 cycle=270900 time=4.392762e+00 dt=1.460014e-05
elapsed=4.780434e+04 cycle=271000 time=4.394195e+00 dt=1.407290e-05
elapsed=4.783808e+04 cycle=271100 time=4.395564e+00 dt=1.325731e-05
elapsed=4.787182e+04 cycle=271200 time=4.396863e+00 dt=1.291474e-05
elapsed=4.790599e+04 cycle=271300 time=4.398149e+00 dt=1.255896e-05
elapsed=4.793941e+04 cycle=271400 time=4.399381e+00 dt=1.212967e-05
elapsed=4.797755e+04 cycle=271500 time=4.400581e+00 dt=1.185765e-05
elapsed=4.801592e+04 cycle=271600 time=4.401768e+00 dt=1.207922e-05
elapsed=4.805406e+04 cycle=271700 time=4.403039e+00 dt=1.356462e-05
elapsed=4.808695e+04 cycle=271800 time=4.404481e+00 dt=1.505828e-05
elapsed=4.811954e+04 cycle=271900 time=4.405991e+00 dt=1.474731e-05
elapsed=4.815315e+04 cycle=272000 time=4.407420e+00 dt=1.385778e-05
elapsed=4.818742e+04 cycle=272100 time=4.408776e+00 dt=1.331462e-05
elapsed=4.822515e+04 cycle=272200 time=4.410088e+00 dt=1.296122e-05
elapsed=4.826162e+04 cycle=272300 time=4.411404e+00 dt=1.330768e-05
elapsed=4.829541e+04 cycle=272400 time=4.412750e+00 dt=1.366392e-05
elapsed=4.833038e+04 cycle=272500 time=4.414133e+00 dt=1.362638e-05
elapsed=4.836650e+04 cycle=272600 time=4.415511e+00 dt=1.410322e-05
elapsed=4.840032e+04 cycle=272700 time=4.416919e+00 dt=1.432751e-05
elapsed=4.843682e+04 cycle=272800 time=4.418455e+00 dt=1.604125e-05
elapsed=4.847130e+04 cycle=272900 time=4.420046e+00 dt=1.574873e-05
elapsed=4.850831e+04 cycle=273000 time=4.421612e+00 dt=1.560571e-05
elapsed=4.854342e+04 cycle=273100 time=4.423172e+00 dt=1.560147e-05
elapsed=4.857748e+04 cycle=273200 time=4.424721e+00 dt=1.570418e-05
elapsed=4.861135e+04 cycle=273300 time=4.426261e+00 dt=1.491548e-05
elapsed=4.864523e+04 cycle=273400 time=4.427716e+00 dt=1.462977e-05
elapsed=4.867846e+04 cycle=273500 time=4.429287e+00 dt=1.570881e-05
elapsed=4.871107e+04 cycle=273600 time=4.430826e+00 dt=1.518065e-05
elapsed=4.874488e+04 cycle=273700 time=4.432377e+00 dt=1.590781e-05
elapsed=4.877883e+04 cycle=273800 time=4.433964e+00 dt=1.578997e-05
elapsed=4.881280e+04 cycle=273900 time=4.435536e+00 dt=1.569592e-05
elapsed=4.884680e+04 cycle=274000 time=4.437102e+00 dt=1.562949e-05
elapsed=4.888085e+04 cycle=274100 time=4.438661e+00 dt=1.560738e-05
elapsed=4.891496e+04 cycle=274200 time=4.440228e+00 dt=1.579411e-05
elapsed=4.894906e+04 cycle=274300 time=4.441795e+00 dt=1.552031e-05
elapsed=4.898435e+04 cycle=274400 time=4.443338e+00 dt=1.525227e-05
elapsed=4.902025e+04 cycle=274500 time=4.444845e+00 dt=1.478420e-05
elapsed=4.905594e+04 cycle=274600 time=4.446300e+00 dt=1.437641e-05
elapsed=4.909103e+04 cycle=274700 time=4.447720e+00 dt=1.398817e-05
elapsed=4.912640e+04 cycle=274800 time=4.449098e+00 dt=1.367114e-05
elapsed=4.916168e+04 cycle=274900 time=4.450449e+00 dt=1.324977e-05
elapsed=4.919675e+04 cycle=275000 time=4.451745e+00 dt=1.272086e-05
elapsed=4.923171e+04 cycle=275100 time=4.453022e+00 dt=1.281987e-05
elapsed=4.926647e+04 cycle=275200 time=4.454304e+00 dt=1.278008e-05
elapsed=4.930063e+04 cycle=275300 time=4.455596e+00 dt=1.323638e-05
elapsed=4.933433e+04 cycle=275400 time=4.456966e+00 dt=1.407649e-05
elapsed=4.936819e+04 cycle=275500 time=4.458407e+00 dt=1.500240e-05
elapsed=4.940272e+04 cycle=275600 time=4.459960e+00 dt=1.564383e-05
elapsed=4.943735e+04 cycle=275700 time=4.461509e+00 dt=1.537013e-05
elapsed=4.947222e+04 cycle=275800 time=4.463041e+00 dt=1.525471e-05
elapsed=4.950686e+04 cycle=275900 time=4.464565e+00 dt=1.521172e-05
elapsed=4.954155e+04 cycle=276000 time=4.466085e+00 dt=1.522858e-05
elapsed=4.957628e+04 cycle=276100 time=4.467602e+00 dt=1.509093e-05
elapsed=4.961104e+04 cycle=276200 time=4.469103e+00 dt=1.493867e-05
elapsed=4.964591e+04 cycle=276300 time=4.470597e+00 dt=1.501812e-05
elapsed=4.968076e+04 cycle=276400 time=4.472121e+00 dt=1.553291e-05
elapsed=4.971558e+04 cycle=276500 time=4.473663e+00 dt=1.520734e-05
elapsed=4.975037e+04 cycle=276600 time=4.475164e+00 dt=1.481840e-05
elapsed=4.978514e+04 cycle=276700 time=4.476648e+00 dt=1.491806e-05
elapsed=4.981994e+04 cycle=276800 time=4.478131e+00 dt=1.409752e-05
elapsed=4.985473e+04 cycle=276900 time=4.479453e+00 dt=1.278871e-05
elapsed=4.988957e+04 cycle=277000 time=4.480847e+00 dt=1.417980e-05
elapsed=4.992421e+04 cycle=277100 time=4.482241e+00 dt=1.443007e-05
elapsed=4.995885e+04 cycle=277200 time=4.483835e+00 dt=1.654922e-05
elapsed=4.999341e+04 cycle=277300 time=4.485485e+00 dt=1.644179e-05
elapsed=5.002769e+04 cycle=277400 time=4.487121e+00 dt=1.617985e-05
elapsed=5.006170e+04 cycle=277500 time=4.488705e+00 dt=1.547162e-05
elapsed=5.009580e+04 cycle=277600 time=4.490210e+00 dt=1.459144e-05
elapsed=5.013019e+04 cycle=277700 time=4.491623e+00 dt=1.371287e-05
elapsed=5.016457e+04 cycle=277800 time=4.493015e+00 dt=1.519266e-05
elapsed=5.019928e+04 cycle=277900 time=4.494662e+00 dt=1.765072e-05
elapsed=5.023379e+04 cycle=278000 time=4.496435e+00 dt=1.782837e-05
elapsed=5.026842e+04 cycle=278100 time=4.498184e+00 dt=1.708969e-05
elapsed=5.030305e+04 cycle=278200 time=4.499889e+00 dt=1.700940e-05
elapsed=5.033777e+04 cycle=278300 time=4.501585e+00 dt=1.679527e-05
elapsed=5.037237e+04 cycle=278400 time=4.503238e+00 dt=1.627842e-05
elapsed=5.040692e+04 cycle=278500 time=4.504849e+00 dt=1.599686e-05
elapsed=5.044146e+04 cycle=278600 time=4.506463e+00 dt=1.623404e-05
elapsed=5.047600e+04 cycle=278700 time=4.508068e+00 dt=1.645344e-05
elapsed=5.051061e+04 cycle=278800 time=4.509688e+00 dt=1.582962e-05
elapsed=5.054526e+04 cycle=278900 time=4.511272e+00 dt=1.556516e-05
elapsed=5.057985e+04 cycle=279000 time=4.512818e+00 dt=1.546807e-05
elapsed=5.061441e+04 cycle=279100 time=4.514394e+00 dt=1.603030e-05
elapsed=5.064896e+04 cycle=279200 time=4.516022e+00 dt=1.643639e-05
elapsed=5.068352e+04 cycle=279300 time=4.517666e+00 dt=1.642149e-05
elapsed=5.071807e+04 cycle=279400 time=4.519302e+00 dt=1.616699e-05
elapsed=5.075270e+04 cycle=279500 time=4.520887e+00 dt=1.557039e-05
elapsed=5.078721e+04 cycle=279600 time=4.522429e+00 dt=1.531361e-05
elapsed=5.082169e+04 cycle=279700 time=4.523945e+00 dt=1.500094e-05
elapsed=5.085615e+04 cycle=279800 time=4.525452e+00 dt=1.496153e-05
elapsed=5.089063e+04 cycle=279900 time=4.526949e+00 dt=1.597500e-05
elapsed=5.092507e+04 cycle=280000 time=4.528577e+00 dt=1.621469e-05
elapsed=5.095956e+04 cycle=280100 time=4.530172e+00 dt=1.589005e-05
elapsed=5.099397e+04 cycle=280200 time=4.531775e+00 dt=1.597975e-05
elapsed=5.102836e+04 cycle=280300 time=4.533371e+00 dt=1.596156e-05
elapsed=5.106269e+04 cycle=280400 time=4.534907e+00 dt=1.493152e-05
elapsed=5.109699e+04 cycle=280500 time=4.536458e+00 dt=1.565857e-05
elapsed=5.113127e+04 cycle=280600 time=4.537995e+00 dt=1.499957e-05
elapsed=5.116550e+04 cycle=280700 time=4.539494e+00 dt=1.526016e-05
elapsed=5.119968e+04 cycle=280800 time=4.540996e+00 dt=1.550963e-05
elapsed=5.123343e+04 cycle=280900 time=4.542646e+00 dt=1.694176e-05
elapsed=5.126681e+04 cycle=281000 time=4.544324e+00 dt=1.634410e-05
elapsed=5.130075e+04 cycle=281100 time=4.545877e+00 dt=1.475719e-05
elapsed=5.133397e+04 cycle=281200 time=4.547268e+00 dt=1.349494e-05
elapsed=5.136796e+04 cycle=281300 time=4.548724e+00 dt=1.515268e-05
elapsed=5.140203e+04 cycle=281400 time=4.550205e+00 dt=1.456552e-05
elapsed=5.143598e+04 cycle=281500 time=4.551647e+00 dt=1.448430e-05
elapsed=5.146986e+04 cycle=281600 time=4.553163e+00 dt=1.639408e-05
elapsed=5.150369e+04 cycle=281700 time=4.554816e+00 dt=1.650139e-05
elapsed=5.153748e+04 cycle=281800 time=4.556459e+00 dt=1.621358e-05
elapsed=5.157130e+04 cycle=281900 time=4.558068e+00 dt=1.604112e-05
elapsed=5.160509e+04 cycle=282000 time=4.559688e+00 dt=1.649711e-05
elapsed=5.163881e+04 cycle=282100 time=4.561378e+00 dt=1.717368e-05
elapsed=5.167242e+04 cycle=282200 time=4.563052e+00 dt=1.627354e-05
elapsed=5.170597e+04 cycle=282300 time=4.564638e+00 dt=1.583212e-05
elapsed=5.173946e+04 cycle=282400 time=4.566289e+00 dt=1.736037e-05
elapsed=5.177292e+04 cycle=282500 time=4.567949e+00 dt=1.605634e-05
elapsed=5.180632e+04 cycle=282600 time=4.569534e+00 dt=1.563816e-05
elapsed=5.183971e+04 cycle=282700 time=4.571101e+00 dt=1.605942e-05
elapsed=5.187297e+04 cycle=282800 time=4.572704e+00 dt=1.599848e-05
elapsed=5.190620e+04 cycle=282900 time=4.574300e+00 dt=1.584588e-05
elapsed=5.193924e+04 cycle=283000 time=4.575857e+00 dt=1.533846e-05
elapsed=5.197185e+04 cycle=283100 time=4.577392e+00 dt=1.555785e-05
elapsed=5.200444e+04 cycle=283200 time=4.578945e+00 dt=1.526778e-05
elapsed=5.203700e+04 cycle=283300 time=4.580473e+00 dt=1.519573e-05
elapsed=5.206933e+04 cycle=283400 time=4.582027e+00 dt=1.620483e-05
elapsed=5.210221e+04 cycle=283500 time=4.583681e+00 dt=1.653059e-05
elapsed=5.213450e+04 cycle=283600 time=4.585310e+00 dt=1.591111e-05
elapsed=5.216711e+04 cycle=283700 time=4.586911e+00 dt=1.624512e-05
elapsed=5.219963e+04 cycle=283800 time=4.588522e+00 dt=1.589288e-05
elapsed=5.223219e+04 cycle=283900 time=4.590088e+00 dt=1.547754e-05
elapsed=5.226458e+04 cycle=284000 time=4.591637e+00 dt=1.559727e-05
elapsed=5.229691e+04 cycle=284100 time=4.593164e+00 dt=1.459585e-05
elapsed=5.232920e+04 cycle=284200 time=4.594545e+00 dt=1.334287e-05
elapsed=5.236148e+04 cycle=284300 time=4.595934e+00 dt=1.524909e-05
elapsed=5.239383e+04 cycle=284400 time=4.597492e+00 dt=1.558351e-05
elapsed=5.242623e+04 cycle=284500 time=4.599082e+00 dt=1.629027e-05
elapsed=5.245852e+04 cycle=284600 time=4.600701e+00 dt=1.606506e-05
elapsed=5.249060e+04 cycle=284700 time=4.602288e+00 dt=1.567274e-05
elapsed=5.252247e+04 cycle=284800 time=4.603878e+00 dt=1.643180e-05
elapsed=5.255406e+04 cycle=284900 time=4.605541e+00 dt=1.673553e-05
elapsed=5.258557e+04 cycle=285000 time=4.607226e+00 dt=1.695073e-05
elapsed=5.261704e+04 cycle=285100 time=4.608927e+00 dt=1.699152e-05
elapsed=5.264872e+04 cycle=285200 time=4.610608e+00 dt=1.660748e-05
elapsed=5.267896e+04 cycle=285300 time=4.612275e+00 dt=1.658172e-05
elapsed=5.270921e+04 cycle=285400 time=4.613918e+00 dt=1.632410e-05
elapsed=5.274119e+04 cycle=285500 time=4.615544e+00 dt=1.622420e-05
elapsed=5.277307e+04 cycle=285600 time=4.617169e+00 dt=1.613258e-05
elapsed=5.280478e+04 cycle=285700 time=4.618767e+00 dt=1.585440e-05
elapsed=5.283644e+04 cycle=285800 time=4.620343e+00 dt=1.569640e-05
elapsed=5.286782e+04 cycle=285900 time=4.621890e+00 dt=1.520540e-05
elapsed=5.289846e+04 cycle=286000 time=4.623398e+00 dt=1.498109e-05
elapsed=5.292900e+04 cycle=286100 time=4.624904e+00 dt=1.515704e-05
elapsed=5.295988e+04 cycle=286200 time=4.626494e+00 dt=1.636965e-05
elapsed=5.299170e+04 cycle=286300 time=4.628200e+00 dt=1.734513e-05
elapsed=5.302349e+04 cycle=286400 time=4.629930e+00 dt=1.715300e-05
elapsed=5.305532e+04 cycle=286500 time=4.631616e+00 dt=1.673956e-05
elapsed=5.308599e+04 cycle=286600 time=4.633306e+00 dt=1.719372e-05
elapsed=5.311465e+04 cycle=286700 time=4.635054e+00 dt=1.752927e-05
elapsed=5.314424e+04 cycle=286800 time=4.636799e+00 dt=1.733213e-05
elapsed=5.317404e+04 cycle=286900 time=4.638524e+00 dt=1.695556e-05
elapsed=5.320381e+04 cycle=287000 time=4.640130e+00 dt=1.560495e-05
elapsed=5.323349e+04 cycle=287100 time=4.641798e+00 dt=1.691520e-05
elapsed=5.326330e+04 cycle=287200 time=4.643487e+00 dt=1.690862e-05
elapsed=5.329387e+04 cycle=287300 time=4.645167e+00 dt=1.663082e-05
elapsed=5.332391e+04 cycle=287400 time=4.646818e+00 dt=1.642920e-05
elapsed=5.334227e+04 cycle=287500 time=4.648462e+00 dt=1.647230e-05
elapsed=5.336970e+04 cycle=287600 time=4.650118e+00 dt=1.662058e-05
elapsed=5.340063e+04 cycle=287700 time=4.651739e+00 dt=1.574227e-05
elapsed=5.343153e+04 cycle=287800 time=4.653260e+00 dt=1.464529e-05
elapsed=5.346235e+04 cycle=287900 time=4.654664e+00 dt=1.344823e-05
elapsed=5.349305e+04 cycle=288000 time=4.656031e+00 dt=1.485131e-05
elapsed=5.352329e+04 cycle=288100 time=4.657689e+00 dt=1.678838e-05
elapsed=5.355256e+04 cycle=288200 time=4.659335e+00 dt=1.617050e-05
elapsed=5.358326e+04 cycle=288300 time=4.660938e+00 dt=1.622804e-05
elapsed=5.361400e+04 cycle=288400 time=4.662582e+00 dt=1.687481e-05
elapsed=5.364471e+04 cycle=288500 time=4.664261e+00 dt=1.677861e-05
elapsed=5.367537e+04 cycle=288600 time=4.665906e+00 dt=1.618331e-05
elapsed=5.370606e+04 cycle=288700 time=4.667537e+00 dt=1.651222e-05
elapsed=5.373674e+04 cycle=288800 time=4.669167e+00 dt=1.609430e-05
elapsed=5.376773e+04 cycle=288900 time=4.670775e+00 dt=1.577733e-05
elapsed=5.379839e+04 cycle=289000 time=4.672318e+00 dt=1.508297e-05
elapsed=5.382881e+04 cycle=289100 time=4.673802e+00 dt=1.471912e-05
elapsed=5.385855e+04 cycle=289200 time=4.675280e+00 dt=1.483666e-05
elapsed=5.388801e+04 cycle=289300 time=4.676800e+00 dt=1.575502e-05
elapsed=5.391859e+04 cycle=289400 time=4.678346e+00 dt=1.505245e-05
elapsed=5.394913e+04 cycle=289500 time=4.679822e+00 dt=1.499320e-05
elapsed=5.397973e+04 cycle=289600 time=4.681430e+00 dt=1.638304e-05
elapsed=5.401029e+04 cycle=289700 time=4.683055e+00 dt=1.621591e-05
elapsed=5.404082e+04 cycle=289800 time=4.684681e+00 dt=1.631378e-05
elapsed=5.407102e+04 cycle=289900 time=4.686309e+00 dt=1.625254e-05
elapsed=5.410030e+04 cycle=290000 time=4.687902e+00 dt=1.558310e-05
elapsed=5.413042e+04 cycle=290100 time=4.689434e+00 dt=1.513439e-05
elapsed=5.416108e+04 cycle=290200 time=4.690943e+00 dt=1.519379e-05
elapsed=5.419158e+04 cycle=290300 time=4.692511e+00 dt=1.626797e-05
elapsed=5.422209e+04 cycle=290400 time=4.694102e+00 dt=1.544263e-05
elapsed=5.425275e+04 cycle=290500 time=4.695604e+00 dt=1.465987e-05
elapsed=5.428200e+04 cycle=290600 time=4.697053e+00 dt=1.440008e-05
elapsed=5.431164e+04 cycle=290700 time=4.698484e+00 dt=1.439465e-05
elapsed=5.434210e+04 cycle=290800 time=4.700002e+00 dt=1.627379e-05
elapsed=5.437264e+04 cycle=290900 time=4.701659e+00 dt=1.646102e-05
elapsed=5.440308e+04 cycle=291000 time=4.703293e+00 dt=1.606854e-05
elapsed=5.443374e+04 cycle=291100 time=4.704845e+00 dt=1.505017e-05
elapsed=5.446408e+04 cycle=291200 time=4.706371e+00 dt=1.603652e-05
elapsed=5.449433e+04 cycle=291300 time=4.708003e+00 dt=1.675192e-05
elapsed=5.452366e+04 cycle=291400 time=4.709653e+00 dt=1.611304e-05
elapsed=5.455305e+04 cycle=291500 time=4.711228e+00 dt=1.545927e-05
elapsed=5.458312e+04 cycle=291600 time=4.712754e+00 dt=1.506937e-05
elapsed=5.461337e+04 cycle=291700 time=4.714258e+00 dt=1.501457e-05
elapsed=5.464362e+04 cycle=291800 time=4.715773e+00 dt=1.537298e-05
elapsed=5.467378e+04 cycle=291900 time=4.717326e+00 dt=1.566629e-05
elapsed=5.470388e+04 cycle=292000 time=4.718910e+00 dt=1.613045e-05
elapsed=5.473402e+04 cycle=292100 time=4.720493e+00 dt=1.552401e-05
elapsed=5.476212e+04 cycle=292200 time=4.722026e+00 dt=1.517363e-05
elapsed=5.479108e+04 cycle=292300 time=4.723532e+00 dt=1.501186e-05
elapsed=5.482101e+04 cycle=292400 time=4.725053e+00 dt=1.549331e-05
elapsed=5.484931e+04 cycle=292500 time=4.726634e+00 dt=1.618561e-05
elapsed=5.487871e+04 cycle=292600 time=4.728259e+00 dt=1.637204e-05
elapsed=5.490828e+04 cycle=292700 time=4.729905e+00 dt=1.636103e-05
elapsed=5.493770e+04 cycle=292800 time=4.731546e+00 dt=1.620773e-05
elapsed=5.496742e+04 cycle=292900 time=4.733148e+00 dt=1.582917e-05
elapsed=5.499702e+04 cycle=293000 time=4.734718e+00 dt=1.558030e-05
elapsed=5.502638e+04 cycle=293100 time=4.736275e+00 dt=1.556198e-05
elapsed=5.505528e+04 cycle=293200 time=4.737831e+00 dt=1.556796e-05
elapsed=5.508366e+04 cycle=293300 time=4.739394e+00 dt=1.560708e-05
elapsed=5.511309e+04 cycle=293400 time=4.740899e+00 dt=1.462091e-05
elapsed=5.514248e+04 cycle=293500 time=4.742403e+00 dt=1.518410e-05
elapsed=5.517172e+04 cycle=293600 time=4.743921e+00 dt=1.528545e-05
elapsed=5.520092e+04 cycle=293700 time=4.745504e+00 dt=1.605847e-05
elapsed=5.522858e+04 cycle=293800 time=4.747097e+00 dt=1.582159e-05
elapsed=5.525702e+04 cycle=293900 time=4.748674e+00 dt=1.570646e-05
elapsed=5.528617e+04 cycle=294000 time=4.750197e+00 dt=1.473440e-05
elapsed=5.531521e+04 cycle=294100 time=4.751627e+00 dt=1.395424e-05
elapsed=5.534448e+04 cycle=294200 time=4.753047e+00 dt=1.488042e-05
elapsed=5.537346e+04 cycle=294300 time=4.754597e+00 dt=1.604935e-05
elapsed=5.540164e+04 cycle=294400 time=4.756202e+00 dt=1.601673e-05
elapsed=5.542929e+04 cycle=294500 time=4.757792e+00 dt=1.572393e-05
elapsed=5.545807e+04 cycle=294600 time=4.759354e+00 dt=1.561484e-05
elapsed=5.548689e+04 cycle=294700 time=4.760903e+00 dt=1.534106e-05
elapsed=5.551556e+04 cycle=294800 time=4.762453e+00 dt=1.535640e-05
elapsed=5.554443e+04 cycle=294900 time=4.763971e+00 dt=1.544361e-05
elapsed=5.557166e+04 cycle=295000 time=4.765560e+00 dt=1.628583e-05
elapsed=5.559936e+04 cycle=295100 time=4.767228e+00 dt=1.682292e-05
elapsed=5.562784e+04 cycle=295200 time=4.768919e+00 dt=1.698407e-05
elapsed=5.565638e+04 cycle=295300 time=4.770575e+00 dt=1.637239e-05
elapsed=5.568472e+04 cycle=295400 time=4.772235e+00 dt=1.666577e-05
elapsed=5.571185e+04 cycle=295500 time=4.773868e+00 dt=1.604592e-05
elapsed=5.573902e+04 cycle=295600 time=4.775483e+00 dt=1.607672e-05
elapsed=5.576716e+04 cycle=295700 time=4.777051e+00 dt=1.529555e-05
elapsed=5.579531e+04 cycle=295800 time=4.778555e+00 dt=1.499665e-05
elapsed=5.582352e+04 cycle=295900 time=4.780128e+00 dt=1.665264e-05
elapsed=5.585142e+04 cycle=296000 time=4.781791e+00 dt=1.678887e-05
elapsed=5.587737e+04 cycle=296100 time=4.783438e+00 dt=1.604915e-05
elapsed=5.590518e+04 cycle=296200 time=4.785022e+00 dt=1.583871e-05
elapsed=5.593303e+04 cycle=296300 time=4.786614e+00 dt=1.559098e-05
elapsed=5.596084e+04 cycle=296400 time=4.788145e+00 dt=1.508211e-05
elapsed=5.598686e+04 cycle=296500 time=4.789647e+00 dt=1.533888e-05
elapsed=5.601424e+04 cycle=296600 time=4.791195e+00 dt=1.518716e-05
elapsed=5.604177e+04 cycle=296700 time=4.792658e+00 dt=1.423893e-05
elapsed=5.606920e+04 cycle=296800 time=4.794105e+00 dt=1.547249e-05
elapsed=5.609485e+04 cycle=296900 time=4.795794e+00 dt=1.760528e-05
elapsed=5.612163e+04 cycle=297000 time=4.797497e+00 dt=1.626740e-05
elapsed=5.614879e+04 cycle=297100 time=4.799109e+00 dt=1.588275e-05
elapsed=5.617594e+04 cycle=297200 time=4.800704e+00 dt=1.611261e-05
elapsed=5.620173e+04 cycle=297300 time=4.802352e+00 dt=1.683567e-05
elapsed=5.622789e+04 cycle=297400 time=4.804023e+00 dt=1.644843e-05
elapsed=5.625475e+04 cycle=297500 time=4.805650e+00 dt=1.620859e-05
elapsed=5.628148e+04 cycle=297600 time=4.807267e+00 dt=1.603353e-05
elapsed=5.630731e+04 cycle=297700 time=4.808881e+00 dt=1.635722e-05
elapsed=5.633246e+04 cycle=297800 time=4.810544e+00 dt=1.665856e-05
elapsed=5.635888e+04 cycle=297900 time=4.812202e+00 dt=1.627296e-05
elapsed=5.638521e+04 cycle=298000 time=4.813802e+00 dt=1.596296e-05
elapsed=5.641120e+04 cycle=298100 time=4.815404e+00 dt=1.574802e-05
elapsed=5.643540e+04 cycle=298200 time=4.816940e+00 dt=1.500795e-05
elapsed=5.646149e+04 cycle=298300 time=4.818432e+00 dt=1.508782e-05
elapsed=5.648782e+04 cycle=298400 time=4.820021e+00 dt=1.716397e-05
elapsed=5.651241e+04 cycle=298500 time=4.821791e+00 dt=1.790791e-05
elapsed=5.653754e+04 cycle=298600 time=4.823582e+00 dt=1.780421e-05
elapsed=5.656322e+04 cycle=298700 time=4.825351e+00 dt=1.758716e-05
elapsed=5.658878e+04 cycle=298800 time=4.827109e+00 dt=1.746744e-05
elapsed=5.661230e+04 cycle=298900 time=4.828841e+00 dt=1.707927e-05
elapsed=5.663775e+04 cycle=299000 time=4.830528e+00 dt=1.673136e-05
elapsed=5.666304e+04 cycle=299100 time=4.832178e+00 dt=1.615532e-05
elapsed=5.668774e+04 cycle=299200 time=4.833739e+00 dt=1.508536e-05
elapsed=5.671111e+04 cycle=299300 time=4.835213e+00 dt=1.444452e-05
elapsed=5.673613e+04 cycle=299400 time=4.836690e+00 dt=1.494868e-05
elapsed=5.676108e+04 cycle=299500 time=4.838160e+00 dt=1.450375e-05
elapsed=5.678436e+04 cycle=299600 time=4.839608e+00 dt=1.450577e-05
elapsed=5.680869e+04 cycle=299700 time=4.841053e+00 dt=1.423756e-05
elapsed=5.683378e+04 cycle=299800 time=4.842444e+00 dt=1.363717e-05
elapsed=5.685783e+04 cycle=299900 time=4.843795e+00 dt=1.379256e-05
elapsed=5.688088e+04 cycle=300000 time=4.845246e+00 dt=1.551986e-05
elapsed=5.690544e+04 cycle=300100 time=4.846775e+00 dt=1.496419e-05
elapsed=5.692999e+04 cycle=300200 time=4.848274e+00 dt=1.517873e-05
elapsed=5.695227e+04 cycle=300300 time=4.849839e+00 dt=1.614121e-05
elapsed=5.697679e+04 cycle=300400 time=4.851426e+00 dt=1.556520e-05
elapsed=5.700117e+04 cycle=300500 time=4.852946e+00 dt=1.490610e-05
elapsed=5.702347e+04 cycle=300600 time=4.854415e+00 dt=1.447406e-05
elapsed=5.704757e+04 cycle=300700 time=4.855833e+00 dt=1.376374e-05
elapsed=5.707181e+04 cycle=300800 time=4.857174e+00 dt=1.329874e-05
elapsed=5.709503e+04 cycle=300900 time=4.858519e+00 dt=1.376049e-05
elapsed=5.711821e+04 cycle=301000 time=4.859932e+00 dt=1.438075e-05
elapsed=5.714241e+04 cycle=301100 time=4.861387e+00 dt=1.478631e-05
elapsed=5.716560e+04 cycle=301200 time=4.862927e+00 dt=1.592967e-05
elapsed=5.718832e+04 cycle=301300 time=4.864477e+00 dt=1.503545e-05
elapsed=5.721234e+04 cycle=301400 time=4.865955e+00 dt=1.473845e-05
elapsed=5.723598e+04 cycle=301500 time=4.867456e+00 dt=1.539031e-05
elapsed=5.725813e+04 cycle=301600 time=4.869002e+00 dt=1.547026e-05
elapsed=5.728220e+04 cycle=301700 time=4.870576e+00 dt=1.569752e-05
elapsed=5.730609e+04 cycle=301800 time=4.872124e+00 dt=1.532020e-05
elapsed=5.732782e+04 cycle=301900 time=4.873668e+00 dt=1.566727e-05
elapsed=5.735152e+04 cycle=302000 time=4.875239e+00 dt=1.583727e-05
elapsed=5.737525e+04 cycle=302100 time=4.876842e+00 dt=1.627027e-05
elapsed=5.739805e+04 cycle=302200 time=4.878466e+00 dt=1.645526e-05
elapsed=5.742042e+04 cycle=302300 time=4.880119e+00 dt=1.651234e-05
elapsed=5.744394e+04 cycle=302400 time=4.881761e+00 dt=1.609410e-05
elapsed=5.746725e+04 cycle=302500 time=4.883357e+00 dt=1.579776e-05
elapsed=5.748858e+04 cycle=302600 time=4.884908e+00 dt=1.526147e-05
elapsed=5.751191e+04 cycle=302700 time=4.886411e+00 dt=1.477407e-05
elapsed=5.753522e+04 cycle=302800 time=4.887873e+00 dt=1.452649e-05
elapsed=5.755639e+04 cycle=302900 time=4.889331e+00 dt=1.469645e-05
elapsed=5.757959e+04 cycle=303000 time=4.890820e+00 dt=1.508590e-05
elapsed=5.760225e+04 cycle=303100 time=4.892348e+00 dt=1.550334e-05
elapsed=5.762347e+04 cycle=303200 time=4.893898e+00 dt=1.534026e-05
elapsed=5.764632e+04 cycle=303300 time=4.895415e+00 dt=1.492078e-05
elapsed=5.766790e+04 cycle=303400 time=4.896876e+00 dt=1.452672e-05
elapsed=5.768967e+04 cycle=303500 time=4.898423e+00 dt=1.582226e-05
elapsed=5.771241e+04 cycle=303600 time=4.900001e+00 dt=1.578747e-05
elapsed=5.773351e+04 cycle=303700 time=4.901586e+00 dt=1.590240e-05
elapsed=5.775564e+04 cycle=303800 time=4.903186e+00 dt=1.619080e-05
elapsed=5.777811e+04 cycle=303900 time=4.904796e+00 dt=1.604885e-05
elapsed=5.779828e+04 cycle=304000 time=4.906415e+00 dt=1.567053e-05
elapsed=5.782053e+04 cycle=304100 time=4.907960e+00 dt=1.584052e-05
elapsed=5.784234e+04 cycle=304200 time=4.909629e+00 dt=1.697379e-05
elapsed=5.786273e+04 cycle=304300 time=4.911327e+00 dt=1.684956e-05
elapsed=5.788468e+04 cycle=304400 time=4.913005e+00 dt=1.670283e-05
elapsed=5.790500e+04 cycle=304500 time=4.914690e+00 dt=1.711473e-05
elapsed=5.792722e+04 cycle=304600 time=4.916407e+00 dt=1.721704e-05
elapsed=5.794691e+04 cycle=304700 time=4.918133e+00 dt=1.733067e-05
elapsed=5.796868e+04 cycle=304800 time=4.919835e+00 dt=1.640706e-05
elapsed=5.799050e+04 cycle=304900 time=4.921429e+00 dt=1.555756e-05
elapsed=5.800999e+04 cycle=305000 time=4.922969e+00 dt=1.529760e-05
elapsed=5.803159e+04 cycle=305100 time=4.924477e+00 dt=1.494916e-05
elapsed=5.805153e+04 cycle=305200 time=4.925969e+00 dt=1.486803e-05
elapsed=5.807276e+04 cycle=305300 time=4.927452e+00 dt=1.481491e-05
elapsed=5.809482e+04 cycle=305400 time=4.928936e+00 dt=1.487689e-05
elapsed=5.811484e+04 cycle=305500 time=4.930429e+00 dt=1.501065e-05
elapsed=5.813711e+04 cycle=305600 time=4.931943e+00 dt=1.516724e-05
elapsed=5.815858e+04 cycle=305700 time=4.933456e+00 dt=1.520051e-05
elapsed=5.817965e+04 cycle=305800 time=4.934994e+00 dt=1.560591e-05
elapsed=5.820150e+04 cycle=305900 time=4.936562e+00 dt=1.590525e-05
elapsed=5.822053e+04 cycle=306000 time=4.938159e+00 dt=1.590252e-05
elapsed=5.824192e+04 cycle=306100 time=4.939720e+00 dt=1.532901e-05
elapsed=5.826109e+04 cycle=306200 time=4.941231e+00 dt=1.488544e-05
elapsed=5.828222e+04 cycle=306300 time=4.942703e+00 dt=1.462691e-05
elapsed=5.830318e+04 cycle=306400 time=4.944177e+00 dt=1.505327e-05
elapsed=5.832289e+04 cycle=306500 time=4.945767e+00 dt=1.642929e-05
elapsed=5.834413e+04 cycle=306600 time=4.947388e+00 dt=1.595548e-05
elapsed=5.836293e+04 cycle=306700 time=4.948959e+00 dt=1.550132e-05
elapsed=5.838395e+04 cycle=306800 time=4.950480e+00 dt=1.494078e-05
elapsed=5.840274e+04 cycle=306900 time=4.951957e+00 dt=1.456120e-05
elapsed=5.842366e+04 cycle=307000 time=4.953420e+00 dt=1.489792e-05
elapsed=5.844319e+04 cycle=307100 time=4.954970e+00 dt=1.603703e-05
elapsed=5.846332e+04 cycle=307200 time=4.956589e+00 dt=1.613815e-05
elapsed=5.848422e+04 cycle=307300 time=4.958197e+00 dt=1.601791e-05
elapsed=5.850293e+04 cycle=307400 time=4.959797e+00 dt=1.600125e-05
elapsed=5.852412e+04 cycle=307500 time=4.961394e+00 dt=1.591148e-05
elapsed=5.854280e+04 cycle=307600 time=4.962986e+00 dt=1.591111e-05
elapsed=5.856365e+04 cycle=307700 time=4.964571e+00 dt=1.575011e-05
elapsed=5.858295e+04 cycle=307800 time=4.966137e+00 dt=1.558550e-05
elapsed=5.860312e+04 cycle=307900 time=4.967695e+00 dt=1.560471e-05
elapsed=5.862387e+04 cycle=308000 time=4.969261e+00 dt=1.570738e-05
elapsed=5.864265e+04 cycle=308100 time=4.970833e+00 dt=1.560850e-05
elapsed=5.866345e+04 cycle=308200 time=4.972372e+00 dt=1.513833e-05
elapsed=5.868207e+04 cycle=308300 time=4.973871e+00 dt=1.488216e-05
elapsed=5.870286e+04 cycle=308400 time=4.975346e+00 dt=1.468069e-05
elapsed=5.872277e+04 cycle=308500 time=4.976803e+00 dt=1.449154e-05
elapsed=5.874235e+04 cycle=308600 time=4.978249e+00 dt=1.442434e-05
elapsed=5.876311e+04 cycle=308700 time=4.979681e+00 dt=1.424306e-05
elapsed=5.878178e+04 cycle=308800 time=4.981113e+00 dt=1.433690e-05
elapsed=5.880258e+04 cycle=308900 time=4.982550e+00 dt=1.437458e-05
elapsed=5.882125e+04 cycle=309000 time=4.983980e+00 dt=1.405892e-05
elapsed=5.884193e+04 cycle=309100 time=4.985334e+00 dt=1.306041e-05
elapsed=5.886227e+04 cycle=309200 time=4.986734e+00 dt=1.564094e-05
elapsed=5.888126e+04 cycle=309300 time=4.988300e+00 dt=1.564532e-05
elapsed=5.890202e+04 cycle=309400 time=4.989856e+00 dt=1.533512e-05
elapsed=5.892067e+04 cycle=309500 time=4.991358e+00 dt=1.472404e-05
elapsed=5.894144e+04 cycle=309600 time=4.992793e+00 dt=1.385155e-05
elapsed=5.896137e+04 cycle=309700 time=4.994111e+00 dt=1.280538e-05
elapsed=5.898449e+04 cycle=309800 time=4.995526e+00 dt=1.473322e-05
elapsed=5.900966e+04 cycle=309900 time=4.997000e+00 dt=1.485514e-05
elapsed=5.903459e+04 cycle=310000 time=4.998457e+00 dt=1.439409e-05
elapsed=5.905798e+04 cycle=310100 time=4.999935e+00 dt=1.539896e-05
elapsed=5.908453e+04 cycle=310200 time=5.001455e+00 dt=1.500457e-05
elapsed=5.911081e+04 cycle=310300 time=5.002923e+00 dt=1.437127e-05
elapsed=5.913721e+04 cycle=310400 time=5.004331e+00 dt=1.379091e-05
elapsed=5.916172e+04 cycle=310500 time=5.005699e+00 dt=1.358016e-05
elapsed=5.918831e+04 cycle=310600 time=5.007057e+00 dt=1.367618e-05
elapsed=5.921511e+04 cycle=310700 time=5.008410e+00 dt=1.324481e-05
elapsed=5.924185e+04 cycle=310800 time=5.009696e+00 dt=1.258335e-05
elapsed=5.926762e+04 cycle=310900 time=5.010943e+00 dt=1.247490e-05
elapsed=5.929390e+04 cycle=311000 time=5.012235e+00 dt=1.356204e-05
elapsed=5.932113e+04 cycle=311100 time=5.013651e+00 dt=1.461178e-05
elapsed=5.934833e+04 cycle=311200 time=5.015100e+00 dt=1.437199e-05
elapsed=5.937538e+04 cycle=311300 time=5.016544e+00 dt=1.465358e-05
elapsed=5.940110e+04 cycle=311400 time=5.017992e+00 dt=1.429566e-05
elapsed=5.942878e+04 cycle=311500 time=5.019448e+00 dt=1.510664e-05
elapsed=5.945662e+04 cycle=311600 time=5.020940e+00 dt=1.479050e-05
elapsed=5.947678e+04 cycle=311700 time=5.022433e+00 dt=1.484237e-05
elapsed=5.948842e+04 cycle=311800 time=5.023906e+00 dt=1.468800e-05
elapsed=5.950754e+04 cycle=311900 time=5.025382e+00 dt=1.483255e-05
elapsed=5.953096e+04 cycle=312000 time=5.026854e+00 dt=1.456670e-05
elapsed=5.954250e+04 cycle=312100 time=5.028303e+00 dt=1.421386e-05
elapsed=5.955268e+04 cycle=312200 time=5.029680e+00 dt=1.332188e-05
elapsed=5.956971e+04 cycle=312300 time=5.030980e+00 dt=1.275508e-05
elapsed=5.958447e+04 cycle=312400 time=5.032332e+00 dt=1.455256e-05
elapsed=5.959450e+04 cycle=312500 time=5.033791e+00 dt=1.461777e-05
elapsed=5.960311e+04 cycle=312600 time=5.035231e+00 dt=1.392618e-05
elapsed=5.961203e+04 cycle=312700 time=5.036576e+00 dt=1.298823e-05
elapsed=5.962142e+04 cycle=312800 time=5.037842e+00 dt=1.237924e-05
elapsed=5.963196e+04 cycle=312900 time=5.039074e+00 dt=1.226456e-05
elapsed=5.964071e+04 cycle=313000 time=5.040292e+00 dt=1.180434e-05
elapsed=5.964926e+04 cycle=313100 time=5.041449e+00 dt=1.158090e-05
elapsed=5.965783e+04 cycle=313200 time=5.042657e+00 dt=1.276936e-05
elapsed=5.966832e+04 cycle=313300 time=5.044010e+00 dt=1.343479e-05
elapsed=5.967698e+04 cycle=313400 time=5.045364e+00 dt=1.417743e-05
elapsed=5.968564e+04 cycle=313500 time=5.046762e+00 dt=1.380217e-05
elapsed=5.969486e+04 cycle=313600 time=5.048125e+00 dt=1.356001e-05
elapsed=5.970518e+04 cycle=313700 time=5.049472e+00 dt=1.334729e-05
elapsed=5.971393e+04 cycle=313800 time=5.050830e+00 dt=1.413992e-05
elapsed=5.972255e+04 cycle=313900 time=5.052264e+00 dt=1.422386e-05
elapsed=5.973131e+04 cycle=314000 time=5.053658e+00 dt=1.357463e-05
elapsed=5.974177e+04 cycle=314100 time=5.054999e+00 dt=1.322431e-05
elapsed=5.975086e+04 cycle=314200 time=5.056333e+00 dt=1.357500e-05
elapsed=5.975952e+04 cycle=314300 time=5.057707e+00 dt=1.382356e-05
elapsed=5.976820e+04 cycle=314400 time=5.059097e+00 dt=1.396947e-05
elapsed=5.977828e+04 cycle=314500 time=5.060497e+00 dt=1.401918e-05
elapsed=5.978949e+04 cycle=314600 time=5.061905e+00 dt=1.428182e-05
elapsed=5.980245e+04 cycle=314700 time=5.063367e+00 dt=1.483303e-05
elapsed=5.982099e+04 cycle=314800 time=5.064780e+00 dt=1.330608e-05
elapsed=5.983463e+04 cycle=314900 time=5.066045e+00 dt=1.271938e-05
elapsed=5.984359e+04 cycle=315000 time=5.067435e+00 dt=1.435821e-05
elapsed=5.985344e+04 cycle=315100 time=5.068845e+00 dt=1.397458e-05
elapsed=5.986191e+04 cycle=315200 time=5.070217e+00 dt=1.342390e-05
elapsed=5.987031e+04 cycle=315300 time=5.071515e+00 dt=1.265367e-05
elapsed=5.987930e+04 cycle=315400 time=5.072816e+00 dt=1.392409e-05
elapsed=5.988937e+04 cycle=315500 time=5.074288e+00 dt=1.491018e-05
elapsed=5.989778e+04 cycle=315600 time=5.075777e+00 dt=1.465563e-05
elapsed=5.990619e+04 cycle=315700 time=5.077224e+00 dt=1.444672e-05
elapsed=5.992022e+04 cycle=315800 time=5.078680e+00 dt=1.475886e-05
elapsed=5.994218e+04 cycle=315900 time=5.080135e+00 dt=1.438802e-05
elapsed=5.995168e+04 cycle=316000 time=5.081591e+00 dt=1.436894e-05
elapsed=5.996132e+04 cycle=316100 time=5.083037e+00 dt=1.442345e-05
elapsed=5.997528e+04 cycle=316200 time=5.084469e+00 dt=1.430860e-05
elapsed=5.998373e+04 cycle=316300 time=5.085881e+00 dt=1.408787e-05
elapsed=5.999399e+04 cycle=316400 time=5.087325e+00 dt=1.458404e-05
elapsed=6.000362e+04 cycle=316500 time=5.088798e+00 dt=1.457194e-05
elapsed=6.001219e+04 cycle=316600 time=5.090232e+00 dt=1.386135e-05
elapsed=6.002079e+04 cycle=316700 time=5.091564e+00 dt=1.314525e-05
elapsed=6.003125e+04 cycle=316800 time=5.092940e+00 dt=1.452066e-05
elapsed=6.003962e+04 cycle=316900 time=5.094446e+00 dt=1.507965e-05
elapsed=6.004806e+04 cycle=317000 time=5.095977e+00 dt=1.546751e-05
elapsed=6.005674e+04 cycle=317100 time=5.097536e+00 dt=1.571396e-05
elapsed=6.006702e+04 cycle=317200 time=5.099081e+00 dt=1.503135e-05
elapsed=6.007583e+04 cycle=317300 time=5.100567e+00 dt=1.439604e-05
elapsed=6.008501e+04 cycle=317400 time=5.101966e+00 dt=1.377401e-05
elapsed=6.009445e+04 cycle=317500 time=5.103336e+00 dt=1.392434e-05
elapsed=6.010405e+04 cycle=317600 time=5.104706e+00 dt=1.385635e-05
elapsed=6.011249e+04 cycle=317700 time=5.106152e+00 dt=1.465677e-05
elapsed=6.012094e+04 cycle=317800 time=5.107545e+00 dt=1.350190e-05
elapsed=6.014349e+04 cycle=317900 time=5.108986e+00 dt=1.554013e-05
elapsed=6.017331e+04 cycle=318000 time=5.110510e+00 dt=1.507657e-05
elapsed=6.018274e+04 cycle=318100 time=5.112017e+00 dt=1.507396e-05
elapsed=6.021104e+04 cycle=318200 time=5.113534e+00 dt=1.511470e-05
elapsed=6.024698e+04 cycle=318300 time=5.115033e+00 dt=1.487069e-05
elapsed=6.026579e+04 cycle=318400 time=5.116518e+00 dt=1.491524e-05
elapsed=6.027601e+04 cycle=318500 time=5.118027e+00 dt=1.506477e-05
elapsed=6.028451e+04 cycle=318600 time=5.119548e+00 dt=1.542674e-05
elapsed=6.029426e+04 cycle=318700 time=5.121094e+00 dt=1.542329e-05
elapsed=6.030621e+04 cycle=318800 time=5.122632e+00 dt=1.534476e-05
elapsed=6.031541e+04 cycle=318900 time=5.124167e+00 dt=1.534593e-05
elapsed=6.032395e+04 cycle=319000 time=5.125691e+00 dt=1.509919e-05
elapsed=6.034234e+04 cycle=319100 time=5.127184e+00 dt=1.472272e-05
elapsed=6.036691e+04 cycle=319200 time=5.128627e+00 dt=1.411843e-05
elapsed=6.039301e+04 cycle=319300 time=5.130012e+00 dt=1.359176e-05
elapsed=6.040525e+04 cycle=319400 time=5.131365e+00 dt=1.355801e-05
elapsed=6.041576e+04 cycle=319500 time=5.132748e+00 dt=1.420730e-05
elapsed=6.042441e+04 cycle=319600 time=5.134135e+00 dt=1.363527e-05
elapsed=6.043305e+04 cycle=319700 time=5.135522e+00 dt=1.413191e-05
elapsed=6.044247e+04 cycle=319800 time=5.136950e+00 dt=1.424676e-05
elapsed=6.045286e+04 cycle=319900 time=5.138354e+00 dt=1.381584e-05
elapsed=6.046202e+04 cycle=320000 time=5.139791e+00 dt=1.536509e-05
elapsed=6.048374e+04 cycle=320100 time=5.141340e+00 dt=1.536099e-05
elapsed=6.050426e+04 cycle=320200 time=5.142857e+00 dt=1.498949e-05
elapsed=6.051424e+04 cycle=320300 time=5.144374e+00 dt=1.527718e-05
elapsed=6.052498e+04 cycle=320400 time=5.145897e+00 dt=1.519907e-05
elapsed=6.053516e+04 cycle=320500 time=5.147433e+00 dt=1.551820e-05
elapsed=6.054395e+04 cycle=320600 time=5.149002e+00 dt=1.582514e-05
elapsed=6.055668e+04 cycle=320700 time=5.150541e+00 dt=1.523376e-05
elapsed=6.057115e+04 cycle=320800 time=5.152093e+00 dt=1.559071e-05
elapsed=6.060231e+04 cycle=320900 time=5.153634e+00 dt=1.539366e-05
elapsed=6.062082e+04 cycle=321000 time=5.155169e+00 dt=1.522626e-05
elapsed=6.063125e+04 cycle=321100 time=5.156690e+00 dt=1.522580e-05
elapsed=6.066161e+04 cycle=321200 time=5.158220e+00 dt=1.535689e-05
elapsed=6.069641e+04 cycle=321300 time=5.159758e+00 dt=1.539372e-05
elapsed=6.072165e+04 cycle=321400 time=5.161287e+00 dt=1.511486e-05
elapsed=6.073316e+04 cycle=321500 time=5.162785e+00 dt=1.488368e-05
elapsed=6.074865e+04 cycle=321600 time=5.164261e+00 dt=1.459446e-05
elapsed=6.076775e+04 cycle=321700 time=5.165704e+00 dt=1.426279e-05
elapsed=6.077642e+04 cycle=321800 time=5.167124e+00 dt=1.419202e-05
elapsed=6.078734e+04 cycle=321900 time=5.168558e+00 dt=1.440407e-05
elapsed=6.080890e+04 cycle=322000 time=5.169995e+00 dt=1.431251e-05
elapsed=6.084223e+04 cycle=322100 time=5.171424e+00 dt=1.429620e-05
elapsed=6.087583e+04 cycle=322200 time=5.172861e+00 dt=1.439166e-05
elapsed=6.089225e+04 cycle=322300 time=5.174311e+00 dt=1.471602e-05
elapsed=6.090239e+04 cycle=322400 time=5.175770e+00 dt=1.452078e-05
elapsed=6.091582e+04 cycle=322500 time=5.177231e+00 dt=1.480626e-05
elapsed=6.094222e+04 cycle=322600 time=5.178729e+00 dt=1.483523e-05
elapsed=6.095710e+04 cycle=322700 time=5.180186e+00 dt=1.434095e-05
elapsed=6.096803e+04 cycle=322800 time=5.181616e+00 dt=1.440245e-05
elapsed=6.097728e+04 cycle=322900 time=5.183079e+00 dt=1.444126e-05
elapsed=6.098631e+04 cycle=323000 time=5.184452e+00 dt=1.386093e-05
elapsed=6.100546e+04 cycle=323100 time=5.185983e+00 dt=1.573064e-05
elapsed=6.104019e+04 cycle=323200 time=5.187566e+00 dt=1.604314e-05
elapsed=6.107447e+04 cycle=323300 time=5.189155e+00 dt=1.571401e-05
elapsed=6.110935e+04 cycle=323400 time=5.190722e+00 dt=1.564291e-05
elapsed=6.112374e+04 cycle=323500 time=5.192269e+00 dt=1.516618e-05
elapsed=6.113285e+04 cycle=323600 time=5.193790e+00 dt=1.545947e-05
elapsed=6.114195e+04 cycle=323700 time=5.195337e+00 dt=1.550133e-05
elapsed=6.115106e+04 cycle=323800 time=5.196915e+00 dt=1.583279e-05
elapsed=6.116232e+04 cycle=323900 time=5.198493e+00 dt=1.574822e-05
elapsed=6.117151e+04 cycle=324000 time=5.200059e+00 dt=1.535795e-05
elapsed=6.118031e+04 cycle=324100 time=5.201606e+00 dt=1.561895e-05
elapsed=6.118906e+04 cycle=324200 time=5.203156e+00 dt=1.541157e-05
elapsed=6.120006e+04 cycle=324300 time=5.204683e+00 dt=1.515418e-05
elapsed=6.120913e+04 cycle=324400 time=5.206190e+00 dt=1.496814e-05
elapsed=6.121803e+04 cycle=324500 time=5.207677e+00 dt=1.480850e-05
elapsed=6.124250e+04 cycle=324600 time=5.209167e+00 dt=1.508591e-05
elapsed=6.127892e+04 cycle=324700 time=5.210707e+00 dt=1.573202e-05
elapsed=6.129318e+04 cycle=324800 time=5.212290e+00 dt=1.581626e-05
elapsed=6.130226e+04 cycle=324900 time=5.213853e+00 dt=1.544475e-05
elapsed=6.132352e+04 cycle=325000 time=5.215385e+00 dt=1.520936e-05
elapsed=6.133227e+04 cycle=325100 time=5.216900e+00 dt=1.509457e-05
elapsed=6.134172e+04 cycle=325200 time=5.218405e+00 dt=1.504270e-05
elapsed=6.135209e+04 cycle=325300 time=5.219909e+00 dt=1.504372e-05
elapsed=6.136095e+04 cycle=325400 time=5.221414e+00 dt=1.507569e-05
elapsed=6.136978e+04 cycle=325500 time=5.222920e+00 dt=1.500278e-05
elapsed=6.137898e+04 cycle=325600 time=5.224416e+00 dt=1.495322e-05
elapsed=6.138966e+04 cycle=325700 time=5.225915e+00 dt=1.503807e-05
elapsed=6.140197e+04 cycle=325800 time=5.227411e+00 dt=1.477878e-05
elapsed=6.141220e+04 cycle=325900 time=5.228879e+00 dt=1.460597e-05
elapsed=6.142188e+04 cycle=326000 time=5.230351e+00 dt=1.490718e-05
elapsed=6.144965e+04 cycle=326100 time=5.231867e+00 dt=1.544671e-05
elapsed=6.146594e+04 cycle=326200 time=5.233424e+00 dt=1.552614e-05
elapsed=6.148615e+04 cycle=326300 time=5.234934e+00 dt=1.466290e-05
elapsed=6.151807e+04 cycle=326400 time=5.236378e+00 dt=1.429190e-05
elapsed=6.152824e+04 cycle=326500 time=5.237813e+00 dt=1.439328e-05
elapsed=6.153815e+04 cycle=326600 time=5.239253e+00 dt=1.436485e-05
elapsed=6.154701e+04 cycle=326700 time=5.240688e+00 dt=1.436740e-05
elapsed=6.155588e+04 cycle=326800 time=5.242142e+00 dt=1.458152e-05
elapsed=6.156598e+04 cycle=326900 time=5.243599e+00 dt=1.464917e-05
elapsed=6.157984e+04 cycle=327000 time=5.245037e+00 dt=1.383792e-05
elapsed=6.159883e+04 cycle=327100 time=5.246452e+00 dt=1.489120e-05
elapsed=6.160886e+04 cycle=327200 time=5.247963e+00 dt=1.512997e-05
elapsed=6.162473e+04 cycle=327300 time=5.249473e+00 dt=1.508578e-05
elapsed=6.164345e+04 cycle=327400 time=5.250982e+00 dt=1.510532e-05
elapsed=6.168050e+04 cycle=327500 time=5.252489e+00 dt=1.442177e-05
elapsed=6.169918e+04 cycle=327600 time=5.253951e+00 dt=1.505966e-05
elapsed=6.173078e+04 cycle=327700 time=5.255466e+00 dt=1.531244e-05
elapsed=6.174105e+04 cycle=327800 time=5.256969e+00 dt=1.504095e-05
elapsed=6.175291e+04 cycle=327900 time=5.258451e+00 dt=1.473999e-05
elapsed=6.176505e+04 cycle=328000 time=5.259948e+00 dt=1.505882e-05
elapsed=6.179483e+04 cycle=328100 time=5.261460e+00 dt=1.522617e-05
elapsed=6.182566e+04 cycle=328200 time=5.262990e+00 dt=1.533092e-05
elapsed=6.183628e+04 cycle=328300 time=5.264516e+00 dt=1.518126e-05
elapsed=6.186810e+04 cycle=328400 time=5.266030e+00 dt=1.518010e-05
elapsed=6.189527e+04 cycle=328500 time=5.267529e+00 dt=1.463728e-05
elapsed=6.190416e+04 cycle=328600 time=5.268993e+00 dt=1.439546e-05
elapsed=6.191342e+04 cycle=328700 time=5.270414e+00 dt=1.401026e-05
elapsed=6.192227e+04 cycle=328800 time=5.271806e+00 dt=1.389529e-05
elapsed=6.193107e+04 cycle=328900 time=5.273172e+00 dt=1.351554e-05
elapsed=6.194145e+04 cycle=329000 time=5.274532e+00 dt=1.367995e-05
elapsed=6.195110e+04 cycle=329100 time=5.275887e+00 dt=1.342083e-05
elapsed=6.195990e+04 cycle=329200 time=5.277232e+00 dt=1.358514e-05
elapsed=6.196877e+04 cycle=329300 time=5.278618e+00 dt=1.426323e-05
elapsed=6.197930e+04 cycle=329400 time=5.280091e+00 dt=1.457918e-05
elapsed=6.198877e+04 cycle=329500 time=5.281486e+00 dt=1.384499e-05
elapsed=6.199753e+04 cycle=329600 time=5.282919e+00 dt=1.478070e-05
elapsed=6.200622e+04 cycle=329700 time=5.284436e+00 dt=1.552662e-05
elapsed=6.201546e+04 cycle=329800 time=5.286007e+00 dt=1.561814e-05
elapsed=6.204078e+04 cycle=329900 time=5.287566e+00 dt=1.528430e-05
elapsed=6.204960e+04 cycle=330000 time=5.289041e+00 dt=1.427510e-05
elapsed=6.206084e+04 cycle=330100 time=5.290440e+00 dt=1.389810e-05
elapsed=6.206965e+04 cycle=330200 time=5.291833e+00 dt=1.415527e-05
elapsed=6.207849e+04 cycle=330300 time=5.293276e+00 dt=1.486014e-05
elapsed=6.208732e+04 cycle=330400 time=5.294789e+00 dt=1.468661e-05
elapsed=6.212187e+04 cycle=330500 time=5.296214e+00 dt=1.419709e-05
elapsed=6.214191e+04 cycle=330600 time=5.297651e+00 dt=1.443152e-05
elapsed=6.215075e+04 cycle=330700 time=5.299103e+00 dt=1.431475e-05
elapsed=6.216760e+04 cycle=330800 time=5.300557e+00 dt=1.542497e-05
elapsed=6.217667e+04 cycle=330900 time=5.302127e+00 dt=1.595642e-05
elapsed=6.218533e+04 cycle=331000 time=5.303771e+00 dt=1.661620e-05
elapsed=6.219398e+04 cycle=331100 time=5.305424e+00 dt=1.649258e-05
elapsed=6.220413e+04 cycle=331200 time=5.307074e+00 dt=1.652098e-05
elapsed=6.221337e+04 cycle=331300 time=5.308722e+00 dt=1.637652e-05
elapsed=6.222441e+04 cycle=331400 time=5.310329e+00 dt=1.543839e-05
elapsed=6.225691e+04 cycle=331500 time=5.311828e+00 dt=1.498405e-05
elapsed=6.227024e+04 cycle=331600 time=5.313326e+00 dt=1.446853e-05
elapsed=6.228072e+04 cycle=331700 time=5.314748e+00 dt=1.443659e-05
elapsed=6.229000e+04 cycle=331800 time=5.316354e+00 dt=1.657720e-05
elapsed=6.229865e+04 cycle=331900 time=5.318001e+00 dt=1.635741e-05
elapsed=6.231138e+04 cycle=332000 time=5.319625e+00 dt=1.606063e-05
elapsed=6.232171e+04 cycle=332100 time=5.321211e+00 dt=1.567054e-05
elapsed=6.233562e+04 cycle=332200 time=5.322767e+00 dt=1.547560e-05
elapsed=6.234867e+04 cycle=332300 time=5.324307e+00 dt=1.531555e-05
elapsed=6.236478e+04 cycle=332400 time=5.325836e+00 dt=1.533515e-05
elapsed=6.238270e+04 cycle=332500 time=5.327386e+00 dt=1.557476e-05
elapsed=6.239369e+04 cycle=332600 time=5.328929e+00 dt=1.515597e-05
elapsed=6.240233e+04 cycle=332700 time=5.330423e+00 dt=1.496580e-05
elapsed=6.242149e+04 cycle=332800 time=5.331981e+00 dt=1.606191e-05
elapsed=6.244415e+04 cycle=332900 time=5.333588e+00 dt=1.625051e-05
elapsed=6.245601e+04 cycle=333000 time=5.335256e+00 dt=1.660156e-05
elapsed=6.246571e+04 cycle=333100 time=5.336872e+00 dt=1.569704e-05
elapsed=6.247451e+04 cycle=333200 time=5.338412e+00 dt=1.525405e-05
elapsed=6.248327e+04 cycle=333300 time=5.339951e+00 dt=1.560275e-05
elapsed=6.249315e+04 cycle=333400 time=5.341495e+00 dt=1.558271e-05
elapsed=6.250319e+04 cycle=333500 time=5.343066e+00 dt=1.543926e-05
elapsed=6.251193e+04 cycle=333600 time=5.344572e+00 dt=1.471813e-05
elapsed=6.252067e+04 cycle=333700 time=5.346027e+00 dt=1.443855e-05
elapsed=6.253004e+04 cycle=333800 time=5.347416e+00 dt=1.345939e-05
elapsed=6.254046e+04 cycle=333900 time=5.348837e+00 dt=1.612959e-05
elapsed=6.254926e+04 cycle=334000 time=5.350430e+00 dt=1.613005e-05
elapsed=6.255799e+04 cycle=334100 time=5.352068e+00 dt=1.637768e-05
elapsed=6.257109e+04 cycle=334200 time=5.353704e+00 dt=1.635258e-05
elapsed=6.258258e+04 cycle=334300 time=5.355342e+00 dt=1.626069e-05
elapsed=6.259130e+04 cycle=334400 time=5.357003e+00 dt=1.725709e-05
elapsed=6.261202e+04 cycle=334500 time=5.358724e+00 dt=1.724720e-05
elapsed=6.264079e+04 cycle=334600 time=5.360433e+00 dt=1.701217e-05
elapsed=6.265917e+04 cycle=334700 time=5.362132e+00 dt=1.675523e-05
elapsed=6.266987e+04 cycle=334800 time=5.363815e+00 dt=1.670553e-05
elapsed=6.267932e+04 cycle=334900 time=5.365488e+00 dt=1.680092e-05
elapsed=6.268954e+04 cycle=335000 time=5.367168e+00 dt=1.681315e-05
elapsed=6.269821e+04 cycle=335100 time=5.368771e+00 dt=1.534767e-05
elapsed=6.270697e+04 cycle=335200 time=5.370439e+00 dt=1.711554e-05
elapsed=6.271594e+04 cycle=335300 time=5.372153e+00 dt=1.717014e-05
elapsed=6.272660e+04 cycle=335400 time=5.373862e+00 dt=1.687292e-05
elapsed=6.273526e+04 cycle=335500 time=5.375554e+00 dt=1.706645e-05
elapsed=6.274398e+04 cycle=335600 time=5.377276e+00 dt=1.708138e-05
elapsed=6.275310e+04 cycle=335700 time=5.378969e+00 dt=1.675134e-05
elapsed=6.276346e+04 cycle=335800 time=5.380627e+00 dt=1.643754e-05
elapsed=6.277209e+04 cycle=335900 time=5.382254e+00 dt=1.607811e-05
elapsed=6.278169e+04 cycle=336000 time=5.383853e+00 dt=1.594087e-05
elapsed=6.279066e+04 cycle=336100 time=5.385453e+00 dt=1.599816e-05
elapsed=6.280846e+04 cycle=336200 time=5.387046e+00 dt=1.561483e-05
elapsed=6.282317e+04 cycle=336300 time=5.388638e+00 dt=1.612347e-05
elapsed=6.284406e+04 cycle=336400 time=5.390246e+00 dt=1.613804e-05
elapsed=6.285265e+04 cycle=336500 time=5.391859e+00 dt=1.615763e-05
elapsed=6.286122e+04 cycle=336600 time=5.393478e+00 dt=1.622135e-05
elapsed=6.287736e+04 cycle=336700 time=5.395100e+00 dt=1.626001e-05
elapsed=6.288593e+04 cycle=336800 time=5.396744e+00 dt=1.646053e-05
elapsed=6.289450e+04 cycle=336900 time=5.398352e+00 dt=1.574489e-05
elapsed=6.290839e+04 cycle=337000 time=5.399916e+00 dt=1.571616e-05
elapsed=6.294096e+04 cycle=337100 time=5.401511e+00 dt=1.625223e-05
elapsed=6.295354e+04 cycle=337200 time=5.403167e+00 dt=1.684135e-05
elapsed=6.296192e+04 cycle=337300 time=5.404862e+00 dt=1.694263e-05
elapsed=6.297596e+04 cycle=337400 time=5.406550e+00 dt=1.683012e-05
elapsed=6.298657e+04 cycle=337500 time=5.408233e+00 dt=1.681783e-05
elapsed=6.299497e+04 cycle=337600 time=5.409906e+00 dt=1.665844e-05
elapsed=6.300345e+04 cycle=337700 time=5.411579e+00 dt=1.684765e-05
elapsed=6.301193e+04 cycle=337800 time=5.413271e+00 dt=1.692650e-05
elapsed=6.302144e+04 cycle=337900 time=5.414956e+00 dt=1.671050e-05
elapsed=6.303406e+04 cycle=338000 time=5.416624e+00 dt=1.677654e-05
elapsed=6.306113e+04 cycle=338100 time=5.418288e+00 dt=1.663718e-05
elapsed=6.307231e+04 cycle=338200 time=5.419951e+00 dt=1.651833e-05
elapsed=6.308180e+04 cycle=338300 time=5.421609e+00 dt=1.653976e-05
elapsed=6.309008e+04 cycle=338400 time=5.423266e+00 dt=1.667903e-05
elapsed=6.310021e+04 cycle=338500 time=5.424938e+00 dt=1.662795e-05
elapsed=6.311145e+04 cycle=338600 time=5.426605e+00 dt=1.680105e-05
elapsed=6.312261e+04 cycle=338700 time=5.428297e+00 dt=1.695263e-05
elapsed=6.313094e+04 cycle=338800 time=5.429991e+00 dt=1.670168e-05
elapsed=6.314070e+04 cycle=338900 time=5.431654e+00 dt=1.652586e-05
elapsed=6.314981e+04 cycle=339000 time=5.433318e+00 dt=1.671906e-05
elapsed=6.315799e+04 cycle=339100 time=5.434962e+00 dt=1.609614e-05
elapsed=6.316635e+04 cycle=339200 time=5.436546e+00 dt=1.566630e-05
elapsed=6.317646e+04 cycle=339300 time=5.438106e+00 dt=1.554124e-05
elapsed=6.318532e+04 cycle=339400 time=5.439666e+00 dt=1.565489e-05
elapsed=6.319354e+04 cycle=339500 time=5.441230e+00 dt=1.559698e-05
elapsed=6.320165e+04 cycle=339600 time=5.442806e+00 dt=1.608808e-05
elapsed=6.321078e+04 cycle=339700 time=5.444451e+00 dt=1.662290e-05
elapsed=6.322085e+04 cycle=339800 time=5.446081e+00 dt=1.587846e-05
elapsed=6.322969e+04 cycle=339900 time=5.447635e+00 dt=1.528499e-05
elapsed=6.323849e+04 cycle=340000 time=5.449149e+00 dt=1.500982e-05
elapsed=6.324756e+04 cycle=340100 time=5.450655e+00 dt=1.504579e-05
elapsed=6.325736e+04 cycle=340200 time=5.452156e+00 dt=1.507423e-05
elapsed=6.326585e+04 cycle=340300 time=5.453671e+00 dt=1.570375e-05
elapsed=6.327421e+04 cycle=340400 time=5.455231e+00 dt=1.557277e-05
elapsed=6.328274e+04 cycle=340500 time=5.456786e+00 dt=1.547701e-05
elapsed=6.329384e+04 cycle=340600 time=5.458320e+00 dt=1.521775e-05
elapsed=6.330213e+04 cycle=340700 time=5.459831e+00 dt=1.499443e-05
elapsed=6.331781e+04 cycle=340800 time=5.461309e+00 dt=1.456066e-05
elapsed=6.334859e+04 cycle=340900 time=5.462745e+00 dt=1.416508e-05
elapsed=6.337930e+04 cycle=341000 time=5.464144e+00 dt=1.384469e-05
elapsed=6.340989e+04 cycle=341100 time=5.465518e+00 dt=1.368865e-05
elapsed=6.344063e+04 cycle=341200 time=5.466892e+00 dt=1.380401e-05
elapsed=6.346890e+04 cycle=341300 time=5.468287e+00 dt=1.419183e-05
elapsed=6.349922e+04 cycle=341400 time=5.469700e+00 dt=1.396895e-05
elapsed=6.352950e+04 cycle=341500 time=5.471170e+00 dt=1.591112e-05
elapsed=6.355828e+04 cycle=341600 time=5.472791e+00 dt=1.624470e-05
elapsed=6.358772e+04 cycle=341700 time=5.474336e+00 dt=1.460080e-05
elapsed=6.361797e+04 cycle=341800 time=5.475784e+00 dt=1.496005e-05
elapsed=6.364797e+04 cycle=341900 time=5.477340e+00 dt=1.558279e-05
elapsed=6.367795e+04 cycle=342000 time=5.478915e+00 dt=1.577176e-05
elapsed=6.370796e+04 cycle=342100 time=5.480500e+00 dt=1.603827e-05
elapsed=6.373813e+04 cycle=342200 time=5.482113e+00 dt=1.625576e-05
elapsed=6.376642e+04 cycle=342300 time=5.483737e+00 dt=1.622409e-05
elapsed=6.379576e+04 cycle=342400 time=5.485348e+00 dt=1.599168e-05
elapsed=6.382591e+04 cycle=342500 time=5.486939e+00 dt=1.585451e-05
elapsed=6.385581e+04 cycle=342600 time=5.488513e+00 dt=1.552178e-05
elapsed=6.388577e+04 cycle=342700 time=5.490071e+00 dt=1.556710e-05
elapsed=6.391561e+04 cycle=342800 time=5.491635e+00 dt=1.577973e-05
elapsed=6.394513e+04 cycle=342900 time=5.493235e+00 dt=1.605538e-05
elapsed=6.397380e+04 cycle=343000 time=5.494820e+00 dt=1.565774e-05
elapsed=6.400275e+04 cycle=343100 time=5.496379e+00 dt=1.558083e-05
elapsed=6.403250e+04 cycle=343200 time=5.497940e+00 dt=1.569472e-05
elapsed=6.406224e+04 cycle=343300 time=5.499513e+00 dt=1.574261e-05
elapsed=6.409204e+04 cycle=343400 time=5.501085e+00 dt=1.571460e-05
elapsed=6.412199e+04 cycle=343500 time=5.502663e+00 dt=1.586612e-05
elapsed=6.415168e+04 cycle=343600 time=5.504254e+00 dt=1.593954e-05
elapsed=6.418089e+04 cycle=343700 time=5.505851e+00 dt=1.602101e-05
elapsed=6.420910e+04 cycle=343800 time=5.507463e+00 dt=1.617380e-05
elapsed=6.423873e+04 cycle=343900 time=5.509082e+00 dt=1.623323e-05
elapsed=6.426847e+04 cycle=344000 time=5.510717e+00 dt=1.645343e-05
elapsed=6.429813e+04 cycle=344100 time=5.512354e+00 dt=1.595292e-05
elapsed=6.432778e+04 cycle=344200 time=5.513932e+00 dt=1.582429e-05
elapsed=6.435744e+04 cycle=344300 time=5.515536e+00 dt=1.605739e-05
elapsed=6.438677e+04 cycle=344400 time=5.517155e+00 dt=1.615213e-05
elapsed=6.441467e+04 cycle=344500 time=5.518748e+00 dt=1.566224e-05
elapsed=6.444433e+04 cycle=344600 time=5.520287e+00 dt=1.505846e-05
elapsed=6.447399e+04 cycle=344700 time=5.521758e+00 dt=1.430159e-05
elapsed=6.450365e+04 cycle=344800 time=5.523146e+00 dt=1.342790e-05
elapsed=6.453331e+04 cycle=344900 time=5.524476e+00 dt=1.343981e-05
elapsed=6.456322e+04 cycle=345000 time=5.525961e+00 dt=1.683633e-05
elapsed=6.459206e+04 cycle=345100 time=5.527650e+00 dt=1.686874e-05
elapsed=6.462033e+04 cycle=345200 time=5.529315e+00 dt=1.631443e-05
elapsed=6.465030e+04 cycle=345300 time=5.530915e+00 dt=1.577082e-05
elapsed=6.467996e+04 cycle=345400 time=5.532456e+00 dt=1.504430e-05
elapsed=6.470961e+04 cycle=345500 time=5.533941e+00 dt=1.492440e-05
elapsed=6.473925e+04 cycle=345600 time=5.535430e+00 dt=1.529523e-05
elapsed=6.476871e+04 cycle=345700 time=5.536983e+00 dt=1.531666e-05
elapsed=6.479654e+04 cycle=345800 time=5.538523e+00 dt=1.555850e-05
elapsed=6.482621e+04 cycle=345900 time=5.540063e+00 dt=1.567156e-05
elapsed=6.485575e+04 cycle=346000 time=5.541665e+00 dt=1.598410e-05
elapsed=6.488516e+04 cycle=346100 time=5.543270e+00 dt=1.624303e-05
elapsed=6.491091e+04 cycle=346200 time=5.544913e+00 dt=1.655095e-05
elapsed=6.493003e+04 cycle=346300 time=5.546567e+00 dt=1.629995e-05
elapsed=6.495330e+04 cycle=346400 time=5.548151e+00 dt=1.558908e-05
elapsed=6.496132e+04 cycle=346500 time=5.549677e+00 dt=1.500078e-05
elapsed=6.498670e+04 cycle=346600 time=5.551208e+00 dt=1.574340e-05
elapsed=6.501460e+04 cycle=346700 time=5.552819e+00 dt=1.638159e-05
elapsed=6.504263e+04 cycle=346800 time=5.554420e+00 dt=1.626020e-05
elapsed=6.507158e+04 cycle=346900 time=5.556037e+00 dt=1.607487e-05
elapsed=6.510047e+04 cycle=347000 time=5.557624e+00 dt=1.561127e-05
elapsed=6.512931e+04 cycle=347100 time=5.559155e+00 dt=1.505388e-05
elapsed=6.515823e+04 cycle=347200 time=5.560653e+00 dt=1.470916e-05
elapsed=6.518630e+04 cycle=347300 time=5.562138e+00 dt=1.515698e-05
elapsed=6.521352e+04 cycle=347400 time=5.563664e+00 dt=1.542696e-05
elapsed=6.524202e+04 cycle=347500 time=5.565215e+00 dt=1.553231e-05
elapsed=6.527049e+04 cycle=347600 time=5.566770e+00 dt=1.563736e-05
elapsed=6.529893e+04 cycle=347700 time=5.568351e+00 dt=1.595720e-05
elapsed=6.532724e+04 cycle=347800 time=5.569942e+00 dt=1.553119e-05
elapsed=6.535475e+04 cycle=347900 time=5.571550e+00 dt=1.647333e-05
elapsed=6.538137e+04 cycle=348000 time=5.573230e+00 dt=1.704324e-05
elapsed=6.540932e+04 cycle=348100 time=5.574909e+00 dt=1.670560e-05
elapsed=6.543717e+04 cycle=348200 time=5.576552e+00 dt=1.608325e-05
elapsed=6.546488e+04 cycle=348300 time=5.578123e+00 dt=1.536680e-05
elapsed=6.549199e+04 cycle=348400 time=5.579640e+00 dt=1.509772e-05
elapsed=6.551783e+04 cycle=348500 time=5.581153e+00 dt=1.504943e-05
elapsed=6.554520e+04 cycle=348600 time=5.582650e+00 dt=1.477924e-05
elapsed=6.557246e+04 cycle=348700 time=5.584077e+00 dt=1.396146e-05
elapsed=6.559963e+04 cycle=348800 time=5.585500e+00 dt=1.475007e-05
elapsed=6.562503e+04 cycle=348900 time=5.587062e+00 dt=1.594353e-05
elapsed=6.565151e+04 cycle=349000 time=5.588619e+00 dt=1.527194e-05
elapsed=6.567842e+04 cycle=349100 time=5.590125e+00 dt=1.493664e-05
elapsed=6.570516e+04 cycle=349200 time=5.591654e+00 dt=1.621987e-05
elapsed=6.573051e+04 cycle=349300 time=5.593368e+00 dt=1.712665e-05
elapsed=6.575632e+04 cycle=349400 time=5.595096e+00 dt=1.759406e-05
elapsed=6.578267e+04 cycle=349500 time=5.596841e+00 dt=1.733976e-05
elapsed=6.580884e+04 cycle=349600 time=5.598568e+00 dt=1.719609e-05
elapsed=6.583360e+04 cycle=349700 time=5.600215e+00 dt=1.556933e-05
elapsed=6.585875e+04 cycle=349800 time=5.601738e+00 dt=1.561371e-05
elapsed=6.588456e+04 cycle=349900 time=5.603426e+00 dt=1.736097e-05
elapsed=6.591019e+04 cycle=350000 time=5.605147e+00 dt=1.706600e-05
elapsed=6.593343e+04 cycle=350100 time=5.606848e+00 dt=1.689962e-05
elapsed=6.595873e+04 cycle=350200 time=5.608530e+00 dt=1.673585e-05
elapsed=6.598394e+04 cycle=350300 time=5.610196e+00 dt=1.657495e-05
elapsed=6.600790e+04 cycle=350400 time=5.611838e+00 dt=1.621932e-05
elapsed=6.603164e+04 cycle=350500 time=5.613443e+00 dt=1.590934e-05
elapsed=6.605640e+04 cycle=350600 time=5.614986e+00 dt=1.471546e-05
elapsed=6.608101e+04 cycle=350700 time=5.616490e+00 dt=1.516224e-05
elapsed=6.610325e+04 cycle=350800 time=5.617978e+00 dt=1.538561e-05
elapsed=6.612758e+04 cycle=350900 time=5.619578e+00 dt=1.550683e-05
elapsed=6.615151e+04 cycle=351000 time=5.621228e+00 dt=1.677011e-05
elapsed=6.617361e+04 cycle=351100 time=5.622923e+00 dt=1.760167e-05
elapsed=6.619740e+04 cycle=351200 time=5.624654e+00 dt=1.741121e-05
elapsed=6.621918e+04 cycle=351300 time=5.626380e+00 dt=1.731478e-05
elapsed=6.624222e+04 cycle=351400 time=5.628097e+00 dt=1.713292e-05
elapsed=6.626493e+04 cycle=351500 time=5.629796e+00 dt=1.685140e-05
elapsed=6.628626e+04 cycle=351600 time=5.631471e+00 dt=1.672869e-05
elapsed=6.630902e+04 cycle=351700 time=5.633119e+00 dt=1.599472e-05
elapsed=6.632940e+04 cycle=351800 time=5.634663e+00 dt=1.490528e-05
elapsed=6.635183e+04 cycle=351900 time=5.636110e+00 dt=1.407901e-05
elapsed=6.637190e+04 cycle=352000 time=5.637491e+00 dt=1.357749e-05
elapsed=6.639397e+04 cycle=352100 time=5.638898e+00 dt=1.469833e-05
elapsed=6.641447e+04 cycle=352200 time=5.640443e+00 dt=1.618584e-05
elapsed=6.643551e+04 cycle=352300 time=5.642060e+00 dt=1.615409e-05
elapsed=6.645631e+04 cycle=352400 time=5.643671e+00 dt=1.605495e-05
elapsed=6.647627e+04 cycle=352500 time=5.645268e+00 dt=1.582129e-05
elapsed=6.649687e+04 cycle=352600 time=5.646827e+00 dt=1.534094e-05
elapsed=6.651628e+04 cycle=352700 time=5.648322e+00 dt=1.447014e-05
elapsed=6.653712e+04 cycle=352800 time=5.649708e+00 dt=1.323639e-05
elapsed=6.655574e+04 cycle=352900 time=5.650999e+00 dt=1.298067e-05
elapsed=6.657633e+04 cycle=353000 time=5.652423e+00 dt=1.552182e-05
elapsed=6.659457e+04 cycle=353100 time=5.653988e+00 dt=1.553014e-05
elapsed=6.661505e+04 cycle=353200 time=5.655520e+00 dt=1.504844e-05
elapsed=6.663304e+04 cycle=353300 time=5.656995e+00 dt=1.442171e-05
elapsed=6.665044e+04 cycle=353400 time=5.658417e+00 dt=1.436728e-05
elapsed=6.666121e+04 cycle=353500 time=5.659935e+00 dt=1.557333e-05
elapsed=6.667058e+04 cycle=353600 time=5.661497e+00 dt=1.566115e-05
elapsed=6.667880e+04 cycle=353700 time=5.663075e+00 dt=1.595425e-05
elapsed=6.668681e+04 cycle=353800 time=5.664684e+00 dt=1.636875e-05
elapsed=6.669654e+04 cycle=353900 time=5.666350e+00 dt=1.694580e-05
elapsed=6.670473e+04 cycle=354000 time=5.668052e+00 dt=1.712449e-05
elapsed=6.671334e+04 cycle=354100 time=5.669776e+00 dt=1.721683e-05
elapsed=6.672251e+04 cycle=354200 time=5.671487e+00 dt=1.703088e-05
elapsed=6.673071e+04 cycle=354300 time=5.673173e+00 dt=1.669140e-05
elapsed=6.674036e+04 cycle=354400 time=5.674845e+00 dt=1.699905e-05
elapsed=6.674839e+04 cycle=354500 time=5.676574e+00 dt=1.736618e-05
elapsed=6.675641e+04 cycle=354600 time=5.678307e+00 dt=1.728551e-05
elapsed=6.676450e+04 cycle=354700 time=5.680032e+00 dt=1.717586e-05
elapsed=6.677273e+04 cycle=354800 time=5.681744e+00 dt=1.709692e-05
elapsed=6.678240e+04 cycle=354900 time=5.683455e+00 dt=1.702606e-05
elapsed=6.679487e+04 cycle=355000 time=5.685148e+00 dt=1.684002e-05
elapsed=6.680457e+04 cycle=355100 time=5.686828e+00 dt=1.680075e-05
elapsed=6.681573e+04 cycle=355200 time=5.688509e+00 dt=1.676943e-05
elapsed=6.682644e+04 cycle=355300 time=5.690179e+00 dt=1.660553e-05
elapsed=6.683472e+04 cycle=355400 time=5.691833e+00 dt=1.654761e-05
elapsed=6.684300e+04 cycle=355500 time=5.693500e+00 dt=1.675680e-05
elapsed=6.685127e+04 cycle=355600 time=5.695190e+00 dt=1.722106e-05
elapsed=6.686168e+04 cycle=355700 time=5.696929e+00 dt=1.742308e-05
elapsed=6.687133e+04 cycle=355800 time=5.698672e+00 dt=1.742404e-05
elapsed=6.688558e+04 cycle=355900 time=5.700416e+00 dt=1.738389e-05
elapsed=6.690134e+04 cycle=356000 time=5.702139e+00 dt=1.708408e-05
elapsed=6.691592e+04 cycle=356100 time=5.703824e+00 dt=1.663679e-05
elapsed=6.692979e+04 cycle=356200 time=5.705454e+00 dt=1.588498e-05
elapsed=6.694569e+04 cycle=356300 time=5.706990e+00 dt=1.491070e-05
elapsed=6.695939e+04 cycle=356400 time=5.708502e+00 dt=1.576923e-05
elapsed=6.697311e+04 cycle=356500 time=5.710168e+00 dt=1.696421e-05
elapsed=6.698860e+04 cycle=356600 time=5.711853e+00 dt=1.673234e-05
elapsed=6.700196e+04 cycle=356700 time=5.713506e+00 dt=1.636918e-05
elapsed=6.701600e+04 cycle=356800 time=5.715124e+00 dt=1.607904e-05
elapsed=6.703048e+04 cycle=356900 time=5.716706e+00 dt=1.563764e-05
elapsed=6.704347e+04 cycle=357000 time=5.718239e+00 dt=1.506878e-05
elapsed=6.705748e+04 cycle=357100 time=5.719698e+00 dt=1.413672e-05
elapsed=6.707132e+04 cycle=357200 time=5.721129e+00 dt=1.410286e-05
elapsed=6.708414e+04 cycle=357300 time=5.722514e+00 dt=1.351906e-05
elapsed=6.709791e+04 cycle=357400 time=5.723836e+00 dt=1.356747e-05
elapsed=6.711163e+04 cycle=357500 time=5.725245e+00 dt=1.537070e-05
elapsed=6.712417e+04 cycle=357600 time=5.726803e+00 dt=1.525916e-05
elapsed=6.713756e+04 cycle=357700 time=5.728293e+00 dt=1.456611e-05
elapsed=6.715093e+04 cycle=357800 time=5.729860e+00 dt=1.660808e-05
elapsed=6.716321e+04 cycle=357900 time=5.731507e+00 dt=1.635219e-05
elapsed=6.717218e+04 cycle=358000 time=5.733144e+00 dt=1.648921e-05
elapsed=6.718217e+04 cycle=358100 time=5.734829e+00 dt=1.708106e-05
elapsed=6.719118e+04 cycle=358200 time=5.736528e+00 dt=1.689024e-05
elapsed=6.719973e+04 cycle=358300 time=5.738176e+00 dt=1.633912e-05
elapsed=6.720829e+04 cycle=358400 time=5.739830e+00 dt=1.662326e-05
elapsed=6.721720e+04 cycle=358500 time=5.741490e+00 dt=1.660577e-05
elapsed=6.722747e+04 cycle=358600 time=5.743156e+00 dt=1.678748e-05
elapsed=6.723688e+04 cycle=358700 time=5.744879e+00 dt=1.770431e-05
elapsed=6.724645e+04 cycle=358800 time=5.746638e+00 dt=1.740681e-05
elapsed=6.725601e+04 cycle=358900 time=5.748362e+00 dt=1.717057e-05
elapsed=6.726803e+04 cycle=359000 time=5.750075e+00 dt=1.707256e-05
elapsed=6.727898e+04 cycle=359100 time=5.751773e+00 dt=1.686518e-05
elapsed=6.728861e+04 cycle=359200 time=5.753455e+00 dt=1.680688e-05
elapsed=6.729812e+04 cycle=359300 time=5.755130e+00 dt=1.669673e-05
elapsed=6.730920e+04 cycle=359400 time=5.756795e+00 dt=1.663528e-05
elapsed=6.731991e+04 cycle=359500 time=5.758441e+00 dt=1.626709e-05
elapsed=6.732951e+04 cycle=359600 time=5.760048e+00 dt=1.587403e-05
elapsed=6.733893e+04 cycle=359700 time=5.761619e+00 dt=1.560125e-05
elapsed=6.734968e+04 cycle=359800 time=5.763173e+00 dt=1.547489e-05
elapsed=6.736081e+04 cycle=359900 time=5.764726e+00 dt=1.561269e-05
elapsed=6.737100e+04 cycle=360000 time=5.766298e+00 dt=1.587628e-05
elapsed=6.738117e+04 cycle=360100 time=5.767879e+00 dt=1.578339e-05
elapsed=6.739291e+04 cycle=360200 time=5.769451e+00 dt=1.566554e-05
elapsed=6.740349e+04 cycle=360300 time=5.771018e+00 dt=1.568317e-05
elapsed=6.741351e+04 cycle=360400 time=5.772575e+00 dt=1.554109e-05
elapsed=6.742347e+04 cycle=360500 time=5.774144e+00 dt=1.584181e-05
elapsed=6.743307e+04 cycle=360600 time=5.775733e+00 dt=1.595759e-05
elapsed=6.744213e+04 cycle=360700 time=5.777332e+00 dt=1.584672e-05
elapsed=6.745045e+04 cycle=360800 time=5.778890e+00 dt=1.540827e-05
elapsed=6.745887e+04 cycle=360900 time=5.780424e+00 dt=1.536571e-05
elapsed=6.746717e+04 cycle=361000 time=5.781966e+00 dt=1.553222e-05
elapsed=6.747768e+04 cycle=361100 time=5.783540e+00 dt=1.593951e-05
elapsed=6.748948e+04 cycle=361200 time=5.785142e+00 dt=1.563596e-05
elapsed=6.749847e+04 cycle=361300 time=5.786674e+00 dt=1.543861e-05
elapsed=6.750737e+04 cycle=361400 time=5.788249e+00 dt=1.626517e-05
elapsed=6.751709e+04 cycle=361500 time=5.789872e+00 dt=1.614864e-05
elapsed=6.752742e+04 cycle=361600 time=5.791461e+00 dt=1.565646e-05
elapsed=6.753729e+04 cycle=361700 time=5.793005e+00 dt=1.519196e-05
elapsed=6.754652e+04 cycle=361800 time=5.794508e+00 dt=1.493163e-05
elapsed=6.755552e+04 cycle=361900 time=5.795984e+00 dt=1.465844e-05
elapsed=6.756655e+04 cycle=362000 time=5.797456e+00 dt=1.482611e-05
elapsed=6.757580e+04 cycle=362100 time=5.798949e+00 dt=1.500067e-05
elapsed=6.758455e+04 cycle=362200 time=5.800425e+00 dt=1.467263e-05
elapsed=6.759424e+04 cycle=362300 time=5.801912e+00 dt=1.511033e-05
elapsed=6.760526e+04 cycle=362400 time=5.803431e+00 dt=1.522472e-05
elapsed=6.761546e+04 cycle=362500 time=5.804950e+00 dt=1.514618e-05
elapsed=6.762715e+04 cycle=362600 time=5.806461e+00 dt=1.512624e-05
elapsed=6.763913e+04 cycle=362700 time=5.807983e+00 dt=1.516192e-05
elapsed=6.765262e+04 cycle=362800 time=5.809492e+00 dt=1.501714e-05
elapsed=6.766309e+04 cycle=362900 time=5.810990e+00 dt=1.495284e-05
elapsed=6.767184e+04 cycle=363000 time=5.812484e+00 dt=1.497550e-05
elapsed=6.768058e+04 cycle=363100 time=5.813982e+00 dt=1.498756e-05
elapsed=6.769245e+04 cycle=363200 time=5.815487e+00 dt=1.511383e-05
elapsed=6.770165e+04 cycle=363300 time=5.816973e+00 dt=1.464548e-05
elapsed=6.771276e+04 cycle=363400 time=5.818428e+00 dt=1.441941e-05
elapsed=6.772268e+04 cycle=363500 time=5.819906e+00 dt=1.536561e-05
elapsed=6.773602e+04 cycle=363600 time=5.821461e+00 dt=1.556807e-05
elapsed=6.774773e+04 cycle=363700 time=5.823011e+00 dt=1.547108e-05
elapsed=6.775944e+04 cycle=363800 time=5.824533e+00 dt=1.472411e-05
elapsed=6.777329e+04 cycle=363900 time=5.825936e+00 dt=1.316314e-05
elapsed=6.778501e+04 cycle=364000 time=5.827232e+00 dt=1.371098e-05
elapsed=6.779676e+04 cycle=364100 time=5.828716e+00 dt=1.522497e-05
elapsed=6.781057e+04 cycle=364200 time=5.830232e+00 dt=1.506761e-05
elapsed=6.782260e+04 cycle=364300 time=5.831725e+00 dt=1.468170e-05
elapsed=6.783433e+04 cycle=364400 time=5.833195e+00 dt=1.486110e-05
elapsed=6.784764e+04 cycle=364500 time=5.834704e+00 dt=1.523091e-05
elapsed=6.786028e+04 cycle=364600 time=5.836223e+00 dt=1.507316e-05
elapsed=6.787216e+04 cycle=364700 time=5.837697e+00 dt=1.434910e-05
elapsed=6.788564e+04 cycle=364800 time=5.839089e+00 dt=1.348601e-05
elapsed=6.789818e+04 cycle=364900 time=5.840395e+00 dt=1.259587e-05
elapsed=6.791014e+04 cycle=365000 time=5.841587e+00 dt=1.136862e-05
elapsed=6.792308e+04 cycle=365100 time=5.842905e+00 dt=1.468598e-05
elapsed=6.793611e+04 cycle=365200 time=5.844307e+00 dt=1.337440e-05
elapsed=6.794810e+04 cycle=365300 time=5.845611e+00 dt=1.288084e-05
elapsed=6.796090e+04 cycle=365400 time=5.847058e+00 dt=1.498882e-05
elapsed=6.797424e+04 cycle=365500 time=5.848578e+00 dt=1.532138e-05
elapsed=6.798639e+04 cycle=365600 time=5.850115e+00 dt=1.546543e-05
elapsed=6.799844e+04 cycle=365700 time=5.851664e+00 dt=1.541124e-05
elapsed=6.801262e+04 cycle=365800 time=5.853199e+00 dt=1.529133e-05
elapsed=6.802468e+04 cycle=365900 time=5.854733e+00 dt=1.542805e-05
elapsed=6.803676e+04 cycle=366000 time=5.856289e+00 dt=1.544198e-05
elapsed=6.805101e+04 cycle=366100 time=5.857767e+00 dt=1.428210e-05
elapsed=6.806311e+04 cycle=366200 time=5.859285e+00 dt=1.589503e-05
elapsed=6.807529e+04 cycle=366300 time=5.860762e+00 dt=1.352613e-05
elapsed=6.808954e+04 cycle=366400 time=5.862206e+00 dt=1.611831e-05
elapsed=6.810171e+04 cycle=366500 time=5.863797e+00 dt=1.572514e-05
elapsed=6.811384e+04 cycle=366600 time=5.865325e+00 dt=1.492980e-05
elapsed=6.812809e+04 cycle=366700 time=5.866828e+00 dt=1.536893e-05
elapsed=6.814022e+04 cycle=366800 time=5.868381e+00 dt=1.582384e-05
elapsed=6.815231e+04 cycle=366900 time=5.869953e+00 dt=1.560131e-05
elapsed=6.816659e+04 cycle=367000 time=5.871460e+00 dt=1.470549e-05
elapsed=6.817879e+04 cycle=367100 time=5.872941e+00 dt=1.492239e-05
elapsed=6.819101e+04 cycle=367200 time=5.874403e+00 dt=1.434855e-05
elapsed=6.820522e+04 cycle=367300 time=5.875834e+00 dt=1.440934e-05
elapsed=6.821726e+04 cycle=367400 time=5.877295e+00 dt=1.480823e-05
elapsed=6.822932e+04 cycle=367500 time=5.878816e+00 dt=1.588100e-05
elapsed=6.824357e+04 cycle=367600 time=5.880473e+00 dt=1.710964e-05
elapsed=6.825556e+04 cycle=367700 time=5.882154e+00 dt=1.651744e-05
elapsed=6.826755e+04 cycle=367800 time=5.883780e+00 dt=1.606270e-05
elapsed=6.828132e+04 cycle=367900 time=5.885377e+00 dt=1.584608e-05
elapsed=6.829374e+04 cycle=368000 time=5.886939e+00 dt=1.541999e-05
elapsed=6.830541e+04 cycle=368100 time=5.888464e+00 dt=1.514488e-05
elapsed=6.831529e+04 cycle=368200 time=5.889972e+00 dt=1.507657e-05
elapsed=6.832704e+04 cycle=368300 time=5.891486e+00 dt=1.521257e-05
elapsed=6.833867e+04 cycle=368400 time=5.893015e+00 dt=1.522293e-05
elapsed=6.835076e+04 cycle=368500 time=5.894489e+00 dt=1.440834e-05
elapsed=6.836499e+04 cycle=368600 time=5.895944e+00 dt=1.486511e-05
elapsed=6.837364e+04 cycle=368700 time=5.897489e+00 dt=1.550370e-05
elapsed=6.838241e+04 cycle=368800 time=5.898992e+00 dt=1.468851e-05
elapsed=6.839365e+04 cycle=368900 time=5.900516e+00 dt=1.589439e-05
elapsed=6.840789e+04 cycle=369000 time=5.902085e+00 dt=1.556744e-05
elapsed=6.842013e+04 cycle=369100 time=5.903671e+00 dt=1.608958e-05
elapsed=6.843239e+04 cycle=369200 time=5.905255e+00 dt=1.559832e-05
elapsed=6.844162e+04 cycle=369300 time=5.906792e+00 dt=1.512674e-05
elapsed=6.845111e+04 cycle=369400 time=5.908232e+00 dt=1.408486e-05
elapsed=6.845945e+04 cycle=369500 time=5.909675e+00 dt=1.456460e-05
elapsed=6.846817e+04 cycle=369600 time=5.911146e+00 dt=1.504638e-05
elapsed=6.847664e+04 cycle=369700 time=5.912611e+00 dt=1.409061e-05
elapsed=6.848585e+04 cycle=369800 time=5.913979e+00 dt=1.392192e-05
elapsed=6.849625e+04 cycle=369900 time=5.915525e+00 dt=1.648386e-05
elapsed=6.850744e+04 cycle=370000 time=5.917130e+00 dt=1.558924e-05
elapsed=6.851628e+04 cycle=370100 time=5.918635e+00 dt=1.451506e-05
elapsed=6.852519e+04 cycle=370200 time=5.920042e+00 dt=1.364787e-05
elapsed=6.853559e+04 cycle=370300 time=5.921381e+00 dt=1.327788e-05
elapsed=6.854483e+04 cycle=370400 time=5.922721e+00 dt=1.347664e-05
elapsed=6.855369e+04 cycle=370500 time=5.924122e+00 dt=1.502029e-05
elapsed=6.856253e+04 cycle=370600 time=5.925652e+00 dt=1.560561e-05
elapsed=6.857153e+04 cycle=370700 time=5.927168e+00 dt=1.476602e-05
elapsed=6.858205e+04 cycle=370800 time=5.928629e+00 dt=1.465131e-05
elapsed=6.859044e+04 cycle=370900 time=5.930104e+00 dt=1.458787e-05
elapsed=6.859876e+04 cycle=371000 time=5.931616e+00 dt=1.569226e-05
elapsed=6.860705e+04 cycle=371100 time=5.933188e+00 dt=1.552742e-05
elapsed=6.861735e+04 cycle=371200 time=5.934700e+00 dt=1.513003e-05
elapsed=6.862808e+04 cycle=371300 time=5.936213e+00 dt=1.515659e-05
elapsed=6.863675e+04 cycle=371400 time=5.937724e+00 dt=1.499875e-05
elapsed=6.864558e+04 cycle=371500 time=5.939221e+00 dt=1.499013e-05
elapsed=6.865450e+04 cycle=371600 time=5.940722e+00 dt=1.498180e-05
elapsed=6.866487e+04 cycle=371700 time=5.942231e+00 dt=1.527829e-05
elapsed=6.867396e+04 cycle=371800 time=5.943778e+00 dt=1.528071e-05
elapsed=6.868211e+04 cycle=371900 time=5.945286e+00 dt=1.504494e-05
elapsed=6.869083e+04 cycle=372000 time=5.946831e+00 dt=1.593913e-05
elapsed=6.869969e+04 cycle=372100 time=5.948406e+00 dt=1.585066e-05
elapsed=6.871254e+04 cycle=372200 time=5.949988e+00 dt=1.552332e-05
elapsed=6.872365e+04 cycle=372300 time=5.951550e+00 dt=1.561434e-05
elapsed=6.873683e+04 cycle=372400 time=5.953075e+00 dt=1.501211e-05
elapsed=6.874743e+04 cycle=372500 time=5.954605e+00 dt=1.568834e-05
elapsed=6.875588e+04 cycle=372600 time=5.956171e+00 dt=1.548703e-05
elapsed=6.876420e+04 cycle=372700 time=5.957711e+00 dt=1.535127e-05
elapsed=6.877237e+04 cycle=372800 time=5.959231e+00 dt=1.511669e-05
elapsed=6.878056e+04 cycle=372900 time=5.960768e+00 dt=1.572647e-05
elapsed=6.879148e+04 cycle=373000 time=5.962368e+00 dt=1.619050e-05
elapsed=6.880084e+04 cycle=373100 time=5.963955e+00 dt=1.571704e-05
elapsed=6.881042e+04 cycle=373200 time=5.965558e+00 dt=1.617480e-05
elapsed=6.882042e+04 cycle=373300 time=5.967152e+00 dt=1.541250e-05
elapsed=6.883300e+04 cycle=373400 time=5.968701e+00 dt=1.538957e-05
elapsed=6.884359e+04 cycle=373500 time=5.970221e+00 dt=1.566829e-05
elapsed=6.885310e+04 cycle=373600 time=5.971791e+00 dt=1.577891e-05
elapsed=6.886163e+04 cycle=373700 time=5.973398e+00 dt=1.608069e-05
elapsed=6.887183e+04 cycle=373800 time=5.974970e+00 dt=1.521297e-05
elapsed=6.888331e+04 cycle=373900 time=5.976575e+00 dt=1.634321e-05
elapsed=6.889323e+04 cycle=374000 time=5.978200e+00 dt=1.617283e-05
elapsed=6.890206e+04 cycle=374100 time=5.979807e+00 dt=1.601276e-05
elapsed=6.891215e+04 cycle=374200 time=5.981409e+00 dt=1.599040e-05
elapsed=6.892133e+04 cycle=374300 time=5.983006e+00 dt=1.593920e-05
elapsed=6.893013e+04 cycle=374400 time=5.984600e+00 dt=1.588534e-05
elapsed=6.893891e+04 cycle=374500 time=5.986182e+00 dt=1.575755e-05
elapsed=6.894985e+04 cycle=374600 time=5.987754e+00 dt=1.564088e-05
elapsed=6.896000e+04 cycle=374700 time=5.989311e+00 dt=1.552609e-05
elapsed=6.896910e+04 cycle=374800 time=5.990866e+00 dt=1.559863e-05
elapsed=6.897720e+04 cycle=374900 time=5.992429e+00 dt=1.569274e-05
elapsed=6.898531e+04 cycle=375000 time=5.994002e+00 dt=1.577020e-05
elapsed=6.899455e+04 cycle=375100 time=5.995583e+00 dt=1.571329e-05
elapsed=6.900699e+04 cycle=375200 time=5.997134e+00 dt=1.532232e-05
elapsed=6.901828e+04 cycle=375300 time=5.998635e+00 dt=1.471435e-05
elapsed=6.902900e+04 cycle=375400 time=6.000052e+00 dt=1.354925e-05
elapsed=6.903962e+04 cycle=375500 time=6.001344e+00 dt=1.270453e-05
elapsed=6.904821e+04 cycle=375600 time=6.002778e+00 dt=1.500735e-05
elapsed=6.905639e+04 cycle=375700 time=6.004372e+00 dt=1.696941e-05
elapsed=6.906451e+04 cycle=375800 time=6.006083e+00 dt=1.725392e-05
elapsed=6.907264e+04 cycle=375900 time=6.007774e+00 dt=1.656368e-05
elapsed=6.908262e+04 cycle=376000 time=6.009452e+00 dt=1.672241e-05
elapsed=6.909465e+04 cycle=376100 time=6.011132e+00 dt=1.711568e-05
elapsed=6.910602e+04 cycle=376200 time=6.012816e+00 dt=1.666330e-05
elapsed=6.911433e+04 cycle=376300 time=6.014464e+00 dt=1.621241e-05
elapsed=6.912714e+04 cycle=376400 time=6.016055e+00 dt=1.555228e-05
elapsed=6.913616e+04 cycle=376500 time=6.017578e+00 dt=1.484594e-05
elapsed=6.914470e+04 cycle=376600 time=6.019053e+00 dt=1.465892e-05
elapsed=6.915321e+04 cycle=376700 time=6.020549e+00 dt=1.568356e-05
elapsed=6.916376e+04 cycle=376800 time=6.022170e+00 dt=1.654784e-05
elapsed=6.917609e+04 cycle=376900 time=6.023818e+00 dt=1.661824e-05
elapsed=6.918896e+04 cycle=377000 time=6.025505e+00 dt=1.641851e-05
elapsed=6.919878e+04 cycle=377100 time=6.027137e+00 dt=1.626664e-05
elapsed=6.920815e+04 cycle=377200 time=6.028779e+00 dt=1.657203e-05
elapsed=6.921683e+04 cycle=377300 time=6.030447e+00 dt=1.658461e-05
elapsed=6.922542e+04 cycle=377400 time=6.032085e+00 dt=1.633961e-05
elapsed=6.923729e+04 cycle=377500 time=6.033727e+00 dt=1.619758e-05
elapsed=6.924885e+04 cycle=377600 time=6.035333e+00 dt=1.595119e-05
elapsed=6.925867e+04 cycle=377700 time=6.036882e+00 dt=1.576513e-05
elapsed=6.926723e+04 cycle=377800 time=6.038434e+00 dt=1.527216e-05
elapsed=6.927945e+04 cycle=377900 time=6.039950e+00 dt=1.483513e-05
elapsed=6.929279e+04 cycle=378000 time=6.041440e+00 dt=1.502779e-05
elapsed=6.930376e+04 cycle=378100 time=6.042932e+00 dt=1.465828e-05
elapsed=6.931720e+04 cycle=378200 time=6.044376e+00 dt=1.428986e-05
elapsed=6.933053e+04 cycle=378300 time=6.045836e+00 dt=1.532765e-05
elapsed=6.934226e+04 cycle=378400 time=6.047321e+00 dt=1.423995e-05
elapsed=6.935354e+04 cycle=378500 time=6.048771e+00 dt=1.496991e-05
elapsed=6.936719e+04 cycle=378600 time=6.050259e+00 dt=1.484448e-05
elapsed=6.938070e+04 cycle=378700 time=6.051746e+00 dt=1.484008e-05
elapsed=6.939291e+04 cycle=378800 time=6.053213e+00 dt=1.450780e-05
elapsed=6.940598e+04 cycle=378900 time=6.054675e+00 dt=1.501474e-05
elapsed=6.941787e+04 cycle=379000 time=6.056178e+00 dt=1.498044e-05
elapsed=6.942972e+04 cycle=379100 time=6.057684e+00 dt=1.517903e-05
elapsed=6.944370e+04 cycle=379200 time=6.059201e+00 dt=1.500501e-05
elapsed=6.945555e+04 cycle=379300 time=6.060666e+00 dt=1.425115e-05
elapsed=6.946730e+04 cycle=379400 time=6.062018e+00 dt=1.256504e-05
elapsed=6.948115e+04 cycle=379500 time=6.063329e+00 dt=1.497118e-05
elapsed=6.949284e+04 cycle=379600 time=6.064838e+00 dt=1.496647e-05
elapsed=6.950452e+04 cycle=379700 time=6.066324e+00 dt=1.480419e-05
elapsed=6.951864e+04 cycle=379800 time=6.067799e+00 dt=1.469921e-05
elapsed=6.953113e+04 cycle=379900 time=6.069263e+00 dt=1.460311e-05
elapsed=6.954273e+04 cycle=380000 time=6.070720e+00 dt=1.449264e-05
elapsed=6.955603e+04 cycle=380100 time=6.072165e+00 dt=1.451320e-05
elapsed=6.956797e+04 cycle=380200 time=6.073648e+00 dt=1.520981e-05
elapsed=6.957955e+04 cycle=380300 time=6.075151e+00 dt=1.488637e-05
elapsed=6.959148e+04 cycle=380400 time=6.076636e+00 dt=1.486429e-05
elapsed=6.960473e+04 cycle=380500 time=6.078139e+00 dt=1.522115e-05
elapsed=6.961619e+04 cycle=380600 time=6.079680e+00 dt=1.552319e-05
elapsed=6.962946e+04 cycle=380700 time=6.081226e+00 dt=1.545843e-05
elapsed=6.964924e+04 cycle=380800 time=6.082769e+00 dt=1.531065e-05
elapsed=6.966841e+04 cycle=380900 time=6.084263e+00 dt=1.462753e-05
elapsed=6.968838e+04 cycle=381000 time=6.085742e+00 dt=1.532123e-05
elapsed=6.970719e+04 cycle=381100 time=6.087334e+00 dt=1.634111e-05
elapsed=6.972036e+04 cycle=381200 time=6.088950e+00 dt=1.593793e-05
elapsed=6.973201e+04 cycle=381300 time=6.090531e+00 dt=1.539134e-05
elapsed=6.974163e+04 cycle=381400 time=6.092104e+00 dt=1.596882e-05
elapsed=6.975122e+04 cycle=381500 time=6.093691e+00 dt=1.573015e-05
elapsed=6.976269e+04 cycle=381600 time=6.095267e+00 dt=1.590562e-05
elapsed=6.977103e+04 cycle=381700 time=6.096880e+00 dt=1.614855e-05
elapsed=6.978503e+04 cycle=381800 time=6.098471e+00 dt=1.559108e-05
elapsed=6.979456e+04 cycle=381900 time=6.100099e+00 dt=1.665039e-05
elapsed=6.981136e+04 cycle=382000 time=6.101718e+00 dt=1.578078e-05
elapsed=6.983026e+04 cycle=382100 time=6.103266e+00 dt=1.519029e-05
elapsed=6.984457e+04 cycle=382200 time=6.104767e+00 dt=1.486359e-05
elapsed=6.985308e+04 cycle=382300 time=6.106250e+00 dt=1.487622e-05
elapsed=6.986159e+04 cycle=382400 time=6.107740e+00 dt=1.463894e-05
elapsed=6.987012e+04 cycle=382500 time=6.109157e+00 dt=1.388628e-05
elapsed=6.988172e+04 cycle=382600 time=6.110590e+00 dt=1.468264e-05
elapsed=6.989520e+04 cycle=382700 time=6.112021e+00 dt=1.431263e-05
elapsed=6.990779e+04 cycle=382800 time=6.113411e+00 dt=1.335759e-05
elapsed=6.991846e+04 cycle=382900 time=6.114741e+00 dt=1.361270e-05
elapsed=6.992771e+04 cycle=383000 time=6.116198e+00 dt=1.492852e-05
elapsed=6.993605e+04 cycle=383100 time=6.117685e+00 dt=1.481119e-05
elapsed=6.994434e+04 cycle=383200 time=6.119165e+00 dt=1.480353e-05
elapsed=6.995269e+04 cycle=383300 time=6.120636e+00 dt=1.455264e-05
elapsed=6.996169e+04 cycle=383400 time=6.122073e+00 dt=1.417999e-05
elapsed=6.997153e+04 cycle=383500 time=6.123474e+00 dt=1.384618e-05
elapsed=6.998010e+04 cycle=383600 time=6.124836e+00 dt=1.341749e-05
elapsed=6.998837e+04 cycle=383700 time=6.126167e+00 dt=1.321193e-05
elapsed=6.999659e+04 cycle=383800 time=6.127505e+00 dt=1.393506e-05
elapsed=7.000528e+04 cycle=383900 time=6.128971e+00 dt=1.514320e-05
elapsed=7.001496e+04 cycle=384000 time=6.130518e+00 dt=1.558971e-05
elapsed=7.002301e+04 cycle=384100 time=6.132059e+00 dt=1.524784e-05
elapsed=7.003109e+04 cycle=384200 time=6.133575e+00 dt=1.516450e-05
elapsed=7.003919e+04 cycle=384300 time=6.135090e+00 dt=1.492827e-05
elapsed=7.004742e+04 cycle=384400 time=6.136574e+00 dt=1.492369e-05
elapsed=7.005748e+04 cycle=384500 time=6.138117e+00 dt=1.557547e-05
elapsed=7.006585e+04 cycle=384600 time=6.139696e+00 dt=1.618864e-05
elapsed=7.007406e+04 cycle=384700 time=6.141340e+00 dt=1.627407e-05
elapsed=7.008213e+04 cycle=384800 time=6.142941e+00 dt=1.581871e-05
elapsed=7.009019e+04 cycle=384900 time=6.144517e+00 dt=1.568328e-05
elapsed=7.009941e+04 cycle=385000 time=6.146065e+00 dt=1.490314e-05
elapsed=7.010829e+04 cycle=385100 time=6.147480e+00 dt=1.344056e-05
elapsed=7.011651e+04 cycle=385200 time=6.148828e+00 dt=1.391754e-05
elapsed=7.012491e+04 cycle=385300 time=6.150432e+00 dt=1.740143e-05
elapsed=7.013318e+04 cycle=385400 time=6.152165e+00 dt=1.670079e-05
elapsed=7.014210e+04 cycle=385500 time=6.153734e+00 dt=1.483529e-05
elapsed=7.015140e+04 cycle=385600 time=6.155238e+00 dt=1.569819e-05
elapsed=7.015948e+04 cycle=385700 time=6.156900e+00 dt=1.674447e-05
elapsed=7.016768e+04 cycle=385800 time=6.158514e+00 dt=1.543943e-05
elapsed=7.017605e+04 cycle=385900 time=6.160025e+00 dt=1.493643e-05
elapsed=7.018557e+04 cycle=386000 time=6.161585e+00 dt=1.632069e-05
elapsed=7.019494e+04 cycle=386100 time=6.163233e+00 dt=1.638173e-05
elapsed=7.020323e+04 cycle=386200 time=6.164863e+00 dt=1.622379e-05
elapsed=7.021153e+04 cycle=386300 time=6.166477e+00 dt=1.616947e-05
elapsed=7.021991e+04 cycle=386400 time=6.168087e+00 dt=1.599438e-05
elapsed=7.022922e+04 cycle=386500 time=6.169698e+00 dt=1.623950e-05
elapsed=7.023852e+04 cycle=386600 time=6.171320e+00 dt=1.646096e-05
elapsed=7.024685e+04 cycle=386700 time=6.172982e+00 dt=1.680568e-05
elapsed=7.025519e+04 cycle=386800 time=6.174654e+00 dt=1.648900e-05
elapsed=7.026413e+04 cycle=386900 time=6.176281e+00 dt=1.608698e-05
elapsed=7.027375e+04 cycle=387000 time=6.177881e+00 dt=1.595630e-05
elapsed=7.028209e+04 cycle=387100 time=6.179480e+00 dt=1.604763e-05
elapsed=7.029051e+04 cycle=387200 time=6.181093e+00 dt=1.629914e-05
elapsed=7.029887e+04 cycle=387300 time=6.182739e+00 dt=1.636729e-05
elapsed=7.030904e+04 cycle=387400 time=6.184388e+00 dt=1.651086e-05
elapsed=7.031747e+04 cycle=387500 time=6.186039e+00 dt=1.664236e-05
elapsed=7.032581e+04 cycle=387600 time=6.187738e+00 dt=1.718749e-05
elapsed=7.033415e+04 cycle=387700 time=6.189442e+00 dt=1.674103e-05
elapsed=7.034254e+04 cycle=387800 time=6.191119e+00 dt=1.676697e-05
elapsed=7.035231e+04 cycle=387900 time=6.192792e+00 dt=1.670616e-05
elapsed=7.036105e+04 cycle=388000 time=6.194462e+00 dt=1.661521e-05
elapsed=7.036976e+04 cycle=388100 time=6.196110e+00 dt=1.641134e-05
elapsed=7.037959e+04 cycle=388200 time=6.197736e+00 dt=1.598640e-05
elapsed=7.038850e+04 cycle=388300 time=6.199353e+00 dt=1.622382e-05
elapsed=7.039827e+04 cycle=388400 time=6.200967e+00 dt=1.604980e-05
elapsed=7.040660e+04 cycle=388500 time=6.202558e+00 dt=1.574468e-05
elapsed=7.041501e+04 cycle=388600 time=6.204125e+00 dt=1.572026e-05
elapsed=7.042340e+04 cycle=388700 time=6.205730e+00 dt=1.633846e-05
elapsed=7.043337e+04 cycle=388800 time=6.207380e+00 dt=1.638109e-05
elapsed=7.044212e+04 cycle=388900 time=6.209014e+00 dt=1.632980e-05
elapsed=7.045061e+04 cycle=389000 time=6.210662e+00 dt=1.681086e-05
elapsed=7.045900e+04 cycle=389100 time=6.212371e+00 dt=1.715904e-05
elapsed=7.046737e+04 cycle=389200 time=6.214070e+00 dt=1.684307e-05
elapsed=7.047783e+04 cycle=389300 time=6.215740e+00 dt=1.651751e-05
elapsed=7.048765e+04 cycle=389400 time=6.217387e+00 dt=1.629029e-05
elapsed=7.049831e+04 cycle=389500 time=6.218980e+00 dt=1.610882e-05
elapsed=7.051406e+04 cycle=389600 time=6.220646e+00 dt=1.653324e-05
elapsed=7.053057e+04 cycle=389700 time=6.222278e+00 dt=1.610290e-05
elapsed=7.054622e+04 cycle=389800 time=6.223873e+00 dt=1.575406e-05
elapsed=7.055934e+04 cycle=389900 time=6.225424e+00 dt=1.544079e-05
elapsed=7.057146e+04 cycle=390000 time=6.227073e+00 dt=1.747874e-05
elapsed=7.058576e+04 cycle=390100 time=6.228801e+00 dt=1.706649e-05
elapsed=7.059978e+04 cycle=390200 time=6.230488e+00 dt=1.663948e-05
elapsed=7.061544e+04 cycle=390300 time=6.232131e+00 dt=1.625205e-05
elapsed=7.062851e+04 cycle=390400 time=6.233740e+00 dt=1.590929e-05
elapsed=7.063910e+04 cycle=390500 time=6.235309e+00 dt=1.550424e-05
elapsed=7.064771e+04 cycle=390600 time=6.236845e+00 dt=1.548412e-05
elapsed=7.065610e+04 cycle=390700 time=6.238474e+00 dt=1.655878e-05
elapsed=7.066686e+04 cycle=390800 time=6.240101e+00 dt=1.608224e-05
elapsed=7.068306e+04 cycle=390900 time=6.241695e+00 dt=1.588272e-05
elapsed=7.069330e+04 cycle=391000 time=6.243287e+00 dt=1.610869e-05
elapsed=7.070245e+04 cycle=391100 time=6.244937e+00 dt=1.678472e-05
elapsed=7.071087e+04 cycle=391200 time=6.246613e+00 dt=1.680412e-05
elapsed=7.072020e+04 cycle=391300 time=6.248288e+00 dt=1.671330e-05
elapsed=7.073958e+04 cycle=391400 time=6.249945e+00 dt=1.637052e-05
elapsed=7.074807e+04 cycle=391500 time=6.251554e+00 dt=1.573455e-05
elapsed=7.075649e+04 cycle=391600 time=6.253125e+00 dt=1.575931e-05
elapsed=7.076569e+04 cycle=391700 time=6.254781e+00 dt=1.678471e-05
elapsed=7.077517e+04 cycle=391800 time=6.256425e+00 dt=1.596419e-05
elapsed=7.078360e+04 cycle=391900 time=6.258113e+00 dt=1.709122e-05
elapsed=7.079204e+04 cycle=392000 time=6.259833e+00 dt=1.730040e-05
elapsed=7.080053e+04 cycle=392100 time=6.261549e+00 dt=1.705485e-05
elapsed=7.080951e+04 cycle=392200 time=6.263207e+00 dt=1.749136e-05
elapsed=7.081926e+04 cycle=392300 time=6.264971e+00 dt=1.772035e-05
elapsed=7.082770e+04 cycle=392400 time=6.266721e+00 dt=1.736220e-05
elapsed=7.083610e+04 cycle=392500 time=6.268432e+00 dt=1.689865e-05
elapsed=7.084462e+04 cycle=392600 time=6.270114e+00 dt=1.683433e-05
elapsed=7.085439e+04 cycle=392700 time=6.271757e+00 dt=1.710890e-05
elapsed=7.087099e+04 cycle=392800 time=6.273418e+00 dt=1.622766e-05
elapsed=7.088864e+04 cycle=392900 time=6.275048e+00 dt=1.671668e-05
elapsed=7.090777e+04 cycle=393000 time=6.276710e+00 dt=1.616027e-05
elapsed=7.092619e+04 cycle=393100 time=6.278262e+00 dt=1.502678e-05
elapsed=7.094654e+04 cycle=393200 time=6.279786e+00 dt=1.652430e-05
elapsed=7.096493e+04 cycle=393300 time=6.281449e+00 dt=1.732026e-05
elapsed=7.098549e+04 cycle=393400 time=6.283184e+00 dt=1.731430e-05
elapsed=7.099893e+04 cycle=393500 time=6.284916e+00 dt=1.735324e-05
elapsed=7.101083e+04 cycle=393600 time=6.286606e+00 dt=1.654768e-05
elapsed=7.101927e+04 cycle=393700 time=6.288274e+00 dt=1.656941e-05
elapsed=7.102822e+04 cycle=393800 time=6.289921e+00 dt=1.649334e-05
elapsed=7.103913e+04 cycle=393900 time=6.291608e+00 dt=1.689776e-05
elapsed=7.105247e+04 cycle=394000 time=6.293292e+00 dt=1.677456e-05
elapsed=7.106917e+04 cycle=394100 time=6.294975e+00 dt=1.697291e-05
elapsed=7.108232e+04 cycle=394200 time=6.296688e+00 dt=1.715286e-05
elapsed=7.109693e+04 cycle=394300 time=6.298350e+00 dt=1.610197e-05
elapsed=7.111842e+04 cycle=394400 time=6.299948e+00 dt=1.607272e-05
elapsed=7.113795e+04 cycle=394500 time=6.301555e+00 dt=1.606184e-05
elapsed=7.115916e+04 cycle=394600 time=6.303160e+00 dt=1.596615e-05
elapsed=7.117432e+04 cycle=394700 time=6.304746e+00 dt=1.579820e-05
elapsed=7.119628e+04 cycle=394800 time=6.306320e+00 dt=1.569412e-05
elapsed=7.121617e+04 cycle=394900 time=6.307884e+00 dt=1.565505e-05
elapsed=7.123829e+04 cycle=395000 time=6.309410e+00 dt=1.483899e-05
elapsed=7.125560e+04 cycle=395100 time=6.310876e+00 dt=1.457554e-05
elapsed=7.127733e+04 cycle=395200 time=6.312341e+00 dt=1.491099e-05
elapsed=7.129448e+04 cycle=395300 time=6.313856e+00 dt=1.508843e-05
elapsed=7.130549e+04 cycle=395400 time=6.315350e+00 dt=1.493884e-05
elapsed=7.131393e+04 cycle=395500 time=6.316847e+00 dt=1.510017e-05
elapsed=7.132426e+04 cycle=395600 time=6.318373e+00 dt=1.531468e-05
elapsed=7.133270e+04 cycle=395700 time=6.319910e+00 dt=1.546459e-05
elapsed=7.134120e+04 cycle=395800 time=6.321433e+00 dt=1.520789e-05
elapsed=7.135311e+04 cycle=395900 time=6.322952e+00 dt=1.505166e-05
elapsed=7.136254e+04 cycle=396000 time=6.324458e+00 dt=1.514054e-05
elapsed=7.137188e+04 cycle=396100 time=6.325970e+00 dt=1.502917e-05
elapsed=7.138033e+04 cycle=396200 time=6.327460e+00 dt=1.470308e-05
elapsed=7.138859e+04 cycle=396300 time=6.328922e+00 dt=1.466148e-05
elapsed=7.139691e+04 cycle=396400 time=6.330406e+00 dt=1.487728e-05
elapsed=7.140815e+04 cycle=396500 time=6.331885e+00 dt=1.471351e-05
elapsed=7.141680e+04 cycle=396600 time=6.333351e+00 dt=1.464178e-05
elapsed=7.142505e+04 cycle=396700 time=6.334818e+00 dt=1.469535e-05
elapsed=7.143331e+04 cycle=396800 time=6.336273e+00 dt=1.452505e-05
elapsed=7.144155e+04 cycle=396900 time=6.337726e+00 dt=1.449078e-05
elapsed=7.145145e+04 cycle=397000 time=6.339157e+00 dt=1.416113e-05
elapsed=7.146010e+04 cycle=397100 time=6.340562e+00 dt=1.396279e-05
elapsed=7.146836e+04 cycle=397200 time=6.341947e+00 dt=1.375784e-05
elapsed=7.147662e+04 cycle=397300 time=6.343312e+00 dt=1.363781e-05
elapsed=7.148534e+04 cycle=397400 time=6.344681e+00 dt=1.378763e-05
elapsed=7.150866e+04 cycle=397500 time=6.346068e+00 dt=1.396955e-05
elapsed=7.152532e+04 cycle=397600 time=6.347485e+00 dt=1.445673e-05
elapsed=7.153425e+04 cycle=397700 time=6.348981e+00 dt=1.530984e-05
elapsed=7.154260e+04 cycle=397800 time=6.350522e+00 dt=1.487830e-05
elapsed=7.155090e+04 cycle=397900 time=6.351935e+00 dt=1.413446e-05
elapsed=7.155922e+04 cycle=398000 time=6.353473e+00 dt=1.570571e-05
elapsed=7.156933e+04 cycle=398100 time=6.355034e+00 dt=1.576953e-05
elapsed=7.157786e+04 cycle=398200 time=6.356647e+00 dt=1.635144e-05
elapsed=7.158620e+04 cycle=398300 time=6.358218e+00 dt=1.524233e-05
elapsed=7.159455e+04 cycle=398400 time=6.359735e+00 dt=1.507139e-05
elapsed=7.160338e+04 cycle=398500 time=6.361221e+00 dt=1.470423e-05
elapsed=7.161338e+04 cycle=398600 time=6.362683e+00 dt=1.460887e-05
elapsed=7.162176e+04 cycle=398700 time=6.364170e+00 dt=1.505795e-05
elapsed=7.163001e+04 cycle=398800 time=6.365674e+00 dt=1.495683e-05
elapsed=7.164051e+04 cycle=398900 time=6.367183e+00 dt=1.546062e-05
elapsed=7.165340e+04 cycle=399000 time=6.368761e+00 dt=1.576204e-05
elapsed=7.166171e+04 cycle=399100 time=6.370349e+00 dt=1.611433e-05
elapsed=7.167155e+04 cycle=399200 time=6.371989e+00 dt=1.637882e-05
elapsed=7.168111e+04 cycle=399300 time=6.373599e+00 dt=1.596109e-05
elapsed=7.170113e+04 cycle=399400 time=6.375180e+00 dt=1.557117e-05
elapsed=7.171002e+04 cycle=399500 time=6.376719e+00 dt=1.552367e-05
elapsed=7.171895e+04 cycle=399600 time=6.378259e+00 dt=1.510793e-05
elapsed=7.173009e+04 cycle=399700 time=6.379757e+00 dt=1.488185e-05
elapsed=7.173909e+04 cycle=399800 time=6.381285e+00 dt=1.562230e-05
elapsed=7.174802e+04 cycle=399900 time=6.382800e+00 dt=1.456378e-05
elapsed=7.175694e+04 cycle=400000 time=6.384258e+00 dt=1.473168e-05
elapsed=7.176786e+04 cycle=400100 time=6.385786e+00 dt=1.539729e-05
elapsed=7.177687e+04 cycle=400200 time=6.387326e+00 dt=1.538424e-05
elapsed=7.178580e+04 cycle=400300 time=6.388871e+00 dt=1.576784e-05
elapsed=7.179481e+04 cycle=400400 time=6.390429e+00 dt=1.504560e-05
elapsed=7.180577e+04 cycle=400500 time=6.391933e+00 dt=1.522788e-05
elapsed=7.181473e+04 cycle=400600 time=6.393447e+00 dt=1.542825e-05
elapsed=7.182365e+04 cycle=400700 time=6.395021e+00 dt=1.603963e-05
elapsed=7.183255e+04 cycle=400800 time=6.396561e+00 dt=1.509436e-05
elapsed=7.184349e+04 cycle=400900 time=6.398092e+00 dt=1.570125e-05
elapsed=7.185234e+04 cycle=401000 time=6.399682e+00 dt=1.606740e-05
elapsed=7.186123e+04 cycle=401100 time=6.401286e+00 dt=1.563224e-05
elapsed=7.187002e+04 cycle=401200 time=6.402841e+00 dt=1.575163e-05
elapsed=7.188084e+04 cycle=401300 time=6.404448e+00 dt=1.629159e-05
elapsed=7.188963e+04 cycle=401400 time=6.406058e+00 dt=1.622717e-05
elapsed=7.189841e+04 cycle=401500 time=6.407683e+00 dt=1.617299e-05
elapsed=7.190720e+04 cycle=401600 time=6.409253e+00 dt=1.531216e-05
elapsed=7.191809e+04 cycle=401700 time=6.410729e+00 dt=1.436947e-05
elapsed=7.192869e+04 cycle=401800 time=6.412174e+00 dt=1.475512e-05
elapsed=7.193755e+04 cycle=401900 time=6.413613e+00 dt=1.425317e-05
elapsed=7.194640e+04 cycle=402000 time=6.415038e+00 dt=1.416658e-05
elapsed=7.195713e+04 cycle=402100 time=6.416459e+00 dt=1.430560e-05
elapsed=7.196634e+04 cycle=402200 time=6.417899e+00 dt=1.448514e-05
elapsed=7.197521e+04 cycle=402300 time=6.419356e+00 dt=1.477090e-05
elapsed=7.198415e+04 cycle=402400 time=6.420888e+00 dt=1.577947e-05
elapsed=7.199401e+04 cycle=402500 time=6.422491e+00 dt=1.627290e-05
elapsed=7.200501e+04 cycle=402600 time=6.424120e+00 dt=1.623597e-05
elapsed=7.201384e+04 cycle=402700 time=6.425716e+00 dt=1.538832e-05
elapsed=7.202270e+04 cycle=402800 time=6.427205e+00 dt=1.515117e-05
elapsed=7.203304e+04 cycle=402900 time=6.428749e+00 dt=1.547807e-05
elapsed=7.204389e+04 cycle=403000 time=6.430278e+00 dt=1.492866e-05
elapsed=7.207225e+04 cycle=403100 time=6.431746e+00 dt=1.471141e-05
elapsed=7.209133e+04 cycle=403200 time=6.433143e+00 dt=1.363506e-05
elapsed=7.211710e+04 cycle=403300 time=6.434654e+00 dt=1.614777e-05
elapsed=7.214542e+04 cycle=403400 time=6.436271e+00 dt=1.634159e-05
elapsed=7.217166e+04 cycle=403500 time=6.437877e+00 dt=1.555403e-05
elapsed=7.219998e+04 cycle=403600 time=6.439405e+00 dt=1.643233e-05
elapsed=7.222847e+04 cycle=403700 time=6.441147e+00 dt=1.747587e-05
elapsed=7.225694e+04 cycle=403800 time=6.442895e+00 dt=1.744482e-05
elapsed=7.227532e+04 cycle=403900 time=6.444621e+00 dt=1.734304e-05
elapsed=7.228419e+04 cycle=404000 time=6.446337e+00 dt=1.644075e-05
elapsed=7.229499e+04 cycle=404100 time=6.447928e+00 dt=1.583534e-05
elapsed=7.231041e+04 cycle=404200 time=6.449616e+00 dt=1.780918e-05
elapsed=7.232380e+04 cycle=404300 time=6.451405e+00 dt=1.787021e-05
elapsed=7.234290e+04 cycle=404400 time=6.453171e+00 dt=1.753008e-05
elapsed=7.235174e+04 cycle=404500 time=6.454891e+00 dt=1.676463e-05
elapsed=7.237450e+04 cycle=404600 time=6.456527e+00 dt=1.605107e-05
elapsed=7.240324e+04 cycle=404700 time=6.458114e+00 dt=1.594596e-05
elapsed=7.242979e+04 cycle=404800 time=6.459697e+00 dt=1.574464e-05
elapsed=7.244123e+04 cycle=404900 time=6.461276e+00 dt=1.588677e-05
elapsed=7.245029e+04 cycle=405000 time=6.462885e+00 dt=1.622800e-05
elapsed=7.245906e+04 cycle=405100 time=6.464505e+00 dt=1.602908e-05
elapsed=7.246787e+04 cycle=405200 time=6.466096e+00 dt=1.586549e-05
elapsed=7.248399e+04 cycle=405300 time=6.467697e+00 dt=1.614905e-05
elapsed=7.249272e+04 cycle=405400 time=6.469336e+00 dt=1.648849e-05
elapsed=7.250152e+04 cycle=405500 time=6.470946e+00 dt=1.560990e-05
elapsed=7.251024e+04 cycle=405600 time=6.472461e+00 dt=1.479174e-05
elapsed=7.252540e+04 cycle=405700 time=6.473931e+00 dt=1.471594e-05
elapsed=7.253425e+04 cycle=405800 time=6.475429e+00 dt=1.530646e-05
elapsed=7.254362e+04 cycle=405900 time=6.476991e+00 dt=1.590428e-05
elapsed=7.256249e+04 cycle=406000 time=6.478599e+00 dt=1.619715e-05
elapsed=7.257599e+04 cycle=406100 time=6.480208e+00 dt=1.588399e-05
elapsed=7.258474e+04 cycle=406200 time=6.481793e+00 dt=1.581768e-05
elapsed=7.259355e+04 cycle=406300 time=6.483383e+00 dt=1.609828e-05
elapsed=7.260633e+04 cycle=406400 time=6.485014e+00 dt=1.644332e-05
elapsed=7.261511e+04 cycle=406500 time=6.486648e+00 dt=1.615215e-05
elapsed=7.262382e+04 cycle=406600 time=6.488247e+00 dt=1.591976e-05
elapsed=7.263248e+04 cycle=406700 time=6.489845e+00 dt=1.624023e-05
elapsed=7.264327e+04 cycle=406800 time=6.491498e+00 dt=1.683413e-05
elapsed=7.265224e+04 cycle=406900 time=6.493241e+00 dt=1.780148e-05
elapsed=7.266113e+04 cycle=407000 time=6.495020e+00 dt=1.769048e-05
elapsed=7.267001e+04 cycle=407100 time=6.496739e+00 dt=1.661581e-05
elapsed=7.268051e+04 cycle=407200 time=6.498358e+00 dt=1.583501e-05
elapsed=7.268978e+04 cycle=407300 time=6.499946e+00 dt=1.597132e-05
elapsed=7.269873e+04 cycle=407400 time=6.501538e+00 dt=1.567837e-05
elapsed=7.270760e+04 cycle=407500 time=6.503079e+00 dt=1.513851e-05
elapsed=7.271779e+04 cycle=407600 time=6.504566e+00 dt=1.452474e-05
elapsed=7.272736e+04 cycle=407700 time=6.505974e+00 dt=1.366679e-05
elapsed=7.273622e+04 cycle=407800 time=6.507320e+00 dt=1.331198e-05
elapsed=7.275143e+04 cycle=407900 time=6.508677e+00 dt=1.411161e-05
elapsed=7.277213e+04 cycle=408000 time=6.510142e+00 dt=1.514245e-05
elapsed=7.278113e+04 cycle=408100 time=6.511699e+00 dt=1.553715e-05
elapsed=7.278999e+04 cycle=408200 time=6.513213e+00 dt=1.476369e-05
elapsed=7.280096e+04 cycle=408300 time=6.514658e+00 dt=1.416158e-05
elapsed=7.280983e+04 cycle=408400 time=6.516047e+00 dt=1.369923e-05
elapsed=7.281870e+04 cycle=408500 time=6.517469e+00 dt=1.510894e-05
elapsed=7.282979e+04 cycle=408600 time=6.519016e+00 dt=1.565941e-05
elapsed=7.284101e+04 cycle=408700 time=6.520652e+00 dt=1.726267e-05
elapsed=7.284994e+04 cycle=408800 time=6.522369e+00 dt=1.688741e-05
elapsed=7.285885e+04 cycle=408900 time=6.524083e+00 dt=1.778169e-05
elapsed=7.286819e+04 cycle=409000 time=6.525863e+00 dt=1.777333e-05
elapsed=7.287890e+04 cycle=409100 time=6.527626e+00 dt=1.735793e-05
elapsed=7.288783e+04 cycle=409200 time=6.529296e+00 dt=1.610173e-05
elapsed=7.289684e+04 cycle=409300 time=6.530925e+00 dt=1.636885e-05
elapsed=7.290625e+04 cycle=409400 time=6.532538e+00 dt=1.584566e-05
elapsed=7.291690e+04 cycle=409500 time=6.534086e+00 dt=1.510774e-05
elapsed=7.292585e+04 cycle=409600 time=6.535567e+00 dt=1.452617e-05
elapsed=7.293481e+04 cycle=409700 time=6.536997e+00 dt=1.395990e-05
elapsed=7.294398e+04 cycle=409800 time=6.538352e+00 dt=1.320482e-05
elapsed=7.295508e+04 cycle=409900 time=6.539633e+00 dt=1.237923e-05
elapsed=7.296407e+04 cycle=410000 time=6.540842e+00 dt=1.182118e-05
elapsed=7.297297e+04 cycle=410100 time=6.542045e+00 dt=1.257320e-05
elapsed=7.298186e+04 cycle=410200 time=6.543411e+00 dt=1.481520e-05
elapsed=7.299275e+04 cycle=410300 time=6.544895e+00 dt=1.461925e-05
elapsed=7.300177e+04 cycle=410400 time=6.546357e+00 dt=1.457360e-05
elapsed=7.301065e+04 cycle=410500 time=6.547817e+00 dt=1.496003e-05
elapsed=7.301953e+04 cycle=410600 time=6.549341e+00 dt=1.527696e-05
elapsed=7.303021e+04 cycle=410700 time=6.550854e+00 dt=1.506790e-05
elapsed=7.303953e+04 cycle=410800 time=6.552363e+00 dt=1.505154e-05
elapsed=7.304842e+04 cycle=410900 time=6.553878e+00 dt=1.553868e-05
elapsed=7.305731e+04 cycle=411000 time=6.555455e+00 dt=1.561901e-05
elapsed=7.306727e+04 cycle=411100 time=6.557006e+00 dt=1.543049e-05
elapsed=7.307743e+04 cycle=411200 time=6.558533e+00 dt=1.507487e-05
elapsed=7.308638e+04 cycle=411300 time=6.560020e+00 dt=1.473448e-05
elapsed=7.312153e+04 cycle=411400 time=6.561488e+00 dt=1.459087e-05
elapsed=7.316022e+04 cycle=411500 time=6.562950e+00 dt=1.472209e-05
elapsed=7.319860e+04 cycle=411600 time=6.564425e+00 dt=1.481662e-05
elapsed=7.323341e+04 cycle=411700 time=6.565905e+00 dt=1.478066e-05
elapsed=7.325636e+04 cycle=411800 time=6.567368e+00 dt=1.436932e-05
elapsed=7.326528e+04 cycle=411900 time=6.568782e+00 dt=1.404512e-05
elapsed=7.327438e+04 cycle=412000 time=6.570247e+00 dt=1.548218e-05
elapsed=7.328532e+04 cycle=412100 time=6.571876e+00 dt=1.612861e-05
elapsed=7.329419e+04 cycle=412200 time=6.573446e+00 dt=1.539330e-05
elapsed=7.330305e+04 cycle=412300 time=6.574971e+00 dt=1.512013e-05
elapsed=7.331263e+04 cycle=412400 time=6.576470e+00 dt=1.483687e-05
elapsed=7.332292e+04 cycle=412500 time=6.577956e+00 dt=1.502018e-05
elapsed=7.333177e+04 cycle=412600 time=6.579478e+00 dt=1.527252e-05
elapsed=7.334071e+04 cycle=412700 time=6.580993e+00 dt=1.497477e-05
elapsed=7.335024e+04 cycle=412800 time=6.582466e+00 dt=1.451185e-05
elapsed=7.336054e+04 cycle=412900 time=6.583899e+00 dt=1.409867e-05
elapsed=7.336940e+04 cycle=413000 time=6.585299e+00 dt=1.398256e-05
elapsed=7.337825e+04 cycle=413100 time=6.586700e+00 dt=1.417531e-05
elapsed=7.338773e+04 cycle=413200 time=6.588134e+00 dt=1.425693e-05
elapsed=7.341120e+04 cycle=413300 time=6.589554e+00 dt=1.416819e-05
elapsed=7.344914e+04 cycle=413400 time=6.590986e+00 dt=1.458397e-05
elapsed=7.348514e+04 cycle=413500 time=6.592430e+00 dt=1.388825e-05
elapsed=7.349467e+04 cycle=413600 time=6.593765e+00 dt=1.295761e-05
elapsed=7.350542e+04 cycle=413700 time=6.595125e+00 dt=1.491530e-05
elapsed=7.351453e+04 cycle=413800 time=6.596637e+00 dt=1.503752e-05
elapsed=7.352338e+04 cycle=413900 time=6.598151e+00 dt=1.497188e-05
elapsed=7.353222e+04 cycle=414000 time=6.599620e+00 dt=1.479782e-05
elapsed=7.354328e+04 cycle=414100 time=6.601180e+00 dt=1.636348e-05
elapsed=7.355208e+04 cycle=414200 time=6.602783e+00 dt=1.575575e-05
elapsed=7.356090e+04 cycle=414300 time=6.604323e+00 dt=1.500252e-05
elapsed=7.356972e+04 cycle=414400 time=6.605799e+00 dt=1.495620e-05
elapsed=7.358032e+04 cycle=414500 time=6.607366e+00 dt=1.607933e-05
elapsed=7.358948e+04 cycle=414600 time=6.608963e+00 dt=1.589351e-05
elapsed=7.359836e+04 cycle=414700 time=6.610544e+00 dt=1.577464e-05
elapsed=7.361321e+04 cycle=414800 time=6.612123e+00 dt=1.584448e-05
elapsed=7.362300e+04 cycle=414900 time=6.613706e+00 dt=1.581306e-05
elapsed=7.363183e+04 cycle=415000 time=6.615299e+00 dt=1.617205e-05
elapsed=7.364068e+04 cycle=415100 time=6.616970e+00 dt=1.692637e-05
elapsed=7.365036e+04 cycle=415200 time=6.618640e+00 dt=1.643931e-05
elapsed=7.366083e+04 cycle=415300 time=6.620254e+00 dt=1.587574e-05
elapsed=7.367960e+04 cycle=415400 time=6.621885e+00 dt=1.699127e-05
elapsed=7.368871e+04 cycle=415500 time=6.623632e+00 dt=1.756941e-05
elapsed=7.369966e+04 cycle=415600 time=6.625356e+00 dt=1.675579e-05
elapsed=7.370850e+04 cycle=415700 time=6.626958e+00 dt=1.507841e-05
elapsed=7.371735e+04 cycle=415800 time=6.628425e+00 dt=1.543300e-05
elapsed=7.372626e+04 cycle=415900 time=6.630102e+00 dt=1.767886e-05
elapsed=7.373676e+04 cycle=416000 time=6.631833e+00 dt=1.681194e-05
elapsed=7.374633e+04 cycle=416100 time=6.633473e+00 dt=1.619336e-05
elapsed=7.376436e+04 cycle=416200 time=6.635101e+00 dt=1.658097e-05
elapsed=7.379347e+04 cycle=416300 time=6.636769e+00 dt=1.660252e-05
elapsed=7.380231e+04 cycle=416400 time=6.638418e+00 dt=1.637919e-05
elapsed=7.381335e+04 cycle=416500 time=6.640046e+00 dt=1.616856e-05
elapsed=7.382425e+04 cycle=416600 time=6.641649e+00 dt=1.590610e-05
elapsed=7.383309e+04 cycle=416700 time=6.643232e+00 dt=1.574325e-05
elapsed=7.384193e+04 cycle=416800 time=6.644791e+00 dt=1.571111e-05
elapsed=7.385290e+04 cycle=416900 time=6.646362e+00 dt=1.571111e-05
elapsed=7.386172e+04 cycle=417000 time=6.647929e+00 dt=1.559284e-05
elapsed=7.387053e+04 cycle=417100 time=6.649470e+00 dt=1.513794e-05
elapsed=7.387951e+04 cycle=417200 time=6.650948e+00 dt=1.459549e-05
elapsed=7.389037e+04 cycle=417300 time=6.652530e+00 dt=1.701222e-05
elapsed=7.389921e+04 cycle=417400 time=6.654212e+00 dt=1.661700e-05
elapsed=7.390800e+04 cycle=417500 time=6.655853e+00 dt=1.625260e-05
elapsed=7.391678e+04 cycle=417600 time=6.657460e+00 dt=1.584255e-05
elapsed=7.392769e+04 cycle=417700 time=6.658976e+00 dt=1.481991e-05
elapsed=7.393651e+04 cycle=417800 time=6.660537e+00 dt=1.665048e-05
elapsed=7.394525e+04 cycle=417900 time=6.662242e+00 dt=1.700194e-05
elapsed=7.395398e+04 cycle=418000 time=6.663946e+00 dt=1.708647e-05
elapsed=7.396504e+04 cycle=418100 time=6.665653e+00 dt=1.703742e-05
elapsed=7.397376e+04 cycle=418200 time=6.667293e+00 dt=1.594275e-05
elapsed=7.398247e+04 cycle=418300 time=6.668869e+00 dt=1.556263e-05
elapsed=7.399129e+04 cycle=418400 time=6.670423e+00 dt=1.560837e-05
elapsed=7.400160e+04 cycle=418500 time=6.671991e+00 dt=1.579807e-05
elapsed=7.401092e+04 cycle=418600 time=6.673585e+00 dt=1.596430e-05
elapsed=7.401968e+04 cycle=418700 time=6.675180e+00 dt=1.588356e-05
elapsed=7.402843e+04 cycle=418800 time=6.676760e+00 dt=1.574988e-05
elapsed=7.404427e+04 cycle=418900 time=6.678333e+00 dt=1.558450e-05
elapsed=7.405300e+04 cycle=419000 time=6.679916e+00 dt=1.570767e-05
elapsed=7.406747e+04 cycle=419100 time=6.681439e+00 dt=1.466192e-05
elapsed=7.407802e+04 cycle=419200 time=6.682863e+00 dt=1.402053e-05
elapsed=7.408662e+04 cycle=419300 time=6.684386e+00 dt=1.593460e-05
elapsed=7.410402e+04 cycle=419400 time=6.685999e+00 dt=1.597415e-05
elapsed=7.411439e+04 cycle=419500 time=6.687647e+00 dt=1.700794e-05
elapsed=7.412354e+04 cycle=419600 time=6.689359e+00 dt=1.713758e-05
elapsed=7.413217e+04 cycle=419700 time=6.691051e+00 dt=1.690442e-05
elapsed=7.414073e+04 cycle=419800 time=6.692762e+00 dt=1.730519e-05
elapsed=7.414927e+04 cycle=419900 time=6.694487e+00 dt=1.715230e-05
elapsed=7.416305e+04 cycle=420000 time=6.696190e+00 dt=1.688341e-05
elapsed=7.417171e+04 cycle=420100 time=6.697856e+00 dt=1.637152e-05
elapsed=7.418034e+04 cycle=420200 time=6.699470e+00 dt=1.606850e-05
elapsed=7.418904e+04 cycle=420300 time=6.701107e+00 dt=1.686805e-05
elapsed=7.419887e+04 cycle=420400 time=6.702796e+00 dt=1.677496e-05
elapsed=7.420849e+04 cycle=420500 time=6.704468e+00 dt=1.670633e-05
elapsed=7.421697e+04 cycle=420600 time=6.706125e+00 dt=1.627848e-05
elapsed=7.422546e+04 cycle=420700 time=6.707733e+00 dt=1.592771e-05
elapsed=7.423393e+04 cycle=420800 time=6.709312e+00 dt=1.603493e-05
elapsed=7.424454e+04 cycle=420900 time=6.710894e+00 dt=1.573232e-05
elapsed=7.425329e+04 cycle=421000 time=6.712520e+00 dt=1.691831e-05
elapsed=7.426176e+04 cycle=421100 time=6.714231e+00 dt=1.709798e-05
elapsed=7.427022e+04 cycle=421200 time=6.715938e+00 dt=1.705740e-05
elapsed=7.427914e+04 cycle=421300 time=6.717664e+00 dt=1.759791e-05
elapsed=7.428927e+04 cycle=421400 time=6.719461e+00 dt=1.818184e-05
elapsed=7.429782e+04 cycle=421500 time=6.721288e+00 dt=1.834894e-05
elapsed=7.430628e+04 cycle=421600 time=6.723116e+00 dt=1.801526e-05
elapsed=7.433356e+04 cycle=421700 time=6.724893e+00 dt=1.756494e-05
elapsed=7.437118e+04 cycle=421800 time=6.726628e+00 dt=1.703879e-05
elapsed=7.440882e+04 cycle=421900 time=6.728305e+00 dt=1.651876e-05
elapsed=7.444642e+04 cycle=422000 time=6.729940e+00 dt=1.622662e-05
elapsed=7.448407e+04 cycle=422100 time=6.731563e+00 dt=1.626726e-05
elapsed=7.452168e+04 cycle=422200 time=6.733203e+00 dt=1.651481e-05
elapsed=7.453987e+04 cycle=422300 time=6.734839e+00 dt=1.621502e-05
elapsed=7.454835e+04 cycle=422400 time=6.736445e+00 dt=1.591502e-05
elapsed=7.455684e+04 cycle=422500 time=6.738022e+00 dt=1.566289e-05
elapsed=7.456543e+04 cycle=422600 time=6.739585e+00 dt=1.561304e-05
elapsed=7.457627e+04 cycle=422700 time=6.741136e+00 dt=1.522066e-05
elapsed=7.458477e+04 cycle=422800 time=6.742601e+00 dt=1.436884e-05
elapsed=7.459328e+04 cycle=422900 time=6.744049e+00 dt=1.412540e-05
elapsed=7.460179e+04 cycle=423000 time=6.745415e+00 dt=1.321640e-05
elapsed=7.461218e+04 cycle=423100 time=6.746702e+00 dt=1.262015e-05
elapsed=7.462118e+04 cycle=423200 time=6.747996e+00 dt=1.398807e-05
elapsed=7.462970e+04 cycle=423300 time=6.749626e+00 dt=1.652992e-05
elapsed=7.463829e+04 cycle=423400 time=6.751303e+00 dt=1.685906e-05
elapsed=7.464775e+04 cycle=423500 time=6.753000e+00 dt=1.644996e-05
elapsed=7.466249e+04 cycle=423600 time=6.754695e+00 dt=1.728617e-05
elapsed=7.467719e+04 cycle=423700 time=6.756419e+00 dt=1.718927e-05
elapsed=7.470660e+04 cycle=423800 time=6.758127e+00 dt=1.683391e-05
elapsed=7.473625e+04 cycle=423900 time=6.759759e+00 dt=1.582344e-05
elapsed=7.474487e+04 cycle=424000 time=6.761328e+00 dt=1.612021e-05
elapsed=7.475371e+04 cycle=424100 time=6.762982e+00 dt=1.645666e-05
elapsed=7.476410e+04 cycle=424200 time=6.764610e+00 dt=1.620510e-05
elapsed=7.477358e+04 cycle=424300 time=6.766227e+00 dt=1.620151e-05
elapsed=7.478220e+04 cycle=424400 time=6.767854e+00 dt=1.625951e-05
elapsed=7.479188e+04 cycle=424500 time=6.769502e+00 dt=1.670335e-05
elapsed=7.480221e+04 cycle=424600 time=6.771148e+00 dt=1.609106e-05
elapsed=7.481074e+04 cycle=424700 time=6.772711e+00 dt=1.534475e-05
elapsed=7.481929e+04 cycle=424800 time=6.774301e+00 dt=1.692990e-05
elapsed=7.482841e+04 cycle=424900 time=6.775994e+00 dt=1.691593e-05
elapsed=7.484941e+04 cycle=425000 time=6.777689e+00 dt=1.699477e-05
elapsed=7.485793e+04 cycle=425100 time=6.779393e+00 dt=1.706152e-05
elapsed=7.487313e+04 cycle=425200 time=6.781094e+00 dt=1.670688e-05
elapsed=7.488744e+04 cycle=425300 time=6.782751e+00 dt=1.653555e-05
elapsed=7.489808e+04 cycle=425400 time=6.784412e+00 dt=1.673149e-05
elapsed=7.490782e+04 cycle=425500 time=6.786064e+00 dt=1.625123e-05
elapsed=7.491718e+04 cycle=425600 time=6.787698e+00 dt=1.648355e-05
elapsed=7.492566e+04 cycle=425700 time=6.789362e+00 dt=1.671064e-05
elapsed=7.493424e+04 cycle=425800 time=6.791031e+00 dt=1.670376e-05
elapsed=7.494327e+04 cycle=425900 time=6.792713e+00 dt=1.696763e-05
elapsed=7.495368e+04 cycle=426000 time=6.794431e+00 dt=1.735069e-05
elapsed=7.496338e+04 cycle=426100 time=6.796101e+00 dt=1.599893e-05
elapsed=7.497192e+04 cycle=426200 time=6.797698e+00 dt=1.623795e-05
elapsed=7.498049e+04 cycle=426300 time=6.799358e+00 dt=1.703100e-05
elapsed=7.499412e+04 cycle=426400 time=6.801046e+00 dt=1.651130e-05
elapsed=7.503117e+04 cycle=426500 time=6.802701e+00 dt=1.685098e-05
elapsed=7.506815e+04 cycle=426600 time=6.804351e+00 dt=1.625069e-05
elapsed=7.509762e+04 cycle=426700 time=6.805983e+00 dt=1.663541e-05
elapsed=7.510625e+04 cycle=426800 time=6.807729e+00 dt=1.785121e-05
elapsed=7.513641e+04 cycle=426900 time=6.809489e+00 dt=1.716727e-05
elapsed=7.517173e+04 cycle=427000 time=6.811160e+00 dt=1.650326e-05
elapsed=7.520860e+04 cycle=427100 time=6.812830e+00 dt=1.695598e-05
elapsed=7.524535e+04 cycle=427200 time=6.814492e+00 dt=1.634389e-05
elapsed=7.528207e+04 cycle=427300 time=6.816109e+00 dt=1.612359e-05
elapsed=7.531875e+04 cycle=427400 time=6.817776e+00 dt=1.649979e-05
elapsed=7.535537e+04 cycle=427500 time=6.819449e+00 dt=1.689575e-05
elapsed=7.539205e+04 cycle=427600 time=6.821113e+00 dt=1.642080e-05
elapsed=7.542864e+04 cycle=427700 time=6.822734e+00 dt=1.602725e-05
elapsed=7.546525e+04 cycle=427800 time=6.824318e+00 dt=1.565053e-05
elapsed=7.550183e+04 cycle=427900 time=6.825862e+00 dt=1.521199e-05
elapsed=7.553838e+04 cycle=428000 time=6.827404e+00 dt=1.610746e-05
elapsed=7.557498e+04 cycle=428100 time=6.828983e+00 dt=1.539760e-05
elapsed=7.561168e+04 cycle=428200 time=6.830486e+00 dt=1.469567e-05
elapsed=7.564847e+04 cycle=428300 time=6.831961e+00 dt=1.476108e-05
elapsed=7.568500e+04 cycle=428400 time=6.833462e+00 dt=1.522114e-05
elapsed=7.572158e+04 cycle=428500 time=6.835102e+00 dt=1.683160e-05
elapsed=7.574969e+04 cycle=428600 time=6.836775e+00 dt=1.716708e-05
elapsed=7.575840e+04 cycle=428700 time=6.838544e+00 dt=1.787863e-05
elapsed=7.578502e+04 cycle=428800 time=6.840264e+00 dt=1.656568e-05
elapsed=7.579639e+04 cycle=428900 time=6.841953e+00 dt=1.721168e-05
elapsed=7.580505e+04 cycle=429000 time=6.843703e+00 dt=1.782385e-05
elapsed=7.582010e+04 cycle=429100 time=6.845504e+00 dt=1.800388e-05
elapsed=7.585321e+04 cycle=429200 time=6.847294e+00 dt=1.780292e-05
elapsed=7.588039e+04 cycle=429300 time=6.849066e+00 dt=1.763981e-05
elapsed=7.589379e+04 cycle=429400 time=6.850830e+00 dt=1.766770e-05
elapsed=7.591957e+04 cycle=429500 time=6.852603e+00 dt=1.781066e-05
elapsed=7.593027e+04 cycle=429600 time=6.854389e+00 dt=1.786095e-05
elapsed=7.593903e+04 cycle=429700 time=6.856153e+00 dt=1.731996e-05
elapsed=7.594773e+04 cycle=429800 time=6.857824e+00 dt=1.600886e-05
elapsed=7.595643e+04 cycle=429900 time=6.859418e+00 dt=1.655889e-05
elapsed=7.596588e+04 cycle=430000 time=6.861165e+00 dt=1.760718e-05
elapsed=7.597602e+04 cycle=430100 time=6.862917e+00 dt=1.788030e-05
elapsed=7.598468e+04 cycle=430200 time=6.864656e+00 dt=1.670241e-05
elapsed=7.599334e+04 cycle=430300 time=6.866354e+00 dt=1.672797e-05
elapsed=7.600207e+04 cycle=430400 time=6.868047e+00 dt=1.801872e-05
elapsed=7.601278e+04 cycle=430500 time=6.869834e+00 dt=1.747613e-05
elapsed=7.602175e+04 cycle=430600 time=6.871576e+00 dt=1.776592e-05
elapsed=7.603053e+04 cycle=430700 time=6.873346e+00 dt=1.761870e-05
elapsed=7.603924e+04 cycle=430800 time=6.875107e+00 dt=1.759388e-05
elapsed=7.604886e+04 cycle=430900 time=6.876867e+00 dt=1.750830e-05
elapsed=7.605875e+04 cycle=431000 time=6.878597e+00 dt=1.712320e-05
elapsed=7.606755e+04 cycle=431100 time=6.880294e+00 dt=1.679341e-05
elapsed=7.607629e+04 cycle=431200 time=6.881940e+00 dt=1.617966e-05
elapsed=7.610524e+04 cycle=431300 time=6.883547e+00 dt=1.615617e-05
elapsed=7.613954e+04 cycle=431400 time=6.885176e+00 dt=1.640656e-05
elapsed=7.617526e+04 cycle=431500 time=6.886820e+00 dt=1.634901e-05
elapsed=7.621096e+04 cycle=431600 time=6.888463e+00 dt=1.656723e-05
elapsed=7.624462e+04 cycle=431700 time=6.890091e+00 dt=1.669583e-05
elapsed=7.626927e+04 cycle=431800 time=6.891751e+00 dt=1.641919e-05
elapsed=7.627905e+04 cycle=431900 time=6.893387e+00 dt=1.651740e-05
elapsed=7.628868e+04 cycle=432000 time=6.895059e+00 dt=1.691300e-05
elapsed=7.631535e+04 cycle=432100 time=6.896723e+00 dt=1.625853e-05
elapsed=7.632969e+04 cycle=432200 time=6.898323e+00 dt=1.572348e-05
elapsed=7.633836e+04 cycle=432300 time=6.899867e+00 dt=1.514151e-05
elapsed=7.634711e+04 cycle=432400 time=6.901356e+00 dt=1.465064e-05
elapsed=7.637022e+04 cycle=432500 time=6.902800e+00 dt=1.426591e-05
elapsed=7.637995e+04 cycle=432600 time=6.904313e+00 dt=1.702621e-05
elapsed=7.638865e+04 cycle=432700 time=6.906019e+00 dt=1.712903e-05
elapsed=7.639869e+04 cycle=432800 time=6.907724e+00 dt=1.678283e-05
elapsed=7.640802e+04 cycle=432900 time=6.909360e+00 dt=1.592144e-05
elapsed=7.641675e+04 cycle=433000 time=6.910920e+00 dt=1.536313e-05
elapsed=7.642540e+04 cycle=433100 time=6.912423e+00 dt=1.531878e-05
elapsed=7.643406e+04 cycle=433200 time=6.914006e+00 dt=1.633277e-05
elapsed=7.644475e+04 cycle=433300 time=6.915659e+00 dt=1.713844e-05
elapsed=7.645343e+04 cycle=433400 time=6.917428e+00 dt=1.768217e-05
elapsed=7.646210e+04 cycle=433500 time=6.919189e+00 dt=1.755529e-05
elapsed=7.647086e+04 cycle=433600 time=6.920944e+00 dt=1.754759e-05
elapsed=7.647993e+04 cycle=433700 time=6.922689e+00 dt=1.728086e-05
elapsed=7.649053e+04 cycle=433800 time=6.924364e+00 dt=1.619467e-05
elapsed=7.649925e+04 cycle=433900 time=6.926004e+00 dt=1.674502e-05
elapsed=7.650797e+04 cycle=434000 time=6.927670e+00 dt=1.661831e-05
elapsed=7.651681e+04 cycle=434100 time=6.929326e+00 dt=1.646093e-05
elapsed=7.652782e+04 cycle=434200 time=6.930970e+00 dt=1.643594e-05
elapsed=7.653660e+04 cycle=434300 time=6.932595e+00 dt=1.584730e-05
elapsed=7.654533e+04 cycle=434400 time=6.934191e+00 dt=1.654277e-05
elapsed=7.655403e+04 cycle=434500 time=6.935847e+00 dt=1.644203e-05
elapsed=7.656325e+04 cycle=434600 time=6.937455e+00 dt=1.571041e-05
elapsed=7.657308e+04 cycle=434700 time=6.939000e+00 dt=1.524136e-05
elapsed=7.658187e+04 cycle=434800 time=6.940515e+00 dt=1.506986e-05
elapsed=7.659058e+04 cycle=434900 time=6.942046e+00 dt=1.541719e-05
elapsed=7.659930e+04 cycle=435000 time=6.943560e+00 dt=1.485787e-05
elapsed=7.661007e+04 cycle=435100 time=6.944998e+00 dt=1.378041e-05
elapsed=7.661878e+04 cycle=435200 time=6.946551e+00 dt=1.718817e-05
elapsed=7.662695e+04 cycle=435300 time=6.948245e+00 dt=1.670050e-05
elapsed=7.663512e+04 cycle=435400 time=6.949892e+00 dt=1.623272e-05
elapsed=7.664340e+04 cycle=435500 time=6.951504e+00 dt=1.599162e-05
elapsed=7.665359e+04 cycle=435600 time=6.953095e+00 dt=1.588980e-05
elapsed=7.666214e+04 cycle=435700 time=6.954681e+00 dt=1.573880e-05
elapsed=7.667033e+04 cycle=435800 time=6.956238e+00 dt=1.539830e-05
elapsed=7.667853e+04 cycle=435900 time=6.957758e+00 dt=1.501182e-05
elapsed=7.668710e+04 cycle=436000 time=6.959228e+00 dt=1.421837e-05
elapsed=7.669739e+04 cycle=436100 time=6.960597e+00 dt=1.343031e-05
elapsed=7.670555e+04 cycle=436200 time=6.962082e+00 dt=1.638669e-05
elapsed=7.671372e+04 cycle=436300 time=6.963655e+00 dt=1.563627e-05
elapsed=7.672190e+04 cycle=436400 time=6.965267e+00 dt=1.602348e-05
elapsed=7.673008e+04 cycle=436500 time=6.966853e+00 dt=1.573555e-05
elapsed=7.674017e+04 cycle=436600 time=6.968405e+00 dt=1.525501e-05
elapsed=7.674879e+04 cycle=436700 time=6.969905e+00 dt=1.478105e-05
elapsed=7.675705e+04 cycle=436800 time=6.971379e+00 dt=1.476000e-05
elapsed=7.676526e+04 cycle=436900 time=6.972876e+00 dt=1.530347e-05
elapsed=7.677345e+04 cycle=437000 time=6.974450e+00 dt=1.599026e-05
elapsed=7.678309e+04 cycle=437100 time=6.976068e+00 dt=1.629407e-05
elapsed=7.679198e+04 cycle=437200 time=6.977716e+00 dt=1.669778e-05
elapsed=7.680018e+04 cycle=437300 time=6.979391e+00 dt=1.667259e-05
elapsed=7.680848e+04 cycle=437400 time=6.981035e+00 dt=1.628028e-05
elapsed=7.681676e+04 cycle=437500 time=6.982651e+00 dt=1.606014e-05
elapsed=7.682726e+04 cycle=437600 time=6.984247e+00 dt=1.582176e-05
elapsed=7.683546e+04 cycle=437700 time=6.985823e+00 dt=1.576256e-05
elapsed=7.684366e+04 cycle=437800 time=6.987383e+00 dt=1.534872e-05
elapsed=7.685187e+04 cycle=437900 time=6.988896e+00 dt=1.484977e-05
elapsed=7.686070e+04 cycle=438000 time=6.990353e+00 dt=1.439296e-05
elapsed=7.687050e+04 cycle=438100 time=6.991789e+00 dt=1.438591e-05
elapsed=7.687872e+04 cycle=438200 time=6.993226e+00 dt=1.423992e-05
elapsed=7.688694e+04 cycle=438300 time=6.994642e+00 dt=1.421120e-05
elapsed=7.689516e+04 cycle=438400 time=6.996079e+00 dt=1.455790e-05
elapsed=7.690546e+04 cycle=438500 time=6.997527e+00 dt=1.425800e-05
elapsed=7.691383e+04 cycle=438600 time=6.998937e+00 dt=1.405253e-05
elapsed=7.692243e+04 cycle=438700 time=7.000350e+00 dt=1.410773e-05
elapsed=7.693089e+04 cycle=438800 time=7.001756e+00 dt=1.386264e-05
elapsed=7.693976e+04 cycle=438900 time=7.003132e+00 dt=1.376829e-05
elapsed=7.695010e+04 cycle=439000 time=7.004483e+00 dt=1.325746e-05
elapsed=7.695850e+04 cycle=439100 time=7.005779e+00 dt=1.261443e-05
elapsed=7.696685e+04 cycle=439200 time=7.007022e+00 dt=1.229986e-05
elapsed=7.697516e+04 cycle=439300 time=7.008257e+00 dt=1.238497e-05
elapsed=7.698505e+04 cycle=439400 time=7.009498e+00 dt=1.265872e-05
elapsed=7.699384e+04 cycle=439500 time=7.010751e+00 dt=1.250421e-05
elapsed=7.700209e+04 cycle=439600 time=7.011998e+00 dt=1.234156e-05
elapsed=7.701035e+04 cycle=439700 time=7.013282e+00 dt=1.406068e-05
elapsed=7.701863e+04 cycle=439800 time=7.014664e+00 dt=1.308410e-05
elapsed=7.702911e+04 cycle=439900 time=7.015935e+00 dt=1.253286e-05
elapsed=7.703738e+04 cycle=440000 time=7.017218e+00 dt=1.370941e-05
elapsed=7.704564e+04 cycle=440100 time=7.018644e+00 dt=1.426037e-05
elapsed=7.705398e+04 cycle=440200 time=7.020123e+00 dt=1.515880e-05
elapsed=7.706302e+04 cycle=440300 time=7.021653e+00 dt=1.582780e-05
elapsed=7.707274e+04 cycle=440400 time=7.023215e+00 dt=1.565332e-05
elapsed=7.708101e+04 cycle=440500 time=7.024807e+00 dt=1.593834e-05
elapsed=7.708950e+04 cycle=440600 time=7.026388e+00 dt=1.575277e-05
elapsed=7.709800e+04 cycle=440700 time=7.027912e+00 dt=1.497488e-05
elapsed=7.710783e+04 cycle=440800 time=7.029417e+00 dt=1.499895e-05
elapsed=7.711762e+04 cycle=440900 time=7.030965e+00 dt=1.615120e-05
elapsed=7.712627e+04 cycle=441000 time=7.032573e+00 dt=1.602189e-05
elapsed=7.713493e+04 cycle=441100 time=7.034159e+00 dt=1.574234e-05
elapsed=7.714359e+04 cycle=441200 time=7.035726e+00 dt=1.567031e-05
elapsed=7.715445e+04 cycle=441300 time=7.037303e+00 dt=1.574624e-05
elapsed=7.716317e+04 cycle=441400 time=7.038859e+00 dt=1.537101e-05
elapsed=7.717189e+04 cycle=441500 time=7.040384e+00 dt=1.512352e-05
elapsed=7.718054e+04 cycle=441600 time=7.041886e+00 dt=1.485716e-05
elapsed=7.718947e+04 cycle=441700 time=7.043391e+00 dt=1.513046e-05
elapsed=7.720010e+04 cycle=441800 time=7.044900e+00 dt=1.500658e-05
elapsed=7.720875e+04 cycle=441900 time=7.046392e+00 dt=1.491854e-05
elapsed=7.721740e+04 cycle=442000 time=7.047859e+00 dt=1.411969e-05
elapsed=7.722606e+04 cycle=442100 time=7.049205e+00 dt=1.277483e-05
elapsed=7.723576e+04 cycle=442200 time=7.050425e+00 dt=1.172447e-05
elapsed=7.724576e+04 cycle=442300 time=7.051577e+00 dt=1.142488e-05
elapsed=7.725457e+04 cycle=442400 time=7.052725e+00 dt=1.143679e-05
elapsed=7.728553e+04 cycle=442500 time=7.053955e+00 dt=1.335826e-05
elapsed=7.731991e+04 cycle=442600 time=7.055330e+00 dt=1.414082e-05
elapsed=7.735431e+04 cycle=442700 time=7.056770e+00 dt=1.465045e-05
elapsed=7.738870e+04 cycle=442800 time=7.058256e+00 dt=1.493908e-05
elapsed=7.740668e+04 cycle=442900 time=7.059744e+00 dt=1.484667e-05
elapsed=7.741560e+04 cycle=443000 time=7.061261e+00 dt=1.564168e-05
elapsed=7.742566e+04 cycle=443100 time=7.062853e+00 dt=1.606164e-05
elapsed=7.743515e+04 cycle=443200 time=7.064416e+00 dt=1.517041e-05
elapsed=7.744396e+04 cycle=443300 time=7.065887e+00 dt=1.421904e-05
elapsed=7.745277e+04 cycle=443400 time=7.067263e+00 dt=1.377732e-05
elapsed=7.746188e+04 cycle=443500 time=7.068735e+00 dt=1.488823e-05
elapsed=7.747262e+04 cycle=443600 time=7.070223e+00 dt=1.494421e-05
elapsed=7.748147e+04 cycle=443700 time=7.071723e+00 dt=1.502546e-05
elapsed=7.749033e+04 cycle=443800 time=7.073228e+00 dt=1.508788e-05
elapsed=7.749918e+04 cycle=443900 time=7.074729e+00 dt=1.509797e-05
elapsed=7.750978e+04 cycle=444000 time=7.076246e+00 dt=1.508907e-05
elapsed=7.751880e+04 cycle=444100 time=7.077767e+00 dt=1.527983e-05
elapsed=7.752761e+04 cycle=444200 time=7.079289e+00 dt=1.519812e-05
elapsed=7.753648e+04 cycle=444300 time=7.080795e+00 dt=1.485861e-05
elapsed=7.754660e+04 cycle=444400 time=7.082244e+00 dt=1.412289e-05
elapsed=7.755597e+04 cycle=444500 time=7.083630e+00 dt=1.371915e-05
elapsed=7.756473e+04 cycle=444600 time=7.085018e+00 dt=1.417882e-05
elapsed=7.757350e+04 cycle=444700 time=7.086467e+00 dt=1.459323e-05
elapsed=7.758293e+04 cycle=444800 time=7.087911e+00 dt=1.426367e-05
elapsed=7.759324e+04 cycle=444900 time=7.089322e+00 dt=1.391992e-05
elapsed=7.760213e+04 cycle=445000 time=7.090697e+00 dt=1.365445e-05
elapsed=7.761098e+04 cycle=445100 time=7.092054e+00 dt=1.341167e-05
elapsed=7.762401e+04 cycle=445200 time=7.093374e+00 dt=1.316991e-05
elapsed=7.763413e+04 cycle=445300 time=7.094741e+00 dt=1.439547e-05
elapsed=7.764301e+04 cycle=445400 time=7.096268e+00 dt=1.567933e-05
elapsed=7.765190e+04 cycle=445500 time=7.097866e+00 dt=1.614878e-05
elapsed=7.767353e+04 cycle=445600 time=7.099489e+00 dt=1.624672e-05
elapsed=7.769740e+04 cycle=445700 time=7.101103e+00 dt=1.609120e-05
elapsed=7.770771e+04 cycle=445800 time=7.102703e+00 dt=1.593941e-05
elapsed=7.771660e+04 cycle=445900 time=7.104266e+00 dt=1.530836e-05
elapsed=7.772550e+04 cycle=446000 time=7.105782e+00 dt=1.531868e-05
elapsed=7.773441e+04 cycle=446100 time=7.107289e+00 dt=1.467959e-05
elapsed=7.774494e+04 cycle=446200 time=7.108748e+00 dt=1.482527e-05
elapsed=7.775424e+04 cycle=446300 time=7.110327e+00 dt=1.659212e-05
elapsed=7.776317e+04 cycle=446400 time=7.111934e+00 dt=1.507544e-05
elapsed=7.777211e+04 cycle=446500 time=7.113381e+00 dt=1.420381e-05
elapsed=7.778217e+04 cycle=446600 time=7.114876e+00 dt=1.570548e-05
elapsed=7.779193e+04 cycle=446700 time=7.116493e+00 dt=1.596170e-05
elapsed=7.780090e+04 cycle=446800 time=7.118059e+00 dt=1.546664e-05
elapsed=7.780988e+04 cycle=446900 time=7.119614e+00 dt=1.585973e-05
elapsed=7.781931e+04 cycle=447000 time=7.121197e+00 dt=1.572514e-05
elapsed=7.782984e+04 cycle=447100 time=7.122750e+00 dt=1.531142e-05
elapsed=7.783880e+04 cycle=447200 time=7.124268e+00 dt=1.508734e-05
elapsed=7.784776e+04 cycle=447300 time=7.125771e+00 dt=1.497149e-05
elapsed=7.785686e+04 cycle=447400 time=7.127265e+00 dt=1.486166e-05
elapsed=7.786763e+04 cycle=447500 time=7.128743e+00 dt=1.470342e-05
elapsed=7.787670e+04 cycle=447600 time=7.130216e+00 dt=1.475766e-05
elapsed=7.788570e+04 cycle=447700 time=7.131681e+00 dt=1.446905e-05
elapsed=7.789471e+04 cycle=447800 time=7.133112e+00 dt=1.421827e-05
elapsed=7.790569e+04 cycle=447900 time=7.134555e+00 dt=1.492373e-05
elapsed=7.791469e+04 cycle=448000 time=7.136126e+00 dt=1.643842e-05
elapsed=7.792369e+04 cycle=448100 time=7.137783e+00 dt=1.652601e-05
elapsed=7.793986e+04 cycle=448200 time=7.139438e+00 dt=1.674486e-05
elapsed=7.795338e+04 cycle=448300 time=7.141115e+00 dt=1.656538e-05
elapsed=7.796238e+04 cycle=448400 time=7.142743e+00 dt=1.599882e-05
elapsed=7.797138e+04 cycle=448500 time=7.144317e+00 dt=1.553922e-05
elapsed=7.798221e+04 cycle=448600 time=7.145845e+00 dt=1.507215e-05
elapsed=7.799161e+04 cycle=448700 time=7.147352e+00 dt=1.494552e-05
elapsed=7.800061e+04 cycle=448800 time=7.148875e+00 dt=1.575680e-05
elapsed=7.800967e+04 cycle=448900 time=7.150456e+00 dt=1.626373e-05
elapsed=7.801951e+04 cycle=449000 time=7.152097e+00 dt=1.663132e-05
elapsed=7.802962e+04 cycle=449100 time=7.153737e+00 dt=1.599677e-05
elapsed=7.803859e+04 cycle=449200 time=7.155289e+00 dt=1.506848e-05
elapsed=7.804755e+04 cycle=449300 time=7.156749e+00 dt=1.436119e-05
elapsed=7.805685e+04 cycle=449400 time=7.158259e+00 dt=1.624941e-05
elapsed=7.806763e+04 cycle=449500 time=7.159917e+00 dt=1.664074e-05
elapsed=7.807665e+04 cycle=449600 time=7.161584e+00 dt=1.668098e-05
elapsed=7.808560e+04 cycle=449700 time=7.163245e+00 dt=1.648612e-05
elapsed=7.809454e+04 cycle=449800 time=7.164887e+00 dt=1.638197e-05
elapsed=7.810510e+04 cycle=449900 time=7.166521e+00 dt=1.635753e-05
elapsed=7.811458e+04 cycle=450000 time=7.168168e+00 dt=1.639129e-05
elapsed=7.812353e+04 cycle=450100 time=7.169780e+00 dt=1.559476e-05
elapsed=7.813256e+04 cycle=450200 time=7.171291e+00 dt=1.484694e-05
elapsed=7.814240e+04 cycle=450300 time=7.172828e+00 dt=1.630508e-05
elapsed=7.816395e+04 cycle=450400 time=7.174431e+00 dt=1.574553e-05
elapsed=7.817290e+04 cycle=450500 time=7.176006e+00 dt=1.573073e-05
elapsed=7.818320e+04 cycle=450600 time=7.177580e+00 dt=1.576791e-05
elapsed=7.819301e+04 cycle=450700 time=7.179189e+00 dt=1.649428e-05
elapsed=7.820206e+04 cycle=450800 time=7.180867e+00 dt=1.687082e-05
elapsed=7.821103e+04 cycle=450900 time=7.182561e+00 dt=1.704013e-05
elapsed=7.823282e+04 cycle=451000 time=7.184226e+00 dt=1.683028e-05
elapsed=7.826613e+04 cycle=451100 time=7.185891e+00 dt=1.648558e-05
elapsed=7.829932e+04 cycle=451200 time=7.187543e+00 dt=1.663016e-05
elapsed=7.833195e+04 cycle=451300 time=7.189209e+00 dt=1.662647e-05
elapsed=7.835666e+04 cycle=451400 time=7.190854e+00 dt=1.628334e-05
elapsed=7.838960e+04 cycle=451500 time=7.192472e+00 dt=1.611450e-05
elapsed=7.842245e+04 cycle=451600 time=7.194079e+00 dt=1.607356e-05
elapsed=7.845520e+04 cycle=451700 time=7.195703e+00 dt=1.637261e-05
elapsed=7.848785e+04 cycle=451800 time=7.197344e+00 dt=1.637144e-05
elapsed=7.852039e+04 cycle=451900 time=7.198958e+00 dt=1.589567e-05
elapsed=7.855213e+04 cycle=452000 time=7.200538e+00 dt=1.570612e-05
elapsed=7.856102e+04 cycle=452100 time=7.202085e+00 dt=1.515066e-05
elapsed=7.856991e+04 cycle=452200 time=7.203578e+00 dt=1.502616e-05
elapsed=7.857879e+04 cycle=452300 time=7.205134e+00 dt=1.559829e-05
elapsed=7.858832e+04 cycle=452400 time=7.206721e+00 dt=1.620117e-05
elapsed=7.859843e+04 cycle=452500 time=7.208361e+00 dt=1.634963e-05
elapsed=7.860728e+04 cycle=452600 time=7.209989e+00 dt=1.623025e-05
elapsed=7.861619e+04 cycle=452700 time=7.211605e+00 dt=1.603184e-05
elapsed=7.862501e+04 cycle=452800 time=7.213187e+00 dt=1.560365e-05
elapsed=7.864218e+04 cycle=452900 time=7.214778e+00 dt=1.580197e-05
elapsed=7.865103e+04 cycle=453000 time=7.216361e+00 dt=1.590042e-05
elapsed=7.867517e+04 cycle=453100 time=7.217943e+00 dt=1.577730e-05
elapsed=7.870490e+04 cycle=453200 time=7.219517e+00 dt=1.550393e-05
elapsed=7.873607e+04 cycle=453300 time=7.221041e+00 dt=1.540093e-05
elapsed=7.876746e+04 cycle=453400 time=7.222593e+00 dt=1.582736e-05
elapsed=7.879878e+04 cycle=453500 time=7.224177e+00 dt=1.586845e-05
elapsed=7.883003e+04 cycle=453600 time=7.225767e+00 dt=1.594198e-05
elapsed=7.886130e+04 cycle=453700 time=7.227360e+00 dt=1.580612e-05
elapsed=7.889170e+04 cycle=453800 time=7.228926e+00 dt=1.551891e-05
elapsed=7.892150e+04 cycle=453900 time=7.230454e+00 dt=1.487482e-05
elapsed=7.895255e+04 cycle=454000 time=7.231965e+00 dt=1.522407e-05
elapsed=7.898364e+04 cycle=454100 time=7.233483e+00 dt=1.512508e-05
elapsed=7.901470e+04 cycle=454200 time=7.234991e+00 dt=1.508438e-05
elapsed=7.904571e+04 cycle=454300 time=7.236501e+00 dt=1.510112e-05
elapsed=7.907671e+04 cycle=454400 time=7.238011e+00 dt=1.509513e-05
elapsed=7.910636e+04 cycle=454500 time=7.239521e+00 dt=1.512705e-05
elapsed=7.913644e+04 cycle=454600 time=7.241029e+00 dt=1.502039e-05
elapsed=7.916738e+04 cycle=454700 time=7.242525e+00 dt=1.486129e-05
elapsed=7.919825e+04 cycle=454800 time=7.243996e+00 dt=1.453269e-05
elapsed=7.922913e+04 cycle=454900 time=7.245434e+00 dt=1.422589e-05
elapsed=7.925993e+04 cycle=455000 time=7.246841e+00 dt=1.387758e-05
elapsed=7.928972e+04 cycle=455100 time=7.248216e+00 dt=1.378296e-05
elapsed=7.931935e+04 cycle=455200 time=7.249580e+00 dt=1.347718e-05
elapsed=7.935021e+04 cycle=455300 time=7.251048e+00 dt=1.602813e-05
elapsed=7.938095e+04 cycle=455400 time=7.252649e+00 dt=1.592728e-05
elapsed=7.941170e+04 cycle=455500 time=7.254234e+00 dt=1.574138e-05
elapsed=7.944026e+04 cycle=455600 time=7.255812e+00 dt=1.578567e-05
elapsed=7.947101e+04 cycle=455700 time=7.257381e+00 dt=1.552318e-05
elapsed=7.950172e+04 cycle=455800 time=7.258915e+00 dt=1.520798e-05
elapsed=7.953250e+04 cycle=455900 time=7.260434e+00 dt=1.517952e-05
elapsed=7.956226e+04 cycle=456000 time=7.261946e+00 dt=1.501372e-05
elapsed=7.959175e+04 cycle=456100 time=7.263437e+00 dt=1.489647e-05
elapsed=7.962251e+04 cycle=456200 time=7.264933e+00 dt=1.498669e-05
elapsed=7.965326e+04 cycle=456300 time=7.266429e+00 dt=1.490636e-05
elapsed=7.968406e+04 cycle=456400 time=7.267915e+00 dt=1.480385e-05
elapsed=7.971349e+04 cycle=456500 time=7.269336e+00 dt=1.309755e-05
elapsed=7.974347e+04 cycle=456600 time=7.270565e+00 dt=1.209309e-05
elapsed=7.977420e+04 cycle=456700 time=7.272003e+00 dt=1.492420e-05
elapsed=7.980492e+04 cycle=456800 time=7.273500e+00 dt=1.506613e-05
elapsed=7.983565e+04 cycle=456900 time=7.275032e+00 dt=1.553105e-05
elapsed=7.986532e+04 cycle=457000 time=7.276589e+00 dt=1.550088e-05
elapsed=7.989500e+04 cycle=457100 time=7.278130e+00 dt=1.527340e-05
elapsed=7.992574e+04 cycle=457200 time=7.279630e+00 dt=1.479831e-05
elapsed=7.995653e+04 cycle=457300 time=7.281169e+00 dt=1.593705e-05
elapsed=7.998722e+04 cycle=457400 time=7.282771e+00 dt=1.571509e-05
elapsed=8.001642e+04 cycle=457500 time=7.284272e+00 dt=1.442843e-05
elapsed=8.004639e+04 cycle=457600 time=7.285768e+00 dt=1.590844e-05
elapsed=8.006496e+04 cycle=457700 time=7.287353e+00 dt=1.574346e-05
elapsed=8.007366e+04 cycle=457800 time=7.288915e+00 dt=1.550543e-05
elapsed=8.008243e+04 cycle=457900 time=7.290436e+00 dt=1.491359e-05
elapsed=8.009112e+04 cycle=458000 time=7.291831e+00 dt=1.510065e-05
elapsed=8.010070e+04 cycle=458100 time=7.293385e+00 dt=1.521833e-05
elapsed=8.011030e+04 cycle=458200 time=7.294935e+00 dt=1.554639e-05
elapsed=8.011891e+04 cycle=458300 time=7.296497e+00 dt=1.571647e-05
elapsed=8.012882e+04 cycle=458400 time=7.298069e+00 dt=1.589050e-05
elapsed=8.014831e+04 cycle=458500 time=7.299667e+00 dt=1.606037e-05
elapsed=8.016992e+04 cycle=458600 time=7.301231e+00 dt=1.534741e-05
elapsed=8.018220e+04 cycle=458700 time=7.302803e+00 dt=1.583470e-05
elapsed=8.019083e+04 cycle=458800 time=7.304359e+00 dt=1.509764e-05
elapsed=8.021017e+04 cycle=458900 time=7.305821e+00 dt=1.453480e-05
elapsed=8.022576e+04 cycle=459000 time=7.307272e+00 dt=1.440933e-05
elapsed=8.023945e+04 cycle=459100 time=7.308675e+00 dt=1.369731e-05
elapsed=8.025756e+04 cycle=459200 time=7.310024e+00 dt=1.386968e-05
elapsed=8.027926e+04 cycle=459300 time=7.311481e+00 dt=1.458793e-05
elapsed=8.029119e+04 cycle=459400 time=7.312976e+00 dt=1.561336e-05
elapsed=8.031280e+04 cycle=459500 time=7.314550e+00 dt=1.595946e-05
elapsed=8.033789e+04 cycle=459600 time=7.316095e+00 dt=1.496624e-05
elapsed=8.035397e+04 cycle=459700 time=7.317582e+00 dt=1.485861e-05
elapsed=8.036311e+04 cycle=459800 time=7.319153e+00 dt=1.635701e-05
elapsed=8.037188e+04 cycle=459900 time=7.320793e+00 dt=1.667728e-05
elapsed=8.039202e+04 cycle=460000 time=7.322468e+00 dt=1.666608e-05
elapsed=8.041691e+04 cycle=460100 time=7.324034e+00 dt=1.509909e-05
elapsed=8.043861e+04 cycle=460200 time=7.325568e+00 dt=1.552799e-05
elapsed=8.046472e+04 cycle=460300 time=7.327139e+00 dt=1.615699e-05
elapsed=8.049315e+04 cycle=460400 time=7.328719e+00 dt=1.527124e-05
elapsed=8.052039e+04 cycle=460500 time=7.330175e+00 dt=1.381664e-05
elapsed=8.054924e+04 cycle=460600 time=7.331509e+00 dt=1.325232e-05
elapsed=8.057719e+04 cycle=460700 time=7.332960e+00 dt=1.520649e-05
elapsed=8.059881e+04 cycle=460800 time=7.334429e+00 dt=1.409313e-05
elapsed=8.061171e+04 cycle=460900 time=7.335860e+00 dt=1.516543e-05
elapsed=8.062027e+04 cycle=461000 time=7.337456e+00 dt=1.588602e-05
elapsed=8.062864e+04 cycle=461100 time=7.339054e+00 dt=1.605780e-05
elapsed=8.063708e+04 cycle=461200 time=7.340635e+00 dt=1.558674e-05
elapsed=8.065209e+04 cycle=461300 time=7.342203e+00 dt=1.583920e-05
elapsed=8.066080e+04 cycle=461400 time=7.343802e+00 dt=1.623854e-05
elapsed=8.066945e+04 cycle=461500 time=7.345407e+00 dt=1.546035e-05
elapsed=8.068481e+04 cycle=461600 time=7.347006e+00 dt=1.571566e-05
elapsed=8.069602e+04 cycle=461700 time=7.348570e+00 dt=1.553670e-05
elapsed=8.070462e+04 cycle=461800 time=7.350051e+00 dt=1.434405e-05
elapsed=8.071338e+04 cycle=461900 time=7.351469e+00 dt=1.409454e-05
elapsed=8.072717e+04 cycle=462000 time=7.352885e+00 dt=1.443962e-05
elapsed=8.073583e+04 cycle=462100 time=7.354340e+00 dt=1.417126e-05
elapsed=8.074416e+04 cycle=462200 time=7.355691e+00 dt=1.307218e-05
elapsed=8.075754e+04 cycle=462300 time=7.357022e+00 dt=1.491289e-05
elapsed=8.078032e+04 cycle=462400 time=7.358610e+00 dt=1.550138e-05
elapsed=8.080866e+04 cycle=462500 time=7.360134e+00 dt=1.510715e-05
elapsed=8.083324e+04 cycle=462600 time=7.361649e+00 dt=1.538336e-05
elapsed=8.085801e+04 cycle=462700 time=7.363261e+00 dt=1.598397e-05
elapsed=8.088623e+04 cycle=462800 time=7.364821e+00 dt=1.528987e-05
elapsed=8.091324e+04 cycle=462900 time=7.366367e+00 dt=1.543536e-05
elapsed=8.093287e+04 cycle=463000 time=7.367897e+00 dt=1.514694e-05
elapsed=8.096090e+04 cycle=463100 time=7.369403e+00 dt=1.499703e-05
elapsed=8.098674e+04 cycle=463200 time=7.370900e+00 dt=1.496394e-05
elapsed=8.099753e+04 cycle=463300 time=7.372396e+00 dt=1.498635e-05
elapsed=8.100605e+04 cycle=463400 time=7.373911e+00 dt=1.536222e-05
elapsed=8.101458e+04 cycle=463500 time=7.375473e+00 dt=1.598506e-05
elapsed=8.102310e+04 cycle=463600 time=7.377051e+00 dt=1.549400e-05
elapsed=8.103223e+04 cycle=463700 time=7.378609e+00 dt=1.587143e-05
elapsed=8.104209e+04 cycle=463800 time=7.380278e+00 dt=1.711588e-05
elapsed=8.105056e+04 cycle=463900 time=7.381989e+00 dt=1.716401e-05
elapsed=8.105902e+04 cycle=464000 time=7.383708e+00 dt=1.726147e-05
elapsed=8.106747e+04 cycle=464100 time=7.385436e+00 dt=1.717136e-05
elapsed=8.107713e+04 cycle=464200 time=7.387116e+00 dt=1.636108e-05
elapsed=8.108624e+04 cycle=464300 time=7.388740e+00 dt=1.632424e-05
elapsed=8.109463e+04 cycle=464400 time=7.390371e+00 dt=1.610976e-05
elapsed=8.110290e+04 cycle=464500 time=7.391933e+00 dt=1.528944e-05
elapsed=8.111152e+04 cycle=464600 time=7.393436e+00 dt=1.526356e-05
elapsed=8.112164e+04 cycle=464700 time=7.395025e+00 dt=1.621215e-05
elapsed=8.112987e+04 cycle=464800 time=7.396687e+00 dt=1.664168e-05
elapsed=8.113810e+04 cycle=464900 time=7.398389e+00 dt=1.731742e-05
elapsed=8.114640e+04 cycle=465000 time=7.400067e+00 dt=1.606656e-05
elapsed=8.115541e+04 cycle=465100 time=7.401612e+00 dt=1.493877e-05
elapsed=8.116487e+04 cycle=465200 time=7.403070e+00 dt=1.421289e-05
elapsed=8.117308e+04 cycle=465300 time=7.404470e+00 dt=1.385314e-05
elapsed=8.118130e+04 cycle=465400 time=7.405870e+00 dt=1.436120e-05
elapsed=8.118950e+04 cycle=465500 time=7.407361e+00 dt=1.626787e-05
elapsed=8.119967e+04 cycle=465600 time=7.409029e+00 dt=1.644988e-05
elapsed=8.120822e+04 cycle=465700 time=7.410673e+00 dt=1.651088e-05
elapsed=8.121639e+04 cycle=465800 time=7.412329e+00 dt=1.665869e-05
elapsed=8.122458e+04 cycle=465900 time=7.413998e+00 dt=1.660554e-05
elapsed=8.123291e+04 cycle=466000 time=7.415648e+00 dt=1.636315e-05
elapsed=8.124271e+04 cycle=466100 time=7.417255e+00 dt=1.579228e-05
elapsed=8.125172e+04 cycle=466200 time=7.418814e+00 dt=1.527748e-05
elapsed=8.126010e+04 cycle=466300 time=7.420365e+00 dt=1.597567e-05
elapsed=8.126828e+04 cycle=466400 time=7.421965e+00 dt=1.596394e-05
elapsed=8.127653e+04 cycle=466500 time=7.423561e+00 dt=1.600987e-05
elapsed=8.128678e+04 cycle=466600 time=7.425157e+00 dt=1.601023e-05
elapsed=8.129511e+04 cycle=466700 time=7.426789e+00 dt=1.665485e-05
elapsed=8.130337e+04 cycle=466800 time=7.428471e+00 dt=1.683894e-05
elapsed=8.131167e+04 cycle=466900 time=7.430149e+00 dt=1.657809e-05
elapsed=8.132089e+04 cycle=467000 time=7.431798e+00 dt=1.646896e-05
elapsed=8.133010e+04 cycle=467100 time=7.433454e+00 dt=1.673047e-05
elapsed=8.133821e+04 cycle=467200 time=7.435149e+00 dt=1.713285e-05
elapsed=8.134657e+04 cycle=467300 time=7.436848e+00 dt=1.640783e-05
elapsed=8.135513e+04 cycle=467400 time=7.438350e+00 dt=1.408234e-05
elapsed=8.136532e+04 cycle=467500 time=7.439958e+00 dt=1.639555e-05
elapsed=8.137366e+04 cycle=467600 time=7.441572e+00 dt=1.586535e-05
elapsed=8.138193e+04 cycle=467700 time=7.443125e+00 dt=1.497502e-05
elapsed=8.139020e+04 cycle=467800 time=7.444597e+00 dt=1.431800e-05
elapsed=8.139902e+04 cycle=467900 time=7.446007e+00 dt=1.408840e-05
elapsed=8.140846e+04 cycle=468000 time=7.447421e+00 dt=1.403464e-05
elapsed=8.141650e+04 cycle=468100 time=7.448826e+00 dt=1.416609e-05
elapsed=8.142461e+04 cycle=468200 time=7.450282e+00 dt=1.516266e-05
elapsed=8.143265e+04 cycle=468300 time=7.451893e+00 dt=1.645516e-05
elapsed=8.144143e+04 cycle=468400 time=7.453534e+00 dt=1.644866e-05
elapsed=8.145075e+04 cycle=468500 time=7.455181e+00 dt=1.639320e-05
elapsed=8.145879e+04 cycle=468600 time=7.456813e+00 dt=1.629092e-05
elapsed=8.146695e+04 cycle=468700 time=7.458435e+00 dt=1.613953e-05
elapsed=8.147524e+04 cycle=468800 time=7.460051e+00 dt=1.626567e-05
elapsed=8.148468e+04 cycle=468900 time=7.461696e+00 dt=1.659347e-05
elapsed=8.149418e+04 cycle=469000 time=7.463349e+00 dt=1.640822e-05
elapsed=8.150262e+04 cycle=469100 time=7.464978e+00 dt=1.630571e-05
elapsed=8.151106e+04 cycle=469200 time=7.466634e+00 dt=1.691487e-05
elapsed=8.151949e+04 cycle=469300 time=7.468352e+00 dt=1.712915e-05
elapsed=8.152996e+04 cycle=469400 time=7.470015e+00 dt=1.632490e-05
elapsed=8.153857e+04 cycle=469500 time=7.471648e+00 dt=1.631767e-05
elapsed=8.154694e+04 cycle=469600 time=7.473278e+00 dt=1.640262e-05
elapsed=8.155534e+04 cycle=469700 time=7.474911e+00 dt=1.623132e-05
elapsed=8.156472e+04 cycle=469800 time=7.476529e+00 dt=1.611648e-05
elapsed=8.157417e+04 cycle=469900 time=7.478128e+00 dt=1.585344e-05
elapsed=8.158258e+04 cycle=470000 time=7.479700e+00 dt=1.558645e-05
elapsed=8.159108e+04 cycle=470100 time=7.481247e+00 dt=1.522817e-05
elapsed=8.159994e+04 cycle=470200 time=7.482737e+00 dt=1.440920e-05
elapsed=8.160989e+04 cycle=470300 time=7.484109e+00 dt=1.303096e-05
elapsed=8.161830e+04 cycle=470400 time=7.485358e+00 dt=1.200499e-05
elapsed=8.162664e+04 cycle=470500 time=7.486530e+00 dt=1.169189e-05
elapsed=8.163473e+04 cycle=470600 time=7.487829e+00 dt=1.465389e-05
elapsed=8.164474e+04 cycle=470700 time=7.489376e+00 dt=1.566631e-05
elapsed=8.166232e+04 cycle=470800 time=7.490945e+00 dt=1.598468e-05
elapsed=8.168849e+04 cycle=470900 time=7.492539e+00 dt=1.587762e-05
elapsed=8.169772e+04 cycle=471000 time=7.494115e+00 dt=1.564706e-05
elapsed=8.170620e+04 cycle=471100 time=7.495667e+00 dt=1.538277e-05
elapsed=8.171659e+04 cycle=471200 time=7.497195e+00 dt=1.522309e-05
elapsed=8.172509e+04 cycle=471300 time=7.498722e+00 dt=1.532474e-05
elapsed=8.173378e+04 cycle=471400 time=7.500257e+00 dt=1.536959e-05
elapsed=8.174228e+04 cycle=471500 time=7.501794e+00 dt=1.528750e-05
elapsed=8.175235e+04 cycle=471600 time=7.503307e+00 dt=1.500216e-05
elapsed=8.176116e+04 cycle=471700 time=7.504793e+00 dt=1.465045e-05
elapsed=8.176966e+04 cycle=471800 time=7.506242e+00 dt=1.441390e-05
elapsed=8.177817e+04 cycle=471900 time=7.507667e+00 dt=1.411246e-05
elapsed=8.178780e+04 cycle=472000 time=7.509067e+00 dt=1.393920e-05
elapsed=8.179714e+04 cycle=472100 time=7.510461e+00 dt=1.395649e-05
elapsed=8.180565e+04 cycle=472200 time=7.511848e+00 dt=1.379750e-05
elapsed=8.181417e+04 cycle=472300 time=7.513225e+00 dt=1.380034e-05
elapsed=8.182317e+04 cycle=472400 time=7.514612e+00 dt=1.388702e-05
elapsed=8.184677e+04 cycle=472500 time=7.516013e+00 dt=1.412201e-05
elapsed=8.187409e+04 cycle=472600 time=7.517458e+00 dt=1.494261e-05
elapsed=8.190096e+04 cycle=472700 time=7.518936e+00 dt=1.442799e-05
elapsed=8.191670e+04 cycle=472800 time=7.520379e+00 dt=1.456089e-05
elapsed=8.192528e+04 cycle=472900 time=7.521850e+00 dt=1.458091e-05
elapsed=8.193438e+04 cycle=473000 time=7.523295e+00 dt=1.440660e-05
elapsed=8.194437e+04 cycle=473100 time=7.524743e+00 dt=1.486366e-05
elapsed=8.195295e+04 cycle=473200 time=7.526303e+00 dt=1.622431e-05
elapsed=8.196153e+04 cycle=473300 time=7.527923e+00 dt=1.608247e-05
elapsed=8.197025e+04 cycle=473400 time=7.529537e+00 dt=1.619796e-05
elapsed=8.198087e+04 cycle=473500 time=7.531183e+00 dt=1.677448e-05
elapsed=8.199811e+04 cycle=473600 time=7.532846e+00 dt=1.650911e-05
elapsed=8.200667e+04 cycle=473700 time=7.534501e+00 dt=1.649336e-05
elapsed=8.201646e+04 cycle=473800 time=7.536161e+00 dt=1.638696e-05
elapsed=8.202573e+04 cycle=473900 time=7.537765e+00 dt=1.593318e-05
elapsed=8.203428e+04 cycle=474000 time=7.539367e+00 dt=1.589934e-05
elapsed=8.204291e+04 cycle=474100 time=7.540944e+00 dt=1.565773e-05
elapsed=8.205229e+04 cycle=474200 time=7.542499e+00 dt=1.535839e-05
elapsed=8.206255e+04 cycle=474300 time=7.544015e+00 dt=1.504686e-05
elapsed=8.207338e+04 cycle=474400 time=7.545512e+00 dt=1.509676e-05
elapsed=8.208191e+04 cycle=474500 time=7.547039e+00 dt=1.535512e-05
elapsed=8.209190e+04 cycle=474600 time=7.548592e+00 dt=1.579290e-05
elapsed=8.210099e+04 cycle=474700 time=7.550187e+00 dt=1.611239e-05
elapsed=8.210953e+04 cycle=474800 time=7.551778e+00 dt=1.558943e-05
elapsed=8.211808e+04 cycle=474900 time=7.553317e+00 dt=1.527852e-05
elapsed=8.212769e+04 cycle=475000 time=7.554825e+00 dt=1.492832e-05
elapsed=8.213709e+04 cycle=475100 time=7.556307e+00 dt=1.476557e-05
elapsed=8.215277e+04 cycle=475200 time=7.557774e+00 dt=1.469264e-05
elapsed=8.217834e+04 cycle=475300 time=7.559247e+00 dt=1.479669e-05
elapsed=8.220389e+04 cycle=475400 time=7.560737e+00 dt=1.510666e-05
elapsed=8.222706e+04 cycle=475500 time=7.562297e+00 dt=1.608164e-05
elapsed=8.225124e+04 cycle=475600 time=7.563921e+00 dt=1.610265e-05
elapsed=8.227653e+04 cycle=475700 time=7.565547e+00 dt=1.650707e-05
elapsed=8.230022e+04 cycle=475800 time=7.567211e+00 dt=1.669955e-05
elapsed=8.232470e+04 cycle=475900 time=7.568872e+00 dt=1.653123e-05
elapsed=8.234911e+04 cycle=476000 time=7.570523e+00 dt=1.643799e-05
elapsed=8.237097e+04 cycle=476100 time=7.572170e+00 dt=1.637620e-05
elapsed=8.238092e+04 cycle=476200 time=7.573777e+00 dt=1.579026e-05
elapsed=8.238939e+04 cycle=476300 time=7.575337e+00 dt=1.560847e-05
elapsed=8.239780e+04 cycle=476400 time=7.577016e+00 dt=1.691201e-05
elapsed=8.240622e+04 cycle=476500 time=7.578695e+00 dt=1.664712e-05
elapsed=8.241602e+04 cycle=476600 time=7.580342e+00 dt=1.669437e-05
elapsed=8.242502e+04 cycle=476700 time=7.581985e+00 dt=1.601787e-05
elapsed=8.243343e+04 cycle=476800 time=7.583655e+00 dt=1.687247e-05
elapsed=8.244185e+04 cycle=476900 time=7.585314e+00 dt=1.626719e-05
elapsed=8.245028e+04 cycle=477000 time=7.586913e+00 dt=1.576906e-05
elapsed=8.246061e+04 cycle=477100 time=7.588483e+00 dt=1.596920e-05
elapsed=8.246910e+04 cycle=477200 time=7.590135e+00 dt=1.683703e-05
elapsed=8.247751e+04 cycle=477300 time=7.591809e+00 dt=1.660428e-05
elapsed=8.248594e+04 cycle=477400 time=7.593456e+00 dt=1.613508e-05
elapsed=8.250283e+04 cycle=477500 time=7.595011e+00 dt=1.562577e-05
elapsed=8.251138e+04 cycle=477600 time=7.596586e+00 dt=1.570693e-05
elapsed=8.251991e+04 cycle=477700 time=7.598162e+00 dt=1.584894e-05
elapsed=8.252825e+04 cycle=477800 time=7.599752e+00 dt=1.595802e-05
elapsed=8.253833e+04 cycle=477900 time=7.601368e+00 dt=1.624308e-05
elapsed=8.254687e+04 cycle=478000 time=7.602958e+00 dt=1.538081e-05
elapsed=8.255520e+04 cycle=478100 time=7.604446e+00 dt=1.450581e-05
elapsed=8.256356e+04 cycle=478200 time=7.605866e+00 dt=1.402499e-05
elapsed=8.257275e+04 cycle=478300 time=7.607338e+00 dt=1.485437e-05
elapsed=8.258267e+04 cycle=478400 time=7.608828e+00 dt=1.502086e-05
elapsed=8.259133e+04 cycle=478500 time=7.610349e+00 dt=1.531899e-05
elapsed=8.259992e+04 cycle=478600 time=7.611890e+00 dt=1.515049e-05
elapsed=8.260853e+04 cycle=478700 time=7.613354e+00 dt=1.443885e-05
elapsed=8.261910e+04 cycle=478800 time=7.614859e+00 dt=1.579082e-05
elapsed=8.262767e+04 cycle=478900 time=7.616422e+00 dt=1.555848e-05
elapsed=8.263623e+04 cycle=479000 time=7.617919e+00 dt=1.438304e-05
elapsed=8.264479e+04 cycle=479100 time=7.619347e+00 dt=1.455067e-05
elapsed=8.265460e+04 cycle=479200 time=7.620825e+00 dt=1.480916e-05
elapsed=8.266413e+04 cycle=479300 time=7.622302e+00 dt=1.450774e-05
elapsed=8.267280e+04 cycle=479400 time=7.623751e+00 dt=1.457672e-05
elapsed=8.268132e+04 cycle=479500 time=7.625234e+00 dt=1.523273e-05
elapsed=8.269057e+04 cycle=479600 time=7.626793e+00 dt=1.633111e-05
elapsed=8.270025e+04 cycle=479700 time=7.628460e+00 dt=1.687465e-05
elapsed=8.270883e+04 cycle=479800 time=7.630104e+00 dt=1.612244e-05
elapsed=8.271732e+04 cycle=479900 time=7.631697e+00 dt=1.538163e-05
elapsed=8.272638e+04 cycle=480000 time=7.633159e+00 dt=1.392665e-05
elapsed=8.273621e+04 cycle=480100 time=7.634546e+00 dt=1.383057e-05
elapsed=8.274465e+04 cycle=480200 time=7.635971e+00 dt=1.453627e-05
elapsed=8.275517e+04 cycle=480300 time=7.637554e+00 dt=1.653337e-05
elapsed=8.276384e+04 cycle=480400 time=7.639197e+00 dt=1.633111e-05
elapsed=8.277843e+04 cycle=480500 time=7.640822e+00 dt=1.614909e-05
elapsed=8.280002e+04 cycle=480600 time=7.642411e+00 dt=1.541530e-05
elapsed=8.282422e+04 cycle=480700 time=7.643903e+00 dt=1.452705e-05
elapsed=8.284843e+04 cycle=480800 time=7.645348e+00 dt=1.422817e-05
elapsed=8.287042e+04 cycle=480900 time=7.646763e+00 dt=1.442747e-05
elapsed=8.289354e+04 cycle=481000 time=7.648206e+00 dt=1.439468e-05
elapsed=8.290297e+04 cycle=481100 time=7.649604e+00 dt=1.378640e-05
elapsed=8.291136e+04 cycle=481200 time=7.650955e+00 dt=1.333762e-05
elapsed=8.292150e+04 cycle=481300 time=7.652377e+00 dt=1.433049e-05
elapsed=8.293257e+04 cycle=481400 time=7.653962e+00 dt=1.643380e-05
elapsed=8.294143e+04 cycle=481500 time=7.655590e+00 dt=1.616130e-05
elapsed=8.295009e+04 cycle=481600 time=7.657201e+00 dt=1.605537e-05
elapsed=8.296096e+04 cycle=481700 time=7.658802e+00 dt=1.596534e-05
elapsed=8.296955e+04 cycle=481800 time=7.660390e+00 dt=1.578535e-05
elapsed=8.297785e+04 cycle=481900 time=7.661960e+00 dt=1.560791e-05
elapsed=8.298613e+04 cycle=482000 time=7.663512e+00 dt=1.543252e-05
elapsed=8.299460e+04 cycle=482100 time=7.665057e+00 dt=1.551529e-05
elapsed=8.300478e+04 cycle=482200 time=7.666550e+00 dt=1.421013e-05
elapsed=8.301305e+04 cycle=482300 time=7.667973e+00 dt=1.467151e-05
elapsed=8.302129e+04 cycle=482400 time=7.669471e+00 dt=1.539657e-05
elapsed=8.302940e+04 cycle=482500 time=7.671075e+00 dt=1.653290e-05
elapsed=8.303745e+04 cycle=482600 time=7.672709e+00 dt=1.601961e-05
elapsed=8.304704e+04 cycle=482700 time=7.674281e+00 dt=1.553621e-05
elapsed=8.305556e+04 cycle=482800 time=7.675830e+00 dt=1.561279e-05
elapsed=8.306360e+04 cycle=482900 time=7.677404e+00 dt=1.588543e-05
elapsed=8.307163e+04 cycle=483000 time=7.679063e+00 dt=1.726961e-05
elapsed=8.308063e+04 cycle=483100 time=7.680789e+00 dt=1.726357e-05
elapsed=8.308989e+04 cycle=483200 time=7.682517e+00 dt=1.715242e-05
elapsed=8.309811e+04 cycle=483300 time=7.684224e+00 dt=1.703837e-05
elapsed=8.310633e+04 cycle=483400 time=7.685909e+00 dt=1.661115e-05
elapsed=8.311455e+04 cycle=483500 time=7.687552e+00 dt=1.622268e-05
elapsed=8.312385e+04 cycle=483600 time=7.689167e+00 dt=1.609442e-05
elapsed=8.313598e+04 cycle=483700 time=7.690773e+00 dt=1.601643e-05
elapsed=8.314842e+04 cycle=483800 time=7.692379e+00 dt=1.602566e-05
elapsed=8.315660e+04 cycle=483900 time=7.693980e+00 dt=1.596087e-05
elapsed=8.316586e+04 cycle=484000 time=7.695575e+00 dt=1.601726e-05
elapsed=8.317499e+04 cycle=484100 time=7.697184e+00 dt=1.625810e-05
elapsed=8.318316e+04 cycle=484200 time=7.698844e+00 dt=1.656412e-05
elapsed=8.319139e+04 cycle=484300 time=7.700490e+00 dt=1.738505e-05
elapsed=8.319954e+04 cycle=484400 time=7.702253e+00 dt=1.766189e-05
elapsed=8.320879e+04 cycle=484500 time=7.704023e+00 dt=1.765972e-05
elapsed=8.321790e+04 cycle=484600 time=7.705769e+00 dt=1.736630e-05
elapsed=8.322604e+04 cycle=484700 time=7.707478e+00 dt=1.679448e-05
elapsed=8.323418e+04 cycle=484800 time=7.709128e+00 dt=1.641500e-05
elapsed=8.324239e+04 cycle=484900 time=7.710792e+00 dt=1.690739e-05
elapsed=8.325209e+04 cycle=485000 time=7.712493e+00 dt=1.721063e-05
elapsed=8.326050e+04 cycle=485100 time=7.714226e+00 dt=1.717344e-05
elapsed=8.326862e+04 cycle=485200 time=7.715921e+00 dt=1.699239e-05
elapsed=8.327674e+04 cycle=485300 time=7.717630e+00 dt=1.663412e-05
elapsed=8.328574e+04 cycle=485400 time=7.719221e+00 dt=1.527302e-05
elapsed=8.329627e+04 cycle=485500 time=7.720782e+00 dt=1.644892e-05
elapsed=8.330510e+04 cycle=485600 time=7.722418e+00 dt=1.631576e-05
elapsed=8.332831e+04 cycle=485700 time=7.724052e+00 dt=1.637077e-05
elapsed=8.334592e+04 cycle=485800 time=7.725687e+00 dt=1.637636e-05
elapsed=8.335660e+04 cycle=485900 time=7.727327e+00 dt=1.658698e-05
elapsed=8.336828e+04 cycle=486000 time=7.728992e+00 dt=1.672998e-05
elapsed=8.337665e+04 cycle=486100 time=7.730651e+00 dt=1.634829e-05
elapsed=8.338485e+04 cycle=486200 time=7.732273e+00 dt=1.613073e-05
elapsed=8.339618e+04 cycle=486300 time=7.733889e+00 dt=1.640331e-05
elapsed=8.340575e+04 cycle=486400 time=7.735556e+00 dt=1.663888e-05
elapsed=8.341450e+04 cycle=486500 time=7.737207e+00 dt=1.612011e-05
elapsed=8.342271e+04 cycle=486600 time=7.738763e+00 dt=1.506297e-05
elapsed=8.343100e+04 cycle=486700 time=7.740370e+00 dt=1.639745e-05
elapsed=8.343934e+04 cycle=486800 time=7.742007e+00 dt=1.635063e-05
elapsed=8.344937e+04 cycle=486900 time=7.743640e+00 dt=1.634453e-05
elapsed=8.345759e+04 cycle=487000 time=7.745266e+00 dt=1.625426e-05
elapsed=8.346581e+04 cycle=487100 time=7.746906e+00 dt=1.659728e-05
elapsed=8.347405e+04 cycle=487200 time=7.748590e+00 dt=1.690478e-05
elapsed=8.348331e+04 cycle=487300 time=7.750293e+00 dt=1.728310e-05
elapsed=8.349251e+04 cycle=487400 time=7.752058e+00 dt=1.782428e-05
elapsed=8.350075e+04 cycle=487500 time=7.753851e+00 dt=1.802474e-05
elapsed=8.350903e+04 cycle=487600 time=7.755644e+00 dt=1.783123e-05
elapsed=8.351730e+04 cycle=487700 time=7.757421e+00 dt=1.774958e-05
elapsed=8.352657e+04 cycle=487800 time=7.759188e+00 dt=1.774507e-05
elapsed=8.353597e+04 cycle=487900 time=7.760979e+00 dt=1.821661e-05
elapsed=8.354414e+04 cycle=488000 time=7.762809e+00 dt=1.832882e-05
elapsed=8.356321e+04 cycle=488100 time=7.764632e+00 dt=1.808919e-05
elapsed=8.358646e+04 cycle=488200 time=7.766416e+00 dt=1.752705e-05
elapsed=8.360518e+04 cycle=488300 time=7.768133e+00 dt=1.677385e-05
elapsed=8.362894e+04 cycle=488400 time=7.769770e+00 dt=1.602240e-05
elapsed=8.365489e+04 cycle=488500 time=7.771417e+00 dt=1.743666e-05
elapsed=8.366825e+04 cycle=488600 time=7.773219e+00 dt=1.811198e-05
elapsed=8.368773e+04 cycle=488700 time=7.775038e+00 dt=1.839857e-05
elapsed=8.369604e+04 cycle=488800 time=7.776869e+00 dt=1.821650e-05
elapsed=8.370436e+04 cycle=488900 time=7.778705e+00 dt=1.818861e-05
elapsed=8.371301e+04 cycle=489000 time=7.780511e+00 dt=1.790729e-05
elapsed=8.372679e+04 cycle=489100 time=7.782287e+00 dt=1.772685e-05
elapsed=8.373484e+04 cycle=489200 time=7.784097e+00 dt=1.821258e-05
elapsed=8.374288e+04 cycle=489300 time=7.785910e+00 dt=1.805190e-05
elapsed=8.375092e+04 cycle=489400 time=7.787705e+00 dt=1.760117e-05
elapsed=8.376016e+04 cycle=489500 time=7.789417e+00 dt=1.687869e-05
elapsed=8.376911e+04 cycle=489600 time=7.791123e+00 dt=1.753811e-05
elapsed=8.377977e+04 cycle=489700 time=7.792925e+00 dt=1.816372e-05
elapsed=8.380283e+04 cycle=489800 time=7.794747e+00 dt=1.825210e-05
elapsed=8.381278e+04 cycle=489900 time=7.796567e+00 dt=1.815995e-05
elapsed=8.382423e+04 cycle=490000 time=7.798376e+00 dt=1.799514e-05
elapsed=8.384303e+04 cycle=490100 time=7.800167e+00 dt=1.787616e-05
elapsed=8.386209e+04 cycle=490200 time=7.801939e+00 dt=1.731169e-05
elapsed=8.388373e+04 cycle=490300 time=7.803591e+00 dt=1.563988e-05
elapsed=8.390521e+04 cycle=490400 time=7.805082e+00 dt=1.442021e-05
elapsed=8.392653e+04 cycle=490500 time=7.806570e+00 dt=1.645486e-05
elapsed=8.395087e+04 cycle=490600 time=7.808314e+00 dt=1.703928e-05
elapsed=8.397515e+04 cycle=490700 time=7.809962e+00 dt=1.606781e-05
elapsed=8.399326e+04 cycle=490800 time=7.811625e+00 dt=1.743145e-05
elapsed=8.401288e+04 cycle=490900 time=7.813363e+00 dt=1.735065e-05
elapsed=8.403008e+04 cycle=491000 time=7.815086e+00 dt=1.705450e-05
elapsed=8.404923e+04 cycle=491100 time=7.816779e+00 dt=1.675380e-05
elapsed=8.406595e+04 cycle=491200 time=7.818441e+00 dt=1.648805e-05
elapsed=8.408677e+04 cycle=491300 time=7.820079e+00 dt=1.622355e-05
elapsed=8.410342e+04 cycle=491400 time=7.821650e+00 dt=1.543608e-05
elapsed=8.411495e+04 cycle=491500 time=7.823192e+00 dt=1.515348e-05
elapsed=8.413112e+04 cycle=491600 time=7.824734e+00 dt=1.591820e-05
elapsed=8.415458e+04 cycle=491700 time=7.826304e+00 dt=1.544595e-05
elapsed=8.416399e+04 cycle=491800 time=7.827832e+00 dt=1.500375e-05
elapsed=8.417824e+04 cycle=491900 time=7.829298e+00 dt=1.433166e-05
elapsed=8.419923e+04 cycle=492000 time=7.830705e+00 dt=1.382256e-05
elapsed=8.421955e+04 cycle=492100 time=7.832063e+00 dt=1.332188e-05
elapsed=8.424153e+04 cycle=492200 time=7.833375e+00 dt=1.330103e-05
elapsed=8.426453e+04 cycle=492300 time=7.834802e+00 dt=1.516829e-05
elapsed=8.428422e+04 cycle=492400 time=7.836376e+00 dt=1.624423e-05
elapsed=8.430782e+04 cycle=492500 time=7.837956e+00 dt=1.544726e-05
elapsed=8.433138e+04 cycle=492600 time=7.839498e+00 dt=1.526839e-05
elapsed=8.435313e+04 cycle=492700 time=7.840967e+00 dt=1.392991e-05
elapsed=8.437686e+04 cycle=492800 time=7.842309e+00 dt=1.337067e-05
elapsed=8.439945e+04 cycle=492900 time=7.843778e+00 dt=1.643695e-05
elapsed=8.441298e+04 cycle=493000 time=7.845526e+00 dt=1.754981e-05
elapsed=8.442655e+04 cycle=493100 time=7.847277e+00 dt=1.750471e-05
elapsed=8.444192e+04 cycle=493200 time=7.849021e+00 dt=1.734285e-05
elapsed=8.445406e+04 cycle=493300 time=7.850742e+00 dt=1.705556e-05
elapsed=8.446590e+04 cycle=493400 time=7.852429e+00 dt=1.668593e-05
elapsed=8.447970e+04 cycle=493500 time=7.854083e+00 dt=1.640849e-05
elapsed=8.449117e+04 cycle=493600 time=7.855710e+00 dt=1.614559e-05
elapsed=8.450050e+04 cycle=493700 time=7.857315e+00 dt=1.599119e-05
elapsed=8.451196e+04 cycle=493800 time=7.858908e+00 dt=1.572345e-05
elapsed=8.452009e+04 cycle=493900 time=7.860466e+00 dt=1.531190e-05
elapsed=8.452787e+04 cycle=494000 time=7.861940e+00 dt=1.422256e-05
elapsed=8.453564e+04 cycle=494100 time=7.863426e+00 dt=1.637411e-05
elapsed=8.454376e+04 cycle=494200 time=7.865046e+00 dt=1.609447e-05
elapsed=8.455416e+04 cycle=494300 time=7.866643e+00 dt=1.585012e-05
elapsed=8.456278e+04 cycle=494400 time=7.868214e+00 dt=1.561369e-05
elapsed=8.457118e+04 cycle=494500 time=7.869767e+00 dt=1.550211e-05
elapsed=8.458618e+04 cycle=494600 time=7.871322e+00 dt=1.560415e-05
elapsed=8.460780e+04 cycle=494700 time=7.872896e+00 dt=1.592883e-05
elapsed=8.462807e+04 cycle=494800 time=7.874512e+00 dt=1.642610e-05
elapsed=8.463643e+04 cycle=494900 time=7.876156e+00 dt=1.643146e-05
elapsed=8.464483e+04 cycle=495000 time=7.877800e+00 dt=1.647099e-05
elapsed=8.465325e+04 cycle=495100 time=7.879454e+00 dt=1.661008e-05
elapsed=8.466286e+04 cycle=495200 time=7.881116e+00 dt=1.657719e-05
elapsed=8.467157e+04 cycle=495300 time=7.882758e+00 dt=1.613098e-05
elapsed=8.467937e+04 cycle=495400 time=7.884381e+00 dt=1.619153e-05
elapsed=8.468719e+04 cycle=495500 time=7.886001e+00 dt=1.600776e-05
elapsed=8.469530e+04 cycle=495600 time=7.887599e+00 dt=1.622399e-05
elapsed=8.470472e+04 cycle=495700 time=7.889189e+00 dt=1.561547e-05
elapsed=8.471311e+04 cycle=495800 time=7.890728e+00 dt=1.501618e-05
elapsed=8.472095e+04 cycle=495900 time=7.892192e+00 dt=1.440053e-05
elapsed=8.472885e+04 cycle=496000 time=7.893613e+00 dt=1.403025e-05
elapsed=8.473961e+04 cycle=496100 time=7.895012e+00 dt=1.424926e-05
elapsed=8.474887e+04 cycle=496200 time=7.896489e+00 dt=1.498920e-05
elapsed=8.475668e+04 cycle=496300 time=7.897961e+00 dt=1.438569e-05
elapsed=8.476454e+04 cycle=496400 time=7.899376e+00 dt=1.395813e-05
elapsed=8.477596e+04 cycle=496500 time=7.900780e+00 dt=1.421553e-05
elapsed=8.478541e+04 cycle=496600 time=7.902273e+00 dt=1.612680e-05
elapsed=8.479458e+04 cycle=496700 time=7.903934e+00 dt=1.665225e-05
elapsed=8.480294e+04 cycle=496800 time=7.905613e+00 dt=1.686098e-05
elapsed=8.481236e+04 cycle=496900 time=7.907300e+00 dt=1.690845e-05
elapsed=8.482275e+04 cycle=497000 time=7.908990e+00 dt=1.687536e-05
elapsed=8.484004e+04 cycle=497100 time=7.910670e+00 dt=1.671442e-05
elapsed=8.485969e+04 cycle=497200 time=7.912333e+00 dt=1.654132e-05
elapsed=8.487646e+04 cycle=497300 time=7.913972e+00 dt=1.622946e-05
elapsed=8.489120e+04 cycle=497400 time=7.915578e+00 dt=1.583667e-05
elapsed=8.490415e+04 cycle=497500 time=7.917122e+00 dt=1.494346e-05
elapsed=8.492220e+04 cycle=497600 time=7.918647e+00 dt=1.531570e-05
elapsed=8.493593e+04 cycle=497700 time=7.920166e+00 dt=1.505824e-05
elapsed=8.494442e+04 cycle=497800 time=7.921668e+00 dt=1.502961e-05
elapsed=8.495294e+04 cycle=497900 time=7.923165e+00 dt=1.488335e-05
elapsed=8.496310e+04 cycle=498000 time=7.924637e+00 dt=1.452408e-05
elapsed=8.497702e+04 cycle=498100 time=7.926065e+00 dt=1.410163e-05
elapsed=8.499471e+04 cycle=498200 time=7.927471e+00 dt=1.411147e-05
elapsed=8.501170e+04 cycle=498300 time=7.928903e+00 dt=1.455889e-05
elapsed=8.502381e+04 cycle=498400 time=7.930348e+00 dt=1.426835e-05
elapsed=8.503792e+04 cycle=498500 time=7.931780e+00 dt=1.489760e-05
elapsed=8.504699e+04 cycle=498600 time=7.933341e+00 dt=1.565511e-05
elapsed=8.505554e+04 cycle=498700 time=7.934880e+00 dt=1.510301e-05
elapsed=8.506438e+04 cycle=498800 time=7.936381e+00 dt=1.530940e-05
elapsed=8.507486e+04 cycle=498900 time=7.937923e+00 dt=1.517542e-05
elapsed=8.508342e+04 cycle=499000 time=7.939415e+00 dt=1.469760e-05
elapsed=8.509148e+04 cycle=499100 time=7.940866e+00 dt=1.433230e-05
elapsed=8.509943e+04 cycle=499200 time=7.942273e+00 dt=1.379185e-05
elapsed=8.510882e+04 cycle=499300 time=7.943632e+00 dt=1.348819e-05
elapsed=8.511728e+04 cycle=499400 time=7.944988e+00 dt=1.352257e-05
elapsed=8.512671e+04 cycle=499500 time=7.946339e+00 dt=1.353765e-05
elapsed=8.513505e+04 cycle=499600 time=7.947693e+00 dt=1.358320e-05
elapsed=8.514651e+04 cycle=499700 time=7.949050e+00 dt=1.358077e-05
elapsed=8.515706e+04 cycle=499800 time=7.950466e+00 dt=1.470543e-05
elapsed=8.516765e+04 cycle=499900 time=7.951973e+00 dt=1.533534e-05
elapsed=8.518219e+04 cycle=500000 time=7.953502e+00 dt=1.516603e-05
elapsed=8.519425e+04 cycle=500100 time=7.955013e+00 dt=1.506325e-05
elapsed=8.520318e+04 cycle=500200 time=7.956506e+00 dt=1.477922e-05
elapsed=8.521584e+04 cycle=500300 time=7.957963e+00 dt=1.440102e-05
elapsed=8.522898e+04 cycle=500400 time=7.959395e+00 dt=1.429164e-05
elapsed=8.523700e+04 cycle=500500 time=7.960806e+00 dt=1.408069e-05
elapsed=8.524496e+04 cycle=500600 time=7.962215e+00 dt=1.389446e-05
elapsed=8.525303e+04 cycle=500700 time=7.963583e+00 dt=1.344030e-05
elapsed=8.526348e+04 cycle=500800 time=7.964937e+00 dt=1.414066e-05
elapsed=8.527181e+04 cycle=500900 time=7.966392e+00 dt=1.510798e-05
elapsed=8.528013e+04 cycle=501000 time=7.967923e+00 dt=1.529468e-05
elapsed=8.528864e+04 cycle=501100 time=7.969506e+00 dt=1.578479e-05
elapsed=8.529912e+04 cycle=501200 time=7.971077e+00 dt=1.569115e-05
elapsed=8.531054e+04 cycle=501300 time=7.972656e+00 dt=1.617149e-05
elapsed=8.532173e+04 cycle=501400 time=7.974316e+00 dt=1.662198e-05
elapsed=8.533472e+04 cycle=501500 time=7.975983e+00 dt=1.647083e-05
elapsed=8.534599e+04 cycle=501600 time=7.977634e+00 dt=1.652657e-05
elapsed=8.535676e+04 cycle=501700 time=7.979288e+00 dt=1.648398e-05
elapsed=8.536805e+04 cycle=501800 time=7.980891e+00 dt=1.580734e-05
elapsed=8.538020e+04 cycle=501900 time=7.982488e+00 dt=1.611041e-05
elapsed=8.539070e+04 cycle=502000 time=7.984119e+00 dt=1.633898e-05
elapsed=8.540118e+04 cycle=502100 time=7.985745e+00 dt=1.609415e-05
elapsed=8.541391e+04 cycle=502200 time=7.987346e+00 dt=1.598601e-05
elapsed=8.542428e+04 cycle=502300 time=7.988943e+00 dt=1.597232e-05
elapsed=8.543468e+04 cycle=502400 time=7.990548e+00 dt=1.624425e-05
elapsed=8.544632e+04 cycle=502500 time=7.992188e+00 dt=1.640033e-05
elapsed=8.545720e+04 cycle=502600 time=7.993836e+00 dt=1.662468e-05
elapsed=8.546737e+04 cycle=502700 time=7.995481e+00 dt=1.596707e-05
elapsed=8.547752e+04 cycle=502800 time=7.997068e+00 dt=1.582406e-05
elapsed=8.548969e+04 cycle=502900 time=7.998666e+00 dt=1.635884e-05
elapsed=8.549992e+04 cycle=503000 time=8.000326e+00 dt=1.671867e-05
elapsed=8.550998e+04 cycle=503100 time=8.002000e+00 dt=1.665417e-05
elapsed=8.551932e+04 cycle=503200 time=8.003660e+00 dt=1.647990e-05
elapsed=8.552922e+04 cycle=503300 time=8.005299e+00 dt=1.630684e-05
elapsed=8.553771e+04 cycle=503400 time=8.006929e+00 dt=1.634821e-05
elapsed=8.554601e+04 cycle=503500 time=8.008558e+00 dt=1.581830e-05
elapsed=8.555433e+04 cycle=503600 time=8.010091e+00 dt=1.511631e-05
elapsed=8.556384e+04 cycle=503700 time=8.011656e+00 dt=1.610917e-05
elapsed=8.557269e+04 cycle=503800 time=8.013256e+00 dt=1.591385e-05
elapsed=8.558100e+04 cycle=503900 time=8.014834e+00 dt=1.578524e-05
elapsed=8.558932e+04 cycle=504000 time=8.016413e+00 dt=1.564645e-05
elapsed=8.559766e+04 cycle=504100 time=8.017953e+00 dt=1.521977e-05
elapsed=8.560768e+04 cycle=504200 time=8.019504e+00 dt=1.585686e-05
elapsed=8.561632e+04 cycle=504300 time=8.021097e+00 dt=1.660198e-05
elapsed=8.562478e+04 cycle=504400 time=8.022766e+00 dt=1.666435e-05
elapsed=8.563322e+04 cycle=504500 time=8.024444e+00 dt=1.689965e-05
elapsed=8.564285e+04 cycle=504600 time=8.026141e+00 dt=1.678537e-05
elapsed=8.565210e+04 cycle=504700 time=8.027786e+00 dt=1.615214e-05
elapsed=8.566070e+04 cycle=504800 time=8.029367e+00 dt=1.554571e-05
elapsed=8.566937e+04 cycle=504900 time=8.030905e+00 dt=1.519995e-05
elapsed=8.567860e+04 cycle=505000 time=8.032364e+00 dt=1.390503e-05
elapsed=8.568840e+04 cycle=505100 time=8.033845e+00 dt=1.610193e-05
elapsed=8.569700e+04 cycle=505200 time=8.035486e+00 dt=1.606662e-05
elapsed=8.570609e+04 cycle=505300 time=8.037091e+00 dt=1.633797e-05
elapsed=8.571524e+04 cycle=505400 time=8.038703e+00 dt=1.617578e-05
elapsed=8.572529e+04 cycle=505500 time=8.040351e+00 dt=1.673008e-05
elapsed=8.573401e+04 cycle=505600 time=8.041997e+00 dt=1.615078e-05
elapsed=8.574286e+04 cycle=505700 time=8.043596e+00 dt=1.570800e-05
elapsed=8.575241e+04 cycle=505800 time=8.045157e+00 dt=1.537602e-05
elapsed=8.576260e+04 cycle=505900 time=8.046664e+00 dt=1.489514e-05
elapsed=8.577126e+04 cycle=506000 time=8.048140e+00 dt=1.453936e-05
elapsed=8.577993e+04 cycle=506100 time=8.049597e+00 dt=1.414494e-05
elapsed=8.578922e+04 cycle=506200 time=8.050993e+00 dt=1.478433e-05
elapsed=8.579930e+04 cycle=506300 time=8.052551e+00 dt=1.581774e-05
elapsed=8.580813e+04 cycle=506400 time=8.054154e+00 dt=1.630757e-05
elapsed=8.581714e+04 cycle=506500 time=8.055789e+00 dt=1.635942e-05
elapsed=8.582700e+04 cycle=506600 time=8.057416e+00 dt=1.601229e-05
elapsed=8.583730e+04 cycle=506700 time=8.059001e+00 dt=1.567909e-05
elapsed=8.584638e+04 cycle=506800 time=8.060543e+00 dt=1.469319e-05
elapsed=8.585538e+04 cycle=506900 time=8.062025e+00 dt=1.493737e-05
elapsed=8.586502e+04 cycle=507000 time=8.063547e+00 dt=1.571662e-05
elapsed=8.587562e+04 cycle=507100 time=8.065115e+00 dt=1.559721e-05
elapsed=8.588456e+04 cycle=507200 time=8.066675e+00 dt=1.560364e-05
elapsed=8.589349e+04 cycle=507300 time=8.068240e+00 dt=1.578941e-05
elapsed=8.590313e+04 cycle=507400 time=8.069816e+00 dt=1.539296e-05
elapsed=8.591352e+04 cycle=507500 time=8.071285e+00 dt=1.414989e-05
elapsed=8.592448e+04 cycle=507600 time=8.072743e+00 dt=1.531227e-05
elapsed=8.593776e+04 cycle=507700 time=8.074280e+00 dt=1.539606e-05
elapsed=8.595057e+04 cycle=507800 time=8.075818e+00 dt=1.540987e-05
elapsed=8.595950e+04 cycle=507900 time=8.077370e+00 dt=1.564530e-05
elapsed=8.596844e+04 cycle=508000 time=8.078943e+00 dt=1.577606e-05
elapsed=8.597916e+04 cycle=508100 time=8.080520e+00 dt=1.580551e-05
elapsed=8.598838e+04 cycle=508200 time=8.082100e+00 dt=1.581935e-05
elapsed=8.599732e+04 cycle=508300 time=8.083680e+00 dt=1.575724e-05
elapsed=8.600629e+04 cycle=508400 time=8.085250e+00 dt=1.569487e-05
elapsed=8.601706e+04 cycle=508500 time=8.086824e+00 dt=1.572470e-05
elapsed=8.602878e+04 cycle=508600 time=8.088396e+00 dt=1.569158e-05
elapsed=8.604061e+04 cycle=508700 time=8.089954e+00 dt=1.546681e-05
elapsed=8.605508e+04 cycle=508800 time=8.091487e+00 dt=1.526633e-05
elapsed=8.606453e+04 cycle=508900 time=8.093011e+00 dt=1.526281e-05
elapsed=8.607363e+04 cycle=509000 time=8.094530e+00 dt=1.509484e-05
elapsed=8.608354e+04 cycle=509100 time=8.096035e+00 dt=1.502826e-05
elapsed=8.609390e+04 cycle=509200 time=8.097538e+00 dt=1.502699e-05
elapsed=8.610307e+04 cycle=509300 time=8.099039e+00 dt=1.501728e-05
elapsed=8.611231e+04 cycle=509400 time=8.100549e+00 dt=1.518505e-05
elapsed=8.612351e+04 cycle=509500 time=8.102075e+00 dt=1.533993e-05
elapsed=8.613672e+04 cycle=509600 time=8.103617e+00 dt=1.546282e-05
elapsed=8.614956e+04 cycle=509700 time=8.105165e+00 dt=1.553273e-05
elapsed=8.616334e+04 cycle=509800 time=8.106725e+00 dt=1.564250e-05
elapsed=8.617253e+04 cycle=509900 time=8.108288e+00 dt=1.562083e-05
elapsed=8.618173e+04 cycle=510000 time=8.109843e+00 dt=1.535218e-05
elapsed=8.619157e+04 cycle=510100 time=8.111375e+00 dt=1.532383e-05
elapsed=8.620220e+04 cycle=510200 time=8.112907e+00 dt=1.536344e-05
elapsed=8.621146e+04 cycle=510300 time=8.114452e+00 dt=1.527184e-05
elapsed=8.622073e+04 cycle=510400 time=8.115964e+00 dt=1.516380e-05
elapsed=8.623126e+04 cycle=510500 time=8.117463e+00 dt=1.469803e-05
elapsed=8.624133e+04 cycle=510600 time=8.118905e+00 dt=1.425217e-05
elapsed=8.625070e+04 cycle=510700 time=8.120337e+00 dt=1.449930e-05
elapsed=8.626005e+04 cycle=510800 time=8.121822e+00 dt=1.523142e-05
elapsed=8.627108e+04 cycle=510900 time=8.123380e+00 dt=1.574253e-05
elapsed=8.628205e+04 cycle=511000 time=8.124946e+00 dt=1.547704e-05
elapsed=8.629501e+04 cycle=511100 time=8.126469e+00 dt=1.500340e-05
elapsed=8.630848e+04 cycle=511200 time=8.127952e+00 dt=1.470321e-05
elapsed=8.631796e+04 cycle=511300 time=8.129416e+00 dt=1.455597e-05
elapsed=8.632757e+04 cycle=511400 time=8.130876e+00 dt=1.476924e-05
elapsed=8.633739e+04 cycle=511500 time=8.132372e+00 dt=1.522459e-05
elapsed=8.634888e+04 cycle=511600 time=8.133919e+00 dt=1.554629e-05
elapsed=8.635898e+04 cycle=511700 time=8.135479e+00 dt=1.562751e-05
elapsed=8.636887e+04 cycle=511800 time=8.137040e+00 dt=1.557213e-05
elapsed=8.638028e+04 cycle=511900 time=8.138593e+00 dt=1.549448e-05
elapsed=8.639101e+04 cycle=512000 time=8.140139e+00 dt=1.528679e-05
elapsed=8.640102e+04 cycle=512100 time=8.141641e+00 dt=1.477101e-05
elapsed=8.641178e+04 cycle=512200 time=8.143096e+00 dt=1.431674e-05
elapsed=8.642411e+04 cycle=512300 time=8.144519e+00 dt=1.438654e-05
elapsed=8.643448e+04 cycle=512400 time=8.146030e+00 dt=1.533397e-05
elapsed=8.644493e+04 cycle=512500 time=8.147559e+00 dt=1.521173e-05
elapsed=8.645714e+04 cycle=512600 time=8.149069e+00 dt=1.499020e-05
elapsed=8.646827e+04 cycle=512700 time=8.150569e+00 dt=1.496644e-05
elapsed=8.647899e+04 cycle=512800 time=8.152037e+00 dt=1.432011e-05
elapsed=8.649085e+04 cycle=512900 time=8.153462e+00 dt=1.449182e-05
elapsed=8.650308e+04 cycle=513000 time=8.154965e+00 dt=1.512233e-05
elapsed=8.651412e+04 cycle=513100 time=8.156461e+00 dt=1.479677e-05
elapsed=8.652537e+04 cycle=513200 time=8.157927e+00 dt=1.447678e-05
elapsed=8.653883e+04 cycle=513300 time=8.159357e+00 dt=1.413544e-05
elapsed=8.655025e+04 cycle=513400 time=8.160756e+00 dt=1.382344e-05
elapsed=8.656171e+04 cycle=513500 time=8.162127e+00 dt=1.356645e-05
elapsed=8.657537e+04 cycle=513600 time=8.163479e+00 dt=1.348703e-05
elapsed=8.658702e+04 cycle=513700 time=8.164811e+00 dt=1.317184e-05
elapsed=8.659875e+04 cycle=513800 time=8.166116e+00 dt=1.289685e-05
elapsed=8.661266e+04 cycle=513900 time=8.167384e+00 dt=1.242213e-05
elapsed=8.662455e+04 cycle=514000 time=8.168616e+00 dt=1.226944e-05
elapsed=8.663697e+04 cycle=514100 time=8.169895e+00 dt=1.353177e-05
elapsed=8.665091e+04 cycle=514200 time=8.171258e+00 dt=1.352053e-05
elapsed=8.666296e+04 cycle=514300 time=8.172687e+00 dt=1.503197e-05
elapsed=8.667568e+04 cycle=514400 time=8.174246e+00 dt=1.588814e-05
elapsed=8.668919e+04 cycle=514500 time=8.175855e+00 dt=1.622302e-05
elapsed=8.670130e+04 cycle=514600 time=8.177476e+00 dt=1.622661e-05
elapsed=8.671492e+04 cycle=514700 time=8.179079e+00 dt=1.551457e-05
elapsed=8.672683e+04 cycle=514800 time=8.180574e+00 dt=1.495111e-05
elapsed=8.673916e+04 cycle=514900 time=8.182105e+00 dt=1.520039e-05
elapsed=8.675284e+04 cycle=515000 time=8.183596e+00 dt=1.446816e-05
elapsed=8.676630e+04 cycle=515100 time=8.185012e+00 dt=1.398057e-05
elapsed=8.677875e+04 cycle=515200 time=8.186399e+00 dt=1.378336e-05
elapsed=8.679193e+04 cycle=515300 time=8.187782e+00 dt=1.374761e-05
elapsed=8.680585e+04 cycle=515400 time=8.189162e+00 dt=1.395295e-05
elapsed=8.681847e+04 cycle=515500 time=8.190594e+00 dt=1.499381e-05
elapsed=8.683232e+04 cycle=515600 time=8.192092e+00 dt=1.491417e-05
elapsed=8.684573e+04 cycle=515700 time=8.193585e+00 dt=1.472604e-05
elapsed=8.685837e+04 cycle=515800 time=8.195038e+00 dt=1.459179e-05
elapsed=8.687297e+04 cycle=515900 time=8.196506e+00 dt=1.475795e-05
elapsed=8.688584e+04 cycle=516000 time=8.198015e+00 dt=1.569995e-05
elapsed=8.689858e+04 cycle=516100 time=8.199588e+00 dt=1.586479e-05
elapsed=8.691354e+04 cycle=516200 time=8.201181e+00 dt=1.581821e-05
elapsed=8.692633e+04 cycle=516300 time=8.202743e+00 dt=1.534347e-05
elapsed=8.694022e+04 cycle=516400 time=8.204278e+00 dt=1.550487e-05
elapsed=8.695412e+04 cycle=516500 time=8.205892e+00 dt=1.644689e-05
elapsed=8.696700e+04 cycle=516600 time=8.207528e+00 dt=1.619585e-05
elapsed=8.698203e+04 cycle=516700 time=8.209138e+00 dt=1.604428e-05
elapsed=8.699503e+04 cycle=516800 time=8.210724e+00 dt=1.565956e-05
elapsed=8.700840e+04 cycle=516900 time=8.212280e+00 dt=1.548205e-05
elapsed=8.702315e+04 cycle=517000 time=8.213841e+00 dt=1.585173e-05
elapsed=8.703616e+04 cycle=517100 time=8.215440e+00 dt=1.620504e-05
elapsed=8.705122e+04 cycle=517200 time=8.217085e+00 dt=1.650877e-05
elapsed=8.706439e+04 cycle=517300 time=8.218735e+00 dt=1.647455e-05
elapsed=8.707752e+04 cycle=517400 time=8.220339e+00 dt=1.483579e-05
elapsed=8.709296e+04 cycle=517500 time=8.221739e+00 dt=1.417512e-05
elapsed=8.710605e+04 cycle=517600 time=8.223330e+00 dt=1.640717e-05
elapsed=8.711915e+04 cycle=517700 time=8.224999e+00 dt=1.695787e-05
elapsed=8.713438e+04 cycle=517800 time=8.226696e+00 dt=1.663226e-05
elapsed=8.714751e+04 cycle=517900 time=8.228298e+00 dt=1.546640e-05
elapsed=8.716127e+04 cycle=518000 time=8.229799e+00 dt=1.472464e-05
elapsed=8.717597e+04 cycle=518100 time=8.231277e+00 dt=1.541809e-05
elapsed=8.718914e+04 cycle=518200 time=8.232843e+00 dt=1.561090e-05
elapsed=8.720381e+04 cycle=518300 time=8.234437e+00 dt=1.623808e-05
elapsed=8.721768e+04 cycle=518400 time=8.236010e+00 dt=1.532443e-05
elapsed=8.723092e+04 cycle=518500 time=8.237514e+00 dt=1.495338e-05
elapsed=8.724654e+04 cycle=518600 time=8.239042e+00 dt=1.524293e-05
elapsed=8.725994e+04 cycle=518700 time=8.240553e+00 dt=1.520020e-05
elapsed=8.727329e+04 cycle=518800 time=8.242070e+00 dt=1.492221e-05
elapsed=8.728876e+04 cycle=518900 time=8.243596e+00 dt=1.578015e-05
elapsed=8.730214e+04 cycle=519000 time=8.245183e+00 dt=1.577547e-05
elapsed=8.731645e+04 cycle=519100 time=8.246747e+00 dt=1.566575e-05
elapsed=8.733109e+04 cycle=519200 time=8.248371e+00 dt=1.706708e-05
elapsed=8.734464e+04 cycle=519300 time=8.250069e+00 dt=1.696708e-05
elapsed=8.736027e+04 cycle=519400 time=8.251764e+00 dt=1.671788e-05
elapsed=8.737384e+04 cycle=519500 time=8.253400e+00 dt=1.601562e-05
elapsed=8.738746e+04 cycle=519600 time=8.255000e+00 dt=1.635908e-05
elapsed=8.740326e+04 cycle=519700 time=8.256706e+00 dt=1.727546e-05
elapsed=8.741698e+04 cycle=519800 time=8.258430e+00 dt=1.719749e-05
elapsed=8.743235e+04 cycle=519900 time=8.260155e+00 dt=1.733893e-05
elapsed=8.744675e+04 cycle=520000 time=8.261881e+00 dt=1.710541e-05
elapsed=8.746059e+04 cycle=520100 time=8.263576e+00 dt=1.688902e-05
elapsed=8.747656e+04 cycle=520200 time=8.265252e+00 dt=1.667496e-05
elapsed=8.749044e+04 cycle=520300 time=8.266924e+00 dt=1.680996e-05
elapsed=8.750563e+04 cycle=520400 time=8.268564e+00 dt=1.611295e-05
elapsed=8.752047e+04 cycle=520500 time=8.270179e+00 dt=1.626344e-05
elapsed=8.753442e+04 cycle=520600 time=8.271808e+00 dt=1.626867e-05
elapsed=8.755055e+04 cycle=520700 time=8.273469e+00 dt=1.715812e-05
elapsed=8.756459e+04 cycle=520800 time=8.275195e+00 dt=1.719787e-05
elapsed=8.758025e+04 cycle=520900 time=8.276919e+00 dt=1.726760e-05
elapsed=8.759487e+04 cycle=521000 time=8.278639e+00 dt=1.709987e-05
elapsed=8.760915e+04 cycle=521100 time=8.280367e+00 dt=1.712887e-05
elapsed=8.762533e+04 cycle=521200 time=8.282062e+00 dt=1.681774e-05
elapsed=8.763949e+04 cycle=521300 time=8.283738e+00 dt=1.666661e-05
elapsed=8.765575e+04 cycle=521400 time=8.285393e+00 dt=1.644662e-05
elapsed=8.767001e+04 cycle=521500 time=8.287037e+00 dt=1.646227e-05
elapsed=8.768429e+04 cycle=521600 time=8.288690e+00 dt=1.644677e-05
elapsed=8.770079e+04 cycle=521700 time=8.290307e+00 dt=1.591444e-05
elapsed=8.771510e+04 cycle=521800 time=8.291888e+00 dt=1.575180e-05
elapsed=8.773151e+04 cycle=521900 time=8.293475e+00 dt=1.608754e-05
elapsed=8.774581e+04 cycle=522000 time=8.295093e+00 dt=1.600059e-05
elapsed=8.776060e+04 cycle=522100 time=8.296654e+00 dt=1.524733e-05
elapsed=8.777656e+04 cycle=522200 time=8.298137e+00 dt=1.439479e-05
elapsed=8.779088e+04 cycle=522300 time=8.299550e+00 dt=1.382107e-05
elapsed=8.780725e+04 cycle=522400 time=8.301006e+00 dt=1.563453e-05
elapsed=8.782170e+04 cycle=522500 time=8.302543e+00 dt=1.521134e-05
elapsed=8.783637e+04 cycle=522600 time=8.304032e+00 dt=1.430075e-05
elapsed=8.785253e+04 cycle=522700 time=8.305420e+00 dt=1.414349e-05
elapsed=8.786689e+04 cycle=522800 time=8.306863e+00 dt=1.472766e-05
elapsed=8.788345e+04 cycle=522900 time=8.308366e+00 dt=1.507129e-05
elapsed=8.789788e+04 cycle=523000 time=8.309866e+00 dt=1.501324e-05
elapsed=8.791296e+04 cycle=523100 time=8.311377e+00 dt=1.535074e-05
elapsed=8.792894e+04 cycle=523200 time=8.312944e+00 dt=1.586824e-05
elapsed=8.794341e+04 cycle=523300 time=8.314561e+00 dt=1.649274e-05
elapsed=8.796003e+04 cycle=523400 time=8.316208e+00 dt=1.642718e-05
elapsed=8.797454e+04 cycle=523500 time=8.317841e+00 dt=1.624687e-05
elapsed=8.798974e+04 cycle=523600 time=8.319457e+00 dt=1.609848e-05
elapsed=8.800583e+04 cycle=523700 time=8.321061e+00 dt=1.589430e-05
elapsed=8.802041e+04 cycle=523800 time=8.322633e+00 dt=1.556532e-05
elapsed=8.803716e+04 cycle=523900 time=8.324171e+00 dt=1.523066e-05
elapsed=8.805180e+04 cycle=524000 time=8.325672e+00 dt=1.471135e-05
elapsed=8.806740e+04 cycle=524100 time=8.327107e+00 dt=1.389019e-05
elapsed=8.808327e+04 cycle=524200 time=8.328454e+00 dt=1.323737e-05
elapsed=8.809818e+04 cycle=524300 time=8.329815e+00 dt=1.438176e-05
elapsed=8.811525e+04 cycle=524400 time=8.331278e+00 dt=1.461294e-05
elapsed=8.812994e+04 cycle=524500 time=8.332735e+00 dt=1.450061e-05
elapsed=8.814683e+04 cycle=524600 time=8.334174e+00 dt=1.426492e-05
elapsed=8.816154e+04 cycle=524700 time=8.335589e+00 dt=1.406605e-05
elapsed=8.817778e+04 cycle=524800 time=8.336989e+00 dt=1.388321e-05
elapsed=8.819315e+04 cycle=524900 time=8.338346e+00 dt=1.318362e-05
elapsed=8.820790e+04 cycle=525000 time=8.339623e+00 dt=1.236745e-05
elapsed=8.822486e+04 cycle=525100 time=8.340821e+00 dt=1.156656e-05
elapsed=8.823966e+04 cycle=525200 time=8.341943e+00 dt=1.090683e-05
elapsed=8.825742e+04 cycle=525300 time=8.343075e+00 dt=1.280156e-05
elapsed=8.827295e+04 cycle=525400 time=8.344328e+00 dt=1.308631e-05
elapsed=8.828833e+04 cycle=525500 time=8.345726e+00 dt=1.413791e-05
elapsed=8.830497e+04 cycle=525600 time=8.347136e+00 dt=1.400074e-05
elapsed=8.831991e+04 cycle=525700 time=8.348521e+00 dt=1.366134e-05
elapsed=8.833701e+04 cycle=525800 time=8.349880e+00 dt=1.362069e-05
elapsed=8.835210e+04 cycle=525900 time=8.351223e+00 dt=1.310304e-05
elapsed=8.836843e+04 cycle=526000 time=8.352582e+00 dt=1.503395e-05
elapsed=8.838718e+04 cycle=526100 time=8.354105e+00 dt=1.533154e-05
elapsed=8.840790e+04 cycle=526200 time=8.355631e+00 dt=1.514591e-05
elapsed=8.842453e+04 cycle=526300 time=8.357150e+00 dt=1.495312e-05
elapsed=8.844080e+04 cycle=526400 time=8.358614e+00 dt=1.430965e-05
elapsed=8.846057e+04 cycle=526500 time=8.360013e+00 dt=1.371410e-05
elapsed=8.848162e+04 cycle=526600 time=8.361389e+00 dt=1.377993e-05
elapsed=8.850143e+04 cycle=526700 time=8.362739e+00 dt=1.328457e-05
elapsed=8.852214e+04 cycle=526800 time=8.364055e+00 dt=1.320072e-05
elapsed=8.853763e+04 cycle=526900 time=8.365440e+00 dt=1.473790e-05
elapsed=8.855948e+04 cycle=527000 time=8.366959e+00 dt=1.561133e-05
elapsed=8.857518e+04 cycle=527100 time=8.368516e+00 dt=1.549077e-05
elapsed=8.859312e+04 cycle=527200 time=8.370032e+00 dt=1.481047e-05
elapsed=8.860891e+04 cycle=527300 time=8.371488e+00 dt=1.435984e-05
elapsed=8.862692e+04 cycle=527400 time=8.372936e+00 dt=1.482274e-05
elapsed=8.864286e+04 cycle=527500 time=8.374353e+00 dt=1.366927e-05
elapsed=8.866003e+04 cycle=527600 time=8.375762e+00 dt=1.366026e-05
elapsed=8.867709e+04 cycle=527700 time=8.377075e+00 dt=1.273884e-05
elapsed=8.869348e+04 cycle=527800 time=8.378345e+00 dt=1.249401e-05
elapsed=8.871217e+04 cycle=527900 time=8.379566e+00 dt=1.219267e-05
elapsed=8.872846e+04 cycle=528000 time=8.380912e+00 dt=1.533035e-05
elapsed=8.874681e+04 cycle=528100 time=8.382479e+00 dt=1.555681e-05
elapsed=8.876314e+04 cycle=528200 time=8.383983e+00 dt=1.448674e-05
elapsed=8.878170e+04 cycle=528300 time=8.385465e+00 dt=1.479314e-05
elapsed=8.879890e+04 cycle=528400 time=8.386944e+00 dt=1.475052e-05
elapsed=8.881752e+04 cycle=528500 time=8.388401e+00 dt=1.443481e-05
elapsed=8.883411e+04 cycle=528600 time=8.389847e+00 dt=1.457672e-05
elapsed=8.885236e+04 cycle=528700 time=8.391335e+00 dt=1.529706e-05
elapsed=8.887002e+04 cycle=528800 time=8.392859e+00 dt=1.502634e-05
elapsed=8.889269e+04 cycle=528900 time=8.394330e+00 dt=1.436096e-05
elapsed=8.890955e+04 cycle=529000 time=8.395729e+00 dt=1.360127e-05
elapsed=8.892777e+04 cycle=529100 time=8.397057e+00 dt=1.301714e-05
elapsed=8.894562e+04 cycle=529200 time=8.398330e+00 dt=1.243585e-05
elapsed=8.896427e+04 cycle=529300 time=8.399555e+00 dt=1.215379e-05
elapsed=8.898454e+04 cycle=529400 time=8.400765e+00 dt=1.190241e-05
elapsed=8.900872e+04 cycle=529500 time=8.401922e+00 dt=1.138720e-05
elapsed=8.903313e+04 cycle=529600 time=8.403113e+00 dt=1.343858e-05
elapsed=8.905446e+04 cycle=529700 time=8.404588e+00 dt=1.474567e-05
elapsed=8.907303e+04 cycle=529800 time=8.406043e+00 dt=1.464457e-05
elapsed=8.909411e+04 cycle=529900 time=8.407485e+00 dt=1.406993e-05
elapsed=8.911354e+04 cycle=530000 time=8.408863e+00 dt=1.351773e-05
elapsed=8.913205e+04 cycle=530100 time=8.410200e+00 dt=1.325132e-05
elapsed=8.915153e+04 cycle=530200 time=8.411519e+00 dt=1.317822e-05
elapsed=8.917032e+04 cycle=530300 time=8.412850e+00 dt=1.352205e-05
elapsed=8.919027e+04 cycle=530400 time=8.414214e+00 dt=1.374069e-05
elapsed=8.920907e+04 cycle=530500 time=8.415604e+00 dt=1.412708e-05
elapsed=8.922970e+04 cycle=530600 time=8.417043e+00 dt=1.450842e-05
elapsed=8.924833e+04 cycle=530700 time=8.418465e+00 dt=1.396162e-05
elapsed=8.926924e+04 cycle=530800 time=8.419858e+00 dt=1.403744e-05
elapsed=8.928819e+04 cycle=530900 time=8.421316e+00 dt=1.473091e-05
elapsed=8.930936e+04 cycle=531000 time=8.422697e+00 dt=1.320660e-05
elapsed=8.932852e+04 cycle=531100 time=8.424161e+00 dt=1.560463e-05
elapsed=8.935000e+04 cycle=531200 time=8.425699e+00 dt=1.516341e-05
elapsed=8.937017e+04 cycle=531300 time=8.427208e+00 dt=1.511859e-05
elapsed=8.939195e+04 cycle=531400 time=8.428727e+00 dt=1.532915e-05
elapsed=8.941570e+04 cycle=531500 time=8.430224e+00 dt=1.463150e-05
elapsed=8.943565e+04 cycle=531600 time=8.431668e+00 dt=1.422678e-05
elapsed=8.945790e+04 cycle=531700 time=8.433076e+00 dt=1.394613e-05
elapsed=8.947805e+04 cycle=531800 time=8.434453e+00 dt=1.365286e-05
elapsed=8.950085e+04 cycle=531900 time=8.435810e+00 dt=1.342568e-05
elapsed=8.952241e+04 cycle=532000 time=8.437130e+00 dt=1.301972e-05
elapsed=8.954418e+04 cycle=532100 time=8.438422e+00 dt=1.281005e-05
elapsed=8.956702e+04 cycle=532200 time=8.439690e+00 dt=1.256464e-05
elapsed=8.958791e+04 cycle=532300 time=8.440949e+00 dt=1.282778e-05
elapsed=8.961123e+04 cycle=532400 time=8.442196e+00 dt=1.215762e-05
elapsed=8.963332e+04 cycle=532500 time=8.443391e+00 dt=1.178210e-05
elapsed=8.965726e+04 cycle=532600 time=8.444561e+00 dt=1.179424e-05
elapsed=8.968104e+04 cycle=532700 time=8.445798e+00 dt=1.265658e-05
elapsed=8.970260e+04 cycle=532800 time=8.447056e+00 dt=1.246147e-05
elapsed=8.972620e+04 cycle=532900 time=8.448303e+00 dt=1.245486e-05
elapsed=8.974816e+04 cycle=533000 time=8.449563e+00 dt=1.295231e-05
elapsed=8.977141e+04 cycle=533100 time=8.450839e+00 dt=1.261961e-05
elapsed=8.979512e+04 cycle=533200 time=8.452087e+00 dt=1.222469e-05
elapsed=8.981669e+04 cycle=533300 time=8.453299e+00 dt=1.225697e-05
elapsed=8.984044e+04 cycle=533400 time=8.454600e+00 dt=1.465539e-05
elapsed=8.986223e+04 cycle=533500 time=8.456056e+00 dt=1.448619e-05
elapsed=8.988510e+04 cycle=533600 time=8.457495e+00 dt=1.437597e-05
elapsed=8.990853e+04 cycle=533700 time=8.458940e+00 dt=1.428681e-05
elapsed=8.993034e+04 cycle=533800 time=8.460350e+00 dt=1.398204e-05
elapsed=8.995397e+04 cycle=533900 time=8.461744e+00 dt=1.375753e-05
elapsed=8.997536e+04 cycle=534000 time=8.463100e+00 dt=1.326585e-05
elapsed=8.999886e+04 cycle=534100 time=8.464396e+00 dt=1.267746e-05
elapsed=9.002201e+04 cycle=534200 time=8.465662e+00 dt=1.269588e-05
elapsed=9.004377e+04 cycle=534300 time=8.466929e+00 dt=1.258075e-05
elapsed=9.006734e+04 cycle=534400 time=8.468197e+00 dt=1.267858e-05
elapsed=9.008892e+04 cycle=534500 time=8.469500e+00 dt=1.339335e-05
elapsed=9.011257e+04 cycle=534600 time=8.470944e+00 dt=1.545393e-05
elapsed=9.013610e+04 cycle=534700 time=8.472454e+00 dt=1.482521e-05
elapsed=9.015784e+04 cycle=534800 time=8.473962e+00 dt=1.519101e-05
elapsed=9.018154e+04 cycle=534900 time=8.475471e+00 dt=1.491036e-05
elapsed=9.020308e+04 cycle=535000 time=8.476937e+00 dt=1.442499e-05
elapsed=9.022682e+04 cycle=535100 time=8.478363e+00 dt=1.408138e-05
elapsed=9.025046e+04 cycle=535200 time=8.479741e+00 dt=1.336350e-05
elapsed=9.027225e+04 cycle=535300 time=8.481016e+00 dt=1.220910e-05
elapsed=9.029604e+04 cycle=535400 time=8.482259e+00 dt=1.287792e-05
elapsed=9.031768e+04 cycle=535500 time=8.483623e+00 dt=1.368865e-05
elapsed=9.034149e+04 cycle=535600 time=8.485039e+00 dt=1.485761e-05
elapsed=9.036509e+04 cycle=535700 time=8.486523e+00 dt=1.522272e-05
elapsed=9.038699e+04 cycle=535800 time=8.488092e+00 dt=1.606241e-05
elapsed=9.041083e+04 cycle=535900 time=8.489698e+00 dt=1.571907e-05
elapsed=9.043309e+04 cycle=536000 time=8.491238e+00 dt=1.498846e-05
elapsed=9.045650e+04 cycle=536100 time=8.492715e+00 dt=1.476459e-05
elapsed=9.048039e+04 cycle=536200 time=8.494198e+00 dt=1.440394e-05
elapsed=9.050213e+04 cycle=536300 time=8.495674e+00 dt=1.621535e-05
elapsed=9.052608e+04 cycle=536400 time=8.497256e+00 dt=1.535325e-05
elapsed=9.054932e+04 cycle=536500 time=8.498733e+00 dt=1.402914e-05
elapsed=9.057194e+04 cycle=536600 time=8.500100e+00 dt=1.401181e-05
elapsed=9.059595e+04 cycle=536700 time=8.501665e+00 dt=1.661285e-05
elapsed=9.061778e+04 cycle=536800 time=8.503294e+00 dt=1.566081e-05
elapsed=9.063359e+04 cycle=536900 time=8.504767e+00 dt=1.382671e-05
elapsed=9.064575e+04 cycle=537000 time=8.506258e+00 dt=1.624620e-05
elapsed=9.065891e+04 cycle=537100 time=8.507862e+00 dt=1.576617e-05
elapsed=9.067102e+04 cycle=537200 time=8.509345e+00 dt=1.537502e-05
elapsed=9.068160e+04 cycle=537300 time=8.510964e+00 dt=1.670938e-05
elapsed=9.069193e+04 cycle=537400 time=8.512667e+00 dt=1.708075e-05
elapsed=9.070226e+04 cycle=537500 time=8.514366e+00 dt=1.702929e-05
elapsed=9.071455e+04 cycle=537600 time=8.516083e+00 dt=1.709138e-05
elapsed=9.072489e+04 cycle=537700 time=8.517730e+00 dt=1.568622e-05
elapsed=9.073716e+04 cycle=537800 time=8.519254e+00 dt=1.618167e-05
elapsed=9.074846e+04 cycle=537900 time=8.520873e+00 dt=1.584857e-05
elapsed=9.075984e+04 cycle=538000 time=8.522446e+00 dt=1.565688e-05
elapsed=9.077016e+04 cycle=538100 time=8.524011e+00 dt=1.562216e-05
elapsed=9.078049e+04 cycle=538200 time=8.525572e+00 dt=1.558539e-05
elapsed=9.079805e+04 cycle=538300 time=8.527127e+00 dt=1.576498e-05
elapsed=9.081943e+04 cycle=538400 time=8.528703e+00 dt=1.576501e-05
elapsed=9.084292e+04 cycle=538500 time=8.530273e+00 dt=1.566889e-05
elapsed=9.086487e+04 cycle=538600 time=8.531841e+00 dt=1.565230e-05
elapsed=9.088732e+04 cycle=538700 time=8.533398e+00 dt=1.543629e-05
elapsed=9.091047e+04 cycle=538800 time=8.534931e+00 dt=1.523007e-05
elapsed=9.093137e+04 cycle=538900 time=8.536441e+00 dt=1.493469e-05
elapsed=9.095437e+04 cycle=539000 time=8.537917e+00 dt=1.461227e-05
elapsed=9.097513e+04 cycle=539100 time=8.539356e+00 dt=1.414998e-05
elapsed=9.099807e+04 cycle=539200 time=8.540757e+00 dt=1.381560e-05
elapsed=9.101968e+04 cycle=539300 time=8.542106e+00 dt=1.318517e-05
elapsed=9.104139e+04 cycle=539400 time=8.543403e+00 dt=1.270364e-05
elapsed=9.106404e+04 cycle=539500 time=8.544685e+00 dt=1.332138e-05
elapsed=9.108445e+04 cycle=539600 time=8.546089e+00 dt=1.493296e-05
elapsed=9.110696e+04 cycle=539700 time=8.547591e+00 dt=1.487514e-05
elapsed=9.112751e+04 cycle=539800 time=8.549099e+00 dt=1.539736e-05
elapsed=9.114965e+04 cycle=539900 time=8.550626e+00 dt=1.499165e-05
elapsed=9.117115e+04 cycle=540000 time=8.552086e+00 dt=1.421383e-05
elapsed=9.119196e+04 cycle=540100 time=8.553488e+00 dt=1.391576e-05
elapsed=9.121412e+04 cycle=540200 time=8.554885e+00 dt=1.404553e-05
elapsed=9.123400e+04 cycle=540300 time=8.556322e+00 dt=1.486142e-05
elapsed=9.125597e+04 cycle=540400 time=8.557849e+00 dt=1.564553e-05
elapsed=9.127570e+04 cycle=540500 time=8.559448e+00 dt=1.605074e-05
elapsed=9.129755e+04 cycle=540600 time=8.561031e+00 dt=1.572950e-05
elapsed=9.131715e+04 cycle=540700 time=8.562615e+00 dt=1.591225e-05
elapsed=9.133867e+04 cycle=540800 time=8.564227e+00 dt=1.624354e-05
elapsed=9.135810e+04 cycle=540900 time=8.565836e+00 dt=1.593474e-05
elapsed=9.137964e+04 cycle=541000 time=8.567419e+00 dt=1.572279e-05
elapsed=9.139912e+04 cycle=541100 time=8.568949e+00 dt=1.513775e-05
elapsed=9.142000e+04 cycle=541200 time=8.570496e+00 dt=1.572021e-05
elapsed=9.143997e+04 cycle=541300 time=8.572063e+00 dt=1.567368e-05
elapsed=9.145983e+04 cycle=541400 time=8.573631e+00 dt=1.564621e-05
elapsed=9.147769e+04 cycle=541500 time=8.575211e+00 dt=1.607805e-05
elapsed=9.149058e+04 cycle=541600 time=8.576825e+00 dt=1.610663e-05
elapsed=9.150682e+04 cycle=541700 time=8.578419e+00 dt=1.552990e-05
elapsed=9.152414e+04 cycle=541800 time=8.579931e+00 dt=1.471871e-05
elapsed=9.153672e+04 cycle=541900 time=8.581368e+00 dt=1.403574e-05
elapsed=9.154687e+04 cycle=542000 time=8.582757e+00 dt=1.378516e-05
elapsed=9.155883e+04 cycle=542100 time=8.584156e+00 dt=1.429382e-05
elapsed=9.156923e+04 cycle=542200 time=8.585610e+00 dt=1.491887e-05
elapsed=9.157938e+04 cycle=542300 time=8.587145e+00 dt=1.559144e-05
elapsed=9.159020e+04 cycle=542400 time=8.588710e+00 dt=1.560853e-05
elapsed=9.160711e+04 cycle=542500 time=8.590255e+00 dt=1.540983e-05
elapsed=9.162195e+04 cycle=542600 time=8.591814e+00 dt=1.532604e-05
elapsed=9.164007e+04 cycle=542700 time=8.593291e+00 dt=1.413117e-05
elapsed=9.165656e+04 cycle=542800 time=8.594622e+00 dt=1.251733e-05
elapsed=9.167505e+04 cycle=542900 time=8.595957e+00 dt=1.561921e-05
elapsed=9.169126e+04 cycle=543000 time=8.597520e+00 dt=1.523044e-05
elapsed=9.170948e+04 cycle=543100 time=8.599004e+00 dt=1.445072e-05
elapsed=9.172552e+04 cycle=543200 time=8.600407e+00 dt=1.387141e-05
elapsed=9.174329e+04 cycle=543300 time=8.601924e+00 dt=1.569217e-05
elapsed=9.175922e+04 cycle=543400 time=8.603475e+00 dt=1.515352e-05
elapsed=9.177517e+04 cycle=543500 time=8.604941e+00 dt=1.397795e-05
elapsed=9.179142e+04 cycle=543600 time=8.606335e+00 dt=1.509478e-05
elapsed=9.180149e+04 cycle=543700 time=8.607914e+00 dt=1.573877e-05
elapsed=9.181167e+04 cycle=543800 time=8.609486e+00 dt=1.561340e-05
elapsed=9.182377e+04 cycle=543900 time=8.611036e+00 dt=1.527346e-05
elapsed=9.183385e+04 cycle=544000 time=8.612519e+00 dt=1.446159e-05
elapsed=9.184392e+04 cycle=544100 time=8.613954e+00 dt=1.462225e-05
elapsed=9.185482e+04 cycle=544200 time=8.615465e+00 dt=1.550363e-05
elapsed=9.186611e+04 cycle=544300 time=8.617018e+00 dt=1.536201e-05
elapsed=9.187620e+04 cycle=544400 time=8.618546e+00 dt=1.527134e-05
elapsed=9.188637e+04 cycle=544500 time=8.620075e+00 dt=1.534384e-05
elapsed=9.189827e+04 cycle=544600 time=8.621586e+00 dt=1.475985e-05
elapsed=9.190858e+04 cycle=544700 time=8.623057e+00 dt=1.470355e-05
elapsed=9.191868e+04 cycle=544800 time=8.624504e+00 dt=1.433086e-05
elapsed=9.192920e+04 cycle=544900 time=8.625950e+00 dt=1.484242e-05
elapsed=9.194131e+04 cycle=545000 time=8.627504e+00 dt=1.585282e-05
elapsed=9.195143e+04 cycle=545100 time=8.629052e+00 dt=1.510294e-05
elapsed=9.196162e+04 cycle=545200 time=8.630563e+00 dt=1.510977e-05
elapsed=9.197293e+04 cycle=545300 time=8.632039e+00 dt=1.434638e-05
elapsed=9.198382e+04 cycle=545400 time=8.633470e+00 dt=1.463290e-05
elapsed=9.199405e+04 cycle=545500 time=8.634977e+00 dt=1.486170e-05
elapsed=9.200430e+04 cycle=545600 time=8.636431e+00 dt=1.421432e-05
elapsed=9.201658e+04 cycle=545700 time=8.637813e+00 dt=1.346886e-05
elapsed=9.202684e+04 cycle=545800 time=8.639149e+00 dt=1.342498e-05
elapsed=9.203711e+04 cycle=545900 time=8.640548e+00 dt=1.485923e-05
elapsed=9.204742e+04 cycle=546000 time=8.642150e+00 dt=1.618783e-05
elapsed=9.205951e+04 cycle=546100 time=8.643744e+00 dt=1.568307e-05
elapsed=9.206966e+04 cycle=546200 time=8.645298e+00 dt=1.539083e-05
elapsed=9.207979e+04 cycle=546300 time=8.646833e+00 dt=1.533971e-05
elapsed=9.209084e+04 cycle=546400 time=8.648389e+00 dt=1.542544e-05
elapsed=9.210211e+04 cycle=546500 time=8.649839e+00 dt=1.373709e-05
elapsed=9.211199e+04 cycle=546600 time=8.651186e+00 dt=1.343844e-05
elapsed=9.212148e+04 cycle=546700 time=8.652580e+00 dt=1.463049e-05
elapsed=9.213297e+04 cycle=546800 time=8.654057e+00 dt=1.541270e-05
elapsed=9.214333e+04 cycle=546900 time=8.655652e+00 dt=1.606307e-05
elapsed=9.215324e+04 cycle=547000 time=8.657263e+00 dt=1.616262e-05
elapsed=9.216319e+04 cycle=547100 time=8.658866e+00 dt=1.596426e-05
elapsed=9.217529e+04 cycle=547200 time=8.660459e+00 dt=1.596023e-05
elapsed=9.218527e+04 cycle=547300 time=8.662076e+00 dt=1.626963e-05
elapsed=9.219531e+04 cycle=547400 time=8.663714e+00 dt=1.649494e-05
elapsed=9.220557e+04 cycle=547500 time=8.665352e+00 dt=1.612956e-05
elapsed=9.221681e+04 cycle=547600 time=8.666942e+00 dt=1.566806e-05
elapsed=9.222556e+04 cycle=547700 time=8.668479e+00 dt=1.508186e-05
elapsed=9.223603e+04 cycle=547800 time=8.669957e+00 dt=1.438898e-05
elapsed=9.224677e+04 cycle=547900 time=8.671351e+00 dt=1.362597e-05
elapsed=9.225967e+04 cycle=548000 time=8.672775e+00 dt=1.503253e-05
elapsed=9.227018e+04 cycle=548100 time=8.674254e+00 dt=1.457916e-05
elapsed=9.228062e+04 cycle=548200 time=8.675698e+00 dt=1.442850e-05
elapsed=9.229021e+04 cycle=548300 time=8.677110e+00 dt=1.377886e-05
elapsed=9.230067e+04 cycle=548400 time=8.678482e+00 dt=1.371134e-05
elapsed=9.230945e+04 cycle=548500 time=8.679894e+00 dt=1.453871e-05
elapsed=9.231829e+04 cycle=548600 time=8.681396e+00 dt=1.537029e-05
elapsed=9.232756e+04 cycle=548700 time=8.682928e+00 dt=1.517176e-05
elapsed=9.233904e+04 cycle=548800 time=8.684434e+00 dt=1.508659e-05
elapsed=9.234747e+04 cycle=548900 time=8.685969e+00 dt=1.549488e-05
elapsed=9.235583e+04 cycle=549000 time=8.687527e+00 dt=1.589449e-05
elapsed=9.236419e+04 cycle=549100 time=8.689116e+00 dt=1.605827e-05
elapsed=9.237466e+04 cycle=549200 time=8.690722e+00 dt=1.603627e-05
elapsed=9.238425e+04 cycle=549300 time=8.692325e+00 dt=1.599999e-05
elapsed=9.239258e+04 cycle=549400 time=8.693918e+00 dt=1.586949e-05
elapsed=9.240090e+04 cycle=549500 time=8.695479e+00 dt=1.535969e-05
elapsed=9.240923e+04 cycle=549600 time=8.696986e+00 dt=1.476817e-05
elapsed=9.241941e+04 cycle=549700 time=8.698431e+00 dt=1.411977e-05
elapsed=9.242770e+04 cycle=549800 time=8.699812e+00 dt=1.354302e-05
elapsed=9.243606e+04 cycle=549900 time=8.701141e+00 dt=1.304854e-05
elapsed=9.244434e+04 cycle=550000 time=8.702427e+00 dt=1.272773e-05
elapsed=9.245301e+04 cycle=550100 time=8.703695e+00 dt=1.272451e-05
elapsed=9.246274e+04 cycle=550200 time=8.705002e+00 dt=1.356863e-05
elapsed=9.247101e+04 cycle=550300 time=8.706424e+00 dt=1.469918e-05
elapsed=9.247950e+04 cycle=550400 time=8.707925e+00 dt=1.532906e-05
elapsed=9.248778e+04 cycle=550500 time=8.709437e+00 dt=1.475577e-05
elapsed=9.249717e+04 cycle=550600 time=8.710883e+00 dt=1.414383e-05
elapsed=9.250649e+04 cycle=550700 time=8.712252e+00 dt=1.300091e-05
elapsed=9.251491e+04 cycle=550800 time=8.713490e+00 dt=1.217292e-05
elapsed=9.252324e+04 cycle=550900 time=8.714907e+00 dt=1.581216e-05
elapsed=9.253158e+04 cycle=551000 time=8.716477e+00 dt=1.556424e-05
elapsed=9.254118e+04 cycle=551100 time=8.718024e+00 dt=1.541314e-05
elapsed=9.255015e+04 cycle=551200 time=8.719562e+00 dt=1.537564e-05
elapsed=9.255860e+04 cycle=551300 time=8.721076e+00 dt=1.475939e-05
elapsed=9.256704e+04 cycle=551400 time=8.722522e+00 dt=1.416236e-05
elapsed=9.257621e+04 cycle=551500 time=8.723953e+00 dt=1.505713e-05
elapsed=9.258602e+04 cycle=551600 time=8.725460e+00 dt=1.495343e-05
elapsed=9.259444e+04 cycle=551700 time=8.726928e+00 dt=1.445394e-05
elapsed=9.260284e+04 cycle=551800 time=8.728347e+00 dt=1.390767e-05
elapsed=9.261123e+04 cycle=551900 time=8.729721e+00 dt=1.363004e-05
elapsed=9.262101e+04 cycle=552000 time=8.731145e+00 dt=1.556214e-05
elapsed=9.262998e+04 cycle=552100 time=8.732741e+00 dt=1.586579e-05
elapsed=9.263833e+04 cycle=552200 time=8.734300e+00 dt=1.536552e-05
elapsed=9.264667e+04 cycle=552300 time=8.735846e+00 dt=1.582917e-05
elapsed=9.265526e+04 cycle=552400 time=8.737442e+00 dt=1.587712e-05
elapsed=9.266559e+04 cycle=552500 time=8.738999e+00 dt=1.529825e-05
elapsed=9.267403e+04 cycle=552600 time=8.740511e+00 dt=1.492150e-05
elapsed=9.268241e+04 cycle=552700 time=8.741983e+00 dt=1.446410e-05
elapsed=9.269080e+04 cycle=552800 time=8.743404e+00 dt=1.406881e-05
elapsed=9.270072e+04 cycle=552900 time=8.744772e+00 dt=1.378905e-05
elapsed=9.270982e+04 cycle=553000 time=8.746192e+00 dt=1.404563e-05
elapsed=9.271833e+04 cycle=553100 time=8.747576e+00 dt=1.370582e-05
elapsed=9.272683e+04 cycle=553200 time=8.749009e+00 dt=1.529706e-05
elapsed=9.273607e+04 cycle=553300 time=8.750605e+00 dt=1.620270e-05
elapsed=9.274582e+04 cycle=553400 time=8.752209e+00 dt=1.581737e-05
elapsed=9.275433e+04 cycle=553500 time=8.753788e+00 dt=1.606336e-05
elapsed=9.276284e+04 cycle=553600 time=8.755404e+00 dt=1.617740e-05
elapsed=9.277144e+04 cycle=553700 time=8.757006e+00 dt=1.560996e-05
elapsed=9.278202e+04 cycle=553800 time=8.758546e+00 dt=1.516699e-05
elapsed=9.279081e+04 cycle=553900 time=8.760025e+00 dt=1.452448e-05
elapsed=9.279954e+04 cycle=554000 time=8.761479e+00 dt=1.470037e-05
elapsed=9.280826e+04 cycle=554100 time=8.762974e+00 dt=1.504517e-05
elapsed=9.281813e+04 cycle=554200 time=8.764475e+00 dt=1.483364e-05
elapsed=9.282746e+04 cycle=554300 time=8.765952e+00 dt=1.463381e-05
elapsed=9.283602e+04 cycle=554400 time=8.767413e+00 dt=1.466966e-05
elapsed=9.284457e+04 cycle=554500 time=8.768864e+00 dt=1.423397e-05
elapsed=9.285399e+04 cycle=554600 time=8.770281e+00 dt=1.404946e-05
elapsed=9.286368e+04 cycle=554700 time=8.771683e+00 dt=1.421619e-05
elapsed=9.287222e+04 cycle=554800 time=8.773083e+00 dt=1.364983e-05
elapsed=9.288077e+04 cycle=554900 time=8.774500e+00 dt=1.437626e-05
elapsed=9.288943e+04 cycle=555000 time=8.775944e+00 dt=1.510144e-05
elapsed=9.289978e+04 cycle=555100 time=8.777542e+00 dt=1.602073e-05
elapsed=9.290837e+04 cycle=555200 time=8.779186e+00 dt=1.650993e-05
elapsed=9.291700e+04 cycle=555300 time=8.780835e+00 dt=1.644234e-05
elapsed=9.292557e+04 cycle=555400 time=8.782474e+00 dt=1.627402e-05
elapsed=9.293557e+04 cycle=555500 time=8.784081e+00 dt=1.590268e-05
elapsed=9.294466e+04 cycle=555600 time=8.785659e+00 dt=1.563729e-05
elapsed=9.295321e+04 cycle=555700 time=8.787223e+00 dt=1.564448e-05
elapsed=9.296176e+04 cycle=555800 time=8.788788e+00 dt=1.568403e-05
elapsed=9.297137e+04 cycle=555900 time=8.790351e+00 dt=1.553175e-05
elapsed=9.298196e+04 cycle=556000 time=8.791900e+00 dt=1.544273e-05
elapsed=9.299106e+04 cycle=556100 time=8.793411e+00 dt=1.474178e-05
elapsed=9.300104e+04 cycle=556200 time=8.794856e+00 dt=1.419606e-05
elapsed=9.301210e+04 cycle=556300 time=8.796261e+00 dt=1.399177e-05
elapsed=9.302329e+04 cycle=556400 time=8.797684e+00 dt=1.480053e-05
elapsed=9.303329e+04 cycle=556500 time=8.799187e+00 dt=1.465091e-05
elapsed=9.304338e+04 cycle=556600 time=8.800636e+00 dt=1.477091e-05
elapsed=9.305485e+04 cycle=556700 time=8.802229e+00 dt=1.622934e-05
elapsed=9.306543e+04 cycle=556800 time=8.803795e+00 dt=1.512007e-05
elapsed=9.307544e+04 cycle=556900 time=8.805285e+00 dt=1.507253e-05
elapsed=9.308546e+04 cycle=557000 time=8.806851e+00 dt=1.570686e-05
elapsed=9.309754e+04 cycle=557100 time=8.808407e+00 dt=1.541178e-05
elapsed=9.310757e+04 cycle=557200 time=8.809940e+00 dt=1.527162e-05
elapsed=9.311764e+04 cycle=557300 time=8.811466e+00 dt=1.521994e-05
elapsed=9.312851e+04 cycle=557400 time=8.812975e+00 dt=1.498049e-05
elapsed=9.313963e+04 cycle=557500 time=8.814463e+00 dt=1.478475e-05
elapsed=9.314959e+04 cycle=557600 time=8.815914e+00 dt=1.420065e-05
elapsed=9.315955e+04 cycle=557700 time=8.817313e+00 dt=1.395378e-05
elapsed=9.317148e+04 cycle=557800 time=8.818713e+00 dt=1.396642e-05
elapsed=9.318122e+04 cycle=557900 time=8.820113e+00 dt=1.403710e-05
elapsed=9.319105e+04 cycle=558000 time=8.821533e+00 dt=1.456763e-05
elapsed=9.320085e+04 cycle=558100 time=8.823068e+00 dt=1.596981e-05
elapsed=9.321271e+04 cycle=558200 time=8.824657e+00 dt=1.587131e-05
elapsed=9.322251e+04 cycle=558300 time=8.826244e+00 dt=1.565493e-05
elapsed=9.323232e+04 cycle=558400 time=8.827802e+00 dt=1.529402e-05
elapsed=9.324255e+04 cycle=558500 time=8.829298e+00 dt=1.469032e-05
elapsed=9.325410e+04 cycle=558600 time=8.830768e+00 dt=1.475852e-05
elapsed=9.326395e+04 cycle=558700 time=8.832268e+00 dt=1.528372e-05
elapsed=9.327381e+04 cycle=558800 time=8.833801e+00 dt=1.536168e-05
elapsed=9.328489e+04 cycle=558900 time=8.835355e+00 dt=1.581100e-05
elapsed=9.329566e+04 cycle=559000 time=8.836916e+00 dt=1.542084e-05
elapsed=9.330558e+04 cycle=559100 time=8.838449e+00 dt=1.520060e-05
elapsed=9.331551e+04 cycle=559200 time=8.839943e+00 dt=1.471310e-05
elapsed=9.332669e+04 cycle=559300 time=8.841398e+00 dt=1.455686e-05
elapsed=9.333776e+04 cycle=559400 time=8.842890e+00 dt=1.502916e-05
elapsed=9.334728e+04 cycle=559500 time=8.844390e+00 dt=1.494501e-05
elapsed=9.335686e+04 cycle=559600 time=8.845876e+00 dt=1.483428e-05
elapsed=9.336643e+04 cycle=559700 time=8.847371e+00 dt=1.510527e-05
elapsed=9.337665e+04 cycle=559800 time=8.848914e+00 dt=1.561083e-05
elapsed=9.338573e+04 cycle=559900 time=8.850502e+00 dt=1.556567e-05
elapsed=9.339476e+04 cycle=560000 time=8.852032e+00 dt=1.509353e-05
elapsed=9.340436e+04 cycle=560100 time=8.853546e+00 dt=1.534130e-05
elapsed=9.341495e+04 cycle=560200 time=8.855115e+00 dt=1.611202e-05
elapsed=9.342415e+04 cycle=560300 time=8.856731e+00 dt=1.616804e-05
elapsed=9.343340e+04 cycle=560400 time=8.858348e+00 dt=1.596825e-05
elapsed=9.344292e+04 cycle=560500 time=8.859935e+00 dt=1.583194e-05
elapsed=9.345398e+04 cycle=560600 time=8.861512e+00 dt=1.573494e-05
elapsed=9.346318e+04 cycle=560700 time=8.863035e+00 dt=1.468469e-05
elapsed=9.347243e+04 cycle=560800 time=8.864452e+00 dt=1.366650e-05
elapsed=9.348209e+04 cycle=560900 time=8.865798e+00 dt=1.336243e-05
elapsed=9.349320e+04 cycle=561000 time=8.867149e+00 dt=1.373288e-05
elapsed=9.350273e+04 cycle=561100 time=8.868524e+00 dt=1.369171e-05
elapsed=9.351230e+04 cycle=561200 time=8.869891e+00 dt=1.372562e-05
elapsed=9.352203e+04 cycle=561300 time=8.871277e+00 dt=1.412273e-05
elapsed=9.353370e+04 cycle=561400 time=8.872737e+00 dt=1.517661e-05
elapsed=9.354331e+04 cycle=561500 time=8.874288e+00 dt=1.532092e-05
elapsed=9.355266e+04 cycle=561600 time=8.875799e+00 dt=1.489275e-05
elapsed=9.356235e+04 cycle=561700 time=8.877273e+00 dt=1.464359e-05
elapsed=9.357428e+04 cycle=561800 time=8.878731e+00 dt=1.450544e-05
elapsed=9.358439e+04 cycle=561900 time=8.880176e+00 dt=1.443693e-05
elapsed=9.359430e+04 cycle=562000 time=8.881617e+00 dt=1.446219e-05
elapsed=9.360424e+04 cycle=562100 time=8.883068e+00 dt=1.456758e-05
elapsed=9.361586e+04 cycle=562200 time=8.884521e+00 dt=1.458447e-05
elapsed=9.362628e+04 cycle=562300 time=8.885992e+00 dt=1.497576e-05
elapsed=9.363635e+04 cycle=562400 time=8.887513e+00 dt=1.514406e-05
elapsed=9.364649e+04 cycle=562500 time=8.889016e+00 dt=1.502960e-05
elapsed=9.365882e+04 cycle=562600 time=8.890539e+00 dt=1.556858e-05
elapsed=9.366817e+04 cycle=562700 time=8.892073e+00 dt=1.506611e-05
elapsed=9.367827e+04 cycle=562800 time=8.893570e+00 dt=1.486055e-05
elapsed=9.368818e+04 cycle=562900 time=8.895033e+00 dt=1.432080e-05
elapsed=9.370087e+04 cycle=563000 time=8.896465e+00 dt=1.442888e-05
elapsed=9.371089e+04 cycle=563100 time=8.897919e+00 dt=1.472948e-05
elapsed=9.371982e+04 cycle=563200 time=8.899408e+00 dt=1.460890e-05
elapsed=9.372842e+04 cycle=563300 time=8.900803e+00 dt=1.360164e-05
elapsed=9.373864e+04 cycle=563400 time=8.902220e+00 dt=1.516212e-05
elapsed=9.374753e+04 cycle=563500 time=8.903731e+00 dt=1.485457e-05
elapsed=9.375608e+04 cycle=563600 time=8.905235e+00 dt=1.541548e-05
elapsed=9.376563e+04 cycle=563700 time=8.906803e+00 dt=1.590578e-05
elapsed=9.377768e+04 cycle=563800 time=8.908385e+00 dt=1.561059e-05
elapsed=9.378762e+04 cycle=563900 time=8.909956e+00 dt=1.568012e-05
elapsed=9.379801e+04 cycle=564000 time=8.911508e+00 dt=1.533464e-05
elapsed=9.380870e+04 cycle=564100 time=8.913020e+00 dt=1.491680e-05
elapsed=9.382149e+04 cycle=564200 time=8.914476e+00 dt=1.419327e-05
elapsed=9.383217e+04 cycle=564300 time=8.915868e+00 dt=1.378984e-05
elapsed=9.384299e+04 cycle=564400 time=8.917227e+00 dt=1.342962e-05
elapsed=9.385569e+04 cycle=564500 time=8.918531e+00 dt=1.287058e-05
elapsed=9.386667e+04 cycle=564600 time=8.919860e+00 dt=1.335447e-05
elapsed=9.387754e+04 cycle=564700 time=8.921225e+00 dt=1.392098e-05
elapsed=9.388877e+04 cycle=564800 time=8.922608e+00 dt=1.374878e-05
elapsed=9.390118e+04 cycle=564900 time=8.923991e+00 dt=1.382080e-05
elapsed=9.391193e+04 cycle=565000 time=8.925391e+00 dt=1.424256e-05
elapsed=9.392267e+04 cycle=565100 time=8.926827e+00 dt=1.438170e-05
elapsed=9.393548e+04 cycle=565200 time=8.928272e+00 dt=1.417695e-05
elapsed=9.394609e+04 cycle=565300 time=8.929659e+00 dt=1.451767e-05
elapsed=9.395675e+04 cycle=565400 time=8.931173e+00 dt=1.479024e-05
elapsed=9.396788e+04 cycle=565500 time=8.932641e+00 dt=1.478028e-05
elapsed=9.397994e+04 cycle=565600 time=8.934081e+00 dt=1.387237e-05
elapsed=9.399048e+04 cycle=565700 time=8.935560e+00 dt=1.533032e-05
elapsed=9.400100e+04 cycle=565800 time=8.937105e+00 dt=1.553949e-05
elapsed=9.401364e+04 cycle=565900 time=8.938652e+00 dt=1.527913e-05
elapsed=9.402428e+04 cycle=566000 time=8.940124e+00 dt=1.513943e-05
elapsed=9.403483e+04 cycle=566100 time=8.941644e+00 dt=1.502438e-05
elapsed=9.404576e+04 cycle=566200 time=8.943085e+00 dt=1.369621e-05
elapsed=9.405813e+04 cycle=566300 time=8.944424e+00 dt=1.348613e-05
elapsed=9.406861e+04 cycle=566400 time=8.945759e+00 dt=1.300993e-05
elapsed=9.407897e+04 cycle=566500 time=8.947120e+00 dt=1.434033e-05
elapsed=9.409060e+04 cycle=566600 time=8.948676e+00 dt=1.633382e-05
elapsed=9.410179e+04 cycle=566700 time=8.950301e+00 dt=1.608310e-05
elapsed=9.411211e+04 cycle=566800 time=8.951902e+00 dt=1.582882e-05
elapsed=9.412242e+04 cycle=566900 time=8.953429e+00 dt=1.536585e-05
elapsed=9.413443e+04 cycle=567000 time=8.955036e+00 dt=1.637610e-05
elapsed=9.414494e+04 cycle=567100 time=8.956658e+00 dt=1.605561e-05
elapsed=9.415470e+04 cycle=567200 time=8.958245e+00 dt=1.568091e-05
elapsed=9.416444e+04 cycle=567300 time=8.959803e+00 dt=1.551848e-05
elapsed=9.417512e+04 cycle=567400 time=8.961335e+00 dt=1.482734e-05
elapsed=9.418533e+04 cycle=567500 time=8.962768e+00 dt=1.428119e-05
elapsed=9.419487e+04 cycle=567600 time=8.964251e+00 dt=1.530169e-05
elapsed=9.420464e+04 cycle=567700 time=8.965811e+00 dt=1.558531e-05
elapsed=9.421642e+04 cycle=567800 time=8.967341e+00 dt=1.495558e-05
elapsed=9.422615e+04 cycle=567900 time=8.968797e+00 dt=1.407194e-05
elapsed=9.423587e+04 cycle=568000 time=8.970149e+00 dt=1.310710e-05
elapsed=9.424549e+04 cycle=568100 time=8.971527e+00 dt=1.405837e-05
elapsed=9.425702e+04 cycle=568200 time=8.972892e+00 dt=1.331603e-05
elapsed=9.426741e+04 cycle=568300 time=8.974192e+00 dt=1.266001e-05
elapsed=9.427783e+04 cycle=568400 time=8.975433e+00 dt=1.236804e-05
elapsed=9.428837e+04 cycle=568500 time=8.976710e+00 dt=1.392390e-05
elapsed=9.430068e+04 cycle=568600 time=8.978188e+00 dt=1.492054e-05
elapsed=9.431111e+04 cycle=568700 time=8.979681e+00 dt=1.504091e-05
elapsed=9.432145e+04 cycle=568800 time=8.981165e+00 dt=1.453058e-05
elapsed=9.433283e+04 cycle=568900 time=8.982565e+00 dt=1.334725e-05
elapsed=9.434463e+04 cycle=569000 time=8.983966e+00 dt=1.469606e-05
elapsed=9.435521e+04 cycle=569100 time=8.985417e+00 dt=1.430743e-05
elapsed=9.436581e+04 cycle=569200 time=8.986829e+00 dt=1.396415e-05
elapsed=9.437851e+04 cycle=569300 time=8.988213e+00 dt=1.382745e-05
elapsed=9.438920e+04 cycle=569400 time=8.989626e+00 dt=1.489343e-05
elapsed=9.440000e+04 cycle=569500 time=8.991126e+00 dt=1.452941e-05
elapsed=9.441146e+04 cycle=569600 time=8.992513e+00 dt=1.323084e-05
elapsed=9.442363e+04 cycle=569700 time=8.993824e+00 dt=1.368945e-05
elapsed=9.443452e+04 cycle=569800 time=8.995357e+00 dt=1.600066e-05
elapsed=9.444540e+04 cycle=569900 time=8.996954e+00 dt=1.595739e-05
elapsed=9.445841e+04 cycle=570000 time=8.998556e+00 dt=1.615801e-05
elapsed=9.446929e+04 cycle=570100 time=9.000191e+00 dt=1.660531e-05
elapsed=9.448032e+04 cycle=570200 time=9.001840e+00 dt=1.624060e-05
elapsed=9.449341e+04 cycle=570300 time=9.003433e+00 dt=1.547690e-05
elapsed=9.450493e+04 cycle=570400 time=9.004932e+00 dt=1.455675e-05
elapsed=9.451410e+04 cycle=570500 time=9.006490e+00 dt=1.608312e-05
elapsed=9.452278e+04 cycle=570600 time=9.008080e+00 dt=1.579538e-05
elapsed=9.453302e+04 cycle=570700 time=9.009670e+00 dt=1.610107e-05
elapsed=9.454219e+04 cycle=570800 time=9.011312e+00 dt=1.651223e-05
elapsed=9.455086e+04 cycle=570900 time=9.012961e+00 dt=1.654117e-05
elapsed=9.455953e+04 cycle=571000 time=9.014634e+00 dt=1.664229e-05
elapsed=9.456838e+04 cycle=571100 time=9.016276e+00 dt=1.619654e-05
elapsed=9.457900e+04 cycle=571200 time=9.017890e+00 dt=1.609500e-05
elapsed=9.458784e+04 cycle=571300 time=9.019487e+00 dt=1.583312e-05
elapsed=9.459685e+04 cycle=571400 time=9.021054e+00 dt=1.546193e-05
elapsed=9.460543e+04 cycle=571500 time=9.022572e+00 dt=1.495762e-05
elapsed=9.461464e+04 cycle=571600 time=9.024013e+00 dt=1.407915e-05
elapsed=9.462517e+04 cycle=571700 time=9.025484e+00 dt=1.580076e-05
elapsed=9.463660e+04 cycle=571800 time=9.027067e+00 dt=1.568263e-05
elapsed=9.464836e+04 cycle=571900 time=9.028697e+00 dt=1.648980e-05
elapsed=9.466233e+04 cycle=572000 time=9.030344e+00 dt=1.629606e-05
elapsed=9.467414e+04 cycle=572100 time=9.031992e+00 dt=1.665314e-05
elapsed=9.468599e+04 cycle=572200 time=9.033662e+00 dt=1.675289e-05
elapsed=9.469924e+04 cycle=572300 time=9.035344e+00 dt=1.685751e-05
elapsed=9.471193e+04 cycle=572400 time=9.037024e+00 dt=1.673446e-05
elapsed=9.472390e+04 cycle=572500 time=9.038679e+00 dt=1.634296e-05
elapsed=9.473690e+04 cycle=572600 time=9.040299e+00 dt=1.605249e-05
elapsed=9.475034e+04 cycle=572700 time=9.041893e+00 dt=1.586465e-05
elapsed=9.476263e+04 cycle=572800 time=9.043475e+00 dt=1.571462e-05
elapsed=9.477494e+04 cycle=572900 time=9.045038e+00 dt=1.548538e-05
elapsed=9.478956e+04 cycle=573000 time=9.046580e+00 dt=1.533066e-05
elapsed=9.479923e+04 cycle=573100 time=9.048106e+00 dt=1.517540e-05
elapsed=9.480834e+04 cycle=573200 time=9.049617e+00 dt=1.508808e-05
elapsed=9.482207e+04 cycle=573300 time=9.051126e+00 dt=1.507419e-05
elapsed=9.483539e+04 cycle=573400 time=9.052633e+00 dt=1.511016e-05
elapsed=9.484785e+04 cycle=573500 time=9.054147e+00 dt=1.512677e-05
elapsed=9.486201e+04 cycle=573600 time=9.055654e+00 dt=1.499983e-05
elapsed=9.487495e+04 cycle=573700 time=9.057149e+00 dt=1.498566e-05
elapsed=9.488750e+04 cycle=573800 time=9.058666e+00 dt=1.528299e-05
elapsed=9.490211e+04 cycle=573900 time=9.060214e+00 dt=1.570770e-05
elapsed=9.491486e+04 cycle=574000 time=9.061766e+00 dt=1.491640e-05
elapsed=9.492752e+04 cycle=574100 time=9.063224e+00 dt=1.443727e-05
elapsed=9.494228e+04 cycle=574200 time=9.064665e+00 dt=1.432483e-05
elapsed=9.495501e+04 cycle=574300 time=9.066106e+00 dt=1.441778e-05
elapsed=9.496779e+04 cycle=574400 time=9.067601e+00 dt=1.560051e-05
elapsed=9.498265e+04 cycle=574500 time=9.069145e+00 dt=1.510980e-05
elapsed=9.499556e+04 cycle=574600 time=9.070657e+00 dt=1.567844e-05
elapsed=9.500846e+04 cycle=574700 time=9.072234e+00 dt=1.582708e-05
elapsed=9.502341e+04 cycle=574800 time=9.073798e+00 dt=1.539846e-05
elapsed=9.503634e+04 cycle=574900 time=9.075325e+00 dt=1.519293e-05
elapsed=9.505025e+04 cycle=575000 time=9.076851e+00 dt=1.537165e-05
elapsed=9.506440e+04 cycle=575100 time=9.078410e+00 dt=1.568139e-05
elapsed=9.507743e+04 cycle=575200 time=9.079969e+00 dt=1.548056e-05
elapsed=9.509220e+04 cycle=575300 time=9.081505e+00 dt=1.523273e-05
elapsed=9.510579e+04 cycle=575400 time=9.083017e+00 dt=1.499809e-05
elapsed=9.511895e+04 cycle=575500 time=9.084500e+00 dt=1.471551e-05
elapsed=9.513427e+04 cycle=575600 time=9.085991e+00 dt=1.511201e-05
elapsed=9.514752e+04 cycle=575700 time=9.087518e+00 dt=1.545103e-05
elapsed=9.516082e+04 cycle=575800 time=9.089046e+00 dt=1.505842e-05
elapsed=9.517662e+04 cycle=575900 time=9.090540e+00 dt=1.489712e-05
elapsed=9.519000e+04 cycle=576000 time=9.092041e+00 dt=1.520755e-05
elapsed=9.520474e+04 cycle=576100 time=9.093566e+00 dt=1.517785e-05
elapsed=9.521903e+04 cycle=576200 time=9.095085e+00 dt=1.517795e-05
elapsed=9.523253e+04 cycle=576300 time=9.096599e+00 dt=1.511583e-05
elapsed=9.524823e+04 cycle=576400 time=9.098113e+00 dt=1.516536e-05
elapsed=9.526180e+04 cycle=576500 time=9.099622e+00 dt=1.495749e-05
elapsed=9.527611e+04 cycle=576600 time=9.101101e+00 dt=1.468030e-05
elapsed=9.529118e+04 cycle=576700 time=9.102570e+00 dt=1.471219e-05
elapsed=9.530485e+04 cycle=576800 time=9.104039e+00 dt=1.470835e-05
elapsed=9.532071e+04 cycle=576900 time=9.105535e+00 dt=1.520482e-05
elapsed=9.533442e+04 cycle=577000 time=9.107049e+00 dt=1.505433e-05
elapsed=9.534894e+04 cycle=577100 time=9.108577e+00 dt=1.535778e-05
elapsed=9.536413e+04 cycle=577200 time=9.110078e+00 dt=1.465477e-05
elapsed=9.537787e+04 cycle=577300 time=9.111509e+00 dt=1.392682e-05
elapsed=9.539378e+04 cycle=577400 time=9.112866e+00 dt=1.316893e-05
elapsed=9.540752e+04 cycle=577500 time=9.114131e+00 dt=1.212495e-05
elapsed=9.542229e+04 cycle=577600 time=9.115513e+00 dt=1.507022e-05
elapsed=9.543716e+04 cycle=577700 time=9.117026e+00 dt=1.504983e-05
elapsed=9.545086e+04 cycle=577800 time=9.118501e+00 dt=1.406916e-05
elapsed=9.546661e+04 cycle=577900 time=9.119927e+00 dt=1.456981e-05
elapsed=9.548032e+04 cycle=578000 time=9.121336e+00 dt=1.386400e-05
elapsed=9.549393e+04 cycle=578100 time=9.122769e+00 dt=1.452391e-05
elapsed=9.550959e+04 cycle=578200 time=9.124211e+00 dt=1.420819e-05
elapsed=9.552311e+04 cycle=578300 time=9.125610e+00 dt=1.361437e-05
elapsed=9.553735e+04 cycle=578400 time=9.126911e+00 dt=1.255507e-05
elapsed=9.555217e+04 cycle=578500 time=9.128265e+00 dt=1.390810e-05
elapsed=9.556556e+04 cycle=578600 time=9.129662e+00 dt=1.403087e-05
elapsed=9.558111e+04 cycle=578700 time=9.131064e+00 dt=1.394781e-05
elapsed=9.559439e+04 cycle=578800 time=9.132444e+00 dt=1.359467e-05
elapsed=9.560771e+04 cycle=578900 time=9.133802e+00 dt=1.365602e-05
elapsed=9.562289e+04 cycle=579000 time=9.135192e+00 dt=1.422980e-05
elapsed=9.563584e+04 cycle=579100 time=9.136641e+00 dt=1.438625e-05
elapsed=9.564984e+04 cycle=579200 time=9.138045e+00 dt=1.367406e-05
elapsed=9.566283e+04 cycle=579300 time=9.139375e+00 dt=1.288927e-05
elapsed=9.567585e+04 cycle=579400 time=9.140614e+00 dt=1.203873e-05
elapsed=9.569067e+04 cycle=579500 time=9.141870e+00 dt=1.347116e-05
elapsed=9.570360e+04 cycle=579600 time=9.143371e+00 dt=1.549041e-05
elapsed=9.571636e+04 cycle=579700 time=9.144893e+00 dt=1.508224e-05
elapsed=9.573119e+04 cycle=579800 time=9.146415e+00 dt=1.534599e-05
elapsed=9.574390e+04 cycle=579900 time=9.147947e+00 dt=1.536411e-05
elapsed=9.575671e+04 cycle=580000 time=9.149488e+00 dt=1.515968e-05
elapsed=9.577126e+04 cycle=580100 time=9.150978e+00 dt=1.503887e-05
elapsed=9.578374e+04 cycle=580200 time=9.152532e+00 dt=1.552458e-05
elapsed=9.579686e+04 cycle=580300 time=9.154057e+00 dt=1.484815e-05
elapsed=9.581060e+04 cycle=580400 time=9.155494e+00 dt=1.478052e-05
elapsed=9.582289e+04 cycle=580500 time=9.156978e+00 dt=1.454264e-05
elapsed=9.583587e+04 cycle=580600 time=9.158415e+00 dt=1.425402e-05
elapsed=9.584954e+04 cycle=580700 time=9.159842e+00 dt=1.441248e-05
elapsed=9.586203e+04 cycle=580800 time=9.161310e+00 dt=1.478626e-05
elapsed=9.587522e+04 cycle=580900 time=9.162772e+00 dt=1.423441e-05
elapsed=9.588929e+04 cycle=581000 time=9.164154e+00 dt=1.391548e-05
elapsed=9.590206e+04 cycle=581100 time=9.165540e+00 dt=1.364474e-05
elapsed=9.591581e+04 cycle=581200 time=9.166883e+00 dt=1.322325e-05
elapsed=9.593010e+04 cycle=581300 time=9.168168e+00 dt=1.245811e-05
elapsed=9.594320e+04 cycle=581400 time=9.169410e+00 dt=1.278653e-05
elapsed=9.595804e+04 cycle=581500 time=9.170768e+00 dt=1.384383e-05
elapsed=9.597184e+04 cycle=581600 time=9.172201e+00 dt=1.434592e-05
elapsed=9.598525e+04 cycle=581700 time=9.173606e+00 dt=1.406017e-05
elapsed=9.600087e+04 cycle=581800 time=9.175024e+00 dt=1.427824e-05
elapsed=9.601450e+04 cycle=581900 time=9.176485e+00 dt=1.460668e-05
elapsed=9.602823e+04 cycle=582000 time=9.177945e+00 dt=1.465471e-05
elapsed=9.604417e+04 cycle=582100 time=9.179397e+00 dt=1.417170e-05
elapsed=9.605818e+04 cycle=582200 time=9.180759e+00 dt=1.312685e-05
elapsed=9.607370e+04 cycle=582300 time=9.182043e+00 dt=1.283679e-05
elapsed=9.608850e+04 cycle=582400 time=9.183320e+00 dt=1.289500e-05
elapsed=9.610277e+04 cycle=582500 time=9.184648e+00 dt=1.409305e-05
elapsed=9.611928e+04 cycle=582600 time=9.186080e+00 dt=1.414743e-05
elapsed=9.613381e+04 cycle=582700 time=9.187592e+00 dt=1.577656e-05
elapsed=9.615019e+04 cycle=582800 time=9.189150e+00 dt=1.537585e-05
elapsed=9.616547e+04 cycle=582900 time=9.190653e+00 dt=1.446448e-05
elapsed=9.618045e+04 cycle=583000 time=9.192124e+00 dt=1.500998e-05
elapsed=9.619752e+04 cycle=583100 time=9.193584e+00 dt=1.416832e-05
elapsed=9.621267e+04 cycle=583200 time=9.194969e+00 dt=1.364255e-05
elapsed=9.623003e+04 cycle=583300 time=9.196349e+00 dt=1.425174e-05
elapsed=9.624544e+04 cycle=583400 time=9.197835e+00 dt=1.510121e-05
elapsed=9.626167e+04 cycle=583500 time=9.199328e+00 dt=1.473417e-05
elapsed=9.627890e+04 cycle=583600 time=9.200811e+00 dt=1.486903e-05
elapsed=9.629474e+04 cycle=583700 time=9.202307e+00 dt=1.504652e-05
elapsed=9.631287e+04 cycle=583800 time=9.203764e+00 dt=1.428884e-05
elapsed=9.632898e+04 cycle=583900 time=9.205258e+00 dt=1.560508e-05
elapsed=9.634737e+04 cycle=584000 time=9.206812e+00 dt=1.553951e-05
elapsed=9.636378e+04 cycle=584100 time=9.208348e+00 dt=1.508380e-05
elapsed=9.638186e+04 cycle=584200 time=9.209816e+00 dt=1.435670e-05
elapsed=9.639921e+04 cycle=584300 time=9.211223e+00 dt=1.389956e-05
elapsed=9.641728e+04 cycle=584400 time=9.212661e+00 dt=1.517143e-05
elapsed=9.643508e+04 cycle=584500 time=9.214192e+00 dt=1.530279e-05
elapsed=9.645237e+04 cycle=584600 time=9.215703e+00 dt=1.498247e-05
elapsed=9.647150e+04 cycle=584700 time=9.217191e+00 dt=1.477136e-05
elapsed=9.648882e+04 cycle=584800 time=9.218664e+00 dt=1.468672e-05
elapsed=9.650848e+04 cycle=584900 time=9.220124e+00 dt=1.451000e-05
elapsed=9.652607e+04 cycle=585000 time=9.221578e+00 dt=1.467013e-05
elapsed=9.654597e+04 cycle=585100 time=9.223056e+00 dt=1.483050e-05
elapsed=9.656396e+04 cycle=585200 time=9.224550e+00 dt=1.517818e-05
elapsed=9.658406e+04 cycle=585300 time=9.226072e+00 dt=1.519352e-05
elapsed=9.660283e+04 cycle=585400 time=9.227579e+00 dt=1.487751e-05
elapsed=9.662269e+04 cycle=585500 time=9.229050e+00 dt=1.454877e-05
elapsed=9.664281e+04 cycle=585600 time=9.230494e+00 dt=1.434790e-05
elapsed=9.666190e+04 cycle=585700 time=9.231925e+00 dt=1.427338e-05
elapsed=9.668174e+04 cycle=585800 time=9.233356e+00 dt=1.432658e-05
elapsed=9.670152e+04 cycle=585900 time=9.234805e+00 dt=1.464969e-05
elapsed=9.672249e+04 cycle=586000 time=9.236251e+00 dt=1.427749e-05
elapsed=9.674157e+04 cycle=586100 time=9.237671e+00 dt=1.410453e-05
elapsed=9.676287e+04 cycle=586200 time=9.239073e+00 dt=1.396261e-05
elapsed=9.678221e+04 cycle=586300 time=9.240473e+00 dt=1.408045e-05
elapsed=9.680374e+04 cycle=586400 time=9.241892e+00 dt=1.434149e-05
elapsed=9.682321e+04 cycle=586500 time=9.243348e+00 dt=1.464086e-05
elapsed=9.684492e+04 cycle=586600 time=9.244799e+00 dt=1.444459e-05
elapsed=9.686458e+04 cycle=586700 time=9.246253e+00 dt=1.465416e-05
elapsed=9.688657e+04 cycle=586800 time=9.247699e+00 dt=1.435238e-05
elapsed=9.690754e+04 cycle=586900 time=9.249135e+00 dt=1.453221e-05
elapsed=9.692867e+04 cycle=587000 time=9.250602e+00 dt=1.476404e-05
elapsed=9.695083e+04 cycle=587100 time=9.252033e+00 dt=1.383797e-05
elapsed=9.697097e+04 cycle=587200 time=9.253480e+00 dt=1.445127e-05
elapsed=9.699333e+04 cycle=587300 time=9.254842e+00 dt=1.352978e-05
elapsed=9.701352e+04 cycle=587400 time=9.256314e+00 dt=1.471527e-05
elapsed=9.703602e+04 cycle=587500 time=9.257759e+00 dt=1.433832e-05
elapsed=9.705717e+04 cycle=587600 time=9.259217e+00 dt=1.478480e-05
elapsed=9.707901e+04 cycle=587700 time=9.260700e+00 dt=1.487577e-05
elapsed=9.710156e+04 cycle=587800 time=9.262179e+00 dt=1.452199e-05
elapsed=9.712209e+04 cycle=587900 time=9.263599e+00 dt=1.385953e-05
elapsed=9.714472e+04 cycle=588000 time=9.264958e+00 dt=1.331419e-05
elapsed=9.716525e+04 cycle=588100 time=9.266268e+00 dt=1.298039e-05
elapsed=9.718800e+04 cycle=588200 time=9.267549e+00 dt=1.246942e-05
elapsed=9.720857e+04 cycle=588300 time=9.268807e+00 dt=1.277466e-05
elapsed=9.723138e+04 cycle=588400 time=9.270073e+00 dt=1.298817e-05
elapsed=9.725274e+04 cycle=588500 time=9.271453e+00 dt=1.399162e-05
elapsed=9.727474e+04 cycle=588600 time=9.272843e+00 dt=1.387798e-05
elapsed=9.729716e+04 cycle=588700 time=9.274238e+00 dt=1.381251e-05
elapsed=9.731817e+04 cycle=588800 time=9.275612e+00 dt=1.377905e-05
elapsed=9.734104e+04 cycle=588900 time=9.276978e+00 dt=1.365037e-05
elapsed=9.736169e+04 cycle=589000 time=9.278336e+00 dt=1.362294e-05
elapsed=9.738455e+04 cycle=589100 time=9.279714e+00 dt=1.398730e-05
elapsed=9.740588e+04 cycle=589200 time=9.281145e+00 dt=1.455250e-05
elapsed=9.742811e+04 cycle=589300 time=9.282562e+00 dt=1.364998e-05
elapsed=9.745070e+04 cycle=589400 time=9.283979e+00 dt=1.513833e-05
elapsed=9.747158e+04 cycle=589500 time=9.285506e+00 dt=1.542146e-05
elapsed=9.749439e+04 cycle=589600 time=9.287065e+00 dt=1.576496e-05
elapsed=9.751502e+04 cycle=589700 time=9.288642e+00 dt=1.566438e-05
elapsed=9.753798e+04 cycle=589800 time=9.290165e+00 dt=1.491403e-05
elapsed=9.756033e+04 cycle=589900 time=9.291630e+00 dt=1.450123e-05
elapsed=9.758153e+04 cycle=590000 time=9.293103e+00 dt=1.515148e-05
elapsed=9.760447e+04 cycle=590100 time=9.294657e+00 dt=1.521871e-05
elapsed=9.762516e+04 cycle=590200 time=9.296139e+00 dt=1.478486e-05
elapsed=9.764811e+04 cycle=590300 time=9.297689e+00 dt=1.612615e-05
elapsed=9.767058e+04 cycle=590400 time=9.299254e+00 dt=1.544535e-05
elapsed=9.769190e+04 cycle=590500 time=9.300800e+00 dt=1.550175e-05
elapsed=9.771485e+04 cycle=590600 time=9.302357e+00 dt=1.558185e-05
elapsed=9.773603e+04 cycle=590700 time=9.303941e+00 dt=1.595899e-05
elapsed=9.775857e+04 cycle=590800 time=9.305529e+00 dt=1.586553e-05
elapsed=9.778153e+04 cycle=590900 time=9.307102e+00 dt=1.563186e-05
elapsed=9.780227e+04 cycle=591000 time=9.308656e+00 dt=1.535874e-05
elapsed=9.782529e+04 cycle=591100 time=9.310181e+00 dt=1.514760e-05
elapsed=9.784602e+04 cycle=591200 time=9.311702e+00 dt=1.529976e-05
elapsed=9.786893e+04 cycle=591300 time=9.313238e+00 dt=1.541445e-05
elapsed=9.789038e+04 cycle=591400 time=9.314768e+00 dt=1.511401e-05
elapsed=9.791247e+04 cycle=591500 time=9.316269e+00 dt=1.496681e-05
elapsed=9.793518e+04 cycle=591600 time=9.317773e+00 dt=1.520486e-05
elapsed=9.795570e+04 cycle=591700 time=9.319323e+00 dt=1.582486e-05
elapsed=9.797840e+04 cycle=591800 time=9.320929e+00 dt=1.606050e-05
elapsed=9.799883e+04 cycle=591900 time=9.322513e+00 dt=1.552090e-05
elapsed=9.802142e+04 cycle=592000 time=9.324046e+00 dt=1.518748e-05
elapsed=9.804200e+04 cycle=592100 time=9.325531e+00 dt=1.457134e-05
elapsed=9.806434e+04 cycle=592200 time=9.326952e+00 dt=1.393629e-05
elapsed=9.808684e+04 cycle=592300 time=9.328378e+00 dt=1.494989e-05
elapsed=9.810705e+04 cycle=592400 time=9.329891e+00 dt=1.526508e-05
elapsed=9.812947e+04 cycle=592500 time=9.331373e+00 dt=1.409082e-05
elapsed=9.814952e+04 cycle=592600 time=9.332783e+00 dt=1.471732e-05
elapsed=9.817179e+04 cycle=592700 time=9.334227e+00 dt=1.447850e-05
elapsed=9.819267e+04 cycle=592800 time=9.335756e+00 dt=1.581668e-05
elapsed=9.821388e+04 cycle=592900 time=9.337376e+00 dt=1.594085e-05
elapsed=9.823626e+04 cycle=593000 time=9.339017e+00 dt=1.703598e-05
elapsed=9.825597e+04 cycle=593100 time=9.340705e+00 dt=1.673708e-05
elapsed=9.827784e+04 cycle=593200 time=9.342361e+00 dt=1.636153e-05
elapsed=9.829807e+04 cycle=593300 time=9.343977e+00 dt=1.589744e-05
elapsed=9.832043e+04 cycle=593400 time=9.345537e+00 dt=1.539959e-05
elapsed=9.834102e+04 cycle=593500 time=9.347116e+00 dt=1.672945e-05
elapsed=9.836280e+04 cycle=593600 time=9.348763e+00 dt=1.594716e-05
elapsed=9.838532e+04 cycle=593700 time=9.350306e+00 dt=1.504497e-05
elapsed=9.840558e+04 cycle=593800 time=9.351826e+00 dt=1.563020e-05
elapsed=9.842808e+04 cycle=593900 time=9.353340e+00 dt=1.443505e-05
elapsed=9.844835e+04 cycle=594000 time=9.354718e+00 dt=1.316458e-05
elapsed=9.847085e+04 cycle=594100 time=9.356095e+00 dt=1.430088e-05
elapsed=9.849261e+04 cycle=594200 time=9.357561e+00 dt=1.575929e-05
elapsed=9.851359e+04 cycle=594300 time=9.359168e+00 dt=1.575813e-05
elapsed=9.853614e+04 cycle=594400 time=9.360690e+00 dt=1.468519e-05
elapsed=9.855638e+04 cycle=594500 time=9.362139e+00 dt=1.440498e-05
elapsed=9.857885e+04 cycle=594600 time=9.363613e+00 dt=1.533880e-05
elapsed=9.859936e+04 cycle=594700 time=9.365242e+00 dt=1.702198e-05
elapsed=9.862153e+04 cycle=594800 time=9.366909e+00 dt=1.642711e-05
elapsed=9.864380e+04 cycle=594900 time=9.368539e+00 dt=1.634735e-05
elapsed=9.866421e+04 cycle=595000 time=9.370134e+00 dt=1.602670e-05
elapsed=9.868663e+04 cycle=595100 time=9.371800e+00 dt=1.720608e-05
elapsed=9.870679e+04 cycle=595200 time=9.373508e+00 dt=1.688618e-05
elapsed=9.872913e+04 cycle=595300 time=9.375184e+00 dt=1.663560e-05
elapsed=9.874938e+04 cycle=595400 time=9.376853e+00 dt=1.684513e-05
elapsed=9.877158e+04 cycle=595500 time=9.378538e+00 dt=1.687926e-05
elapsed=9.879208e+04 cycle=595600 time=9.380230e+00 dt=1.682208e-05
elapsed=9.881412e+04 cycle=595700 time=9.381885e+00 dt=1.631180e-05
elapsed=9.883556e+04 cycle=595800 time=9.383496e+00 dt=1.610315e-05
elapsed=9.885645e+04 cycle=595900 time=9.385138e+00 dt=1.673697e-05
elapsed=9.887867e+04 cycle=596000 time=9.386828e+00 dt=1.693673e-05
elapsed=9.889869e+04 cycle=596100 time=9.388517e+00 dt=1.682258e-05
elapsed=9.892090e+04 cycle=596200 time=9.390190e+00 dt=1.666163e-05
elapsed=9.894086e+04 cycle=596300 time=9.391844e+00 dt=1.638418e-05
elapsed=9.896290e+04 cycle=596400 time=9.393461e+00 dt=1.593836e-05
elapsed=9.898285e+04 cycle=596500 time=9.395055e+00 dt=1.614918e-05
elapsed=9.900477e+04 cycle=596600 time=9.396630e+00 dt=1.560458e-05
elapsed=9.902585e+04 cycle=596700 time=9.398197e+00 dt=1.518709e-05
elapsed=9.904524e+04 cycle=596800 time=9.399691e+00 dt=1.497979e-05
elapsed=9.906448e+04 cycle=596900 time=9.401275e+00 dt=1.647731e-05
elapsed=9.908184e+04 cycle=597000 time=9.402937e+00 dt=1.661298e-05
elapsed=9.909833e+04 cycle=597100 time=9.404590e+00 dt=1.646103e-05
elapsed=9.911619e+04 cycle=597200 time=9.406235e+00 dt=1.645338e-05
elapsed=9.913220e+04 cycle=597300 time=9.407830e+00 dt=1.531872e-05
elapsed=9.915035e+04 cycle=597400 time=9.409341e+00 dt=1.583622e-05
elapsed=9.916760e+04 cycle=597500 time=9.410939e+00 dt=1.590710e-05
elapsed=9.918661e+04 cycle=597600 time=9.412568e+00 dt=1.681077e-05
elapsed=9.920242e+04 cycle=597700 time=9.414222e+00 dt=1.628887e-05
elapsed=9.922032e+04 cycle=597800 time=9.415817e+00 dt=1.556293e-05
elapsed=9.923589e+04 cycle=597900 time=9.417349e+00 dt=1.511671e-05
elapsed=9.925342e+04 cycle=598000 time=9.418845e+00 dt=1.533642e-05
elapsed=9.926894e+04 cycle=598100 time=9.420488e+00 dt=1.659855e-05
elapsed=9.928662e+04 cycle=598200 time=9.422129e+00 dt=1.635081e-05
elapsed=9.930609e+04 cycle=598300 time=9.423760e+00 dt=1.618694e-05
elapsed=9.932719e+04 cycle=598400 time=9.425352e+00 dt=1.563733e-05
elapsed=9.934599e+04 cycle=598500 time=9.426885e+00 dt=1.504740e-05
elapsed=9.936697e+04 cycle=598600 time=9.428378e+00 dt=1.486427e-05
elapsed=9.938566e+04 cycle=598700 time=9.429888e+00 dt=1.578202e-05
elapsed=9.940659e+04 cycle=598800 time=9.431523e+00 dt=1.616223e-05
elapsed=9.942511e+04 cycle=598900 time=9.433111e+00 dt=1.562664e-05
elapsed=9.944576e+04 cycle=599000 time=9.434656e+00 dt=1.527121e-05
elapsed=9.946415e+04 cycle=599100 time=9.436171e+00 dt=1.494887e-05
elapsed=9.948460e+04 cycle=599200 time=9.437647e+00 dt=1.462945e-05
elapsed=9.950283e+04 cycle=599300 time=9.439128e+00 dt=1.510801e-05
elapsed=9.952323e+04 cycle=599400 time=9.440668e+00 dt=1.571560e-05
elapsed=9.954127e+04 cycle=599500 time=9.442238e+00 dt=1.573444e-05
elapsed=9.956139e+04 cycle=599600 time=9.443818e+00 dt=1.586529e-05
elapsed=9.957924e+04 cycle=599700 time=9.445408e+00 dt=1.592113e-05
elapsed=9.959915e+04 cycle=599800 time=9.446996e+00 dt=1.582958e-05
elapsed=9.961681e+04 cycle=599900 time=9.448578e+00 dt=1.581328e-05
elapsed=9.963659e+04 cycle=600000 time=9.450141e+00 dt=1.527857e-05
elapsed=9.965406e+04 cycle=600100 time=9.451659e+00 dt=1.529626e-05
elapsed=9.967359e+04 cycle=600200 time=9.453208e+00 dt=1.574264e-05
elapsed=9.969082e+04 cycle=600300 time=9.454794e+00 dt=1.566600e-05
elapsed=9.970997e+04 cycle=600400 time=9.456321e+00 dt=1.486256e-05
elapsed=9.972703e+04 cycle=600500 time=9.457782e+00 dt=1.448859e-05
elapsed=9.974482e+04 cycle=600600 time=9.459247e+00 dt=1.491270e-05
elapsed=9.976283e+04 cycle=600700 time=9.460775e+00 dt=1.575081e-05
elapsed=9.978031e+04 cycle=600800 time=9.462392e+00 dt=1.639301e-05
elapsed=9.979794e+04 cycle=600900 time=9.464020e+00 dt=1.625009e-05
elapsed=9.981420e+04 cycle=601000 time=9.465633e+00 dt=1.605184e-05
elapsed=9.983245e+04 cycle=601100 time=9.467210e+00 dt=1.515383e-05
elapsed=9.984845e+04 cycle=601200 time=9.468710e+00 dt=1.517864e-05
elapsed=9.986654e+04 cycle=601300 time=9.470292e+00 dt=1.591586e-05
elapsed=9.988223e+04 cycle=601400 time=9.471892e+00 dt=1.622249e-05
elapsed=9.989961e+04 cycle=601500 time=9.473536e+00 dt=1.652800e-05
elapsed=9.991532e+04 cycle=601600 time=9.475198e+00 dt=1.669271e-05
elapsed=9.993067e+04 cycle=601700 time=9.476866e+00 dt=1.655682e-05
elapsed=9.994787e+04 cycle=601800 time=9.478523e+00 dt=1.632917e-05
elapsed=9.996293e+04 cycle=601900 time=9.480141e+00 dt=1.615085e-05
elapsed=9.997999e+04 cycle=602000 time=9.481759e+00 dt=1.609175e-05
elapsed=9.999476e+04 cycle=602100 time=9.483365e+00 dt=1.610396e-05
elapsed=1.000109e+05 cycle=602200 time=9.484975e+00 dt=1.603196e-05
elapsed=1.000262e+05 cycle=602300 time=9.486557e+00 dt=1.557919e-05
elapsed=1.000406e+05 cycle=602400 time=9.488093e+00 dt=1.532497e-05
elapsed=1.000572e+05 cycle=602500 time=9.489645e+00 dt=1.610323e-05
elapsed=1.000716e+05 cycle=602600 time=9.491272e+00 dt=1.637502e-05
elapsed=1.000859e+05 cycle=602700 time=9.492904e+00 dt=1.635384e-05
elapsed=1.001019e+05 cycle=602800 time=9.494536e+00 dt=1.620997e-05
elapsed=1.001159e+05 cycle=602900 time=9.496132e+00 dt=1.565933e-05
elapsed=1.001303e+05 cycle=603000 time=9.497669e+00 dt=1.516498e-05
elapsed=1.001457e+05 cycle=603100 time=9.499242e+00 dt=1.645422e-05
elapsed=1.001595e+05 cycle=603200 time=9.500876e+00 dt=1.611693e-05
elapsed=1.001736e+05 cycle=603300 time=9.502480e+00 dt=1.633586e-05
elapsed=1.001886e+05 cycle=603400 time=9.504142e+00 dt=1.711408e-05
elapsed=1.002020e+05 cycle=603500 time=9.505858e+00 dt=1.719513e-05
elapsed=1.002157e+05 cycle=603600 time=9.507576e+00 dt=1.709564e-05
elapsed=1.002306e+05 cycle=603700 time=9.509262e+00 dt=1.661001e-05
elapsed=1.002438e+05 cycle=603800 time=9.510892e+00 dt=1.599720e-05
elapsed=1.002572e+05 cycle=603900 time=9.512491e+00 dt=1.598041e-05
elapsed=1.002720e+05 cycle=604000 time=9.514051e+00 dt=1.515675e-05
elapsed=1.002849e+05 cycle=604100 time=9.515577e+00 dt=1.575736e-05
elapsed=1.002981e+05 cycle=604200 time=9.517164e+00 dt=1.547746e-05
elapsed=1.003126e+05 cycle=604300 time=9.518640e+00 dt=1.406993e-05
elapsed=1.003254e+05 cycle=604400 time=9.520143e+00 dt=1.706156e-05
elapsed=1.003385e+05 cycle=604500 time=9.521828e+00 dt=1.661257e-05
elapsed=1.003528e+05 cycle=604600 time=9.523449e+00 dt=1.618114e-05
elapsed=1.003656e+05 cycle=604700 time=9.525065e+00 dt=1.607585e-05
elapsed=1.003795e+05 cycle=604800 time=9.526671e+00 dt=1.592670e-05
elapsed=1.003932e+05 cycle=604900 time=9.528228e+00 dt=1.520372e-05
elapsed=1.004060e+05 cycle=605000 time=9.529727e+00 dt=1.485995e-05
elapsed=1.004206e+05 cycle=605100 time=9.531206e+00 dt=1.477141e-05
elapsed=1.004339e+05 cycle=605200 time=9.532690e+00 dt=1.499161e-05
elapsed=1.004468e+05 cycle=605300 time=9.534160e+00 dt=1.438129e-05
elapsed=1.004618e+05 cycle=605400 time=9.535564e+00 dt=1.366530e-05
elapsed=1.004748e+05 cycle=605500 time=9.536894e+00 dt=1.293621e-05
elapsed=1.004883e+05 cycle=605600 time=9.538173e+00 dt=1.284094e-05
elapsed=1.005030e+05 cycle=605700 time=9.539503e+00 dt=1.394911e-05
elapsed=1.005162e+05 cycle=605800 time=9.540988e+00 dt=1.550685e-05
elapsed=1.005312e+05 cycle=605900 time=9.542548e+00 dt=1.572497e-05
elapsed=1.005447e+05 cycle=606000 time=9.544114e+00 dt=1.555541e-05
elapsed=1.005579e+05 cycle=606100 time=9.545647e+00 dt=1.507370e-05
elapsed=1.005733e+05 cycle=606200 time=9.547144e+00 dt=1.528243e-05
elapsed=1.005866e+05 cycle=606300 time=9.548736e+00 dt=1.593112e-05
elapsed=1.006011e+05 cycle=606400 time=9.550320e+00 dt=1.586317e-05
elapsed=1.006155e+05 cycle=606500 time=9.551891e+00 dt=1.532113e-05
elapsed=1.006290e+05 cycle=606600 time=9.553392e+00 dt=1.493845e-05
elapsed=1.006446e+05 cycle=606700 time=9.554914e+00 dt=1.531285e-05
elapsed=1.006581e+05 cycle=606800 time=9.556425e+00 dt=1.503835e-05
elapsed=1.006726e+05 cycle=606900 time=9.557938e+00 dt=1.533830e-05
elapsed=1.006874e+05 cycle=607000 time=9.559504e+00 dt=1.614764e-05
elapsed=1.007012e+05 cycle=607100 time=9.561114e+00 dt=1.574139e-05
elapsed=1.007169e+05 cycle=607200 time=9.562668e+00 dt=1.584899e-05
elapsed=1.007306e+05 cycle=607300 time=9.564307e+00 dt=1.643290e-05
elapsed=1.007445e+05 cycle=607400 time=9.565930e+00 dt=1.609471e-05
elapsed=1.007605e+05 cycle=607500 time=9.567545e+00 dt=1.627217e-05
elapsed=1.007742e+05 cycle=607600 time=9.569149e+00 dt=1.570503e-05
elapsed=1.007890e+05 cycle=607700 time=9.570715e+00 dt=1.601954e-05
elapsed=1.008039e+05 cycle=607800 time=9.572370e+00 dt=1.649581e-05
elapsed=1.008177e+05 cycle=607900 time=9.573984e+00 dt=1.579939e-05
elapsed=1.008336e+05 cycle=608000 time=9.575522e+00 dt=1.514386e-05
elapsed=1.008474e+05 cycle=608100 time=9.577021e+00 dt=1.505506e-05
elapsed=1.008624e+05 cycle=608200 time=9.578551e+00 dt=1.580503e-05
elapsed=1.008771e+05 cycle=608300 time=9.580167e+00 dt=1.672739e-05
elapsed=1.008908e+05 cycle=608400 time=9.581870e+00 dt=1.687585e-05
elapsed=1.009065e+05 cycle=608500 time=9.583552e+00 dt=1.723399e-05
elapsed=1.009200e+05 cycle=608600 time=9.585252e+00 dt=1.678130e-05
elapsed=1.009340e+05 cycle=608700 time=9.586908e+00 dt=1.643601e-05
elapsed=1.009489e+05 cycle=608800 time=9.588565e+00 dt=1.665699e-05
elapsed=1.009623e+05 cycle=608900 time=9.590204e+00 dt=1.635215e-05
elapsed=1.009777e+05 cycle=609000 time=9.591827e+00 dt=1.611761e-05
elapsed=1.009909e+05 cycle=609100 time=9.593427e+00 dt=1.589676e-05
elapsed=1.010041e+05 cycle=609200 time=9.595013e+00 dt=1.580709e-05
elapsed=1.010194e+05 cycle=609300 time=9.596592e+00 dt=1.579119e-05
elapsed=1.010326e+05 cycle=609400 time=9.598138e+00 dt=1.509572e-05
elapsed=1.010466e+05 cycle=609500 time=9.599613e+00 dt=1.429559e-05
elapsed=1.010610e+05 cycle=609600 time=9.601000e+00 dt=1.349556e-05
elapsed=1.010740e+05 cycle=609700 time=9.602378e+00 dt=1.453583e-05
elapsed=1.010892e+05 cycle=609800 time=9.603982e+00 dt=1.650539e-05
elapsed=1.011022e+05 cycle=609900 time=9.605605e+00 dt=1.596016e-05
elapsed=1.011152e+05 cycle=610000 time=9.607194e+00 dt=1.561589e-05
elapsed=1.011305e+05 cycle=610100 time=9.608730e+00 dt=1.511940e-05
elapsed=1.011436e+05 cycle=610200 time=9.610218e+00 dt=1.461742e-05
elapsed=1.011566e+05 cycle=610300 time=9.611652e+00 dt=1.404866e-05
elapsed=1.011717e+05 cycle=610400 time=9.613036e+00 dt=1.376721e-05
elapsed=1.011846e+05 cycle=610500 time=9.614429e+00 dt=1.415691e-05
elapsed=1.011989e+05 cycle=610600 time=9.615917e+00 dt=1.588682e-05
elapsed=1.012127e+05 cycle=610700 time=9.617572e+00 dt=1.655448e-05
elapsed=1.012257e+05 cycle=610800 time=9.619214e+00 dt=1.611201e-05
elapsed=1.012409e+05 cycle=610900 time=9.620803e+00 dt=1.566619e-05
elapsed=1.012539e+05 cycle=611000 time=9.622377e+00 dt=1.601503e-05
elapsed=1.012670e+05 cycle=611100 time=9.623969e+00 dt=1.569424e-05
elapsed=1.012822e+05 cycle=611200 time=9.625510e+00 dt=1.514896e-05
elapsed=1.012953e+05 cycle=611300 time=9.627004e+00 dt=1.476982e-05
elapsed=1.013093e+05 cycle=611400 time=9.628488e+00 dt=1.503647e-05
elapsed=1.013237e+05 cycle=611500 time=9.630001e+00 dt=1.492655e-05
elapsed=1.013369e+05 cycle=611600 time=9.631417e+00 dt=1.334536e-05
elapsed=1.013525e+05 cycle=611700 time=9.632833e+00 dt=1.543503e-05
elapsed=1.013658e+05 cycle=611800 time=9.634340e+00 dt=1.464046e-05
elapsed=1.013791e+05 cycle=611900 time=9.635759e+00 dt=1.383881e-05
elapsed=1.013945e+05 cycle=612000 time=9.637147e+00 dt=1.416889e-05
elapsed=1.014079e+05 cycle=612100 time=9.638630e+00 dt=1.536385e-05
elapsed=1.014231e+05 cycle=612200 time=9.640147e+00 dt=1.484234e-05
elapsed=1.014369e+05 cycle=612300 time=9.641613e+00 dt=1.451769e-05
elapsed=1.014505e+05 cycle=612400 time=9.643055e+00 dt=1.452844e-05
elapsed=1.014659e+05 cycle=612500 time=9.644560e+00 dt=1.569715e-05
elapsed=1.014793e+05 cycle=612600 time=9.646094e+00 dt=1.504517e-05
elapsed=1.014945e+05 cycle=612700 time=9.647553e+00 dt=1.401743e-05
elapsed=1.015082e+05 cycle=612800 time=9.648999e+00 dt=1.550152e-05
elapsed=1.015216e+05 cycle=612900 time=9.650516e+00 dt=1.489360e-05
elapsed=1.015373e+05 cycle=613000 time=9.651993e+00 dt=1.461170e-05
elapsed=1.015506e+05 cycle=613100 time=9.653463e+00 dt=1.484301e-05
elapsed=1.015645e+05 cycle=613200 time=9.654967e+00 dt=1.510867e-05
elapsed=1.015793e+05 cycle=613300 time=9.656464e+00 dt=1.487641e-05
elapsed=1.015925e+05 cycle=613400 time=9.657944e+00 dt=1.478872e-05
elapsed=1.016079e+05 cycle=613500 time=9.659433e+00 dt=1.495439e-05
elapsed=1.016211e+05 cycle=613600 time=9.660916e+00 dt=1.476515e-05
elapsed=1.016343e+05 cycle=613700 time=9.662375e+00 dt=1.446107e-05
elapsed=1.016495e+05 cycle=613800 time=9.663821e+00 dt=1.453997e-05
elapsed=1.016626e+05 cycle=613900 time=9.665343e+00 dt=1.540587e-05
elapsed=1.016771e+05 cycle=614000 time=9.666925e+00 dt=1.607181e-05
elapsed=1.016908e+05 cycle=614100 time=9.668527e+00 dt=1.593078e-05
elapsed=1.017038e+05 cycle=614200 time=9.670079e+00 dt=1.502697e-05
elapsed=1.017189e+05 cycle=614300 time=9.671539e+00 dt=1.425615e-05
elapsed=1.017317e+05 cycle=614400 time=9.672990e+00 dt=1.526168e-05
elapsed=1.017450e+05 cycle=614500 time=9.674569e+00 dt=1.587935e-05
elapsed=1.017596e+05 cycle=614600 time=9.676169e+00 dt=1.596468e-05
elapsed=1.017723e+05 cycle=614700 time=9.677786e+00 dt=1.626921e-05
elapsed=1.017858e+05 cycle=614800 time=9.679415e+00 dt=1.621613e-05
elapsed=1.017996e+05 cycle=614900 time=9.681018e+00 dt=1.584149e-05
elapsed=1.018120e+05 cycle=615000 time=9.682588e+00 dt=1.570239e-05
elapsed=1.018264e+05 cycle=615100 time=9.684179e+00 dt=1.590417e-05
elapsed=1.018386e+05 cycle=615200 time=9.685767e+00 dt=1.587562e-05
elapsed=1.018507e+05 cycle=615300 time=9.687352e+00 dt=1.580913e-05
elapsed=1.018650e+05 cycle=615400 time=9.688930e+00 dt=1.576803e-05
elapsed=1.018769e+05 cycle=615500 time=9.690498e+00 dt=1.557514e-05
elapsed=1.018887e+05 cycle=615600 time=9.692037e+00 dt=1.521012e-05
elapsed=1.019025e+05 cycle=615700 time=9.693543e+00 dt=1.489089e-05
elapsed=1.019141e+05 cycle=615800 time=9.695002e+00 dt=1.425434e-05
elapsed=1.019257e+05 cycle=615900 time=9.696376e+00 dt=1.312337e-05
elapsed=1.019395e+05 cycle=616000 time=9.697631e+00 dt=1.212539e-05
elapsed=1.019510e+05 cycle=616100 time=9.698866e+00 dt=1.319892e-05
elapsed=1.019625e+05 cycle=616200 time=9.700364e+00 dt=1.522427e-05
elapsed=1.019759e+05 cycle=616300 time=9.701839e+00 dt=1.415912e-05
elapsed=1.019872e+05 cycle=616400 time=9.703177e+00 dt=1.281079e-05
elapsed=1.019985e+05 cycle=616500 time=9.704558e+00 dt=1.394044e-05
elapsed=1.020120e+05 cycle=616600 time=9.705949e+00 dt=1.388777e-05
elapsed=1.020232e+05 cycle=616700 time=9.707322e+00 dt=1.373200e-05
elapsed=1.020343e+05 cycle=616800 time=9.708725e+00 dt=1.462819e-05
elapsed=1.020466e+05 cycle=616900 time=9.710191e+00 dt=1.456136e-05
elapsed=1.020587e+05 cycle=617000 time=9.711648e+00 dt=1.456260e-05
elapsed=1.020697e+05 cycle=617100 time=9.713099e+00 dt=1.440763e-05
elapsed=1.020817e+05 cycle=617200 time=9.714527e+00 dt=1.412022e-05
elapsed=1.020937e+05 cycle=617300 time=9.715920e+00 dt=1.375105e-05
elapsed=1.021047e+05 cycle=617400 time=9.717278e+00 dt=1.344357e-05
elapsed=1.021161e+05 cycle=617500 time=9.718613e+00 dt=1.326767e-05
elapsed=1.021285e+05 cycle=617600 time=9.719939e+00 dt=1.332518e-05
elapsed=1.021394e+05 cycle=617700 time=9.721279e+00 dt=1.348557e-05
elapsed=1.021502e+05 cycle=617800 time=9.722650e+00 dt=1.388754e-05
elapsed=1.021633e+05 cycle=617900 time=9.724059e+00 dt=1.429603e-05
elapsed=1.021740e+05 cycle=618000 time=9.725507e+00 dt=1.456960e-05
elapsed=1.021847e+05 cycle=618100 time=9.726963e+00 dt=1.474758e-05
elapsed=1.021972e+05 cycle=618200 time=9.728429e+00 dt=1.453873e-05
elapsed=1.022084e+05 cycle=618300 time=9.729874e+00 dt=1.438257e-05
elapsed=1.022190e+05 cycle=618400 time=9.731314e+00 dt=1.447776e-05
elapsed=1.022298e+05 cycle=618500 time=9.732771e+00 dt=1.492835e-05
elapsed=1.022424e+05 cycle=618600 time=9.734302e+00 dt=1.543886e-05
elapsed=1.022528e+05 cycle=618700 time=9.735847e+00 dt=1.546345e-05
elapsed=1.022632e+05 cycle=618800 time=9.737385e+00 dt=1.523343e-05
elapsed=1.022753e+05 cycle=618900 time=9.738897e+00 dt=1.514889e-05
elapsed=1.022861e+05 cycle=619000 time=9.740465e+00 dt=1.598381e-05
elapsed=1.022963e+05 cycle=619100 time=9.742025e+00 dt=1.540602e-05
elapsed=1.023072e+05 cycle=619200 time=9.743588e+00 dt=1.597870e-05
elapsed=1.023189e+05 cycle=619300 time=9.745157e+00 dt=1.551263e-05
elapsed=1.023291e+05 cycle=619400 time=9.746707e+00 dt=1.538197e-05
elapsed=1.023393e+05 cycle=619500 time=9.748228e+00 dt=1.555265e-05
elapsed=1.023516e+05 cycle=619600 time=9.749818e+00 dt=1.555860e-05
elapsed=1.023618e+05 cycle=619700 time=9.751322e+00 dt=1.474837e-05
elapsed=1.023720e+05 cycle=619800 time=9.752799e+00 dt=1.469890e-05
elapsed=1.023840e+05 cycle=619900 time=9.754258e+00 dt=1.421274e-05
elapsed=1.023944e+05 cycle=620000 time=9.755698e+00 dt=1.474089e-05
elapsed=1.024047e+05 cycle=620100 time=9.757155e+00 dt=1.452878e-05
elapsed=1.024159e+05 cycle=620200 time=9.758610e+00 dt=1.455807e-05
elapsed=1.024273e+05 cycle=620300 time=9.760082e+00 dt=1.507738e-05
elapsed=1.024376e+05 cycle=620400 time=9.761591e+00 dt=1.505454e-05
elapsed=1.024478e+05 cycle=620500 time=9.763094e+00 dt=1.494027e-05
elapsed=1.024602e+05 cycle=620600 time=9.764568e+00 dt=1.450216e-05
elapsed=1.024705e+05 cycle=620700 time=9.765981e+00 dt=1.366852e-05
elapsed=1.024808e+05 cycle=620800 time=9.767311e+00 dt=1.307189e-05
elapsed=1.024926e+05 cycle=620900 time=9.768657e+00 dt=1.428280e-05
elapsed=1.025035e+05 cycle=621000 time=9.770145e+00 dt=1.507107e-05
elapsed=1.025139e+05 cycle=621100 time=9.771650e+00 dt=1.506761e-05
elapsed=1.025248e+05 cycle=621200 time=9.773086e+00 dt=1.385808e-05
elapsed=1.025369e+05 cycle=621300 time=9.774521e+00 dt=1.501506e-05
elapsed=1.025473e+05 cycle=621400 time=9.776021e+00 dt=1.497996e-05
elapsed=1.025577e+05 cycle=621500 time=9.777498e+00 dt=1.445081e-05
elapsed=1.025702e+05 cycle=621600 time=9.778913e+00 dt=1.343497e-05
elapsed=1.025807e+05 cycle=621700 time=9.780217e+00 dt=1.317685e-05
elapsed=1.025912e+05 cycle=621800 time=9.781607e+00 dt=1.422172e-05
elapsed=1.026030e+05 cycle=621900 time=9.783082e+00 dt=1.517615e-05
elapsed=1.026142e+05 cycle=622000 time=9.784616e+00 dt=1.534659e-05
elapsed=1.026249e+05 cycle=622100 time=9.786099e+00 dt=1.520042e-05
elapsed=1.026356e+05 cycle=622200 time=9.787660e+00 dt=1.554796e-05
elapsed=1.026484e+05 cycle=622300 time=9.789182e+00 dt=1.526923e-05
elapsed=1.026591e+05 cycle=622400 time=9.790741e+00 dt=1.565026e-05
elapsed=1.026698e+05 cycle=622500 time=9.792300e+00 dt=1.566342e-05
elapsed=1.026823e+05 cycle=622600 time=9.793825e+00 dt=1.464165e-05
elapsed=1.026933e+05 cycle=622700 time=9.795282e+00 dt=1.443863e-05
elapsed=1.027039e+05 cycle=622800 time=9.796727e+00 dt=1.428895e-05
elapsed=1.027164e+05 cycle=622900 time=9.798177e+00 dt=1.544250e-05
elapsed=1.027276e+05 cycle=623000 time=9.799722e+00 dt=1.523932e-05
elapsed=1.027388e+05 cycle=623100 time=9.801329e+00 dt=1.645164e-05
elapsed=1.027550e+05 cycle=623200 time=9.802960e+00 dt=1.617904e-05
elapsed=1.027690e+05 cycle=623300 time=9.804578e+00 dt=1.638440e-05
elapsed=1.027836e+05 cycle=623400 time=9.806179e+00 dt=1.550002e-05
elapsed=1.027950e+05 cycle=623500 time=9.807664e+00 dt=1.447326e-05
elapsed=1.028064e+05 cycle=623600 time=9.809134e+00 dt=1.477309e-05
elapsed=1.028197e+05 cycle=623700 time=9.810632e+00 dt=1.508238e-05
elapsed=1.028339e+05 cycle=623800 time=9.812171e+00 dt=1.548011e-05
elapsed=1.028457e+05 cycle=623900 time=9.813660e+00 dt=1.438446e-05
elapsed=1.028585e+05 cycle=624000 time=9.815089e+00 dt=1.405659e-05
elapsed=1.028722e+05 cycle=624100 time=9.816574e+00 dt=1.554767e-05
elapsed=1.028845e+05 cycle=624200 time=9.818131e+00 dt=1.555222e-05
elapsed=1.028978e+05 cycle=624300 time=9.819688e+00 dt=1.564344e-05
elapsed=1.029117e+05 cycle=624400 time=9.821266e+00 dt=1.590668e-05
elapsed=1.029246e+05 cycle=624500 time=9.822869e+00 dt=1.605049e-05
elapsed=1.029397e+05 cycle=624600 time=9.824478e+00 dt=1.610482e-05
elapsed=1.029528e+05 cycle=624700 time=9.826056e+00 dt=1.560810e-05
elapsed=1.029671e+05 cycle=624800 time=9.827614e+00 dt=1.573443e-05
elapsed=1.029819e+05 cycle=624900 time=9.829253e+00 dt=1.645154e-05
elapsed=1.029958e+05 cycle=625000 time=9.830886e+00 dt=1.617467e-05
elapsed=1.030119e+05 cycle=625100 time=9.832474e+00 dt=1.554096e-05
elapsed=1.030261e+05 cycle=625200 time=9.834012e+00 dt=1.522442e-05
elapsed=1.030427e+05 cycle=625300 time=9.835530e+00 dt=1.518275e-05
elapsed=1.030574e+05 cycle=625400 time=9.837058e+00 dt=1.533896e-05
elapsed=1.030734e+05 cycle=625500 time=9.838583e+00 dt=1.524487e-05
elapsed=1.030908e+05 cycle=625600 time=9.840091e+00 dt=1.488285e-05
elapsed=1.031075e+05 cycle=625700 time=9.841561e+00 dt=1.439957e-05
elapsed=1.031242e+05 cycle=625800 time=9.842971e+00 dt=1.422256e-05
elapsed=1.031411e+05 cycle=625900 time=9.844461e+00 dt=1.510798e-05
elapsed=1.031586e+05 cycle=626000 time=9.846038e+00 dt=1.593960e-05
elapsed=1.031761e+05 cycle=626100 time=9.847603e+00 dt=1.577560e-05
elapsed=1.031940e+05 cycle=626200 time=9.849185e+00 dt=1.573185e-05
elapsed=1.032124e+05 cycle=626300 time=9.850762e+00 dt=1.587603e-05
elapsed=1.032307e+05 cycle=626400 time=9.852338e+00 dt=1.572975e-05
elapsed=1.032502e+05 cycle=626500 time=9.853921e+00 dt=1.595307e-05
elapsed=1.032684e+05 cycle=626600 time=9.855562e+00 dt=1.674343e-05
elapsed=1.032888e+05 cycle=626700 time=9.857236e+00 dt=1.691059e-05
elapsed=1.033074e+05 cycle=626800 time=9.858916e+00 dt=1.662349e-05
elapsed=1.033285e+05 cycle=626900 time=9.860567e+00 dt=1.638874e-05
elapsed=1.033479e+05 cycle=627000 time=9.862215e+00 dt=1.659334e-05
elapsed=1.033696e+05 cycle=627100 time=9.863882e+00 dt=1.678190e-05
elapsed=1.033918e+05 cycle=627200 time=9.865562e+00 dt=1.669174e-05
elapsed=1.034121e+05 cycle=627300 time=9.867184e+00 dt=1.540778e-05
elapsed=1.034350e+05 cycle=627400 time=9.868715e+00 dt=1.633585e-05
elapsed=1.034580e+05 cycle=627500 time=9.870356e+00 dt=1.606245e-05
elapsed=1.034799e+05 cycle=627600 time=9.871941e+00 dt=1.612576e-05
elapsed=1.035040e+05 cycle=627700 time=9.873566e+00 dt=1.615774e-05
elapsed=1.035284e+05 cycle=627800 time=9.875154e+00 dt=1.560426e-05
elapsed=1.035513e+05 cycle=627900 time=9.876745e+00 dt=1.646244e-05
elapsed=1.035766e+05 cycle=628000 time=9.878372e+00 dt=1.602437e-05
elapsed=1.036024e+05 cycle=628100 time=9.879952e+00 dt=1.554979e-05
elapsed=1.036270e+05 cycle=628200 time=9.881491e+00 dt=1.528656e-05
elapsed=1.036532e+05 cycle=628300 time=9.883021e+00 dt=1.534635e-05
elapsed=1.036805e+05 cycle=628400 time=9.884574e+00 dt=1.572980e-05
elapsed=1.037079e+05 cycle=628500 time=9.886132e+00 dt=1.557607e-05
elapsed=1.037338e+05 cycle=628600 time=9.887683e+00 dt=1.542298e-05
elapsed=1.037617e+05 cycle=628700 time=9.889225e+00 dt=1.551663e-05
elapsed=1.037904e+05 cycle=628800 time=9.890767e+00 dt=1.542880e-05
elapsed=1.038193e+05 cycle=628900 time=9.892313e+00 dt=1.553180e-05
elapsed=1.038486e+05 cycle=629000 time=9.893880e+00 dt=1.574328e-05
elapsed=1.038769e+05 cycle=629100 time=9.895460e+00 dt=1.596649e-05
elapsed=1.039060e+05 cycle=629200 time=9.897066e+00 dt=1.607345e-05
elapsed=1.039364e+05 cycle=629300 time=9.898672e+00 dt=1.625903e-05
elapsed=1.039671e+05 cycle=629400 time=9.900311e+00 dt=1.630110e-05
elapsed=1.039981e+05 cycle=629500 time=9.901919e+00 dt=1.591859e-05
elapsed=1.040294e+05 cycle=629600 time=9.903493e+00 dt=1.561726e-05
elapsed=1.040612e+05 cycle=629700 time=9.905054e+00 dt=1.564183e-05
elapsed=1.040931e+05 cycle=629800 time=9.906622e+00 dt=1.568343e-05
elapsed=1.041250e+05 cycle=629900 time=9.908162e+00 dt=1.514397e-05
elapsed=1.041567e+05 cycle=630000 time=9.909660e+00 dt=1.487019e-05
elapsed=1.041887e+05 cycle=630100 time=9.911174e+00 dt=1.561589e-05
elapsed=1.042219e+05 cycle=630200 time=9.912779e+00 dt=1.608648e-05
elapsed=1.042553e+05 cycle=630300 time=9.914401e+00 dt=1.665905e-05
elapsed=1.042891e+05 cycle=630400 time=9.916093e+00 dt=1.695875e-05
elapsed=1.043232e+05 cycle=630500 time=9.917769e+00 dt=1.651325e-05
elapsed=1.043577e+05 cycle=630600 time=9.919400e+00 dt=1.612142e-05
elapsed=1.043924e+05 cycle=630700 time=9.920966e+00 dt=1.520802e-05
elapsed=1.044273e+05 cycle=630800 time=9.922504e+00 dt=1.533538e-05
elapsed=1.044625e+05 cycle=630900 time=9.924018e+00 dt=1.496525e-05
elapsed=1.044979e+05 cycle=631000 time=9.925511e+00 dt=1.509398e-05
elapsed=1.045336e+05 cycle=631100 time=9.927049e+00 dt=1.552029e-05
elapsed=1.045695e+05 cycle=631200 time=9.928624e+00 dt=1.604549e-05
elapsed=1.046056e+05 cycle=631300 time=9.930217e+00 dt=1.609601e-05
elapsed=1.046420e+05 cycle=631400 time=9.931910e+00 dt=1.707790e-05
elapsed=1.046786e+05 cycle=631500 time=9.933603e+00 dt=1.636922e-05
elapsed=1.047153e+05 cycle=631600 time=9.935278e+00 dt=1.687710e-05
elapsed=1.047523e+05 cycle=631700 time=9.936935e+00 dt=1.659690e-05
elapsed=1.047894e+05 cycle=631800 time=9.938642e+00 dt=1.720482e-05
elapsed=1.048272e+05 cycle=631900 time=9.940360e+00 dt=1.714339e-05
elapsed=1.048660e+05 cycle=632000 time=9.942044e+00 dt=1.678551e-05
elapsed=1.049043e+05 cycle=632100 time=9.943756e+00 dt=1.729828e-05
elapsed=1.049423e+05 cycle=632200 time=9.945468e+00 dt=1.683968e-05
elapsed=1.049802e+05 cycle=632300 time=9.947139e+00 dt=1.666836e-05
elapsed=1.050183e+05 cycle=632400 time=9.948789e+00 dt=1.624826e-05
elapsed=1.050565e+05 cycle=632500 time=9.950392e+00 dt=1.582479e-05
elapsed=1.050949e+05 cycle=632600 time=9.951955e+00 dt=1.537740e-05
elapsed=1.051333e+05 cycle=632700 time=9.953466e+00 dt=1.479695e-05
elapsed=1.051717e+05 cycle=632800 time=9.954915e+00 dt=1.442429e-05
elapsed=1.052103e+05 cycle=632900 time=9.956344e+00 dt=1.411733e-05
elapsed=1.052489e+05 cycle=633000 time=9.957767e+00 dt=1.415865e-05
elapsed=1.052875e+05 cycle=633100 time=9.959253e+00 dt=1.629040e-05
elapsed=1.053263e+05 cycle=633200 time=9.960909e+00 dt=1.667420e-05
elapsed=1.053655e+05 cycle=633300 time=9.962642e+00 dt=1.784364e-05
elapsed=1.054045e+05 cycle=633400 time=9.964397e+00 dt=1.756282e-05
elapsed=1.054438e+05 cycle=633500 time=9.966164e+00 dt=1.734418e-05
elapsed=1.054828e+05 cycle=633600 time=9.967868e+00 dt=1.680668e-05
elapsed=1.055221e+05 cycle=633700 time=9.969548e+00 dt=1.654483e-05
elapsed=1.055609e+05 cycle=633800 time=9.971130e+00 dt=1.519853e-05
elapsed=1.055996e+05 cycle=633900 time=9.972836e+00 dt=1.786401e-05
elapsed=1.056384e+05 cycle=634000 time=9.974608e+00 dt=1.744221e-05
elapsed=1.056772e+05 cycle=634100 time=9.976321e+00 dt=1.684804e-05
elapsed=1.057161e+05 cycle=634200 time=9.977989e+00 dt=1.654300e-05
elapsed=1.057549e+05 cycle=634300 time=9.979634e+00 dt=1.635908e-05
elapsed=1.057938e+05 cycle=634400 time=9.981264e+00 dt=1.631364e-05
elapsed=1.058332e+05 cycle=634500 time=9.982929e+00 dt=1.735293e-05
elapsed=1.058726e+05 cycle=634600 time=9.984626e+00 dt=1.618250e-05
elapsed=1.059124e+05 cycle=634700 time=9.986226e+00 dt=1.598258e-05
elapsed=1.059512e+05 cycle=634800 time=9.987792e+00 dt=1.544239e-05
elapsed=1.059901e+05 cycle=634900 time=9.989344e+00 dt=1.573203e-05
elapsed=1.060290e+05 cycle=635000 time=9.990950e+00 dt=1.635776e-05
elapsed=1.060678e+05 cycle=635100 time=9.992642e+00 dt=1.720009e-05
elapsed=1.061066e+05 cycle=635200 time=9.994340e+00 dt=1.685195e-05
elapsed=1.061454e+05 cycle=635300 time=9.996019e+00 dt=1.660166e-05
elapsed=1.061841e+05 cycle=635400 time=9.997595e+00 dt=1.487037e-05
elapsed=1.062240e+05 cycle=635500 time=9.999008e+00 dt=1.356355e-05

Terminating on time limit
time=1.000000e+01 cycle=635574
tlim=1.000000e+01 nlim=-1

MeshBlock-cycles = 20338368
cpu time used  = 1.062521e+05
zone-cycles/cpu_second = 1.254465e+07
particle-updates/cpu_second = 0.000000e+00
