
============================================================
 Starting resolution: 128x256  (nx1=128, nx2=256)
 MPI ranks : 16
 Meshblock : 128 x 16
 Output dir: /home/sasi/Projects/SubgridCGMModel/simulation_outputs/hr_mpi_128x256
 Log file  : /home/sasi/Projects/SubgridCGMModel/simulation_outputs/hr_mpi_128x256/128x256.log
============================================================
  Written: /home/sasi/Projects/SubgridCGMModel/simulation_outputs/hr_mpi_128x256/kh_radiative_128x256.athinput
  Resolved mesh settings:
    nx1       = 128        # Number of zones in X1-direction
    nx2       = 256        # Number of zones in X2-direction
    nx3       = 1           # Number of zones in X3-direction
    nx1       = 128        # Number of cells in each MeshBlock, X1-dir
    nx2       = 16      # Number of cells in each MeshBlock, X2-dir
    nx3       = 1          # Number of cells in each MeshBlock, X3-dir
[2026-07-29 20:59:15] Launching mpirun for 128x256 ...
Authorization required, but no authorization protocol specified
Authorization required, but no authorization protocol specified

Root grid = 1 x 16 x 1 MeshBlocks
Total number of MeshBlocks = 16
Number of logical  levels of refinement = 4 (5 levels total)
Number of physical levels of refinement = 0 (1 levels total)
Number of parallel ranks = 16
  Rank = 0: 1 MeshBlocks, cost = 1
  Rank = 1: 1 MeshBlocks, cost = 1
  Rank = 2: 1 MeshBlocks, cost = 1
  Rank = 3: 1 MeshBlocks, cost = 1
  Rank = 4: 1 MeshBlocks, cost = 1
  Rank = 5: 1 MeshBlocks, cost = 1
  Rank = 6: 1 MeshBlocks, cost = 1
  Rank = 7: 1 MeshBlocks, cost = 1
  Rank = 8: 1 MeshBlocks, cost = 1
  Rank = 9: 1 MeshBlocks, cost = 1
  Rank = 10: 1 MeshBlocks, cost = 1
  Rank = 11: 1 MeshBlocks, cost = 1
  Rank = 12: 1 MeshBlocks, cost = 1
  Rank = 13: 1 MeshBlocks, cost = 1
  Rank = 14: 1 MeshBlocks, cost = 1
  Rank = 15: 1 MeshBlocks, cost = 1
Load Balancing:
  Maximum normalized cost = 1, Average = 1

Setup complete, executing task list(s)...

elapsed=7.924724e-03 cycle=0 time=0.000000e+00 dt=1.730258e-04
elapsed=4.040632e-01 cycle=100 time=1.729874e-02 dt=1.730194e-04
elapsed=7.862400e-01 cycle=200 time=3.460098e-02 dt=1.730236e-04
elapsed=1.163177e+00 cycle=300 time=5.190337e-02 dt=1.730242e-04
elapsed=1.538783e+00 cycle=400 time=6.919396e-02 dt=1.731933e-04
elapsed=1.916262e+00 cycle=500 time=8.647332e-02 dt=1.726746e-04
elapsed=2.412174e+00 cycle=600 time=1.037111e-01 dt=1.725714e-04
elapsed=3.570715e+00 cycle=700 time=1.209561e-01 dt=1.723515e-04
elapsed=4.042843e+00 cycle=800 time=1.380663e-01 dt=1.688735e-04
elapsed=4.469162e+00 cycle=900 time=1.548716e-01 dt=1.665493e-04
elapsed=4.895577e+00 cycle=1000 time=1.715362e-01 dt=1.660425e-04
elapsed=5.319293e+00 cycle=1100 time=1.881455e-01 dt=1.653433e-04
elapsed=5.745408e+00 cycle=1200 time=2.046628e-01 dt=1.655295e-04
elapsed=6.171365e+00 cycle=1300 time=2.211120e-01 dt=1.635702e-04
elapsed=6.595301e+00 cycle=1400 time=2.375047e-01 dt=1.634257e-04
elapsed=7.021700e+00 cycle=1500 time=2.539033e-01 dt=1.626741e-04
elapsed=7.448051e+00 cycle=1600 time=2.702269e-01 dt=1.647702e-04
elapsed=7.872539e+00 cycle=1700 time=2.866779e-01 dt=1.644295e-04
elapsed=8.299169e+00 cycle=1800 time=3.033177e-01 dt=1.648775e-04
elapsed=8.723701e+00 cycle=1900 time=3.198328e-01 dt=1.655746e-04
elapsed=9.150447e+00 cycle=2000 time=3.363422e-01 dt=1.659419e-04
elapsed=9.567637e+00 cycle=2100 time=3.529024e-01 dt=1.659916e-04
elapsed=9.950280e+00 cycle=2200 time=3.694166e-01 dt=1.657502e-04
elapsed=1.030027e+01 cycle=2300 time=3.859600e-01 dt=1.661218e-04
elapsed=1.052611e+01 cycle=2400 time=4.024805e-01 dt=1.657942e-04
elapsed=1.073277e+01 cycle=2500 time=4.190221e-01 dt=1.653908e-04
elapsed=1.094441e+01 cycle=2600 time=4.354165e-01 dt=1.624290e-04
elapsed=1.115149e+01 cycle=2700 time=4.516361e-01 dt=1.623601e-04
elapsed=1.135584e+01 cycle=2800 time=4.677505e-01 dt=1.593663e-04
elapsed=1.156218e+01 cycle=2900 time=4.836978e-01 dt=1.595771e-04
elapsed=1.176946e+01 cycle=3000 time=4.996771e-01 dt=1.583749e-04
elapsed=1.197812e+01 cycle=3100 time=5.154913e-01 dt=1.581351e-04
elapsed=1.218401e+01 cycle=3200 time=5.313768e-01 dt=1.592181e-04
elapsed=1.238791e+01 cycle=3300 time=5.471989e-01 dt=1.577851e-04
elapsed=1.259305e+01 cycle=3400 time=5.628926e-01 dt=1.576956e-04
elapsed=1.279838e+01 cycle=3500 time=5.786321e-01 dt=1.575867e-04
elapsed=1.300973e+01 cycle=3600 time=5.943992e-01 dt=1.569185e-04
elapsed=1.321539e+01 cycle=3700 time=6.102090e-01 dt=1.583900e-04
elapsed=1.341880e+01 cycle=3800 time=6.259218e-01 dt=1.540525e-04
elapsed=1.362379e+01 cycle=3900 time=6.411767e-01 dt=1.542044e-04
elapsed=1.382755e+01 cycle=4000 time=6.563317e-01 dt=1.496511e-04
elapsed=1.404228e+01 cycle=4100 time=6.717217e-01 dt=1.595564e-04
elapsed=1.425583e+01 cycle=4200 time=6.876245e-01 dt=1.591517e-04
elapsed=1.446928e+01 cycle=4300 time=7.035408e-01 dt=1.590195e-04
elapsed=1.468769e+01 cycle=4400 time=7.193029e-01 dt=1.558334e-04
elapsed=1.491106e+01 cycle=4500 time=7.350129e-01 dt=1.564799e-04
elapsed=1.514014e+01 cycle=4600 time=7.505236e-01 dt=1.537803e-04
elapsed=1.536935e+01 cycle=4700 time=7.657290e-01 dt=1.507553e-04
elapsed=1.560974e+01 cycle=4800 time=7.809864e-01 dt=1.531606e-04
elapsed=1.587340e+01 cycle=4900 time=7.962677e-01 dt=1.520281e-04
elapsed=1.614642e+01 cycle=5000 time=8.112662e-01 dt=1.487691e-04
elapsed=1.643886e+01 cycle=5100 time=8.261705e-01 dt=1.485770e-04
elapsed=1.674974e+01 cycle=5200 time=8.409759e-01 dt=1.454233e-04
elapsed=1.706927e+01 cycle=5300 time=8.553652e-01 dt=1.429257e-04
elapsed=1.741165e+01 cycle=5400 time=8.701308e-01 dt=1.532227e-04
elapsed=1.776013e+01 cycle=5500 time=8.855506e-01 dt=1.535525e-04
elapsed=1.813276e+01 cycle=5600 time=9.009782e-01 dt=1.538411e-04
elapsed=1.851719e+01 cycle=5700 time=9.162866e-01 dt=1.518062e-04
elapsed=1.891024e+01 cycle=5800 time=9.313234e-01 dt=1.491132e-04
elapsed=1.932261e+01 cycle=5900 time=9.460714e-01 dt=1.448615e-04
elapsed=1.974763e+01 cycle=6000 time=9.601772e-01 dt=1.357954e-04
elapsed=2.017376e+01 cycle=6100 time=9.733595e-01 dt=1.299598e-04
elapsed=2.061846e+01 cycle=6200 time=9.877033e-01 dt=1.553512e-04
elapsed=2.107930e+01 cycle=6300 time=1.003237e+00 dt=1.532775e-04
elapsed=2.154466e+01 cycle=6400 time=1.018654e+00 dt=1.532820e-04
elapsed=2.202680e+01 cycle=6500 time=1.034052e+00 dt=1.563675e-04
elapsed=2.252062e+01 cycle=6600 time=1.049656e+00 dt=1.562942e-04
elapsed=2.302622e+01 cycle=6700 time=1.065162e+00 dt=1.536241e-04
elapsed=2.354291e+01 cycle=6800 time=1.080650e+00 dt=1.568425e-04
elapsed=2.406992e+01 cycle=6900 time=1.096216e+00 dt=1.550529e-04
elapsed=2.460991e+01 cycle=7000 time=1.111662e+00 dt=1.536156e-04
elapsed=2.516232e+01 cycle=7100 time=1.126903e+00 dt=1.523466e-04
elapsed=2.573013e+01 cycle=7200 time=1.142026e+00 dt=1.501048e-04
elapsed=2.630842e+01 cycle=7300 time=1.156946e+00 dt=1.493268e-04
elapsed=2.690440e+01 cycle=7400 time=1.172109e+00 dt=1.524432e-04
elapsed=2.750564e+01 cycle=7500 time=1.187283e+00 dt=1.501608e-04
elapsed=2.829958e+01 cycle=7600 time=1.202449e+00 dt=1.531443e-04
elapsed=2.912790e+01 cycle=7700 time=1.217666e+00 dt=1.511203e-04
elapsed=2.996411e+01 cycle=7800 time=1.232768e+00 dt=1.497608e-04
elapsed=3.079161e+01 cycle=7900 time=1.247716e+00 dt=1.496861e-04
elapsed=3.162690e+01 cycle=8000 time=1.262614e+00 dt=1.481416e-04
elapsed=3.246002e+01 cycle=8100 time=1.277383e+00 dt=1.465334e-04
elapsed=3.329031e+01 cycle=8200 time=1.291999e+00 dt=1.452433e-04
elapsed=3.412368e+01 cycle=8300 time=1.306475e+00 dt=1.439869e-04
elapsed=3.495923e+01 cycle=8400 time=1.320757e+00 dt=1.449792e-04
elapsed=3.578855e+01 cycle=8500 time=1.335390e+00 dt=1.411319e-04
elapsed=3.661981e+01 cycle=8600 time=1.349961e+00 dt=1.487993e-04
elapsed=3.745195e+01 cycle=8700 time=1.364710e+00 dt=1.460199e-04
elapsed=3.828573e+01 cycle=8800 time=1.379367e+00 dt=1.461956e-04
elapsed=3.911616e+01 cycle=8900 time=1.393944e+00 dt=1.460789e-04
elapsed=3.994970e+01 cycle=9000 time=1.408599e+00 dt=1.492898e-04
elapsed=4.078107e+01 cycle=9100 time=1.423548e+00 dt=1.493579e-04
elapsed=4.161813e+01 cycle=9200 time=1.438362e+00 dt=1.477362e-04
elapsed=4.245781e+01 cycle=9300 time=1.453041e+00 dt=1.467062e-04
elapsed=4.329147e+01 cycle=9400 time=1.467754e+00 dt=1.474093e-04
elapsed=4.413958e+01 cycle=9500 time=1.482496e+00 dt=1.472848e-04
elapsed=4.498269e+01 cycle=9600 time=1.497152e+00 dt=1.454391e-04
elapsed=4.583314e+01 cycle=9700 time=1.511670e+00 dt=1.448754e-04
elapsed=4.667886e+01 cycle=9800 time=1.526050e+00 dt=1.438481e-04
elapsed=4.752261e+01 cycle=9900 time=1.540385e+00 dt=1.436179e-04
elapsed=4.836963e+01 cycle=10000 time=1.554817e+00 dt=1.452086e-04
elapsed=4.921665e+01 cycle=10100 time=1.569485e+00 dt=1.470755e-04
elapsed=5.006889e+01 cycle=10200 time=1.584157e+00 dt=1.458980e-04
elapsed=5.092344e+01 cycle=10300 time=1.598669e+00 dt=1.455482e-04
elapsed=5.178049e+01 cycle=10400 time=1.613400e+00 dt=1.480433e-04
elapsed=5.262899e+01 cycle=10500 time=1.628329e+00 dt=1.505119e-04
elapsed=5.348564e+01 cycle=10600 time=1.643536e+00 dt=1.530055e-04
elapsed=5.433979e+01 cycle=10700 time=1.658751e+00 dt=1.511765e-04
elapsed=5.519646e+01 cycle=10800 time=1.673740e+00 dt=1.487478e-04
elapsed=5.605095e+01 cycle=10900 time=1.688585e+00 dt=1.481146e-04
elapsed=5.690843e+01 cycle=11000 time=1.703284e+00 dt=1.457516e-04
elapsed=5.776349e+01 cycle=11100 time=1.717889e+00 dt=1.472961e-04
elapsed=5.862084e+01 cycle=11200 time=1.732640e+00 dt=1.441681e-04
elapsed=5.947567e+01 cycle=11300 time=1.746790e+00 dt=1.388328e-04
elapsed=6.033325e+01 cycle=11400 time=1.760361e+00 dt=1.386655e-04
elapsed=6.118804e+01 cycle=11500 time=1.774987e+00 dt=1.428027e-04
elapsed=6.204307e+01 cycle=11600 time=1.789058e+00 dt=1.513134e-04
elapsed=6.290022e+01 cycle=11700 time=1.803511e+00 dt=1.489396e-04
elapsed=6.375577e+01 cycle=11800 time=1.818549e+00 dt=1.554748e-04
elapsed=6.461278e+01 cycle=11900 time=1.833832e+00 dt=1.480690e-04
elapsed=6.546836e+01 cycle=12000 time=1.849079e+00 dt=1.542449e-04
elapsed=6.632501e+01 cycle=12100 time=1.864591e+00 dt=1.562701e-04
elapsed=6.717959e+01 cycle=12200 time=1.879955e+00 dt=1.478573e-04
elapsed=6.803572e+01 cycle=12300 time=1.894429e+00 dt=1.468635e-04
elapsed=6.849596e+01 cycle=12400 time=1.908841e+00 dt=1.495990e-04
elapsed=6.870177e+01 cycle=12500 time=1.924623e+00 dt=1.583491e-04
elapsed=6.890718e+01 cycle=12600 time=1.940517e+00 dt=1.592635e-04
elapsed=6.911036e+01 cycle=12700 time=1.956411e+00 dt=1.595332e-04
elapsed=6.931553e+01 cycle=12800 time=1.972482e+00 dt=1.612473e-04
elapsed=6.951870e+01 cycle=12900 time=1.988484e+00 dt=1.592263e-04
elapsed=6.972529e+01 cycle=13000 time=2.004328e+00 dt=1.572637e-04
elapsed=6.993057e+01 cycle=13100 time=2.020117e+00 dt=1.575208e-04
elapsed=7.013441e+01 cycle=13200 time=2.035808e+00 dt=1.562127e-04
elapsed=7.033981e+01 cycle=13300 time=2.051369e+00 dt=1.555671e-04
elapsed=7.054328e+01 cycle=13400 time=2.066908e+00 dt=1.545589e-04
elapsed=7.074911e+01 cycle=13500 time=2.082368e+00 dt=1.543981e-04
elapsed=7.095233e+01 cycle=13600 time=2.097698e+00 dt=1.518960e-04
elapsed=7.115763e+01 cycle=13700 time=2.112837e+00 dt=1.503734e-04
elapsed=7.136116e+01 cycle=13800 time=2.127827e+00 dt=1.491612e-04
elapsed=7.156695e+01 cycle=13900 time=2.142896e+00 dt=1.511731e-04
elapsed=7.177062e+01 cycle=14000 time=2.158005e+00 dt=1.490796e-04
elapsed=7.197632e+01 cycle=14100 time=2.172764e+00 dt=1.463089e-04
elapsed=7.217979e+01 cycle=14200 time=2.187481e+00 dt=1.476418e-04
elapsed=7.238580e+01 cycle=14300 time=2.202311e+00 dt=1.483105e-04
elapsed=7.258970e+01 cycle=14400 time=2.216988e+00 dt=1.464525e-04
elapsed=7.279583e+01 cycle=14500 time=2.231638e+00 dt=1.457653e-04
elapsed=7.299929e+01 cycle=14600 time=2.246186e+00 dt=1.461363e-04
elapsed=7.320524e+01 cycle=14700 time=2.260876e+00 dt=1.463678e-04
elapsed=7.340894e+01 cycle=14800 time=2.275516e+00 dt=1.466740e-04
elapsed=7.385643e+01 cycle=14900 time=2.289829e+00 dt=1.368983e-04
elapsed=7.448177e+01 cycle=15000 time=2.302627e+00 dt=1.227034e-04
elapsed=7.511225e+01 cycle=15100 time=2.315988e+00 dt=1.369189e-04
elapsed=7.574959e+01 cycle=15200 time=2.329454e+00 dt=1.343421e-04
elapsed=7.639453e+01 cycle=15300 time=2.343275e+00 dt=1.419265e-04
elapsed=7.704053e+01 cycle=15400 time=2.357678e+00 dt=1.453399e-04
elapsed=7.769236e+01 cycle=15500 time=2.372161e+00 dt=1.457889e-04
elapsed=7.834319e+01 cycle=15600 time=2.386806e+00 dt=1.470673e-04
elapsed=7.900841e+01 cycle=15700 time=2.401445e+00 dt=1.463394e-04
elapsed=7.967887e+01 cycle=15800 time=2.416069e+00 dt=1.451279e-04
elapsed=8.035783e+01 cycle=15900 time=2.430398e+00 dt=1.408227e-04
elapsed=8.103519e+01 cycle=16000 time=2.444351e+00 dt=1.389172e-04
elapsed=8.171795e+01 cycle=16100 time=2.458010e+00 dt=1.313441e-04
elapsed=8.240307e+01 cycle=16200 time=2.470907e+00 dt=1.275846e-04
elapsed=8.311145e+01 cycle=16300 time=2.483824e+00 dt=1.311819e-04
elapsed=8.396649e+01 cycle=16400 time=2.496595e+00 dt=1.195692e-04
elapsed=8.481685e+01 cycle=16500 time=2.508261e+00 dt=1.165397e-04
elapsed=8.567382e+01 cycle=16600 time=2.520661e+00 dt=1.304519e-04
elapsed=8.652906e+01 cycle=16700 time=2.533208e+00 dt=1.241342e-04
elapsed=8.738669e+01 cycle=16800 time=2.546644e+00 dt=1.372383e-04
elapsed=8.824416e+01 cycle=16900 time=2.560444e+00 dt=1.386114e-04
elapsed=8.909460e+01 cycle=17000 time=2.574166e+00 dt=1.337526e-04
elapsed=8.995080e+01 cycle=17100 time=2.587033e+00 dt=1.214425e-04
elapsed=9.080602e+01 cycle=17200 time=2.598621e+00 dt=1.157103e-04
elapsed=9.166376e+01 cycle=17300 time=2.611692e+00 dt=1.383018e-04
elapsed=9.251480e+01 cycle=17400 time=2.625325e+00 dt=1.321974e-04
elapsed=9.337016e+01 cycle=17500 time=2.638464e+00 dt=1.351065e-04
elapsed=9.422691e+01 cycle=17600 time=2.651489e+00 dt=1.237893e-04
elapsed=9.508184e+01 cycle=17700 time=2.664008e+00 dt=1.267602e-04
elapsed=9.593651e+01 cycle=17800 time=2.677757e+00 dt=1.399524e-04
elapsed=9.678786e+01 cycle=17900 time=2.691928e+00 dt=1.435241e-04
elapsed=9.764280e+01 cycle=18000 time=2.706427e+00 dt=1.447277e-04
elapsed=9.850026e+01 cycle=18100 time=2.720714e+00 dt=1.419452e-04
elapsed=9.935576e+01 cycle=18200 time=2.734873e+00 dt=1.404199e-04
elapsed=1.002107e+02 cycle=18300 time=2.748760e+00 dt=1.382337e-04
elapsed=1.010678e+02 cycle=18400 time=2.762699e+00 dt=1.383516e-04
elapsed=1.019383e+02 cycle=18500 time=2.776306e+00 dt=1.346207e-04
elapsed=1.027938e+02 cycle=18600 time=2.789642e+00 dt=1.319888e-04
elapsed=1.036525e+02 cycle=18700 time=2.802737e+00 dt=1.300316e-04
elapsed=1.045078e+02 cycle=18800 time=2.815592e+00 dt=1.261137e-04
elapsed=1.053636e+02 cycle=18900 time=2.827622e+00 dt=1.125086e-04
elapsed=1.062193e+02 cycle=19000 time=2.838030e+00 dt=1.035664e-04
elapsed=1.070768e+02 cycle=19100 time=2.850943e+00 dt=1.316655e-04
elapsed=1.079276e+02 cycle=19200 time=2.864003e+00 dt=1.288512e-04
elapsed=1.087830e+02 cycle=19300 time=2.876777e+00 dt=1.277496e-04
elapsed=1.096372e+02 cycle=19400 time=2.889710e+00 dt=1.307626e-04
elapsed=1.104911e+02 cycle=19500 time=2.902947e+00 dt=1.340429e-04
elapsed=1.113400e+02 cycle=19600 time=2.916333e+00 dt=1.341097e-04
elapsed=1.121953e+02 cycle=19700 time=2.929728e+00 dt=1.363128e-04
elapsed=1.130467e+02 cycle=19800 time=2.943574e+00 dt=1.405208e-04
elapsed=1.139009e+02 cycle=19900 time=2.957501e+00 dt=1.374723e-04
elapsed=1.147569e+02 cycle=20000 time=2.971021e+00 dt=1.370620e-04
elapsed=1.156135e+02 cycle=20100 time=2.984464e+00 dt=1.326965e-04
elapsed=1.164692e+02 cycle=20200 time=2.997618e+00 dt=1.319487e-04
elapsed=1.173287e+02 cycle=20300 time=3.010993e+00 dt=1.349878e-04
elapsed=1.181840e+02 cycle=20400 time=3.024417e+00 dt=1.316686e-04
elapsed=1.190399e+02 cycle=20500 time=3.037483e+00 dt=1.307129e-04
elapsed=1.198982e+02 cycle=20600 time=3.050524e+00 dt=1.310574e-04
elapsed=1.207552e+02 cycle=20700 time=3.063776e+00 dt=1.360868e-04
elapsed=1.216100e+02 cycle=20800 time=3.076734e+00 dt=1.264954e-04
elapsed=1.224645e+02 cycle=20900 time=3.089581e+00 dt=1.310985e-04
elapsed=1.233215e+02 cycle=21000 time=3.102877e+00 dt=1.355137e-04
elapsed=1.241763e+02 cycle=21100 time=3.116251e+00 dt=1.369978e-04
elapsed=1.250328e+02 cycle=21200 time=3.130251e+00 dt=1.443511e-04
elapsed=1.258883e+02 cycle=21300 time=3.144632e+00 dt=1.414232e-04
elapsed=1.267434e+02 cycle=21400 time=3.158695e+00 dt=1.467718e-04
elapsed=1.276001e+02 cycle=21500 time=3.173063e+00 dt=1.411991e-04
elapsed=1.284548e+02 cycle=21600 time=3.187129e+00 dt=1.423147e-04
elapsed=1.293102e+02 cycle=21700 time=3.201448e+00 dt=1.430920e-04
elapsed=1.301653e+02 cycle=21800 time=3.215487e+00 dt=1.378838e-04
elapsed=1.310196e+02 cycle=21900 time=3.229298e+00 dt=1.362321e-04
elapsed=1.318762e+02 cycle=22000 time=3.242711e+00 dt=1.398121e-04
elapsed=1.327304e+02 cycle=22100 time=3.256672e+00 dt=1.394339e-04
elapsed=1.335864e+02 cycle=22200 time=3.270577e+00 dt=1.384301e-04
elapsed=1.344409e+02 cycle=22300 time=3.284338e+00 dt=1.378390e-04
elapsed=1.352951e+02 cycle=22400 time=3.297945e+00 dt=1.350813e-04
elapsed=1.361511e+02 cycle=22500 time=3.311397e+00 dt=1.329291e-04
elapsed=1.370048e+02 cycle=22600 time=3.324651e+00 dt=1.346656e-04
elapsed=1.378582e+02 cycle=22700 time=3.338004e+00 dt=1.304752e-04
elapsed=1.387143e+02 cycle=22800 time=3.351632e+00 dt=1.472159e-04
elapsed=1.395679e+02 cycle=22900 time=3.365990e+00 dt=1.421563e-04
elapsed=1.404244e+02 cycle=23000 time=3.380248e+00 dt=1.426540e-04
elapsed=1.412792e+02 cycle=23100 time=3.394284e+00 dt=1.388222e-04
elapsed=1.421341e+02 cycle=23200 time=3.407857e+00 dt=1.331075e-04
elapsed=1.429919e+02 cycle=23300 time=3.420954e+00 dt=1.298095e-04
elapsed=1.438465e+02 cycle=23400 time=3.433943e+00 dt=1.308430e-04
elapsed=1.447012e+02 cycle=23500 time=3.447495e+00 dt=1.488912e-04
elapsed=1.455582e+02 cycle=23600 time=3.462912e+00 dt=1.544307e-04
elapsed=1.464134e+02 cycle=23700 time=3.478326e+00 dt=1.543344e-04
elapsed=1.472705e+02 cycle=23800 time=3.493719e+00 dt=1.527145e-04
elapsed=1.481438e+02 cycle=23900 time=3.508559e+00 dt=1.455580e-04
elapsed=1.490015e+02 cycle=24000 time=3.523012e+00 dt=1.452534e-04
elapsed=1.498566e+02 cycle=24100 time=3.537684e+00 dt=1.482746e-04
elapsed=1.507135e+02 cycle=24200 time=3.552300e+00 dt=1.467635e-04
elapsed=1.515682e+02 cycle=24300 time=3.567015e+00 dt=1.487612e-04
elapsed=1.524251e+02 cycle=24400 time=3.582003e+00 dt=1.472738e-04
elapsed=1.532985e+02 cycle=24500 time=3.596722e+00 dt=1.481951e-04
elapsed=1.541563e+02 cycle=24600 time=3.611789e+00 dt=1.519315e-04
elapsed=1.550115e+02 cycle=24700 time=3.626914e+00 dt=1.514595e-04
elapsed=1.558688e+02 cycle=24800 time=3.642117e+00 dt=1.524854e-04
elapsed=1.567101e+02 cycle=24900 time=3.657401e+00 dt=1.537491e-04
elapsed=1.570524e+02 cycle=25000 time=3.672838e+00 dt=1.552979e-04
elapsed=1.575010e+02 cycle=25100 time=3.688572e+00 dt=1.607381e-04
elapsed=1.579201e+02 cycle=25200 time=3.704760e+00 dt=1.632919e-04
elapsed=1.581346e+02 cycle=25300 time=3.721069e+00 dt=1.627640e-04
elapsed=1.583389e+02 cycle=25400 time=3.737364e+00 dt=1.637507e-04
elapsed=1.585454e+02 cycle=25500 time=3.753854e+00 dt=1.659794e-04
elapsed=1.587519e+02 cycle=25600 time=3.770377e+00 dt=1.629648e-04
elapsed=1.589561e+02 cycle=25700 time=3.786674e+00 dt=1.642542e-04
elapsed=1.591633e+02 cycle=25800 time=3.802807e+00 dt=1.586020e-04
elapsed=1.593680e+02 cycle=25900 time=3.818424e+00 dt=1.550621e-04
elapsed=1.595751e+02 cycle=26000 time=3.834217e+00 dt=1.607613e-04
elapsed=1.597831e+02 cycle=26100 time=3.850039e+00 dt=1.557770e-04
elapsed=1.599883e+02 cycle=26200 time=3.865419e+00 dt=1.518033e-04
elapsed=1.601957e+02 cycle=26300 time=3.880392e+00 dt=1.476722e-04
elapsed=1.604008e+02 cycle=26400 time=3.895051e+00 dt=1.440677e-04
elapsed=1.606062e+02 cycle=26500 time=3.909477e+00 dt=1.450240e-04
elapsed=1.608139e+02 cycle=26600 time=3.924060e+00 dt=1.472745e-04
elapsed=1.610200e+02 cycle=26700 time=3.938945e+00 dt=1.490700e-04
elapsed=1.612275e+02 cycle=26800 time=3.953812e+00 dt=1.487538e-04
elapsed=1.614330e+02 cycle=26900 time=3.968545e+00 dt=1.461169e-04
elapsed=1.616404e+02 cycle=27000 time=3.983127e+00 dt=1.450911e-04
elapsed=1.618461e+02 cycle=27100 time=3.997715e+00 dt=1.470223e-04
elapsed=1.620551e+02 cycle=27200 time=4.012495e+00 dt=1.489527e-04
elapsed=1.622603e+02 cycle=27300 time=4.027041e+00 dt=1.448176e-04
elapsed=1.624676e+02 cycle=27400 time=4.042048e+00 dt=1.506276e-04
elapsed=1.626728e+02 cycle=27500 time=4.056941e+00 dt=1.423899e-04
elapsed=1.628799e+02 cycle=27600 time=4.070913e+00 dt=1.431890e-04
elapsed=1.631322e+02 cycle=27700 time=4.085537e+00 dt=1.510539e-04
elapsed=1.633341e+02 cycle=27800 time=4.100952e+00 dt=1.584082e-04
elapsed=1.635390e+02 cycle=27900 time=4.116975e+00 dt=1.604925e-04
elapsed=1.637460e+02 cycle=28000 time=4.133295e+00 dt=1.648435e-04
elapsed=1.639504e+02 cycle=28100 time=4.149785e+00 dt=1.637792e-04
elapsed=1.641572e+02 cycle=28200 time=4.165710e+00 dt=1.549843e-04
elapsed=1.643642e+02 cycle=28300 time=4.180993e+00 dt=1.574519e-04
elapsed=1.645694e+02 cycle=28400 time=4.196668e+00 dt=1.552651e-04
elapsed=1.647768e+02 cycle=28500 time=4.212001e+00 dt=1.517634e-04
elapsed=1.649842e+02 cycle=28600 time=4.227187e+00 dt=1.529556e-04
elapsed=1.651983e+02 cycle=28700 time=4.242370e+00 dt=1.505120e-04
elapsed=1.654202e+02 cycle=28800 time=4.257378e+00 dt=1.488188e-04
elapsed=1.656643e+02 cycle=28900 time=4.272251e+00 dt=1.488084e-04
elapsed=1.659387e+02 cycle=29000 time=4.286925e+00 dt=1.452351e-04
elapsed=1.662658e+02 cycle=29100 time=4.301454e+00 dt=1.460770e-04
elapsed=1.666428e+02 cycle=29200 time=4.316001e+00 dt=1.453511e-04
elapsed=1.670751e+02 cycle=29300 time=4.330646e+00 dt=1.466294e-04
elapsed=1.675520e+02 cycle=29400 time=4.345133e+00 dt=1.430792e-04
elapsed=1.680635e+02 cycle=29500 time=4.359289e+00 dt=1.415443e-04
elapsed=1.686061e+02 cycle=29600 time=4.373709e+00 dt=1.443713e-04
elapsed=1.691714e+02 cycle=29700 time=4.388085e+00 dt=1.436758e-04
elapsed=1.697599e+02 cycle=29800 time=4.402538e+00 dt=1.426379e-04
elapsed=1.703606e+02 cycle=29900 time=4.416877e+00 dt=1.477292e-04
elapsed=1.709768e+02 cycle=30000 time=4.431709e+00 dt=1.483957e-04
elapsed=1.716031e+02 cycle=30100 time=4.446652e+00 dt=1.503244e-04
elapsed=1.722417e+02 cycle=30200 time=4.461718e+00 dt=1.507121e-04
elapsed=1.728908e+02 cycle=30300 time=4.476845e+00 dt=1.519913e-04
elapsed=1.736032e+02 cycle=30400 time=4.492054e+00 dt=1.516190e-04
elapsed=1.742777e+02 cycle=30500 time=4.507163e+00 dt=1.505921e-04
elapsed=1.749875e+02 cycle=30600 time=4.522210e+00 dt=1.500854e-04
elapsed=1.757246e+02 cycle=30700 time=4.537355e+00 dt=1.519916e-04
elapsed=1.764955e+02 cycle=30800 time=4.552575e+00 dt=1.516738e-04
elapsed=1.772946e+02 cycle=30900 time=4.567582e+00 dt=1.495760e-04
elapsed=1.781239e+02 cycle=31000 time=4.582512e+00 dt=1.505115e-04
elapsed=1.790010e+02 cycle=31100 time=4.597450e+00 dt=1.479985e-04
elapsed=1.798577e+02 cycle=31200 time=4.612345e+00 dt=1.490636e-04
elapsed=1.807128e+02 cycle=31300 time=4.627211e+00 dt=1.491391e-04
elapsed=1.815697e+02 cycle=31400 time=4.641935e+00 dt=1.460486e-04
elapsed=1.824240e+02 cycle=31500 time=4.656320e+00 dt=1.406709e-04
elapsed=1.832808e+02 cycle=31600 time=4.670221e+00 dt=1.389179e-04
elapsed=1.841563e+02 cycle=31700 time=4.683998e+00 dt=1.371811e-04
elapsed=1.850103e+02 cycle=31800 time=4.697740e+00 dt=1.372798e-04
elapsed=1.858675e+02 cycle=31900 time=4.711588e+00 dt=1.409283e-04
elapsed=1.867238e+02 cycle=32000 time=4.726444e+00 dt=1.520833e-04
elapsed=1.875821e+02 cycle=32100 time=4.741295e+00 dt=1.442279e-04
elapsed=1.884327e+02 cycle=32200 time=4.755311e+00 dt=1.369436e-04
elapsed=1.892888e+02 cycle=32300 time=4.768683e+00 dt=1.289495e-04
elapsed=1.901470e+02 cycle=32400 time=4.780860e+00 dt=1.125547e-04
elapsed=1.909986e+02 cycle=32500 time=4.792189e+00 dt=1.259820e-04
elapsed=1.918550e+02 cycle=32600 time=4.804437e+00 dt=1.201369e-04
elapsed=1.927118e+02 cycle=32700 time=4.816542e+00 dt=1.216098e-04
elapsed=1.935634e+02 cycle=32800 time=4.828507e+00 dt=1.167519e-04
elapsed=1.944463e+02 cycle=32900 time=4.840081e+00 dt=1.129873e-04
elapsed=1.953090e+02 cycle=33000 time=4.852123e+00 dt=1.250063e-04
elapsed=1.961652e+02 cycle=33100 time=4.865449e+00 dt=1.358054e-04
elapsed=1.970192e+02 cycle=33200 time=4.878588e+00 dt=1.310382e-04
elapsed=1.978726e+02 cycle=33300 time=4.891858e+00 dt=1.362696e-04
elapsed=1.987249e+02 cycle=33400 time=4.906428e+00 dt=1.476217e-04
elapsed=1.996275e+02 cycle=33500 time=4.920972e+00 dt=1.439316e-04
elapsed=2.004658e+02 cycle=33600 time=4.935431e+00 dt=1.452514e-04
elapsed=2.013141e+02 cycle=33700 time=4.949926e+00 dt=1.446745e-04
elapsed=2.021669e+02 cycle=33800 time=4.963711e+00 dt=1.321161e-04
elapsed=2.030170e+02 cycle=33900 time=4.977262e+00 dt=1.372488e-04
elapsed=2.038674e+02 cycle=34000 time=4.991443e+00 dt=1.467625e-04
elapsed=2.047174e+02 cycle=34100 time=5.005856e+00 dt=1.396492e-04
elapsed=2.055660e+02 cycle=34200 time=5.020340e+00 dt=1.494748e-04
elapsed=2.064126e+02 cycle=34300 time=5.034959e+00 dt=1.449902e-04
elapsed=2.072571e+02 cycle=34400 time=5.049422e+00 dt=1.423846e-04
elapsed=2.081040e+02 cycle=34500 time=5.063434e+00 dt=1.396226e-04
elapsed=2.089511e+02 cycle=34600 time=5.077893e+00 dt=1.499354e-04
elapsed=2.097964e+02 cycle=34700 time=5.093119e+00 dt=1.533674e-04
elapsed=2.106770e+02 cycle=34800 time=5.108302e+00 dt=1.487156e-04
elapsed=2.115211e+02 cycle=34900 time=5.122917e+00 dt=1.426521e-04
elapsed=2.123629e+02 cycle=35000 time=5.137037e+00 dt=1.399304e-04
elapsed=2.132072e+02 cycle=35100 time=5.150813e+00 dt=1.342591e-04
elapsed=2.140497e+02 cycle=35200 time=5.164270e+00 dt=1.369023e-04
elapsed=2.148933e+02 cycle=35300 time=5.178163e+00 dt=1.398487e-04
elapsed=2.157673e+02 cycle=35400 time=5.192147e+00 dt=1.406825e-04
elapsed=2.166022e+02 cycle=35500 time=5.206206e+00 dt=1.390402e-04
elapsed=2.174462e+02 cycle=35600 time=5.220146e+00 dt=1.396051e-04
elapsed=2.182902e+02 cycle=35700 time=5.234194e+00 dt=1.421036e-04
elapsed=2.191344e+02 cycle=35800 time=5.248592e+00 dt=1.459284e-04
elapsed=2.199809e+02 cycle=35900 time=5.263102e+00 dt=1.441336e-04
elapsed=2.208234e+02 cycle=36000 time=5.277317e+00 dt=1.408874e-04
elapsed=2.216696e+02 cycle=36100 time=5.291421e+00 dt=1.409685e-04
elapsed=2.225136e+02 cycle=36200 time=5.305484e+00 dt=1.413607e-04
elapsed=2.233564e+02 cycle=36300 time=5.319738e+00 dt=1.437497e-04
elapsed=2.242034e+02 cycle=36400 time=5.334086e+00 dt=1.437277e-04
elapsed=2.250493e+02 cycle=36500 time=5.348407e+00 dt=1.427605e-04
elapsed=2.258953e+02 cycle=36600 time=5.362306e+00 dt=1.390137e-04
elapsed=2.267735e+02 cycle=36700 time=5.376554e+00 dt=1.403607e-04
elapsed=2.276185e+02 cycle=36800 time=5.390935e+00 dt=1.420142e-04
elapsed=2.284626e+02 cycle=36900 time=5.404845e+00 dt=1.370961e-04
elapsed=2.293049e+02 cycle=37000 time=5.418272e+00 dt=1.326854e-04
elapsed=2.301515e+02 cycle=37100 time=5.431546e+00 dt=1.322064e-04
elapsed=2.309981e+02 cycle=37200 time=5.444744e+00 dt=1.322667e-04
elapsed=2.318424e+02 cycle=37300 time=5.458078e+00 dt=1.341254e-04
elapsed=2.326878e+02 cycle=37400 time=5.471899e+00 dt=1.454204e-04
elapsed=2.335315e+02 cycle=37500 time=5.486932e+00 dt=1.497957e-04
elapsed=2.343807e+02 cycle=37600 time=5.501534e+00 dt=1.473088e-04
elapsed=2.352307e+02 cycle=37700 time=5.516650e+00 dt=1.504049e-04
elapsed=2.360777e+02 cycle=37800 time=5.531543e+00 dt=1.485341e-04
elapsed=2.369195e+02 cycle=37900 time=5.546411e+00 dt=1.496627e-04
elapsed=2.378030e+02 cycle=38000 time=5.561500e+00 dt=1.527924e-04
elapsed=2.386454e+02 cycle=38100 time=5.576831e+00 dt=1.531537e-04
elapsed=2.394904e+02 cycle=38200 time=5.592090e+00 dt=1.520529e-04
elapsed=2.403357e+02 cycle=38300 time=5.607204e+00 dt=1.512374e-04
elapsed=2.411823e+02 cycle=38400 time=5.622345e+00 dt=1.518221e-04
elapsed=2.420257e+02 cycle=38500 time=5.637409e+00 dt=1.495025e-04
elapsed=2.428914e+02 cycle=38600 time=5.652370e+00 dt=1.515911e-04
elapsed=2.437439e+02 cycle=38700 time=5.667755e+00 dt=1.553949e-04
elapsed=2.445939e+02 cycle=38800 time=5.683329e+00 dt=1.554851e-04
elapsed=2.454406e+02 cycle=38900 time=5.698751e+00 dt=1.536136e-04
elapsed=2.462883e+02 cycle=39000 time=5.714225e+00 dt=1.555900e-04
elapsed=2.471354e+02 cycle=39100 time=5.729843e+00 dt=1.568125e-04
elapsed=2.479916e+02 cycle=39200 time=5.745535e+00 dt=1.559555e-04
elapsed=2.488416e+02 cycle=39300 time=5.760921e+00 dt=1.511928e-04
elapsed=2.496853e+02 cycle=39400 time=5.775664e+00 dt=1.431801e-04
elapsed=2.505401e+02 cycle=39500 time=5.789567e+00 dt=1.369025e-04
elapsed=2.513864e+02 cycle=39600 time=5.803114e+00 dt=1.442542e-04
elapsed=2.522339e+02 cycle=39700 time=5.819071e+00 dt=1.589698e-04
elapsed=2.530905e+02 cycle=39800 time=5.834997e+00 dt=1.597613e-04
elapsed=2.539483e+02 cycle=39900 time=5.850814e+00 dt=1.568116e-04
elapsed=2.547962e+02 cycle=40000 time=5.866280e+00 dt=1.505959e-04
elapsed=2.556441e+02 cycle=40100 time=5.880835e+00 dt=1.415283e-04
elapsed=2.564879e+02 cycle=40200 time=5.894828e+00 dt=1.388786e-04
elapsed=2.573308e+02 cycle=40300 time=5.908822e+00 dt=1.421960e-04
elapsed=2.581777e+02 cycle=40400 time=5.923467e+00 dt=1.508067e-04
elapsed=2.590244e+02 cycle=40500 time=5.938737e+00 dt=1.496991e-04
elapsed=2.598813e+02 cycle=40600 time=5.953663e+00 dt=1.562918e-04
elapsed=2.607315e+02 cycle=40700 time=5.969455e+00 dt=1.602919e-04
elapsed=2.615846e+02 cycle=40800 time=5.985486e+00 dt=1.583379e-04
elapsed=2.624359e+02 cycle=40900 time=6.001213e+00 dt=1.576599e-04
elapsed=2.632846e+02 cycle=41000 time=6.017078e+00 dt=1.576310e-04
elapsed=2.641351e+02 cycle=41100 time=6.032516e+00 dt=1.575046e-04
elapsed=2.649858e+02 cycle=41200 time=6.047966e+00 dt=1.518708e-04
elapsed=2.658327e+02 cycle=41300 time=6.062900e+00 dt=1.475325e-04
elapsed=2.666815e+02 cycle=41400 time=6.077613e+00 dt=1.470816e-04
elapsed=2.675300e+02 cycle=41500 time=6.092291e+00 dt=1.460404e-04
elapsed=2.683815e+02 cycle=41600 time=6.106559e+00 dt=1.390078e-04
elapsed=2.692319e+02 cycle=41700 time=6.120137e+00 dt=1.325527e-04
elapsed=2.700758e+02 cycle=41800 time=6.133441e+00 dt=1.352297e-04
elapsed=2.709225e+02 cycle=41900 time=6.147773e+00 dt=1.504483e-04
elapsed=2.717732e+02 cycle=42000 time=6.162708e+00 dt=1.480014e-04
elapsed=2.726191e+02 cycle=42100 time=6.177324e+00 dt=1.434041e-04
elapsed=2.734646e+02 cycle=42200 time=6.191520e+00 dt=1.401506e-04
elapsed=2.743163e+02 cycle=42300 time=6.205481e+00 dt=1.391272e-04
elapsed=2.751654e+02 cycle=42400 time=6.219661e+00 dt=1.443719e-04
elapsed=2.760152e+02 cycle=42500 time=6.234309e+00 dt=1.477823e-04
elapsed=2.768659e+02 cycle=42600 time=6.248426e+00 dt=1.345141e-04
elapsed=2.777193e+02 cycle=42700 time=6.261590e+00 dt=1.277446e-04
elapsed=2.785731e+02 cycle=42800 time=6.275380e+00 dt=1.522408e-04
elapsed=2.794305e+02 cycle=42900 time=6.290652e+00 dt=1.531034e-04
elapsed=2.802775e+02 cycle=43000 time=6.305756e+00 dt=1.498434e-04
elapsed=2.811245e+02 cycle=43100 time=6.320604e+00 dt=1.458247e-04
elapsed=2.819694e+02 cycle=43200 time=6.334966e+00 dt=1.415079e-04
elapsed=2.828184e+02 cycle=43300 time=6.349131e+00 dt=1.400510e-04
elapsed=2.836698e+02 cycle=43400 time=6.362946e+00 dt=1.369767e-04
elapsed=2.845234e+02 cycle=43500 time=6.376570e+00 dt=1.348617e-04
elapsed=2.853682e+02 cycle=43600 time=6.389735e+00 dt=1.283283e-04
elapsed=2.862235e+02 cycle=43700 time=6.402183e+00 dt=1.211584e-04
elapsed=2.870726e+02 cycle=43800 time=6.413921e+00 dt=1.151613e-04
elapsed=2.879281e+02 cycle=43900 time=6.425273e+00 dt=1.121780e-04
elapsed=2.887976e+02 cycle=44000 time=6.436912e+00 dt=1.246794e-04
elapsed=2.896420e+02 cycle=44100 time=6.449151e+00 dt=1.161190e-04
elapsed=2.904920e+02 cycle=44200 time=6.460484e+00 dt=1.141863e-04
elapsed=2.913453e+02 cycle=44300 time=6.472655e+00 dt=1.453995e-04
elapsed=2.921919e+02 cycle=44400 time=6.487620e+00 dt=1.497341e-04
elapsed=2.930403e+02 cycle=44500 time=6.502058e+00 dt=1.392955e-04
elapsed=2.938898e+02 cycle=44600 time=6.515565e+00 dt=1.289880e-04
elapsed=2.947399e+02 cycle=44700 time=6.528097e+00 dt=1.222216e-04
elapsed=2.955867e+02 cycle=44800 time=6.540070e+00 dt=1.168730e-04
elapsed=2.964342e+02 cycle=44900 time=6.551922e+00 dt=1.195205e-04
elapsed=2.972831e+02 cycle=45000 time=6.565400e+00 dt=1.437750e-04
elapsed=2.981325e+02 cycle=45100 time=6.579311e+00 dt=1.339852e-04
elapsed=2.989821e+02 cycle=45200 time=6.591997e+00 dt=1.196956e-04
elapsed=2.998276e+02 cycle=45300 time=6.603670e+00 dt=1.128949e-04
elapsed=3.006771e+02 cycle=45400 time=6.615529e+00 dt=1.371078e-04
elapsed=3.015351e+02 cycle=45500 time=6.630354e+00 dt=1.533717e-04
elapsed=3.023860e+02 cycle=45600 time=6.645280e+00 dt=1.466113e-04
elapsed=3.032355e+02 cycle=45700 time=6.659313e+00 dt=1.335514e-04
elapsed=3.040928e+02 cycle=45800 time=6.672207e+00 dt=1.261545e-04
elapsed=3.049437e+02 cycle=45900 time=6.684842e+00 dt=1.277772e-04
elapsed=3.057945e+02 cycle=46000 time=6.697761e+00 dt=1.291308e-04
elapsed=3.066454e+02 cycle=46100 time=6.710573e+00 dt=1.267623e-04
elapsed=3.074993e+02 cycle=46200 time=6.723280e+00 dt=1.277329e-04
elapsed=3.083449e+02 cycle=46300 time=6.736061e+00 dt=1.270572e-04
elapsed=3.091916e+02 cycle=46400 time=6.748554e+00 dt=1.243597e-04
elapsed=3.100403e+02 cycle=46500 time=6.760840e+00 dt=1.219270e-04
elapsed=3.108886e+02 cycle=46600 time=6.773141e+00 dt=1.241941e-04
elapsed=3.117374e+02 cycle=46700 time=6.785724e+00 dt=1.281500e-04
elapsed=3.125931e+02 cycle=46800 time=6.798556e+00 dt=1.271053e-04
elapsed=3.134502e+02 cycle=46900 time=6.811153e+00 dt=1.260961e-04
elapsed=3.143063e+02 cycle=47000 time=6.824003e+00 dt=1.293928e-04
elapsed=3.151618e+02 cycle=47100 time=6.837156e+00 dt=1.311804e-04
elapsed=3.160181e+02 cycle=47200 time=6.849754e+00 dt=1.217633e-04
elapsed=3.168714e+02 cycle=47300 time=6.861733e+00 dt=1.202826e-04
elapsed=3.177235e+02 cycle=47400 time=6.873943e+00 dt=1.247232e-04
elapsed=3.185784e+02 cycle=47500 time=6.886665e+00 dt=1.298391e-04
elapsed=3.194332e+02 cycle=47600 time=6.899845e+00 dt=1.316052e-04
elapsed=3.202908e+02 cycle=47700 time=6.913152e+00 dt=1.292059e-04
elapsed=3.211403e+02 cycle=47800 time=6.926031e+00 dt=1.245675e-04
elapsed=3.219954e+02 cycle=47900 time=6.938156e+00 dt=1.148954e-04
elapsed=3.228507e+02 cycle=48000 time=6.949311e+00 dt=1.076691e-04
elapsed=3.237056e+02 cycle=48100 time=6.959835e+00 dt=1.037380e-04
elapsed=3.245553e+02 cycle=48200 time=6.970389e+00 dt=1.114586e-04
elapsed=3.254062e+02 cycle=48300 time=6.982331e+00 dt=1.160328e-04
elapsed=3.262607e+02 cycle=48400 time=6.993933e+00 dt=1.264979e-04
elapsed=3.271166e+02 cycle=48500 time=7.006344e+00 dt=1.228616e-04
elapsed=3.279714e+02 cycle=48600 time=7.018551e+00 dt=1.215455e-04
elapsed=3.288283e+02 cycle=48700 time=7.030745e+00 dt=1.185923e-04
elapsed=3.296834e+02 cycle=48800 time=7.043191e+00 dt=1.376763e-04
elapsed=3.305385e+02 cycle=48900 time=7.057087e+00 dt=1.389603e-04
elapsed=3.313889e+02 cycle=49000 time=7.070929e+00 dt=1.403818e-04
elapsed=3.322390e+02 cycle=49100 time=7.085004e+00 dt=1.410424e-04
elapsed=3.330944e+02 cycle=49200 time=7.099302e+00 dt=1.449964e-04
elapsed=3.339454e+02 cycle=49300 time=7.113847e+00 dt=1.446106e-04
elapsed=3.347951e+02 cycle=49400 time=7.128116e+00 dt=1.392233e-04
elapsed=3.356504e+02 cycle=49500 time=7.141470e+00 dt=1.257769e-04
elapsed=3.365061e+02 cycle=49600 time=7.153535e+00 dt=1.184555e-04
elapsed=3.373629e+02 cycle=49700 time=7.166765e+00 dt=1.445144e-04
elapsed=3.382556e+02 cycle=49800 time=7.180829e+00 dt=1.380827e-04
elapsed=3.390946e+02 cycle=49900 time=7.194900e+00 dt=1.434071e-04
elapsed=3.399491e+02 cycle=50000 time=7.208994e+00 dt=1.353780e-04
elapsed=3.408054e+02 cycle=50100 time=7.222111e+00 dt=1.292519e-04
elapsed=3.416599e+02 cycle=50200 time=7.234541e+00 dt=1.191482e-04
elapsed=3.425085e+02 cycle=50300 time=7.245976e+00 dt=1.091430e-04
elapsed=3.433633e+02 cycle=50400 time=7.256688e+00 dt=1.061638e-04
elapsed=3.442180e+02 cycle=50500 time=7.268752e+00 dt=1.411015e-04
elapsed=3.450839e+02 cycle=50600 time=7.284264e+00 dt=1.568712e-04
elapsed=3.459864e+02 cycle=50700 time=7.299298e+00 dt=1.398359e-04
elapsed=3.468505e+02 cycle=50800 time=7.313433e+00 dt=1.405099e-04
elapsed=3.477416e+02 cycle=50900 time=7.327763e+00 dt=1.440462e-04
elapsed=3.486198e+02 cycle=51000 time=7.342375e+00 dt=1.492845e-04
elapsed=3.494916e+02 cycle=51100 time=7.357062e+00 dt=1.461749e-04
elapsed=3.503394e+02 cycle=51200 time=7.371616e+00 dt=1.457277e-04
elapsed=3.511861e+02 cycle=51300 time=7.385997e+00 dt=1.437898e-04
elapsed=3.520375e+02 cycle=51400 time=7.400396e+00 dt=1.448837e-04
elapsed=3.528865e+02 cycle=51500 time=7.414892e+00 dt=1.461746e-04
elapsed=3.537349e+02 cycle=51600 time=7.429592e+00 dt=1.488134e-04
elapsed=3.546432e+02 cycle=51700 time=7.444475e+00 dt=1.488125e-04
elapsed=3.555453e+02 cycle=51800 time=7.459293e+00 dt=1.477636e-04
elapsed=3.564155e+02 cycle=51900 time=7.474247e+00 dt=1.489738e-04
elapsed=3.572986e+02 cycle=52000 time=7.489014e+00 dt=1.465425e-04
elapsed=3.581495e+02 cycle=52100 time=7.502926e+00 dt=1.309323e-04
elapsed=3.589993e+02 cycle=52200 time=7.516889e+00 dt=1.438175e-04
elapsed=3.598906e+02 cycle=52300 time=7.531303e+00 dt=1.437115e-04
elapsed=3.607693e+02 cycle=52400 time=7.545881e+00 dt=1.467809e-04
elapsed=3.616375e+02 cycle=52500 time=7.560771e+00 dt=1.483299e-04
elapsed=3.625033e+02 cycle=52600 time=7.575672e+00 dt=1.516086e-04
elapsed=3.633818e+02 cycle=52700 time=7.590690e+00 dt=1.491229e-04
elapsed=3.642339e+02 cycle=52800 time=7.605596e+00 dt=1.492017e-04
elapsed=3.651642e+02 cycle=52900 time=7.620540e+00 dt=1.503212e-04
elapsed=3.659986e+02 cycle=53000 time=7.635477e+00 dt=1.478000e-04
elapsed=3.668786e+02 cycle=53100 time=7.650127e+00 dt=1.476219e-04
elapsed=3.677342e+02 cycle=53200 time=7.665100e+00 dt=1.514337e-04
elapsed=3.686068e+02 cycle=53300 time=7.680112e+00 dt=1.494249e-04
elapsed=3.694645e+02 cycle=53400 time=7.694898e+00 dt=1.452949e-04
elapsed=3.703217e+02 cycle=53500 time=7.709243e+00 dt=1.428098e-04
elapsed=3.712006e+02 cycle=53600 time=7.723594e+00 dt=1.444857e-04
elapsed=3.720478e+02 cycle=53700 time=7.737984e+00 dt=1.444614e-04
elapsed=3.729295e+02 cycle=53800 time=7.752394e+00 dt=1.417337e-04
elapsed=3.737804e+02 cycle=53900 time=7.766350e+00 dt=1.383229e-04
elapsed=3.746256e+02 cycle=54000 time=7.779875e+00 dt=1.338450e-04
elapsed=3.755314e+02 cycle=54100 time=7.793258e+00 dt=1.327325e-04
elapsed=3.764413e+02 cycle=54200 time=7.806370e+00 dt=1.295572e-04
elapsed=3.772998e+02 cycle=54300 time=7.819225e+00 dt=1.261588e-04
elapsed=3.782062e+02 cycle=54400 time=7.832548e+00 dt=1.366997e-04
elapsed=3.790593e+02 cycle=54500 time=7.846282e+00 dt=1.382136e-04
elapsed=3.799430e+02 cycle=54600 time=7.860352e+00 dt=1.423210e-04
elapsed=3.808098e+02 cycle=54700 time=7.874549e+00 dt=1.432701e-04
elapsed=3.816834e+02 cycle=54800 time=7.888865e+00 dt=1.426491e-04
elapsed=3.825572e+02 cycle=54900 time=7.902923e+00 dt=1.378172e-04
elapsed=3.834162e+02 cycle=55000 time=7.916654e+00 dt=1.400670e-04
elapsed=3.842949e+02 cycle=55100 time=7.931438e+00 dt=1.489552e-04
elapsed=3.851396e+02 cycle=55200 time=7.945888e+00 dt=1.354804e-04
elapsed=3.859844e+02 cycle=55300 time=7.959739e+00 dt=1.433108e-04
elapsed=3.868303e+02 cycle=55400 time=7.973917e+00 dt=1.406001e-04
elapsed=3.877051e+02 cycle=55500 time=7.988070e+00 dt=1.416199e-04
elapsed=3.885797e+02 cycle=55600 time=8.002139e+00 dt=1.382638e-04
elapsed=3.894402e+02 cycle=55700 time=8.015489e+00 dt=1.303554e-04
elapsed=3.903166e+02 cycle=55800 time=8.028732e+00 dt=1.372828e-04
elapsed=3.911637e+02 cycle=55900 time=8.042525e+00 dt=1.364402e-04
elapsed=3.920108e+02 cycle=56000 time=8.056420e+00 dt=1.413585e-04
elapsed=3.928923e+02 cycle=56100 time=8.070704e+00 dt=1.419862e-04
elapsed=3.937455e+02 cycle=56200 time=8.084853e+00 dt=1.409811e-04
elapsed=3.945892e+02 cycle=56300 time=8.099037e+00 dt=1.416279e-04
elapsed=3.954593e+02 cycle=56400 time=8.113060e+00 dt=1.398433e-04
elapsed=3.963418e+02 cycle=56500 time=8.126955e+00 dt=1.368418e-04
elapsed=3.971958e+02 cycle=56600 time=8.140469e+00 dt=1.333028e-04
elapsed=3.980804e+02 cycle=56700 time=8.153758e+00 dt=1.299817e-04
elapsed=3.989268e+02 cycle=56800 time=8.166482e+00 dt=1.262200e-04
elapsed=3.998046e+02 cycle=56900 time=8.178910e+00 dt=1.229649e-04
elapsed=4.006659e+02 cycle=57000 time=8.191172e+00 dt=1.224462e-04
elapsed=4.015322e+02 cycle=57100 time=8.203530e+00 dt=1.249594e-04
elapsed=4.024063e+02 cycle=57200 time=8.216128e+00 dt=1.309686e-04
elapsed=4.032623e+02 cycle=57300 time=8.229528e+00 dt=1.342463e-04
elapsed=4.041427e+02 cycle=57400 time=8.243309e+00 dt=1.399789e-04
elapsed=4.049915e+02 cycle=57500 time=8.257688e+00 dt=1.413818e-04
elapsed=4.058746e+02 cycle=57600 time=8.272079e+00 dt=1.469581e-04
elapsed=4.067279e+02 cycle=57700 time=8.286476e+00 dt=1.432297e-04
elapsed=4.075718e+02 cycle=57800 time=8.300769e+00 dt=1.412641e-04
elapsed=4.084397e+02 cycle=57900 time=8.314347e+00 dt=1.276214e-04
elapsed=4.093167e+02 cycle=58000 time=8.326176e+00 dt=1.103599e-04
elapsed=4.101623e+02 cycle=58100 time=8.336804e+00 dt=1.058774e-04
elapsed=4.110097e+02 cycle=58200 time=8.347486e+00 dt=1.112370e-04
elapsed=4.118894e+02 cycle=58300 time=8.359552e+00 dt=1.219286e-04
elapsed=4.127542e+02 cycle=58400 time=8.371531e+00 dt=1.171390e-04
elapsed=4.136238e+02 cycle=58500 time=8.382990e+00 dt=1.156819e-04
elapsed=4.144914e+02 cycle=58600 time=8.395348e+00 dt=1.294258e-04
elapsed=4.153345e+02 cycle=58700 time=8.408382e+00 dt=1.278337e-04
elapsed=4.161909e+02 cycle=58800 time=8.420952e+00 dt=1.270536e-04
elapsed=4.170736e+02 cycle=58900 time=8.434180e+00 dt=1.377710e-04
elapsed=4.179196e+02 cycle=59000 time=8.448655e+00 dt=1.476705e-04
elapsed=4.188005e+02 cycle=59100 time=8.463098e+00 dt=1.420924e-04
elapsed=4.196553e+02 cycle=59200 time=8.476944e+00 dt=1.302368e-04
elapsed=4.205315e+02 cycle=59300 time=8.489474e+00 dt=1.217455e-04
elapsed=4.214076e+02 cycle=59400 time=8.501795e+00 dt=1.248462e-04
elapsed=4.222542e+02 cycle=59500 time=8.514753e+00 dt=1.258201e-04
elapsed=4.231053e+02 cycle=59600 time=8.527103e+00 dt=1.267636e-04
elapsed=4.239848e+02 cycle=59700 time=8.539591e+00 dt=1.201770e-04
elapsed=4.248386e+02 cycle=59800 time=8.552141e+00 dt=1.289265e-04
elapsed=4.256833e+02 cycle=59900 time=8.564974e+00 dt=1.315397e-04
elapsed=4.265552e+02 cycle=60000 time=8.577383e+00 dt=1.194186e-04
elapsed=4.274304e+02 cycle=60100 time=8.589413e+00 dt=1.276827e-04
elapsed=4.282762e+02 cycle=60200 time=8.602317e+00 dt=1.421561e-04
elapsed=4.291283e+02 cycle=60300 time=8.616035e+00 dt=1.368006e-04
elapsed=4.300095e+02 cycle=60400 time=8.629577e+00 dt=1.364916e-04
elapsed=4.308614e+02 cycle=60500 time=8.643129e+00 dt=1.347913e-04
elapsed=4.317083e+02 cycle=60600 time=8.656614e+00 dt=1.327137e-04
elapsed=4.325824e+02 cycle=60700 time=8.670149e+00 dt=1.347315e-04
elapsed=4.334568e+02 cycle=60800 time=8.683911e+00 dt=1.359403e-04
elapsed=4.343116e+02 cycle=60900 time=8.697538e+00 dt=1.316459e-04
elapsed=4.351931e+02 cycle=61000 time=8.710870e+00 dt=1.342924e-04
elapsed=4.360427e+02 cycle=61100 time=8.724490e+00 dt=1.395176e-04
elapsed=4.369225e+02 cycle=61200 time=8.738871e+00 dt=1.482741e-04
elapsed=4.377770e+02 cycle=61300 time=8.753797e+00 dt=1.510831e-04
elapsed=4.386498e+02 cycle=61400 time=8.769039e+00 dt=1.525640e-04
elapsed=4.395208e+02 cycle=61500 time=8.784178e+00 dt=1.506405e-04
elapsed=4.403796e+02 cycle=61600 time=8.799097e+00 dt=1.474128e-04
elapsed=4.412581e+02 cycle=61700 time=8.813759e+00 dt=1.454183e-04
elapsed=4.421087e+02 cycle=61800 time=8.828077e+00 dt=1.410852e-04
elapsed=4.429905e+02 cycle=61900 time=8.841934e+00 dt=1.360475e-04
elapsed=4.438435e+02 cycle=62000 time=8.855471e+00 dt=1.348908e-04
elapsed=4.447175e+02 cycle=62100 time=8.868938e+00 dt=1.343799e-04
elapsed=4.455833e+02 cycle=62200 time=8.882331e+00 dt=1.326516e-04
elapsed=4.464449e+02 cycle=62300 time=8.895573e+00 dt=1.323003e-04
elapsed=4.473231e+02 cycle=62400 time=8.908759e+00 dt=1.314849e-04
elapsed=4.481776e+02 cycle=62500 time=8.921883e+00 dt=1.308306e-04
elapsed=4.490612e+02 cycle=62600 time=8.934860e+00 dt=1.287866e-04
elapsed=4.499110e+02 cycle=62700 time=8.947468e+00 dt=1.234631e-04
elapsed=4.507920e+02 cycle=62800 time=8.959268e+00 dt=1.116633e-04
elapsed=4.516568e+02 cycle=62900 time=8.969844e+00 dt=1.018135e-04
elapsed=4.525026e+02 cycle=63000 time=8.980040e+00 dt=1.047031e-04
elapsed=4.533670e+02 cycle=63100 time=8.991631e+00 dt=1.208240e-04
elapsed=4.542439e+02 cycle=63200 time=9.003961e+00 dt=1.211588e-04
elapsed=4.550900e+02 cycle=63300 time=9.015739e+00 dt=1.171634e-04
elapsed=4.559363e+02 cycle=63400 time=9.027908e+00 dt=1.283362e-04
elapsed=4.568148e+02 cycle=63500 time=9.041537e+00 dt=1.442875e-04
elapsed=4.576756e+02 cycle=63600 time=9.055916e+00 dt=1.422417e-04
elapsed=4.585226e+02 cycle=63700 time=9.070149e+00 dt=1.415493e-04
elapsed=4.593981e+02 cycle=63800 time=9.084148e+00 dt=1.375438e-04
elapsed=4.602908e+02 cycle=63900 time=9.097701e+00 dt=1.340997e-04
elapsed=4.611534e+02 cycle=64000 time=9.110604e+00 dt=1.238417e-04
elapsed=4.620537e+02 cycle=64100 time=9.122636e+00 dt=1.176368e-04
elapsed=4.629211e+02 cycle=64200 time=9.134277e+00 dt=1.159066e-04
elapsed=4.638133e+02 cycle=64300 time=9.145870e+00 dt=1.170268e-04
elapsed=4.646842e+02 cycle=64400 time=9.158070e+00 dt=1.260441e-04
elapsed=4.655702e+02 cycle=64500 time=9.171186e+00 dt=1.397019e-04
elapsed=4.664524e+02 cycle=64600 time=9.185762e+00 dt=1.463752e-04
elapsed=4.673221e+02 cycle=64700 time=9.200219e+00 dt=1.445902e-04
elapsed=4.682179e+02 cycle=64800 time=9.214614e+00 dt=1.434125e-04
elapsed=4.690732e+02 cycle=64900 time=9.228588e+00 dt=1.360759e-04
elapsed=4.699494e+02 cycle=65000 time=9.241900e+00 dt=1.305657e-04
elapsed=4.708399e+02 cycle=65100 time=9.255111e+00 dt=1.345942e-04
elapsed=4.717112e+02 cycle=65200 time=9.268772e+00 dt=1.380156e-04
elapsed=4.725967e+02 cycle=65300 time=9.282426e+00 dt=1.368750e-04
elapsed=4.734786e+02 cycle=65400 time=9.296258e+00 dt=1.386316e-04
elapsed=4.743509e+02 cycle=65500 time=9.310051e+00 dt=1.374055e-04
elapsed=4.752661e+02 cycle=65600 time=9.323727e+00 dt=1.357551e-04
elapsed=4.760690e+02 cycle=65700 time=9.337355e+00 dt=1.359046e-04
elapsed=4.768792e+02 cycle=65800 time=9.351037e+00 dt=1.368707e-04
elapsed=4.776881e+02 cycle=65900 time=9.364775e+00 dt=1.371758e-04
elapsed=4.784980e+02 cycle=66000 time=9.378297e+00 dt=1.342905e-04
elapsed=4.793387e+02 cycle=66100 time=9.391823e+00 dt=1.339806e-04
elapsed=4.806729e+02 cycle=66200 time=9.405033e+00 dt=1.318175e-04
elapsed=4.816033e+02 cycle=66300 time=9.418519e+00 dt=1.366207e-04
elapsed=4.824607e+02 cycle=66400 time=9.432564e+00 dt=1.434028e-04
elapsed=4.833120e+02 cycle=66500 time=9.446994e+00 dt=1.454360e-04
elapsed=4.841695e+02 cycle=66600 time=9.461598e+00 dt=1.475337e-04
elapsed=4.850250e+02 cycle=66700 time=9.476471e+00 dt=1.490502e-04
elapsed=4.859279e+02 cycle=66800 time=9.491082e+00 dt=1.429049e-04
elapsed=4.868147e+02 cycle=66900 time=9.505601e+00 dt=1.507991e-04
elapsed=4.877892e+02 cycle=67000 time=9.520593e+00 dt=1.498367e-04
elapsed=4.886395e+02 cycle=67100 time=9.535550e+00 dt=1.484552e-04
elapsed=4.895183e+02 cycle=67200 time=9.550391e+00 dt=1.481351e-04
elapsed=4.904364e+02 cycle=67300 time=9.565278e+00 dt=1.491089e-04
elapsed=4.913434e+02 cycle=67400 time=9.580154e+00 dt=1.480357e-04
elapsed=4.923029e+02 cycle=67500 time=9.594808e+00 dt=1.441092e-04
elapsed=4.931803e+02 cycle=67600 time=9.609009e+00 dt=1.398980e-04
elapsed=4.940327e+02 cycle=67700 time=9.622874e+00 dt=1.374692e-04
elapsed=4.948839e+02 cycle=67800 time=9.636522e+00 dt=1.356246e-04
elapsed=4.957419e+02 cycle=67900 time=9.650056e+00 dt=1.353653e-04
elapsed=4.966666e+02 cycle=68000 time=9.663551e+00 dt=1.343530e-04
elapsed=4.976952e+02 cycle=68100 time=9.676841e+00 dt=1.323956e-04
elapsed=4.985535e+02 cycle=68200 time=9.690073e+00 dt=1.320152e-04
elapsed=4.994283e+02 cycle=68300 time=9.703329e+00 dt=1.333623e-04
elapsed=5.003751e+02 cycle=68400 time=9.716601e+00 dt=1.335994e-04
elapsed=5.012401e+02 cycle=68500 time=9.730312e+00 dt=1.379989e-04
elapsed=5.021291e+02 cycle=68600 time=9.743935e+00 dt=1.326264e-04
elapsed=5.030161e+02 cycle=68700 time=9.757106e+00 dt=1.359569e-04
elapsed=5.039076e+02 cycle=68800 time=9.771402e+00 dt=1.429755e-04
elapsed=5.047902e+02 cycle=68900 time=9.785572e+00 dt=1.405078e-04
elapsed=5.056831e+02 cycle=69000 time=9.799491e+00 dt=1.377066e-04
elapsed=5.065573e+02 cycle=69100 time=9.813151e+00 dt=1.353196e-04
elapsed=5.074394e+02 cycle=69200 time=9.826663e+00 dt=1.346423e-04
elapsed=5.082449e+02 cycle=69300 time=9.840187e+00 dt=1.368527e-04
elapsed=5.090522e+02 cycle=69400 time=9.853966e+00 dt=1.380904e-04
elapsed=5.098614e+02 cycle=69500 time=9.867597e+00 dt=1.343237e-04
elapsed=5.106721e+02 cycle=69600 time=9.881106e+00 dt=1.361096e-04
elapsed=5.115216e+02 cycle=69700 time=9.894814e+00 dt=1.381076e-04
elapsed=5.129292e+02 cycle=69800 time=9.909196e+00 dt=1.514513e-04
elapsed=5.138119e+02 cycle=69900 time=9.924675e+00 dt=1.547013e-04
elapsed=5.146671e+02 cycle=70000 time=9.939919e+00 dt=1.482581e-04
elapsed=5.155242e+02 cycle=70100 time=9.953833e+00 dt=1.332746e-04
elapsed=5.163796e+02 cycle=70200 time=9.967463e+00 dt=1.416217e-04
elapsed=5.172369e+02 cycle=70300 time=9.982250e+00 dt=1.440423e-04
elapsed=5.180923e+02 cycle=70400 time=9.996499e+00 dt=1.418372e-04

Terminating on time limit
time=1.000000e+01 cycle=70425
tlim=1.000000e+01 nlim=-1

MeshBlock-cycles = 1126800
cpu time used  = 5.183008e+02
zone-cycles/cpu_second = 4.452407e+06
particle-updates/cpu_second = 0.000000e+00
[2026-07-29 21:07:53] Finished: 128x256

============================================================
 Starting resolution: 256x512  (nx1=256, nx2=512)
 MPI ranks : 16
 Meshblock : 256 x 32
 Output dir: /home/sasi/Projects/SubgridCGMModel/simulation_outputs/hr_mpi_256x512
 Log file  : /home/sasi/Projects/SubgridCGMModel/simulation_outputs/hr_mpi_256x512/256x512.log
============================================================
  Written: /home/sasi/Projects/SubgridCGMModel/simulation_outputs/hr_mpi_256x512/kh_radiative_256x512.athinput
  Resolved mesh settings:
    nx1       = 256        # Number of zones in X1-direction
    nx2       = 512        # Number of zones in X2-direction
    nx3       = 1           # Number of zones in X3-direction
    nx1       = 256        # Number of cells in each MeshBlock, X1-dir
    nx2       = 32      # Number of cells in each MeshBlock, X2-dir
    nx3       = 1          # Number of cells in each MeshBlock, X3-dir
[2026-07-29 21:07:53] Launching mpirun for 256x512 ...
Authorization required, but no authorization protocol specified
Authorization required, but no authorization protocol specified

Root grid = 1 x 16 x 1 MeshBlocks
Total number of MeshBlocks = 16
Number of logical  levels of refinement = 4 (5 levels total)
Number of physical levels of refinement = 0 (1 levels total)
Number of parallel ranks = 16
  Rank = 0: 1 MeshBlocks, cost = 1
  Rank = 1: 1 MeshBlocks, cost = 1
  Rank = 2: 1 MeshBlocks, cost = 1
  Rank = 3: 1 MeshBlocks, cost = 1
  Rank = 4: 1 MeshBlocks, cost = 1
  Rank = 5: 1 MeshBlocks, cost = 1
  Rank = 6: 1 MeshBlocks, cost = 1
  Rank = 7: 1 MeshBlocks, cost = 1
  Rank = 8: 1 MeshBlocks, cost = 1
  Rank = 9: 1 MeshBlocks, cost = 1
  Rank = 10: 1 MeshBlocks, cost = 1
  Rank = 11: 1 MeshBlocks, cost = 1
  Rank = 12: 1 MeshBlocks, cost = 1
  Rank = 13: 1 MeshBlocks, cost = 1
  Rank = 14: 1 MeshBlocks, cost = 1
  Rank = 15: 1 MeshBlocks, cost = 1
Load Balancing:
  Maximum normalized cost = 1, Average = 1

Setup complete, executing task list(s)...

elapsed=1.980274e-02 cycle=0 time=0.000000e+00 dt=8.651289e-05
elapsed=1.644506e+00 cycle=100 time=8.646155e-03 dt=8.649489e-05
elapsed=3.327057e+00 cycle=200 time=1.729638e-02 dt=8.650630e-05
elapsed=4.888962e+00 cycle=300 time=2.594724e-02 dt=8.651035e-05
elapsed=6.322918e+00 cycle=400 time=3.459833e-02 dt=8.651102e-05
elapsed=7.287637e+00 cycle=500 time=4.324943e-02 dt=8.646560e-05
elapsed=8.263239e+00 cycle=600 time=5.189681e-02 dt=8.651166e-05
elapsed=9.249182e+00 cycle=700 time=6.049649e-02 dt=8.616873e-05
elapsed=1.024046e+01 cycle=800 time=6.905735e-02 dt=8.529511e-05
elapsed=1.124824e+01 cycle=900 time=7.755014e-02 dt=8.435756e-05
elapsed=1.226753e+01 cycle=1000 time=8.597787e-02 dt=8.391584e-05
elapsed=1.329886e+01 cycle=1100 time=9.433565e-02 dt=8.360762e-05
elapsed=1.434354e+01 cycle=1200 time=1.026519e-01 dt=8.309439e-05
elapsed=1.539966e+01 cycle=1300 time=1.109560e-01 dt=8.264476e-05
elapsed=1.647373e+01 cycle=1400 time=1.192243e-01 dt=8.283599e-05
elapsed=1.764825e+01 cycle=1500 time=1.274963e-01 dt=8.299966e-05
elapsed=1.877017e+01 cycle=1600 time=1.357279e-01 dt=8.069391e-05
elapsed=1.991603e+01 cycle=1700 time=1.437418e-01 dt=8.024099e-05
elapsed=2.108925e+01 cycle=1800 time=1.517804e-01 dt=8.038743e-05
elapsed=2.228428e+01 cycle=1900 time=1.598186e-01 dt=7.998826e-05
elapsed=2.350865e+01 cycle=2000 time=1.677852e-01 dt=7.921314e-05
elapsed=2.474777e+01 cycle=2100 time=1.756739e-01 dt=7.874382e-05
elapsed=2.600867e+01 cycle=2200 time=1.834950e-01 dt=7.838712e-05
elapsed=2.728471e+01 cycle=2300 time=1.913188e-01 dt=7.778610e-05
elapsed=2.857383e+01 cycle=2400 time=1.990892e-01 dt=7.778910e-05
elapsed=2.988784e+01 cycle=2500 time=2.068544e-01 dt=7.820634e-05
elapsed=3.122031e+01 cycle=2600 time=2.146427e-01 dt=7.780053e-05
elapsed=3.257075e+01 cycle=2700 time=2.224596e-01 dt=7.812923e-05
elapsed=3.394020e+01 cycle=2800 time=2.302778e-01 dt=7.867681e-05
elapsed=3.532508e+01 cycle=2900 time=2.381072e-01 dt=7.819396e-05
elapsed=3.676506e+01 cycle=3000 time=2.459559e-01 dt=7.850885e-05
elapsed=3.823595e+01 cycle=3100 time=2.538358e-01 dt=7.916290e-05
elapsed=3.971691e+01 cycle=3200 time=2.617295e-01 dt=7.825688e-05
elapsed=4.116816e+01 cycle=3300 time=2.695867e-01 dt=7.852452e-05
elapsed=4.263808e+01 cycle=3400 time=2.774776e-01 dt=7.962195e-05
elapsed=4.412249e+01 cycle=3500 time=2.855224e-01 dt=8.056916e-05
elapsed=4.561904e+01 cycle=3600 time=2.935332e-01 dt=7.983794e-05
elapsed=4.712459e+01 cycle=3700 time=3.014999e-01 dt=7.964508e-05
elapsed=4.863897e+01 cycle=3800 time=3.094278e-01 dt=7.912465e-05
elapsed=5.018065e+01 cycle=3900 time=3.173410e-01 dt=7.901664e-05
elapsed=5.174591e+01 cycle=4000 time=3.252412e-01 dt=7.925786e-05
elapsed=5.332926e+01 cycle=4100 time=3.331526e-01 dt=7.895556e-05
elapsed=5.493709e+01 cycle=4200 time=3.410022e-01 dt=7.807210e-05
elapsed=5.656133e+01 cycle=4300 time=3.488184e-01 dt=7.789576e-05
elapsed=5.821115e+01 cycle=4400 time=3.565482e-01 dt=7.701517e-05
elapsed=5.988800e+01 cycle=4500 time=3.642039e-01 dt=7.681660e-05
elapsed=6.158821e+01 cycle=4600 time=3.718988e-01 dt=7.723189e-05
elapsed=6.330204e+01 cycle=4700 time=3.796410e-01 dt=7.780920e-05
elapsed=6.548276e+01 cycle=4800 time=3.874102e-01 dt=7.794166e-05
elapsed=6.778974e+01 cycle=4900 time=3.952069e-01 dt=7.763495e-05
elapsed=7.012665e+01 cycle=5000 time=4.029582e-01 dt=7.648616e-05
elapsed=7.250210e+01 cycle=5100 time=4.105298e-01 dt=7.421677e-05
elapsed=7.451295e+01 cycle=5200 time=4.179089e-01 dt=7.385350e-05
elapsed=7.639636e+01 cycle=5300 time=4.251613e-01 dt=7.236723e-05
elapsed=7.830771e+01 cycle=5400 time=4.325215e-01 dt=7.499933e-05
elapsed=8.024607e+01 cycle=5500 time=4.400880e-01 dt=7.601519e-05
elapsed=8.221222e+01 cycle=5600 time=4.476211e-01 dt=7.492748e-05
elapsed=8.421246e+01 cycle=5700 time=4.551252e-01 dt=7.520029e-05
elapsed=8.624349e+01 cycle=5800 time=4.625954e-01 dt=7.344598e-05
elapsed=8.829523e+01 cycle=5900 time=4.698440e-01 dt=7.085020e-05
elapsed=9.037693e+01 cycle=6000 time=4.767784e-01 dt=6.766978e-05
elapsed=9.249107e+01 cycle=6100 time=4.833490e-01 dt=6.470500e-05
elapsed=9.461858e+01 cycle=6200 time=4.897658e-01 dt=7.059751e-05
elapsed=9.676711e+01 cycle=6300 time=4.971509e-01 dt=7.419267e-05
elapsed=9.893847e+01 cycle=6400 time=5.046008e-01 dt=7.437612e-05
elapsed=1.011125e+02 cycle=6500 time=5.120042e-01 dt=7.443789e-05
elapsed=1.032871e+02 cycle=6600 time=5.194772e-01 dt=7.518212e-05
elapsed=1.055636e+02 cycle=6700 time=5.270071e-01 dt=7.547321e-05
elapsed=1.077649e+02 cycle=6800 time=5.345670e-01 dt=7.555376e-05
elapsed=1.099642e+02 cycle=6900 time=5.421171e-01 dt=7.598034e-05
elapsed=1.121644e+02 cycle=7000 time=5.497403e-01 dt=7.564306e-05
elapsed=1.145029e+02 cycle=7100 time=5.572330e-01 dt=7.444582e-05
elapsed=1.173746e+02 cycle=7200 time=5.647164e-01 dt=7.487488e-05
elapsed=1.202477e+02 cycle=7300 time=5.722511e-01 dt=7.428649e-05
elapsed=1.231115e+02 cycle=7400 time=5.799358e-01 dt=7.783750e-05
elapsed=1.254121e+02 cycle=7500 time=5.877583e-01 dt=7.820126e-05
elapsed=1.276186e+02 cycle=7600 time=5.956265e-01 dt=7.736341e-05
elapsed=1.298234e+02 cycle=7700 time=6.034599e-01 dt=7.950047e-05
elapsed=1.320304e+02 cycle=7800 time=6.113273e-01 dt=7.755996e-05
elapsed=1.342308e+02 cycle=7900 time=6.190402e-01 dt=7.744096e-05
elapsed=1.364382e+02 cycle=8000 time=6.269237e-01 dt=7.988735e-05
elapsed=1.386436e+02 cycle=8100 time=6.349081e-01 dt=7.966037e-05
elapsed=1.408516e+02 cycle=8200 time=6.428412e-01 dt=7.894909e-05
elapsed=1.430596e+02 cycle=8300 time=6.507402e-01 dt=7.936601e-05
elapsed=1.452613e+02 cycle=8400 time=6.586594e-01 dt=7.862189e-05
elapsed=1.474702e+02 cycle=8500 time=6.664698e-01 dt=7.808076e-05
elapsed=1.496787e+02 cycle=8600 time=6.741973e-01 dt=7.642604e-05
elapsed=1.518867e+02 cycle=8700 time=6.817940e-01 dt=7.513733e-05
elapsed=1.540880e+02 cycle=8800 time=6.893798e-01 dt=7.803034e-05
elapsed=1.562936e+02 cycle=8900 time=6.972098e-01 dt=7.815735e-05
elapsed=1.584996e+02 cycle=9000 time=7.050072e-01 dt=7.756609e-05
elapsed=1.607081e+02 cycle=9100 time=7.125159e-01 dt=7.164950e-05
elapsed=1.634425e+02 cycle=9200 time=7.193433e-01 dt=6.639146e-05
elapsed=1.663469e+02 cycle=9300 time=7.258774e-01 dt=6.780451e-05
elapsed=1.692167e+02 cycle=9400 time=7.329451e-01 dt=7.106565e-05
elapsed=1.717523e+02 cycle=9500 time=7.402372e-01 dt=7.632752e-05
elapsed=1.739515e+02 cycle=9600 time=7.478462e-01 dt=7.632656e-05
elapsed=1.761568e+02 cycle=9700 time=7.554393e-01 dt=7.581611e-05
elapsed=1.783626e+02 cycle=9800 time=7.629722e-01 dt=7.527042e-05
elapsed=1.805695e+02 cycle=9900 time=7.703488e-01 dt=7.256988e-05
elapsed=1.827685e+02 cycle=10000 time=7.777022e-01 dt=7.323797e-05
elapsed=1.849749e+02 cycle=10100 time=7.850662e-01 dt=7.359412e-05
elapsed=1.871820e+02 cycle=10200 time=7.923985e-01 dt=7.320260e-05
elapsed=1.893842e+02 cycle=10300 time=7.997393e-01 dt=7.327330e-05
elapsed=1.915888e+02 cycle=10400 time=8.070213e-01 dt=7.214762e-05
elapsed=1.938119e+02 cycle=10500 time=8.142069e-01 dt=7.268121e-05
elapsed=1.960712e+02 cycle=10600 time=8.214601e-01 dt=7.280906e-05
elapsed=1.982701e+02 cycle=10700 time=8.287714e-01 dt=7.339239e-05
elapsed=2.004753e+02 cycle=10800 time=8.361260e-01 dt=7.333488e-05
elapsed=2.026818e+02 cycle=10900 time=8.434734e-01 dt=7.331310e-05
elapsed=2.048854e+02 cycle=11000 time=8.507677e-01 dt=7.178971e-05
elapsed=2.070839e+02 cycle=11100 time=8.578321e-01 dt=6.873611e-05
elapsed=2.098926e+02 cycle=11200 time=8.647234e-01 dt=7.148113e-05
elapsed=2.127587e+02 cycle=11300 time=8.718869e-01 dt=7.185187e-05
elapsed=2.156187e+02 cycle=11400 time=8.790533e-01 dt=7.204911e-05
elapsed=2.181102e+02 cycle=11500 time=8.862989e-01 dt=7.224032e-05
elapsed=2.203132e+02 cycle=11600 time=8.934404e-01 dt=7.094479e-05
elapsed=2.225135e+02 cycle=11700 time=9.005650e-01 dt=7.179414e-05
elapsed=2.247097e+02 cycle=11800 time=9.078816e-01 dt=7.470924e-05
elapsed=2.269138e+02 cycle=11900 time=9.154045e-01 dt=7.568788e-05
elapsed=2.291171e+02 cycle=12000 time=9.229503e-01 dt=7.546647e-05
elapsed=2.313193e+02 cycle=12100 time=9.304652e-01 dt=7.510542e-05
elapsed=2.335172e+02 cycle=12200 time=9.380065e-01 dt=7.553204e-05
elapsed=2.357236e+02 cycle=12300 time=9.455886e-01 dt=7.597808e-05
elapsed=2.379327e+02 cycle=12400 time=9.531705e-01 dt=7.655189e-05
elapsed=2.401385e+02 cycle=12500 time=9.608487e-01 dt=7.742311e-05
elapsed=2.423336e+02 cycle=12600 time=9.685403e-01 dt=7.531208e-05
elapsed=2.445373e+02 cycle=12700 time=9.759483e-01 dt=7.219483e-05
elapsed=2.467434e+02 cycle=12800 time=9.830356e-01 dt=6.952163e-05
elapsed=2.489485e+02 cycle=12900 time=9.901450e-01 dt=7.235083e-05
elapsed=2.511484e+02 cycle=13000 time=9.975652e-01 dt=7.447385e-05
elapsed=2.536583e+02 cycle=13100 time=1.005183e+00 dt=7.664610e-05
elapsed=2.565270e+02 cycle=13200 time=1.012843e+00 dt=7.530037e-05
elapsed=2.593954e+02 cycle=13300 time=1.020215e+00 dt=7.231396e-05
elapsed=2.619350e+02 cycle=13400 time=1.027230e+00 dt=6.852757e-05
elapsed=2.641397e+02 cycle=13500 time=1.034135e+00 dt=6.924682e-05
elapsed=2.663448e+02 cycle=13600 time=1.041033e+00 dt=6.948050e-05
elapsed=2.685430e+02 cycle=13700 time=1.047670e+00 dt=6.404175e-05
elapsed=2.707464e+02 cycle=13800 time=1.054441e+00 dt=6.875993e-05
elapsed=2.729534e+02 cycle=13900 time=1.061203e+00 dt=6.431795e-05
elapsed=2.751554e+02 cycle=14000 time=1.067524e+00 dt=6.764510e-05
elapsed=2.773610e+02 cycle=14100 time=1.074191e+00 dt=6.772151e-05
elapsed=2.795670e+02 cycle=14200 time=1.081131e+00 dt=7.076719e-05
elapsed=2.817660e+02 cycle=14300 time=1.088448e+00 dt=7.595865e-05
elapsed=2.839719e+02 cycle=14400 time=1.095992e+00 dt=7.442474e-05
elapsed=2.861765e+02 cycle=14500 time=1.103342e+00 dt=7.175725e-05
elapsed=2.884330e+02 cycle=14600 time=1.110445e+00 dt=7.163356e-05
elapsed=2.906573e+02 cycle=14700 time=1.117524e+00 dt=6.973318e-05
elapsed=2.928623e+02 cycle=14800 time=1.124480e+00 dt=6.820196e-05
elapsed=2.950671e+02 cycle=14900 time=1.131152e+00 dt=6.474384e-05
elapsed=2.972679e+02 cycle=15000 time=1.137552e+00 dt=6.357911e-05
elapsed=2.994753e+02 cycle=15100 time=1.143897e+00 dt=6.357098e-05
elapsed=3.017688e+02 cycle=15200 time=1.150272e+00 dt=6.388629e-05
elapsed=3.039843e+02 cycle=15300 time=1.156668e+00 dt=6.386224e-05
elapsed=3.061876e+02 cycle=15400 time=1.163045e+00 dt=6.376850e-05
elapsed=3.083882e+02 cycle=15500 time=1.169424e+00 dt=6.411896e-05
elapsed=3.105954e+02 cycle=15600 time=1.175903e+00 dt=6.489834e-05
elapsed=3.133205e+02 cycle=15700 time=1.182091e+00 dt=5.993751e-05
elapsed=3.161827e+02 cycle=15800 time=1.188684e+00 dt=6.761946e-05
elapsed=3.190566e+02 cycle=15900 time=1.195447e+00 dt=6.777854e-05
elapsed=3.216323e+02 cycle=16000 time=1.202311e+00 dt=6.864134e-05
elapsed=3.238354e+02 cycle=16100 time=1.209068e+00 dt=6.624067e-05
elapsed=3.260479e+02 cycle=16200 time=1.215472e+00 dt=6.147605e-05
elapsed=3.282594e+02 cycle=16300 time=1.221430e+00 dt=5.802031e-05
elapsed=3.304593e+02 cycle=16400 time=1.227198e+00 dt=5.758740e-05
elapsed=3.326602e+02 cycle=16500 time=1.232798e+00 dt=5.491621e-05
elapsed=3.348564e+02 cycle=16600 time=1.238615e+00 dt=6.333893e-05
elapsed=3.370628e+02 cycle=16700 time=1.245095e+00 dt=6.531859e-05
elapsed=3.392705e+02 cycle=16800 time=1.251713e+00 dt=6.767543e-05
elapsed=3.414723e+02 cycle=16900 time=1.258775e+00 dt=7.324038e-05
elapsed=3.436768e+02 cycle=17000 time=1.265981e+00 dt=7.072290e-05
elapsed=3.458823e+02 cycle=17100 time=1.272837e+00 dt=6.648549e-05
elapsed=3.480830e+02 cycle=17200 time=1.279725e+00 dt=6.936368e-05
elapsed=3.502904e+02 cycle=17300 time=1.286578e+00 dt=6.763642e-05
elapsed=3.524958e+02 cycle=17400 time=1.293322e+00 dt=6.765308e-05
elapsed=3.552032e+02 cycle=17500 time=1.300044e+00 dt=6.596007e-05
elapsed=3.580645e+02 cycle=17600 time=1.306573e+00 dt=6.465999e-05
elapsed=3.609329e+02 cycle=17700 time=1.313026e+00 dt=6.475227e-05
elapsed=3.635231e+02 cycle=17800 time=1.319367e+00 dt=6.197042e-05
elapsed=3.657296e+02 cycle=17900 time=1.325653e+00 dt=6.981459e-05
elapsed=3.679331e+02 cycle=18000 time=1.332823e+00 dt=7.151800e-05
elapsed=3.701938e+02 cycle=18100 time=1.339876e+00 dt=7.076065e-05
elapsed=3.724016e+02 cycle=18200 time=1.346888e+00 dt=6.941136e-05
elapsed=3.746065e+02 cycle=18300 time=1.353761e+00 dt=6.782526e-05
elapsed=3.768122e+02 cycle=18400 time=1.360510e+00 dt=6.684745e-05
elapsed=3.790869e+02 cycle=18500 time=1.367238e+00 dt=6.807588e-05
elapsed=3.812929e+02 cycle=18600 time=1.374045e+00 dt=6.777684e-05
elapsed=3.834956e+02 cycle=18700 time=1.380808e+00 dt=6.734100e-05
elapsed=3.856945e+02 cycle=18800 time=1.387515e+00 dt=6.677169e-05
elapsed=3.879017e+02 cycle=18900 time=1.394160e+00 dt=6.616230e-05
elapsed=3.901315e+02 cycle=19000 time=1.400745e+00 dt=6.629389e-05
elapsed=3.924439e+02 cycle=19100 time=1.407384e+00 dt=6.665011e-05
elapsed=3.948327e+02 cycle=19200 time=1.414033e+00 dt=6.649481e-05
elapsed=3.972387e+02 cycle=19300 time=1.420665e+00 dt=6.589328e-05
elapsed=3.997550e+02 cycle=19400 time=1.427221e+00 dt=6.571747e-05
elapsed=4.023136e+02 cycle=19500 time=1.433837e+00 dt=6.656393e-05
elapsed=4.049396e+02 cycle=19600 time=1.440540e+00 dt=6.794422e-05
elapsed=4.076743e+02 cycle=19700 time=1.447466e+00 dt=6.968762e-05
elapsed=4.104312e+02 cycle=19800 time=1.454299e+00 dt=6.625910e-05
elapsed=4.133161e+02 cycle=19900 time=1.460937e+00 dt=6.971449e-05
elapsed=4.162237e+02 cycle=20000 time=1.467919e+00 dt=6.876740e-05
elapsed=4.192278e+02 cycle=20100 time=1.474886e+00 dt=7.137981e-05
elapsed=4.223286e+02 cycle=20200 time=1.482036e+00 dt=7.156517e-05
elapsed=4.254312e+02 cycle=20300 time=1.489340e+00 dt=7.457299e-05
elapsed=4.286433e+02 cycle=20400 time=1.496901e+00 dt=7.647812e-05
elapsed=4.319163e+02 cycle=20500 time=1.504462e+00 dt=7.364815e-05
elapsed=4.351934e+02 cycle=20600 time=1.511725e+00 dt=7.253876e-05
elapsed=4.384363e+02 cycle=20700 time=1.519234e+00 dt=7.748812e-05
elapsed=4.417084e+02 cycle=20800 time=1.526942e+00 dt=7.666036e-05
elapsed=4.450584e+02 cycle=20900 time=1.534632e+00 dt=7.763904e-05
elapsed=4.483465e+02 cycle=21000 time=1.542363e+00 dt=7.661647e-05
elapsed=4.516378e+02 cycle=21100 time=1.549940e+00 dt=7.526455e-05
elapsed=4.549098e+02 cycle=21200 time=1.557468e+00 dt=7.542636e-05
elapsed=4.582516e+02 cycle=21300 time=1.564954e+00 dt=7.417970e-05
elapsed=4.615466e+02 cycle=21400 time=1.572344e+00 dt=7.405455e-05
elapsed=4.648174e+02 cycle=21500 time=1.579863e+00 dt=7.602023e-05
elapsed=4.681527e+02 cycle=21600 time=1.587461e+00 dt=7.593713e-05
elapsed=4.714539e+02 cycle=21700 time=1.594976e+00 dt=7.559607e-05
elapsed=4.747516e+02 cycle=21800 time=1.602545e+00 dt=7.525472e-05
elapsed=4.780305e+02 cycle=21900 time=1.610019e+00 dt=7.426323e-05
elapsed=4.813200e+02 cycle=22000 time=1.617421e+00 dt=7.414493e-05
elapsed=4.846148e+02 cycle=22100 time=1.624654e+00 dt=7.062309e-05
elapsed=4.878797e+02 cycle=22200 time=1.631712e+00 dt=7.067997e-05
elapsed=4.911729e+02 cycle=22300 time=1.638879e+00 dt=7.303026e-05
elapsed=4.944550e+02 cycle=22400 time=1.646198e+00 dt=7.318495e-05
elapsed=4.977481e+02 cycle=22500 time=1.653502e+00 dt=7.381056e-05
elapsed=5.010778e+02 cycle=22600 time=1.660918e+00 dt=7.461121e-05
elapsed=5.043316e+02 cycle=22700 time=1.668437e+00 dt=7.580182e-05
elapsed=5.075998e+02 cycle=22800 time=1.676025e+00 dt=7.612514e-05
elapsed=5.109127e+02 cycle=22900 time=1.683628e+00 dt=7.559268e-05
elapsed=5.141797e+02 cycle=23000 time=1.691115e+00 dt=7.370962e-05
elapsed=5.174708e+02 cycle=23100 time=1.698421e+00 dt=7.266488e-05
elapsed=5.207787e+02 cycle=23200 time=1.705708e+00 dt=7.281574e-05
elapsed=5.240788e+02 cycle=23300 time=1.712856e+00 dt=7.012937e-05
elapsed=5.273742e+02 cycle=23400 time=1.719609e+00 dt=6.614272e-05
elapsed=5.306210e+02 cycle=23500 time=1.726611e+00 dt=7.448392e-05
elapsed=5.338875e+02 cycle=23600 time=1.734071e+00 dt=7.490796e-05
elapsed=5.372191e+02 cycle=23700 time=1.741544e+00 dt=7.462622e-05
elapsed=5.404792e+02 cycle=23800 time=1.748965e+00 dt=7.242967e-05
elapsed=5.437835e+02 cycle=23900 time=1.756022e+00 dt=6.983839e-05
elapsed=5.470547e+02 cycle=24000 time=1.763023e+00 dt=7.084322e-05
elapsed=5.503788e+02 cycle=24100 time=1.770293e+00 dt=7.257352e-05
elapsed=5.536866e+02 cycle=24200 time=1.777508e+00 dt=7.200162e-05
elapsed=5.569636e+02 cycle=24300 time=1.784709e+00 dt=7.183781e-05
elapsed=5.602220e+02 cycle=24400 time=1.791899e+00 dt=7.194296e-05
elapsed=5.634652e+02 cycle=24500 time=1.799142e+00 dt=7.274511e-05
elapsed=5.667907e+02 cycle=24600 time=1.806452e+00 dt=7.372266e-05
elapsed=5.700787e+02 cycle=24700 time=1.813827e+00 dt=7.349435e-05
elapsed=5.733739e+02 cycle=24800 time=1.821184e+00 dt=7.402874e-05
elapsed=5.766757e+02 cycle=24900 time=1.828613e+00 dt=7.453822e-05
elapsed=5.799429e+02 cycle=25000 time=1.836033e+00 dt=7.400943e-05
elapsed=5.832766e+02 cycle=25100 time=1.843429e+00 dt=7.369892e-05
elapsed=5.865755e+02 cycle=25200 time=1.850722e+00 dt=7.171126e-05
elapsed=5.898514e+02 cycle=25300 time=1.857886e+00 dt=7.192722e-05
elapsed=5.931426e+02 cycle=25400 time=1.865310e+00 dt=7.634759e-05
elapsed=5.964615e+02 cycle=25500 time=1.873032e+00 dt=7.811323e-05
elapsed=5.997802e+02 cycle=25600 time=1.880821e+00 dt=7.743093e-05
elapsed=6.030732e+02 cycle=25700 time=1.888485e+00 dt=7.631489e-05
elapsed=6.063260e+02 cycle=25800 time=1.896099e+00 dt=7.616420e-05
elapsed=6.096009e+02 cycle=25900 time=1.903646e+00 dt=7.386143e-05
elapsed=6.128712e+02 cycle=26000 time=1.910867e+00 dt=7.117134e-05
elapsed=6.162130e+02 cycle=26100 time=1.917949e+00 dt=7.096852e-05
elapsed=6.194864e+02 cycle=26200 time=1.925297e+00 dt=7.414699e-05
elapsed=6.227425e+02 cycle=26300 time=1.932647e+00 dt=7.273328e-05
elapsed=6.259898e+02 cycle=26400 time=1.939871e+00 dt=7.167492e-05
elapsed=6.291824e+02 cycle=26500 time=1.946996e+00 dt=7.054385e-05
elapsed=6.324904e+02 cycle=26600 time=1.953979e+00 dt=6.911011e-05
elapsed=6.357777e+02 cycle=26700 time=1.960862e+00 dt=6.855311e-05
elapsed=6.390791e+02 cycle=26800 time=1.967709e+00 dt=6.842272e-05
elapsed=6.424109e+02 cycle=26900 time=1.974519e+00 dt=6.769240e-05
elapsed=6.457149e+02 cycle=27000 time=1.981280e+00 dt=6.727648e-05
elapsed=6.489980e+02 cycle=27100 time=1.988027e+00 dt=6.794886e-05
elapsed=6.522772e+02 cycle=27200 time=1.994866e+00 dt=6.862934e-05
elapsed=6.555893e+02 cycle=27300 time=2.001760e+00 dt=6.916143e-05
elapsed=6.588860e+02 cycle=27400 time=2.008532e+00 dt=6.613233e-05
elapsed=6.621718e+02 cycle=27500 time=2.015190e+00 dt=6.738892e-05
elapsed=6.654491e+02 cycle=27600 time=2.022035e+00 dt=6.862951e-05
elapsed=6.687574e+02 cycle=27700 time=2.029046e+00 dt=7.247183e-05
elapsed=6.720654e+02 cycle=27800 time=2.036254e+00 dt=6.855708e-05
elapsed=6.753319e+02 cycle=27900 time=2.042987e+00 dt=6.910586e-05
elapsed=6.786316e+02 cycle=28000 time=2.050141e+00 dt=7.182912e-05
elapsed=6.819265e+02 cycle=28100 time=2.057280e+00 dt=7.074401e-05
elapsed=6.852576e+02 cycle=28200 time=2.064040e+00 dt=6.341176e-05
elapsed=6.885480e+02 cycle=28300 time=2.070469e+00 dt=7.288741e-05
elapsed=6.918465e+02 cycle=28400 time=2.077743e+00 dt=7.116034e-05
elapsed=6.951554e+02 cycle=28500 time=2.084710e+00 dt=6.768599e-05
elapsed=6.984369e+02 cycle=28600 time=2.091528e+00 dt=7.170226e-05
elapsed=7.017371e+02 cycle=28700 time=2.098580e+00 dt=6.951082e-05
elapsed=7.050067e+02 cycle=28800 time=2.105509e+00 dt=6.897751e-05
elapsed=7.083449e+02 cycle=28900 time=2.112427e+00 dt=6.917064e-05
elapsed=7.116113e+02 cycle=29000 time=2.119320e+00 dt=6.881310e-05
elapsed=7.149160e+02 cycle=29100 time=2.126264e+00 dt=7.005225e-05
elapsed=7.182200e+02 cycle=29200 time=2.133341e+00 dt=7.122394e-05
elapsed=7.215815e+02 cycle=29300 time=2.140413e+00 dt=6.994729e-05
elapsed=7.248993e+02 cycle=29400 time=2.147348e+00 dt=6.876470e-05
elapsed=7.282020e+02 cycle=29500 time=2.154194e+00 dt=6.823544e-05
elapsed=7.315013e+02 cycle=29600 time=2.161044e+00 dt=6.911515e-05
elapsed=7.347778e+02 cycle=29700 time=2.167984e+00 dt=6.953295e-05
elapsed=7.380963e+02 cycle=29800 time=2.174942e+00 dt=6.971979e-05
elapsed=7.414294e+02 cycle=29900 time=2.181950e+00 dt=7.048206e-05
elapsed=7.447175e+02 cycle=30000 time=2.189037e+00 dt=7.149190e-05
elapsed=7.479979e+02 cycle=30100 time=2.196253e+00 dt=7.309014e-05
elapsed=7.512917e+02 cycle=30200 time=2.203364e+00 dt=6.826456e-05
elapsed=7.546208e+02 cycle=30300 time=2.210093e+00 dt=7.230521e-05
elapsed=7.578955e+02 cycle=30400 time=2.217640e+00 dt=7.500139e-05
elapsed=7.611627e+02 cycle=30500 time=2.225080e+00 dt=7.341890e-05
elapsed=7.645193e+02 cycle=30600 time=2.232344e+00 dt=7.206581e-05
elapsed=7.678132e+02 cycle=30700 time=2.239377e+00 dt=6.913149e-05
elapsed=7.711095e+02 cycle=30800 time=2.246298e+00 dt=6.991789e-05
elapsed=7.744634e+02 cycle=30900 time=2.253237e+00 dt=6.928739e-05
elapsed=7.777806e+02 cycle=31000 time=2.260144e+00 dt=6.886790e-05
elapsed=7.810593e+02 cycle=31100 time=2.267027e+00 dt=6.864346e-05
elapsed=7.843875e+02 cycle=31200 time=2.273891e+00 dt=6.923397e-05
elapsed=7.876717e+02 cycle=31300 time=2.280831e+00 dt=6.792988e-05
elapsed=7.909100e+02 cycle=31400 time=2.287496e+00 dt=6.559752e-05
elapsed=7.942458e+02 cycle=31500 time=2.293939e+00 dt=6.348530e-05
elapsed=7.975249e+02 cycle=31600 time=2.300288e+00 dt=6.371285e-05
elapsed=8.008132e+02 cycle=31700 time=2.306676e+00 dt=6.309616e-05
elapsed=8.041125e+02 cycle=31800 time=2.312997e+00 dt=6.419849e-05
elapsed=8.074461e+02 cycle=31900 time=2.319717e+00 dt=6.851435e-05
elapsed=8.107121e+02 cycle=32000 time=2.326490e+00 dt=6.700311e-05
elapsed=8.140371e+02 cycle=32100 time=2.333151e+00 dt=6.651413e-05
elapsed=8.173339e+02 cycle=32200 time=2.339767e+00 dt=6.548582e-05
elapsed=8.206695e+02 cycle=32300 time=2.346163e+00 dt=6.260211e-05
elapsed=8.239421e+02 cycle=32400 time=2.352653e+00 dt=6.707014e-05
elapsed=8.272604e+02 cycle=32500 time=2.359289e+00 dt=6.611460e-05
elapsed=8.304769e+02 cycle=32600 time=2.365907e+00 dt=6.520109e-05
elapsed=8.337920e+02 cycle=32700 time=2.372444e+00 dt=6.542796e-05
elapsed=8.370920e+02 cycle=32800 time=2.378931e+00 dt=6.413912e-05
elapsed=8.403856e+02 cycle=32900 time=2.385431e+00 dt=6.769389e-05
elapsed=8.436588e+02 cycle=33000 time=2.392256e+00 dt=6.668017e-05
elapsed=8.469703e+02 cycle=33100 time=2.398651e+00 dt=6.271886e-05
elapsed=8.502594e+02 cycle=33200 time=2.405016e+00 dt=6.423056e-05
elapsed=8.535408e+02 cycle=33300 time=2.411374e+00 dt=6.296095e-05
elapsed=8.567898e+02 cycle=33400 time=2.417561e+00 dt=6.102241e-05
elapsed=8.601148e+02 cycle=33500 time=2.424130e+00 dt=6.647649e-05
elapsed=8.631780e+02 cycle=33600 time=2.430784e+00 dt=6.720087e-05
elapsed=8.654120e+02 cycle=33700 time=2.437560e+00 dt=6.978064e-05
elapsed=8.676999e+02 cycle=33800 time=2.444551e+00 dt=7.082975e-05
elapsed=8.699647e+02 cycle=33900 time=2.451364e+00 dt=6.649141e-05
elapsed=8.721664e+02 cycle=34000 time=2.457952e+00 dt=6.574504e-05
elapsed=8.744545e+02 cycle=34100 time=2.464319e+00 dt=6.250792e-05
elapsed=8.766685e+02 cycle=34200 time=2.470574e+00 dt=6.343005e-05
elapsed=8.789351e+02 cycle=34300 time=2.477004e+00 dt=6.525616e-05
elapsed=8.812007e+02 cycle=34400 time=2.483632e+00 dt=6.695875e-05
elapsed=8.834268e+02 cycle=34500 time=2.490293e+00 dt=6.729362e-05
elapsed=8.856542e+02 cycle=34600 time=2.497005e+00 dt=6.670073e-05
elapsed=8.879300e+02 cycle=34700 time=2.503740e+00 dt=6.804077e-05
elapsed=8.902023e+02 cycle=34800 time=2.510566e+00 dt=6.844044e-05
elapsed=8.924349e+02 cycle=34900 time=2.517293e+00 dt=6.737443e-05
elapsed=8.946409e+02 cycle=35000 time=2.524050e+00 dt=6.682208e-05
elapsed=8.968487e+02 cycle=35100 time=2.530630e+00 dt=6.475818e-05
elapsed=8.990493e+02 cycle=35200 time=2.536954e+00 dt=6.239370e-05
elapsed=9.012589e+02 cycle=35300 time=2.543151e+00 dt=6.144621e-05
elapsed=9.035638e+02 cycle=35400 time=2.549248e+00 dt=5.879368e-05
elapsed=9.058050e+02 cycle=35500 time=2.554856e+00 dt=5.442478e-05
elapsed=9.080649e+02 cycle=35600 time=2.561153e+00 dt=7.209922e-05
elapsed=9.102659e+02 cycle=35700 time=2.568442e+00 dt=7.308950e-05
elapsed=9.124938e+02 cycle=35800 time=2.575797e+00 dt=7.364863e-05
elapsed=9.147852e+02 cycle=35900 time=2.583167e+00 dt=7.362572e-05
elapsed=9.169957e+02 cycle=36000 time=2.590486e+00 dt=7.268884e-05
elapsed=9.192031e+02 cycle=36100 time=2.597703e+00 dt=7.110285e-05
elapsed=9.214209e+02 cycle=36200 time=2.604661e+00 dt=6.763744e-05
elapsed=9.237159e+02 cycle=36300 time=2.611246e+00 dt=6.386636e-05
elapsed=9.259968e+02 cycle=36400 time=2.617452e+00 dt=6.070555e-05
elapsed=9.282079e+02 cycle=36500 time=2.623523e+00 dt=6.151196e-05
elapsed=9.306230e+02 cycle=36600 time=2.629671e+00 dt=6.058619e-05
elapsed=9.334997e+02 cycle=36700 time=2.635582e+00 dt=5.804420e-05
elapsed=9.363754e+02 cycle=36800 time=2.641451e+00 dt=6.017207e-05
elapsed=9.392345e+02 cycle=36900 time=2.647591e+00 dt=6.176750e-05
elapsed=9.414583e+02 cycle=37000 time=2.653674e+00 dt=5.959486e-05
elapsed=9.436636e+02 cycle=37100 time=2.659544e+00 dt=5.780245e-05
elapsed=9.458748e+02 cycle=37200 time=2.665256e+00 dt=5.613100e-05
elapsed=9.480840e+02 cycle=37300 time=2.670931e+00 dt=5.855046e-05
elapsed=9.502865e+02 cycle=37400 time=2.676722e+00 dt=5.763323e-05
elapsed=9.524910e+02 cycle=37500 time=2.683305e+00 dt=6.994063e-05
elapsed=9.546308e+02 cycle=37600 time=2.690394e+00 dt=7.095036e-05
elapsed=9.566609e+02 cycle=37700 time=2.697358e+00 dt=7.096963e-05
elapsed=9.585719e+02 cycle=37800 time=2.704383e+00 dt=6.787917e-05
elapsed=9.603577e+02 cycle=37900 time=2.711004e+00 dt=6.757158e-05
elapsed=9.620300e+02 cycle=38000 time=2.717713e+00 dt=6.744997e-05
elapsed=9.635977e+02 cycle=38100 time=2.724578e+00 dt=6.922105e-05
elapsed=9.650964e+02 cycle=38200 time=2.731470e+00 dt=6.824159e-05
elapsed=9.665073e+02 cycle=38300 time=2.738142e+00 dt=6.537978e-05
elapsed=9.677747e+02 cycle=38400 time=2.744566e+00 dt=6.282233e-05
elapsed=9.689604e+02 cycle=38500 time=2.750711e+00 dt=6.118553e-05
elapsed=9.699893e+02 cycle=38600 time=2.756807e+00 dt=6.106661e-05
elapsed=9.709599e+02 cycle=38700 time=2.762821e+00 dt=5.923156e-05
elapsed=9.718588e+02 cycle=38800 time=2.768663e+00 dt=5.953544e-05
elapsed=9.727197e+02 cycle=38900 time=2.775080e+00 dt=6.743289e-05
elapsed=9.735252e+02 cycle=39000 time=2.781756e+00 dt=6.638195e-05
elapsed=9.742208e+02 cycle=39100 time=2.788411e+00 dt=6.666169e-05
elapsed=9.748910e+02 cycle=39200 time=2.795043e+00 dt=6.599850e-05
elapsed=9.755882e+02 cycle=39300 time=2.801594e+00 dt=6.511919e-05
elapsed=9.762642e+02 cycle=39400 time=2.808023e+00 dt=6.333040e-05
elapsed=9.769239e+02 cycle=39500 time=2.814254e+00 dt=6.138639e-05
elapsed=9.775661e+02 cycle=39600 time=2.820307e+00 dt=5.989882e-05
elapsed=9.782284e+02 cycle=39700 time=2.826222e+00 dt=5.749440e-05
elapsed=9.788773e+02 cycle=39800 time=2.832102e+00 dt=6.295051e-05
elapsed=9.795023e+02 cycle=39900 time=2.838259e+00 dt=6.060412e-05
elapsed=9.801322e+02 cycle=40000 time=2.844246e+00 dt=5.942713e-05
elapsed=9.807635e+02 cycle=40100 time=2.850099e+00 dt=5.598427e-05
elapsed=9.813878e+02 cycle=40200 time=2.855485e+00 dt=5.276453e-05
elapsed=9.820521e+02 cycle=40300 time=2.860806e+00 dt=5.432299e-05
elapsed=9.827042e+02 cycle=40400 time=2.866326e+00 dt=5.513522e-05
elapsed=9.833303e+02 cycle=40500 time=2.872114e+00 dt=6.282368e-05
elapsed=9.839476e+02 cycle=40600 time=2.879027e+00 dt=6.911307e-05
elapsed=9.845645e+02 cycle=40700 time=2.885748e+00 dt=6.796527e-05
elapsed=9.851762e+02 cycle=40800 time=2.892576e+00 dt=6.813638e-05
elapsed=9.858033e+02 cycle=40900 time=2.899338e+00 dt=6.728325e-05
elapsed=9.864498e+02 cycle=41000 time=2.906016e+00 dt=6.664500e-05
elapsed=9.870664e+02 cycle=41100 time=2.912661e+00 dt=6.607225e-05
elapsed=9.876678e+02 cycle=41200 time=2.919249e+00 dt=6.507001e-05
elapsed=9.882724e+02 cycle=41300 time=2.925655e+00 dt=6.306226e-05
elapsed=9.888764e+02 cycle=41400 time=2.931803e+00 dt=6.007622e-05
elapsed=9.894713e+02 cycle=41500 time=2.937777e+00 dt=5.941558e-05
elapsed=9.900726e+02 cycle=41600 time=2.943574e+00 dt=5.609763e-05
elapsed=9.906818e+02 cycle=41700 time=2.949106e+00 dt=5.518010e-05
elapsed=9.913127e+02 cycle=41800 time=2.954715e+00 dt=5.816840e-05
elapsed=9.919273e+02 cycle=41900 time=2.960969e+00 dt=6.579345e-05
elapsed=9.925177e+02 cycle=42000 time=2.967404e+00 dt=6.105905e-05
elapsed=9.931124e+02 cycle=42100 time=2.973459e+00 dt=6.164129e-05
elapsed=9.937184e+02 cycle=42200 time=2.979738e+00 dt=6.277993e-05
elapsed=9.943393e+02 cycle=42300 time=2.986065e+00 dt=6.418176e-05
elapsed=9.949408e+02 cycle=42400 time=2.992474e+00 dt=6.478739e-05
elapsed=9.955229e+02 cycle=42500 time=2.998946e+00 dt=6.515725e-05
elapsed=9.961487e+02 cycle=42600 time=3.005507e+00 dt=6.461296e-05
elapsed=9.967565e+02 cycle=42700 time=3.011776e+00 dt=6.063675e-05
elapsed=9.973732e+02 cycle=42800 time=3.017719e+00 dt=5.861465e-05
elapsed=9.979777e+02 cycle=42900 time=3.024019e+00 dt=6.713790e-05
elapsed=9.985699e+02 cycle=43000 time=3.030794e+00 dt=6.742856e-05
elapsed=9.991576e+02 cycle=43100 time=3.037454e+00 dt=6.504689e-05
elapsed=9.997670e+02 cycle=43200 time=3.043727e+00 dt=6.054076e-05
elapsed=1.000386e+03 cycle=43300 time=3.049657e+00 dt=5.961564e-05
elapsed=1.000988e+03 cycle=43400 time=3.055833e+00 dt=6.396881e-05
elapsed=1.001591e+03 cycle=43500 time=3.062550e+00 dt=6.793108e-05
elapsed=1.002210e+03 cycle=43600 time=3.069371e+00 dt=6.689886e-05
elapsed=1.002822e+03 cycle=43700 time=3.075784e+00 dt=6.164828e-05
elapsed=1.003419e+03 cycle=43800 time=3.081794e+00 dt=5.658748e-05
elapsed=1.004047e+03 cycle=43900 time=3.087388e+00 dt=5.607163e-05
elapsed=1.004678e+03 cycle=44000 time=3.093255e+00 dt=5.721875e-05
elapsed=1.005280e+03 cycle=44100 time=3.099290e+00 dt=6.386509e-05
elapsed=1.005917e+03 cycle=44200 time=3.106178e+00 dt=6.986342e-05
elapsed=1.006563e+03 cycle=44300 time=3.113003e+00 dt=6.533049e-05
elapsed=1.007178e+03 cycle=44400 time=3.119319e+00 dt=6.092593e-05
elapsed=1.007827e+03 cycle=44500 time=3.125329e+00 dt=5.950311e-05
elapsed=1.008499e+03 cycle=44600 time=3.131391e+00 dt=6.243919e-05
elapsed=1.009142e+03 cycle=44700 time=3.137782e+00 dt=6.552785e-05
elapsed=1.009793e+03 cycle=44800 time=3.144365e+00 dt=6.639273e-05
elapsed=1.010455e+03 cycle=44900 time=3.150894e+00 dt=6.393604e-05
elapsed=1.011152e+03 cycle=45000 time=3.157232e+00 dt=6.224009e-05
elapsed=1.011853e+03 cycle=45100 time=3.163250e+00 dt=5.785007e-05
elapsed=1.012532e+03 cycle=45200 time=3.168733e+00 dt=5.185024e-05
elapsed=1.013250e+03 cycle=45300 time=3.173864e+00 dt=5.907337e-05
elapsed=1.013961e+03 cycle=45400 time=3.180172e+00 dt=6.089948e-05
elapsed=1.014647e+03 cycle=45500 time=3.186335e+00 dt=6.267078e-05
elapsed=1.015342e+03 cycle=45600 time=3.192646e+00 dt=6.361979e-05
elapsed=1.016038e+03 cycle=45700 time=3.198808e+00 dt=6.013586e-05
elapsed=1.016797e+03 cycle=45800 time=3.204719e+00 dt=5.891775e-05
elapsed=1.017551e+03 cycle=45900 time=3.210918e+00 dt=6.285508e-05
elapsed=1.018266e+03 cycle=46000 time=3.217191e+00 dt=6.278558e-05
elapsed=1.018982e+03 cycle=46100 time=3.223374e+00 dt=6.051197e-05
elapsed=1.019692e+03 cycle=46200 time=3.229391e+00 dt=6.169445e-05
elapsed=1.020406e+03 cycle=46300 time=3.235418e+00 dt=5.853158e-05
elapsed=1.021155e+03 cycle=46400 time=3.241082e+00 dt=5.617915e-05
elapsed=1.021895e+03 cycle=46500 time=3.247026e+00 dt=6.562021e-05
elapsed=1.022607e+03 cycle=46600 time=3.253555e+00 dt=6.469783e-05
elapsed=1.023318e+03 cycle=46700 time=3.260176e+00 dt=6.777175e-05
elapsed=1.024057e+03 cycle=46800 time=3.266887e+00 dt=6.618012e-05
elapsed=1.024803e+03 cycle=46900 time=3.273445e+00 dt=6.508817e-05
elapsed=1.025509e+03 cycle=47000 time=3.279706e+00 dt=6.123797e-05
elapsed=1.026222e+03 cycle=47100 time=3.285866e+00 dt=6.277202e-05
elapsed=1.026937e+03 cycle=47200 time=3.292618e+00 dt=7.290048e-05
elapsed=1.027646e+03 cycle=47300 time=3.299989e+00 dt=7.292230e-05
elapsed=1.028358e+03 cycle=47400 time=3.307040e+00 dt=6.867155e-05
elapsed=1.029106e+03 cycle=47500 time=3.313893e+00 dt=6.828101e-05
elapsed=1.029855e+03 cycle=47600 time=3.320513e+00 dt=6.353328e-05
elapsed=1.030569e+03 cycle=47700 time=3.326607e+00 dt=5.839837e-05
elapsed=1.031320e+03 cycle=47800 time=3.332254e+00 dt=5.484343e-05
elapsed=1.032039e+03 cycle=47900 time=3.337618e+00 dt=5.236962e-05
elapsed=1.032770e+03 cycle=48000 time=3.342734e+00 dt=5.082150e-05
elapsed=1.033512e+03 cycle=48100 time=3.347905e+00 dt=5.283705e-05
elapsed=1.034295e+03 cycle=48200 time=3.353402e+00 dt=5.172749e-05
elapsed=1.035045e+03 cycle=48300 time=3.358243e+00 dt=4.817213e-05
elapsed=1.035789e+03 cycle=48400 time=3.363260e+00 dt=5.399277e-05
elapsed=1.036529e+03 cycle=48500 time=3.368742e+00 dt=5.494561e-05
elapsed=1.037275e+03 cycle=48600 time=3.374589e+00 dt=6.168646e-05
elapsed=1.038054e+03 cycle=48700 time=3.380760e+00 dt=6.050348e-05
elapsed=1.038827e+03 cycle=48800 time=3.386690e+00 dt=5.874071e-05
elapsed=1.039609e+03 cycle=48900 time=3.392586e+00 dt=5.968407e-05
elapsed=1.040354e+03 cycle=49000 time=3.398622e+00 dt=6.169424e-05
elapsed=1.041142e+03 cycle=49100 time=3.404908e+00 dt=6.434848e-05
elapsed=1.041961e+03 cycle=49200 time=3.411381e+00 dt=6.427157e-05
elapsed=1.042703e+03 cycle=49300 time=3.417814e+00 dt=6.457133e-05
elapsed=1.043457e+03 cycle=49400 time=3.424394e+00 dt=6.788063e-05
elapsed=1.044213e+03 cycle=49500 time=3.431219e+00 dt=6.815459e-05
elapsed=1.044991e+03 cycle=49600 time=3.437923e+00 dt=6.534993e-05
elapsed=1.045790e+03 cycle=49700 time=3.444243e+00 dt=6.091362e-05
elapsed=1.046548e+03 cycle=49800 time=3.450182e+00 dt=5.810428e-05
elapsed=1.047300e+03 cycle=49900 time=3.455783e+00 dt=5.474211e-05
elapsed=1.048085e+03 cycle=50000 time=3.461417e+00 dt=5.930829e-05
elapsed=1.048862e+03 cycle=50100 time=3.467959e+00 dt=7.293107e-05
elapsed=1.049613e+03 cycle=50200 time=3.475410e+00 dt=7.471003e-05
elapsed=1.050362e+03 cycle=50300 time=3.482774e+00 dt=7.248396e-05
elapsed=1.051143e+03 cycle=50400 time=3.490016e+00 dt=7.253682e-05
elapsed=1.051909e+03 cycle=50500 time=3.497250e+00 dt=7.230387e-05
elapsed=1.052668e+03 cycle=50600 time=3.504372e+00 dt=6.815295e-05
elapsed=1.053487e+03 cycle=50700 time=3.511154e+00 dt=6.659002e-05
elapsed=1.054242e+03 cycle=50800 time=3.517428e+00 dt=6.116209e-05
elapsed=1.055018e+03 cycle=50900 time=3.524446e+00 dt=7.204534e-05
elapsed=1.055810e+03 cycle=51000 time=3.531675e+00 dt=7.246108e-05
elapsed=1.056558e+03 cycle=51100 time=3.538915e+00 dt=7.224016e-05
elapsed=1.057349e+03 cycle=51200 time=3.546122e+00 dt=7.113568e-05
elapsed=1.058115e+03 cycle=51300 time=3.553166e+00 dt=6.872191e-05
elapsed=1.058862e+03 cycle=51400 time=3.559888e+00 dt=6.786294e-05
elapsed=1.059615e+03 cycle=51500 time=3.567062e+00 dt=7.329387e-05
elapsed=1.060397e+03 cycle=51600 time=3.574317e+00 dt=7.231299e-05
elapsed=1.061179e+03 cycle=51700 time=3.581576e+00 dt=7.261738e-05
elapsed=1.061949e+03 cycle=51800 time=3.588839e+00 dt=7.245087e-05
elapsed=1.062710e+03 cycle=51900 time=3.596088e+00 dt=7.335191e-05
elapsed=1.063500e+03 cycle=52000 time=3.603540e+00 dt=7.404896e-05
elapsed=1.064298e+03 cycle=52100 time=3.610780e+00 dt=7.066001e-05
elapsed=1.065061e+03 cycle=52200 time=3.617607e+00 dt=6.603258e-05
elapsed=1.065850e+03 cycle=52300 time=3.624002e+00 dt=6.198353e-05
elapsed=1.066602e+03 cycle=52400 time=3.630037e+00 dt=5.912626e-05
elapsed=1.067391e+03 cycle=52500 time=3.635933e+00 dt=5.930985e-05
elapsed=1.068157e+03 cycle=52600 time=3.641945e+00 dt=6.102668e-05
elapsed=1.068929e+03 cycle=52700 time=3.648089e+00 dt=6.159639e-05
elapsed=1.069742e+03 cycle=52800 time=3.654244e+00 dt=6.195079e-05
elapsed=1.070488e+03 cycle=52900 time=3.660654e+00 dt=6.758209e-05
elapsed=1.071228e+03 cycle=53000 time=3.667678e+00 dt=6.863699e-05
elapsed=1.071974e+03 cycle=53100 time=3.674340e+00 dt=6.487796e-05
elapsed=1.072733e+03 cycle=53200 time=3.681428e+00 dt=7.105578e-05
elapsed=1.073517e+03 cycle=53300 time=3.688466e+00 dt=6.986887e-05
elapsed=1.074288e+03 cycle=53400 time=3.695431e+00 dt=6.938384e-05
elapsed=1.075065e+03 cycle=53500 time=3.702464e+00 dt=7.116783e-05
elapsed=1.075836e+03 cycle=53600 time=3.709583e+00 dt=7.119357e-05
elapsed=1.076584e+03 cycle=53700 time=3.716715e+00 dt=7.149846e-05
elapsed=1.077332e+03 cycle=53800 time=3.723873e+00 dt=7.133618e-05
elapsed=1.078081e+03 cycle=53900 time=3.730941e+00 dt=6.850311e-05
elapsed=1.078822e+03 cycle=54000 time=3.737524e+00 dt=6.378318e-05
elapsed=1.079573e+03 cycle=54100 time=3.743697e+00 dt=6.004819e-05
elapsed=1.080389e+03 cycle=54200 time=3.749803e+00 dt=6.447216e-05
elapsed=1.081155e+03 cycle=54300 time=3.756432e+00 dt=6.727804e-05
elapsed=1.081904e+03 cycle=54400 time=3.763131e+00 dt=6.712155e-05
elapsed=1.082660e+03 cycle=54500 time=3.770054e+00 dt=7.150125e-05
elapsed=1.083445e+03 cycle=54600 time=3.777224e+00 dt=7.127495e-05
elapsed=1.084204e+03 cycle=54700 time=3.784363e+00 dt=7.128912e-05
elapsed=1.084975e+03 cycle=54800 time=3.791570e+00 dt=7.206987e-05
elapsed=1.085759e+03 cycle=54900 time=3.798658e+00 dt=7.027602e-05
elapsed=1.086505e+03 cycle=55000 time=3.805646e+00 dt=6.919889e-05
elapsed=1.087251e+03 cycle=55100 time=3.812388e+00 dt=6.618207e-05
elapsed=1.088018e+03 cycle=55200 time=3.819041e+00 dt=6.787517e-05
elapsed=1.088796e+03 cycle=55300 time=3.825994e+00 dt=7.058396e-05
elapsed=1.089545e+03 cycle=55400 time=3.833115e+00 dt=7.178999e-05
elapsed=1.090301e+03 cycle=55500 time=3.840328e+00 dt=7.239758e-05
elapsed=1.091050e+03 cycle=55600 time=3.847607e+00 dt=7.296251e-05
elapsed=1.091818e+03 cycle=55700 time=3.854882e+00 dt=7.232836e-05
elapsed=1.092609e+03 cycle=55800 time=3.862094e+00 dt=7.200236e-05
elapsed=1.093355e+03 cycle=55900 time=3.869337e+00 dt=7.257069e-05
elapsed=1.094103e+03 cycle=56000 time=3.876574e+00 dt=7.250759e-05
elapsed=1.094869e+03 cycle=56100 time=3.883718e+00 dt=6.950754e-05
elapsed=1.095697e+03 cycle=56200 time=3.890577e+00 dt=6.837413e-05
elapsed=1.096440e+03 cycle=56300 time=3.897427e+00 dt=6.869379e-05
elapsed=1.097190e+03 cycle=56400 time=3.904305e+00 dt=7.048582e-05
elapsed=1.097940e+03 cycle=56500 time=3.911392e+00 dt=7.128878e-05
elapsed=1.098681e+03 cycle=56600 time=3.918538e+00 dt=7.263279e-05
elapsed=1.099430e+03 cycle=56700 time=3.925768e+00 dt=7.281964e-05
elapsed=1.100179e+03 cycle=56800 time=3.933071e+00 dt=7.258748e-05
elapsed=1.100929e+03 cycle=56900 time=3.940348e+00 dt=7.322312e-05
elapsed=1.101680e+03 cycle=57000 time=3.947654e+00 dt=7.272423e-05
elapsed=1.102470e+03 cycle=57100 time=3.954878e+00 dt=7.208262e-05
elapsed=1.103238e+03 cycle=57200 time=3.962088e+00 dt=7.175416e-05
elapsed=1.104044e+03 cycle=57300 time=3.969277e+00 dt=7.212476e-05
elapsed=1.104838e+03 cycle=57400 time=3.976492e+00 dt=7.169634e-05
elapsed=1.105586e+03 cycle=57500 time=3.983620e+00 dt=7.120090e-05
elapsed=1.106335e+03 cycle=57600 time=3.990779e+00 dt=7.207497e-05
elapsed=1.107079e+03 cycle=57700 time=3.998034e+00 dt=7.247390e-05
elapsed=1.107832e+03 cycle=57800 time=4.005395e+00 dt=7.487460e-05
elapsed=1.108582e+03 cycle=57900 time=4.012851e+00 dt=7.404055e-05
elapsed=1.109371e+03 cycle=58000 time=4.020245e+00 dt=7.404483e-05
elapsed=1.110127e+03 cycle=58100 time=4.027633e+00 dt=7.386123e-05
elapsed=1.110876e+03 cycle=58200 time=4.035073e+00 dt=7.509004e-05
elapsed=1.111624e+03 cycle=58300 time=4.042625e+00 dt=7.567282e-05
elapsed=1.112371e+03 cycle=58400 time=4.050168e+00 dt=7.450745e-05
elapsed=1.113111e+03 cycle=58500 time=4.057489e+00 dt=7.158360e-05
elapsed=1.113874e+03 cycle=58600 time=4.064617e+00 dt=7.140842e-05
elapsed=1.114666e+03 cycle=58700 time=4.071825e+00 dt=7.240991e-05
elapsed=1.115415e+03 cycle=58800 time=4.079065e+00 dt=7.208918e-05
elapsed=1.116163e+03 cycle=58900 time=4.086087e+00 dt=6.853607e-05
elapsed=1.116911e+03 cycle=59000 time=4.092947e+00 dt=6.917007e-05
elapsed=1.117666e+03 cycle=59100 time=4.100019e+00 dt=7.371952e-05
elapsed=1.118448e+03 cycle=59200 time=4.107446e+00 dt=7.298596e-05
elapsed=1.119223e+03 cycle=59300 time=4.114621e+00 dt=6.996632e-05
elapsed=1.119972e+03 cycle=59400 time=4.121416e+00 dt=6.722835e-05
elapsed=1.120715e+03 cycle=59500 time=4.128024e+00 dt=6.668030e-05
elapsed=1.121463e+03 cycle=59600 time=4.135010e+00 dt=7.362472e-05
elapsed=1.122210e+03 cycle=59700 time=4.142730e+00 dt=7.762077e-05
elapsed=1.122978e+03 cycle=59800 time=4.150490e+00 dt=7.754263e-05
elapsed=1.123768e+03 cycle=59900 time=4.158236e+00 dt=7.722076e-05
elapsed=1.124558e+03 cycle=60000 time=4.165734e+00 dt=7.261187e-05
elapsed=1.125306e+03 cycle=60100 time=4.172982e+00 dt=7.220168e-05
elapsed=1.126081e+03 cycle=60200 time=4.180151e+00 dt=7.132712e-05
elapsed=1.126865e+03 cycle=60300 time=4.187081e+00 dt=6.811982e-05
elapsed=1.127616e+03 cycle=60400 time=4.193937e+00 dt=6.917811e-05
elapsed=1.128407e+03 cycle=60500 time=4.200852e+00 dt=6.964618e-05
elapsed=1.129169e+03 cycle=60600 time=4.207681e+00 dt=6.767139e-05
elapsed=1.129918e+03 cycle=60700 time=4.214587e+00 dt=7.171291e-05
elapsed=1.130667e+03 cycle=60800 time=4.221818e+00 dt=7.281698e-05
elapsed=1.131411e+03 cycle=60900 time=4.229147e+00 dt=7.370850e-05
elapsed=1.132161e+03 cycle=61000 time=4.236542e+00 dt=7.353431e-05
elapsed=1.132929e+03 cycle=61100 time=4.243887e+00 dt=7.307992e-05
elapsed=1.133725e+03 cycle=61200 time=4.251183e+00 dt=7.316211e-05
elapsed=1.134473e+03 cycle=61300 time=4.258498e+00 dt=7.338096e-05
elapsed=1.135261e+03 cycle=61400 time=4.265828e+00 dt=7.322440e-05
elapsed=1.136048e+03 cycle=61500 time=4.273128e+00 dt=7.255472e-05
elapsed=1.136809e+03 cycle=61600 time=4.280308e+00 dt=7.134564e-05
elapsed=1.137572e+03 cycle=61700 time=4.287446e+00 dt=7.165882e-05
elapsed=1.138351e+03 cycle=61800 time=4.294634e+00 dt=7.172044e-05
elapsed=1.139149e+03 cycle=61900 time=4.301788e+00 dt=7.148934e-05
elapsed=1.139972e+03 cycle=62000 time=4.308917e+00 dt=7.114960e-05
elapsed=1.140838e+03 cycle=62100 time=4.315989e+00 dt=6.964275e-05
elapsed=1.141754e+03 cycle=62200 time=4.322845e+00 dt=6.752101e-05
elapsed=1.142768e+03 cycle=62300 time=4.329537e+00 dt=6.661688e-05
elapsed=1.143788e+03 cycle=62400 time=4.336212e+00 dt=6.726152e-05
elapsed=1.144926e+03 cycle=62500 time=4.343032e+00 dt=6.916375e-05
elapsed=1.146028e+03 cycle=62600 time=4.349982e+00 dt=6.922089e-05
elapsed=1.147195e+03 cycle=62700 time=4.356924e+00 dt=7.093878e-05
elapsed=1.148474e+03 cycle=62800 time=4.364097e+00 dt=7.266784e-05
elapsed=1.149783e+03 cycle=62900 time=4.371417e+00 dt=7.180559e-05
elapsed=1.151135e+03 cycle=63000 time=4.378370e+00 dt=6.743113e-05
elapsed=1.152601e+03 cycle=63100 time=4.385037e+00 dt=6.699034e-05
elapsed=1.154091e+03 cycle=63200 time=4.391755e+00 dt=6.434828e-05
elapsed=1.155640e+03 cycle=63300 time=4.397923e+00 dt=6.041784e-05
elapsed=1.157224e+03 cycle=63400 time=4.404480e+00 dt=6.970606e-05
elapsed=1.158866e+03 cycle=63500 time=4.411640e+00 dt=7.304034e-05
elapsed=1.160575e+03 cycle=63600 time=4.419044e+00 dt=7.365605e-05
elapsed=1.162364e+03 cycle=63700 time=4.426361e+00 dt=7.128479e-05
elapsed=1.164222e+03 cycle=63800 time=4.433211e+00 dt=6.967236e-05
elapsed=1.166087e+03 cycle=63900 time=4.440436e+00 dt=7.222382e-05
elapsed=1.168047e+03 cycle=64000 time=4.447610e+00 dt=7.094768e-05
elapsed=1.170024e+03 cycle=64100 time=4.454681e+00 dt=7.058968e-05
elapsed=1.172101e+03 cycle=64200 time=4.461700e+00 dt=6.958800e-05
elapsed=1.174255e+03 cycle=64300 time=4.468628e+00 dt=6.887075e-05
elapsed=1.176432e+03 cycle=64400 time=4.475478e+00 dt=6.825606e-05
elapsed=1.178701e+03 cycle=64500 time=4.482233e+00 dt=6.712614e-05
elapsed=1.180968e+03 cycle=64600 time=4.488952e+00 dt=6.771506e-05
elapsed=1.183321e+03 cycle=64700 time=4.495775e+00 dt=6.876027e-05
elapsed=1.185742e+03 cycle=64800 time=4.502722e+00 dt=7.000759e-05
elapsed=1.188170e+03 cycle=64900 time=4.509761e+00 dt=7.062534e-05
elapsed=1.190630e+03 cycle=65000 time=4.516852e+00 dt=7.084136e-05
elapsed=1.192912e+03 cycle=65100 time=4.523916e+00 dt=7.031255e-05
elapsed=1.195205e+03 cycle=65200 time=4.530855e+00 dt=6.838955e-05
elapsed=1.197448e+03 cycle=65300 time=4.537636e+00 dt=6.717860e-05
elapsed=1.199564e+03 cycle=65400 time=4.544391e+00 dt=6.748109e-05
elapsed=1.201704e+03 cycle=65500 time=4.551326e+00 dt=7.025573e-05
elapsed=1.203767e+03 cycle=65600 time=4.558260e+00 dt=6.892719e-05
elapsed=1.205765e+03 cycle=65700 time=4.565145e+00 dt=6.872772e-05
elapsed=1.207616e+03 cycle=65800 time=4.571972e+00 dt=6.748321e-05
elapsed=1.209453e+03 cycle=65900 time=4.578636e+00 dt=6.577431e-05
elapsed=1.211270e+03 cycle=66000 time=4.585147e+00 dt=6.453391e-05
elapsed=1.212970e+03 cycle=66100 time=4.591609e+00 dt=6.469073e-05
elapsed=1.214664e+03 cycle=66200 time=4.598054e+00 dt=6.387981e-05
elapsed=1.216263e+03 cycle=66300 time=4.604324e+00 dt=6.136681e-05
elapsed=1.217877e+03 cycle=66400 time=4.610368e+00 dt=5.982234e-05
elapsed=1.219417e+03 cycle=66500 time=4.616607e+00 dt=6.705953e-05
elapsed=1.220900e+03 cycle=66600 time=4.623394e+00 dt=6.733141e-05
elapsed=1.222321e+03 cycle=66700 time=4.630068e+00 dt=6.645123e-05
elapsed=1.223754e+03 cycle=66800 time=4.636542e+00 dt=6.371679e-05
elapsed=1.225135e+03 cycle=66900 time=4.642892e+00 dt=6.427782e-05
elapsed=1.226490e+03 cycle=67000 time=4.649247e+00 dt=6.264873e-05
elapsed=1.227777e+03 cycle=67100 time=4.655889e+00 dt=6.657295e-05
elapsed=1.229100e+03 cycle=67200 time=4.662551e+00 dt=6.622204e-05
elapsed=1.230386e+03 cycle=67300 time=4.669206e+00 dt=6.631501e-05
elapsed=1.231686e+03 cycle=67400 time=4.675733e+00 dt=6.481873e-05
elapsed=1.232983e+03 cycle=67500 time=4.682294e+00 dt=6.549738e-05
elapsed=1.234210e+03 cycle=67600 time=4.688783e+00 dt=6.337111e-05
elapsed=1.235484e+03 cycle=67700 time=4.695089e+00 dt=6.471297e-05
elapsed=1.236749e+03 cycle=67800 time=4.701582e+00 dt=6.660110e-05
elapsed=1.237967e+03 cycle=67900 time=4.708384e+00 dt=6.790591e-05
elapsed=1.239184e+03 cycle=68000 time=4.715164e+00 dt=6.789714e-05
elapsed=1.240365e+03 cycle=68100 time=4.721821e+00 dt=6.444081e-05
elapsed=1.241527e+03 cycle=68200 time=4.728241e+00 dt=6.495000e-05
elapsed=1.242720e+03 cycle=68300 time=4.734677e+00 dt=6.554276e-05
elapsed=1.243853e+03 cycle=68400 time=4.741311e+00 dt=6.705452e-05
elapsed=1.244993e+03 cycle=68500 time=4.748040e+00 dt=6.694905e-05
elapsed=1.246074e+03 cycle=68600 time=4.754639e+00 dt=6.552057e-05
elapsed=1.247165e+03 cycle=68700 time=4.761091e+00 dt=6.349753e-05
elapsed=1.248239e+03 cycle=68800 time=4.767386e+00 dt=6.212451e-05
elapsed=1.249383e+03 cycle=68900 time=4.773470e+00 dt=5.970588e-05
elapsed=1.250530e+03 cycle=69000 time=4.779714e+00 dt=6.367666e-05
elapsed=1.251455e+03 cycle=69100 time=4.785980e+00 dt=6.151525e-05
elapsed=1.252406e+03 cycle=69200 time=4.792183e+00 dt=6.227109e-05
elapsed=1.253288e+03 cycle=69300 time=4.798437e+00 dt=6.159537e-05
elapsed=1.254135e+03 cycle=69400 time=4.804411e+00 dt=5.810864e-05
elapsed=1.254969e+03 cycle=69500 time=4.810150e+00 dt=5.698824e-05
elapsed=1.255791e+03 cycle=69600 time=4.815927e+00 dt=6.304455e-05
elapsed=1.256609e+03 cycle=69700 time=4.822069e+00 dt=5.865659e-05
elapsed=1.257427e+03 cycle=69800 time=4.827830e+00 dt=5.706835e-05
elapsed=1.258214e+03 cycle=69900 time=4.833594e+00 dt=5.880285e-05
elapsed=1.258929e+03 cycle=70000 time=4.839670e+00 dt=6.338335e-05
elapsed=1.259627e+03 cycle=70100 time=4.846062e+00 dt=6.362232e-05
elapsed=1.260316e+03 cycle=70200 time=4.852264e+00 dt=6.093951e-05
elapsed=1.260991e+03 cycle=70300 time=4.858463e+00 dt=6.492977e-05
elapsed=1.261672e+03 cycle=70400 time=4.865046e+00 dt=6.588352e-05
elapsed=1.262398e+03 cycle=70500 time=4.871601e+00 dt=6.513618e-05
elapsed=1.263104e+03 cycle=70600 time=4.878069e+00 dt=6.465905e-05
elapsed=1.263788e+03 cycle=70700 time=4.884654e+00 dt=6.723285e-05
elapsed=1.264518e+03 cycle=70800 time=4.891266e+00 dt=6.461213e-05
elapsed=1.265219e+03 cycle=70900 time=4.897638e+00 dt=6.257634e-05
elapsed=1.265900e+03 cycle=71000 time=4.903860e+00 dt=6.439567e-05
elapsed=1.266581e+03 cycle=71100 time=4.910440e+00 dt=6.461841e-05
elapsed=1.267257e+03 cycle=71200 time=4.916815e+00 dt=6.476212e-05
elapsed=1.267952e+03 cycle=71300 time=4.923271e+00 dt=6.459845e-05
elapsed=1.268675e+03 cycle=71400 time=4.929722e+00 dt=6.462746e-05
elapsed=1.269375e+03 cycle=71500 time=4.936158e+00 dt=6.388409e-05
elapsed=1.270055e+03 cycle=71600 time=4.942457e+00 dt=6.147759e-05
elapsed=1.270731e+03 cycle=71700 time=4.948946e+00 dt=6.914961e-05
elapsed=1.271463e+03 cycle=71800 time=4.955836e+00 dt=6.806760e-05
elapsed=1.272181e+03 cycle=71900 time=4.962445e+00 dt=6.418384e-05
elapsed=1.272908e+03 cycle=72000 time=4.968727e+00 dt=6.219803e-05
elapsed=1.273638e+03 cycle=72100 time=4.975015e+00 dt=6.301243e-05
elapsed=1.274341e+03 cycle=72200 time=4.981209e+00 dt=5.967770e-05
elapsed=1.275018e+03 cycle=72300 time=4.987005e+00 dt=5.713998e-05
elapsed=1.275699e+03 cycle=72400 time=4.992562e+00 dt=5.414382e-05
elapsed=1.276419e+03 cycle=72500 time=4.997895e+00 dt=5.320485e-05
elapsed=1.277135e+03 cycle=72600 time=5.003144e+00 dt=5.478819e-05
elapsed=1.277809e+03 cycle=72700 time=5.008827e+00 dt=5.782287e-05
elapsed=1.278488e+03 cycle=72800 time=5.014573e+00 dt=6.019798e-05
elapsed=1.279167e+03 cycle=72900 time=5.020567e+00 dt=5.924919e-05
elapsed=1.279848e+03 cycle=73000 time=5.026472e+00 dt=5.895043e-05
elapsed=1.280576e+03 cycle=73100 time=5.032337e+00 dt=5.675580e-05
elapsed=1.281288e+03 cycle=73200 time=5.037991e+00 dt=5.999346e-05
elapsed=1.281966e+03 cycle=73300 time=5.044643e+00 dt=6.920062e-05
elapsed=1.282646e+03 cycle=73400 time=5.051537e+00 dt=6.889106e-05
elapsed=1.283321e+03 cycle=73500 time=5.058403e+00 dt=6.806475e-05
elapsed=1.284020e+03 cycle=73600 time=5.065129e+00 dt=6.652654e-05
elapsed=1.284745e+03 cycle=73700 time=5.071732e+00 dt=6.565396e-05
elapsed=1.285436e+03 cycle=73800 time=5.078303e+00 dt=6.566827e-05
elapsed=1.286117e+03 cycle=73900 time=5.084747e+00 dt=6.432552e-05
elapsed=1.286800e+03 cycle=74000 time=5.091321e+00 dt=6.558447e-05
elapsed=1.287477e+03 cycle=74100 time=5.097783e+00 dt=6.663233e-05
elapsed=1.288159e+03 cycle=74200 time=5.104210e+00 dt=6.163911e-05
elapsed=1.288840e+03 cycle=74300 time=5.110318e+00 dt=6.012876e-05
elapsed=1.289513e+03 cycle=74400 time=5.116734e+00 dt=6.725949e-05
elapsed=1.290190e+03 cycle=74500 time=5.123808e+00 dt=7.114375e-05
elapsed=1.290875e+03 cycle=74600 time=5.130810e+00 dt=7.003741e-05
elapsed=1.291593e+03 cycle=74700 time=5.137841e+00 dt=7.077605e-05
elapsed=1.292297e+03 cycle=74800 time=5.144816e+00 dt=6.901723e-05
elapsed=1.292992e+03 cycle=74900 time=5.151738e+00 dt=6.903128e-05
elapsed=1.293713e+03 cycle=75000 time=5.158565e+00 dt=6.776817e-05
elapsed=1.294417e+03 cycle=75100 time=5.165459e+00 dt=6.939066e-05
elapsed=1.295101e+03 cycle=75200 time=5.172208e+00 dt=6.524935e-05
elapsed=1.295819e+03 cycle=75300 time=5.178761e+00 dt=6.960260e-05
elapsed=1.296505e+03 cycle=75400 time=5.185707e+00 dt=6.678210e-05
elapsed=1.297191e+03 cycle=75500 time=5.192302e+00 dt=6.776564e-05
elapsed=1.297873e+03 cycle=75600 time=5.199245e+00 dt=7.077078e-05
elapsed=1.298560e+03 cycle=75700 time=5.206139e+00 dt=6.190751e-05
elapsed=1.299247e+03 cycle=75800 time=5.211978e+00 dt=5.684054e-05
elapsed=1.299932e+03 cycle=75900 time=5.217801e+00 dt=6.043162e-05
elapsed=1.300625e+03 cycle=76000 time=5.223999e+00 dt=6.256505e-05
elapsed=1.301358e+03 cycle=76100 time=5.230214e+00 dt=6.146464e-05
elapsed=1.302090e+03 cycle=76200 time=5.236378e+00 dt=6.160441e-05
elapsed=1.302792e+03 cycle=76300 time=5.242478e+00 dt=6.010310e-05
elapsed=1.303495e+03 cycle=76400 time=5.248208e+00 dt=5.408528e-05
elapsed=1.304232e+03 cycle=76500 time=5.253363e+00 dt=4.923125e-05
elapsed=1.304978e+03 cycle=76600 time=5.258472e+00 dt=5.298802e-05
elapsed=1.305697e+03 cycle=76700 time=5.263892e+00 dt=5.341814e-05
elapsed=1.306448e+03 cycle=76800 time=5.269268e+00 dt=5.372774e-05
elapsed=1.307200e+03 cycle=76900 time=5.274621e+00 dt=5.363265e-05
elapsed=1.307937e+03 cycle=77000 time=5.280265e+00 dt=6.036230e-05
elapsed=1.308674e+03 cycle=77100 time=5.286593e+00 dt=6.457357e-05
elapsed=1.309450e+03 cycle=77200 time=5.292930e+00 dt=6.218875e-05
elapsed=1.310217e+03 cycle=77300 time=5.299037e+00 dt=6.010174e-05
elapsed=1.311020e+03 cycle=77400 time=5.305001e+00 dt=5.919881e-05
elapsed=1.311787e+03 cycle=77500 time=5.310971e+00 dt=6.114918e-05
elapsed=1.312592e+03 cycle=77600 time=5.317353e+00 dt=6.321789e-05
elapsed=1.313389e+03 cycle=77700 time=5.323410e+00 dt=5.752582e-05
elapsed=1.314165e+03 cycle=77800 time=5.329508e+00 dt=6.285919e-05
elapsed=1.314949e+03 cycle=77900 time=5.336117e+00 dt=6.721062e-05
elapsed=1.315735e+03 cycle=78000 time=5.342866e+00 dt=6.893592e-05
elapsed=1.316603e+03 cycle=78100 time=5.349624e+00 dt=6.641504e-05
elapsed=1.317432e+03 cycle=78200 time=5.356175e+00 dt=6.440783e-05
elapsed=1.318232e+03 cycle=78300 time=5.362413e+00 dt=5.965991e-05
elapsed=1.319028e+03 cycle=78400 time=5.368113e+00 dt=5.486537e-05
elapsed=1.319861e+03 cycle=78500 time=5.374055e+00 dt=6.584962e-05
elapsed=1.320707e+03 cycle=78600 time=5.380705e+00 dt=6.697509e-05
elapsed=1.321515e+03 cycle=78700 time=5.387432e+00 dt=6.731055e-05
elapsed=1.322319e+03 cycle=78800 time=5.394167e+00 dt=6.733718e-05
elapsed=1.323146e+03 cycle=78900 time=5.400887e+00 dt=6.506304e-05
elapsed=1.324000e+03 cycle=79000 time=5.407496e+00 dt=6.925977e-05
elapsed=1.324815e+03 cycle=79100 time=5.414461e+00 dt=6.773242e-05
elapsed=1.325630e+03 cycle=79200 time=5.420854e+00 dt=6.027257e-05
elapsed=1.326441e+03 cycle=79300 time=5.426972e+00 dt=5.872438e-05
elapsed=1.327279e+03 cycle=79400 time=5.432828e+00 dt=6.577780e-05
elapsed=1.328122e+03 cycle=79500 time=5.439388e+00 dt=6.576820e-05
elapsed=1.328934e+03 cycle=79600 time=5.446204e+00 dt=7.193408e-05
elapsed=1.329746e+03 cycle=79700 time=5.453359e+00 dt=6.973061e-05
elapsed=1.330555e+03 cycle=79800 time=5.460098e+00 dt=6.496536e-05
elapsed=1.331359e+03 cycle=79900 time=5.466582e+00 dt=6.600928e-05
elapsed=1.332169e+03 cycle=80000 time=5.472883e+00 dt=6.078670e-05
elapsed=1.332977e+03 cycle=80100 time=5.478799e+00 dt=5.789653e-05
elapsed=1.333789e+03 cycle=80200 time=5.484675e+00 dt=5.983276e-05
elapsed=1.334643e+03 cycle=80300 time=5.490798e+00 dt=6.000500e-05
elapsed=1.335478e+03 cycle=80400 time=5.496723e+00 dt=5.900581e-05
elapsed=1.336356e+03 cycle=80500 time=5.502734e+00 dt=6.288390e-05
elapsed=1.337200e+03 cycle=80600 time=5.509084e+00 dt=6.591298e-05
elapsed=1.338020e+03 cycle=80700 time=5.515875e+00 dt=7.113393e-05
elapsed=1.338873e+03 cycle=80800 time=5.523229e+00 dt=7.402742e-05
elapsed=1.339688e+03 cycle=80900 time=5.530141e+00 dt=6.511436e-05
elapsed=1.340492e+03 cycle=81000 time=5.536568e+00 dt=6.570246e-05
elapsed=1.341330e+03 cycle=81100 time=5.543790e+00 dt=7.440568e-05
elapsed=1.342179e+03 cycle=81200 time=5.551285e+00 dt=7.466676e-05
elapsed=1.342995e+03 cycle=81300 time=5.558539e+00 dt=7.056771e-05
elapsed=1.343851e+03 cycle=81400 time=5.565378e+00 dt=6.635582e-05
elapsed=1.344667e+03 cycle=81500 time=5.572039e+00 dt=6.948504e-05
elapsed=1.345475e+03 cycle=81600 time=5.579104e+00 dt=6.977462e-05
elapsed=1.346312e+03 cycle=81700 time=5.585957e+00 dt=6.744941e-05
elapsed=1.347153e+03 cycle=81800 time=5.592613e+00 dt=6.574911e-05
elapsed=1.347967e+03 cycle=81900 time=5.599102e+00 dt=6.444992e-05
elapsed=1.348824e+03 cycle=82000 time=5.605516e+00 dt=6.365647e-05
elapsed=1.349641e+03 cycle=82100 time=5.611879e+00 dt=6.418977e-05
elapsed=1.350444e+03 cycle=82200 time=5.618367e+00 dt=6.490419e-05
elapsed=1.351255e+03 cycle=82300 time=5.624966e+00 dt=6.624871e-05
elapsed=1.352069e+03 cycle=82400 time=5.631626e+00 dt=6.698046e-05
elapsed=1.352878e+03 cycle=82500 time=5.638214e+00 dt=6.390673e-05
elapsed=1.353689e+03 cycle=82600 time=5.644815e+00 dt=6.816259e-05
elapsed=1.354536e+03 cycle=82700 time=5.651637e+00 dt=6.637059e-05
elapsed=1.355371e+03 cycle=82800 time=5.658349e+00 dt=6.959183e-05
elapsed=1.356225e+03 cycle=82900 time=5.665212e+00 dt=6.738014e-05
elapsed=1.357075e+03 cycle=83000 time=5.671889e+00 dt=6.622586e-05
elapsed=1.357877e+03 cycle=83100 time=5.678475e+00 dt=6.565907e-05
elapsed=1.358685e+03 cycle=83200 time=5.684888e+00 dt=6.226183e-05
elapsed=1.359537e+03 cycle=83300 time=5.690954e+00 dt=5.905459e-05
elapsed=1.360345e+03 cycle=83400 time=5.696793e+00 dt=6.150645e-05
elapsed=1.361181e+03 cycle=83500 time=5.703294e+00 dt=6.568191e-05
elapsed=1.362001e+03 cycle=83600 time=5.710033e+00 dt=6.735801e-05
elapsed=1.362851e+03 cycle=83700 time=5.716590e+00 dt=6.389644e-05
elapsed=1.363669e+03 cycle=83800 time=5.723312e+00 dt=6.996761e-05
elapsed=1.364519e+03 cycle=83900 time=5.730086e+00 dt=6.471271e-05
elapsed=1.365351e+03 cycle=84000 time=5.736374e+00 dt=6.333545e-05
elapsed=1.366188e+03 cycle=84100 time=5.742606e+00 dt=6.191778e-05
elapsed=1.366993e+03 cycle=84200 time=5.749209e+00 dt=6.694651e-05
elapsed=1.367806e+03 cycle=84300 time=5.755822e+00 dt=6.533424e-05
elapsed=1.368617e+03 cycle=84400 time=5.762261e+00 dt=6.167758e-05
elapsed=1.369422e+03 cycle=84500 time=5.768419e+00 dt=6.284127e-05
elapsed=1.370255e+03 cycle=84600 time=5.774666e+00 dt=6.247357e-05
elapsed=1.371452e+03 cycle=84700 time=5.780889e+00 dt=6.129768e-05
elapsed=1.374690e+03 cycle=84800 time=5.787019e+00 dt=6.175563e-05
elapsed=1.377854e+03 cycle=84900 time=5.793200e+00 dt=6.119604e-05
elapsed=1.381173e+03 cycle=85000 time=5.799156e+00 dt=5.680191e-05
elapsed=1.384403e+03 cycle=85100 time=5.804693e+00 dt=5.968677e-05
elapsed=1.387687e+03 cycle=85200 time=5.810709e+00 dt=6.192735e-05
elapsed=1.390943e+03 cycle=85300 time=5.817056e+00 dt=6.182404e-05
elapsed=1.394317e+03 cycle=85400 time=5.823384e+00 dt=6.531968e-05
elapsed=1.397591e+03 cycle=85500 time=5.829893e+00 dt=6.499703e-05
elapsed=1.400850e+03 cycle=85600 time=5.836370e+00 dt=6.462094e-05
elapsed=1.404203e+03 cycle=85700 time=5.842777e+00 dt=6.337655e-05
elapsed=1.407461e+03 cycle=85800 time=5.849117e+00 dt=6.258773e-05
elapsed=1.410788e+03 cycle=85900 time=5.855007e+00 dt=5.545111e-05
elapsed=1.414052e+03 cycle=86000 time=5.860441e+00 dt=5.577218e-05
elapsed=1.417319e+03 cycle=86100 time=5.866363e+00 dt=6.565386e-05
elapsed=1.420593e+03 cycle=86200 time=5.872776e+00 dt=6.480415e-05
elapsed=1.423852e+03 cycle=86300 time=5.879376e+00 dt=6.476653e-05
elapsed=1.427220e+03 cycle=86400 time=5.885665e+00 dt=6.246788e-05
elapsed=1.430447e+03 cycle=86500 time=5.891892e+00 dt=6.326496e-05
elapsed=1.433739e+03 cycle=86600 time=5.898418e+00 dt=6.561148e-05
elapsed=1.437044e+03 cycle=86700 time=5.904978e+00 dt=6.466039e-05
elapsed=1.440325e+03 cycle=86800 time=5.911503e+00 dt=6.527927e-05
elapsed=1.443631e+03 cycle=86900 time=5.917934e+00 dt=6.324744e-05
elapsed=1.446920e+03 cycle=87000 time=5.924173e+00 dt=6.108408e-05
elapsed=1.450216e+03 cycle=87100 time=5.930075e+00 dt=5.719060e-05
elapsed=1.453486e+03 cycle=87200 time=5.935659e+00 dt=5.402313e-05
elapsed=1.456745e+03 cycle=87300 time=5.941114e+00 dt=5.518960e-05
elapsed=1.460017e+03 cycle=87400 time=5.946619e+00 dt=5.484552e-05
elapsed=1.463297e+03 cycle=87500 time=5.952165e+00 dt=5.642541e-05
elapsed=1.466568e+03 cycle=87600 time=5.957905e+00 dt=5.949576e-05
elapsed=1.469849e+03 cycle=87700 time=5.964249e+00 dt=6.651547e-05
elapsed=1.473143e+03 cycle=87800 time=5.971169e+00 dt=7.187221e-05
elapsed=1.476476e+03 cycle=87900 time=5.978524e+00 dt=7.409076e-05
elapsed=1.479808e+03 cycle=88000 time=5.985925e+00 dt=7.392219e-05
elapsed=1.483130e+03 cycle=88100 time=5.993327e+00 dt=7.384730e-05
elapsed=1.486487e+03 cycle=88200 time=6.000644e+00 dt=7.249542e-05
elapsed=1.489809e+03 cycle=88300 time=6.007804e+00 dt=7.019614e-05
elapsed=1.493103e+03 cycle=88400 time=6.014783e+00 dt=6.962114e-05
elapsed=1.496458e+03 cycle=88500 time=6.021705e+00 dt=6.832704e-05
elapsed=1.499719e+03 cycle=88600 time=6.028539e+00 dt=6.838596e-05
elapsed=1.503071e+03 cycle=88700 time=6.035457e+00 dt=6.982691e-05
elapsed=1.506366e+03 cycle=88800 time=6.042470e+00 dt=7.012414e-05
elapsed=1.509694e+03 cycle=88900 time=6.049438e+00 dt=6.936162e-05
elapsed=1.512959e+03 cycle=89000 time=6.056362e+00 dt=6.860958e-05
elapsed=1.516320e+03 cycle=89100 time=6.063206e+00 dt=6.821234e-05
elapsed=1.519614e+03 cycle=89200 time=6.070055e+00 dt=6.897664e-05
elapsed=1.522906e+03 cycle=89300 time=6.076673e+00 dt=6.309691e-05
elapsed=1.526213e+03 cycle=89400 time=6.083545e+00 dt=7.213531e-05
elapsed=1.529520e+03 cycle=89500 time=6.090684e+00 dt=6.891390e-05
elapsed=1.532823e+03 cycle=89600 time=6.097582e+00 dt=7.230166e-05
elapsed=1.536183e+03 cycle=89700 time=6.104910e+00 dt=7.273098e-05
elapsed=1.539494e+03 cycle=89800 time=6.112121e+00 dt=7.159075e-05
elapsed=1.542815e+03 cycle=89900 time=6.119248e+00 dt=7.004589e-05
elapsed=1.546093e+03 cycle=90000 time=6.126132e+00 dt=6.843621e-05
elapsed=1.549376e+03 cycle=90100 time=6.133146e+00 dt=7.103132e-05
elapsed=1.552717e+03 cycle=90200 time=6.140255e+00 dt=7.100916e-05
elapsed=1.555978e+03 cycle=90300 time=6.147354e+00 dt=7.093279e-05
elapsed=1.559334e+03 cycle=90400 time=6.154229e+00 dt=6.816036e-05
elapsed=1.562605e+03 cycle=90500 time=6.161383e+00 dt=7.238081e-05
elapsed=1.565936e+03 cycle=90600 time=6.168616e+00 dt=7.224798e-05
elapsed=1.569223e+03 cycle=90700 time=6.175589e+00 dt=6.748041e-05
elapsed=1.572573e+03 cycle=90800 time=6.182176e+00 dt=6.463694e-05
elapsed=1.575840e+03 cycle=90900 time=6.188541e+00 dt=6.361286e-05
elapsed=1.579177e+03 cycle=91000 time=6.194996e+00 dt=6.689790e-05
elapsed=1.582478e+03 cycle=91100 time=6.201783e+00 dt=6.833259e-05
elapsed=1.585769e+03 cycle=91200 time=6.208624e+00 dt=6.903690e-05
elapsed=1.589080e+03 cycle=91300 time=6.215602e+00 dt=7.017040e-05
elapsed=1.592493e+03 cycle=91400 time=6.222634e+00 dt=6.957359e-05
elapsed=1.595787e+03 cycle=91500 time=6.229584e+00 dt=7.068191e-05
elapsed=1.599069e+03 cycle=91600 time=6.236655e+00 dt=7.145538e-05
elapsed=1.602432e+03 cycle=91700 time=6.243779e+00 dt=7.165648e-05
elapsed=1.605699e+03 cycle=91800 time=6.250967e+00 dt=7.222940e-05
elapsed=1.608974e+03 cycle=91900 time=6.258187e+00 dt=7.205737e-05
elapsed=1.612338e+03 cycle=92000 time=6.265377e+00 dt=7.234420e-05
elapsed=1.615653e+03 cycle=92100 time=6.272595e+00 dt=7.166199e-05
elapsed=1.618944e+03 cycle=92200 time=6.279714e+00 dt=7.040508e-05
elapsed=1.622244e+03 cycle=92300 time=6.286657e+00 dt=6.842943e-05
elapsed=1.625556e+03 cycle=92400 time=6.293480e+00 dt=6.789761e-05
elapsed=1.628867e+03 cycle=92500 time=6.300349e+00 dt=6.965617e-05
elapsed=1.632188e+03 cycle=92600 time=6.307411e+00 dt=7.130617e-05
elapsed=1.635502e+03 cycle=92700 time=6.314425e+00 dt=7.005705e-05
elapsed=1.638778e+03 cycle=92800 time=6.321407e+00 dt=6.915224e-05
elapsed=1.642079e+03 cycle=92900 time=6.328451e+00 dt=7.181168e-05
elapsed=1.645439e+03 cycle=93000 time=6.335489e+00 dt=6.856667e-05
elapsed=1.648736e+03 cycle=93100 time=6.342300e+00 dt=7.190633e-05
elapsed=1.652053e+03 cycle=93200 time=6.349762e+00 dt=7.485599e-05
elapsed=1.655394e+03 cycle=93300 time=6.357267e+00 dt=7.517642e-05
elapsed=1.658708e+03 cycle=93400 time=6.364770e+00 dt=7.531364e-05
elapsed=1.662006e+03 cycle=93500 time=6.372298e+00 dt=7.528246e-05
elapsed=1.665281e+03 cycle=93600 time=6.379808e+00 dt=7.334244e-05
elapsed=1.668584e+03 cycle=93700 time=6.387108e+00 dt=7.557723e-05
elapsed=1.671917e+03 cycle=93800 time=6.394647e+00 dt=7.519532e-05
elapsed=1.675246e+03 cycle=93900 time=6.402143e+00 dt=7.491118e-05
elapsed=1.678526e+03 cycle=94000 time=6.409584e+00 dt=7.336864e-05
elapsed=1.681792e+03 cycle=94100 time=6.416686e+00 dt=7.139340e-05
elapsed=1.685073e+03 cycle=94200 time=6.424094e+00 dt=7.436528e-05
elapsed=1.688363e+03 cycle=94300 time=6.431516e+00 dt=7.427506e-05
elapsed=1.691698e+03 cycle=94400 time=6.438987e+00 dt=7.519265e-05
elapsed=1.694984e+03 cycle=94500 time=6.446535e+00 dt=7.564134e-05
elapsed=1.698337e+03 cycle=94600 time=6.454104e+00 dt=7.567403e-05
elapsed=1.701628e+03 cycle=94700 time=6.461640e+00 dt=7.532825e-05
elapsed=1.704954e+03 cycle=94800 time=6.469194e+00 dt=7.539180e-05
elapsed=1.708211e+03 cycle=94900 time=6.476666e+00 dt=7.416602e-05
elapsed=1.711493e+03 cycle=95000 time=6.483806e+00 dt=7.012762e-05
elapsed=1.714770e+03 cycle=95100 time=6.490986e+00 dt=7.135473e-05
elapsed=1.718043e+03 cycle=95200 time=6.498042e+00 dt=6.983282e-05
elapsed=1.721403e+03 cycle=95300 time=6.504986e+00 dt=6.904897e-05
elapsed=1.724624e+03 cycle=95400 time=6.511877e+00 dt=6.886343e-05
elapsed=1.727959e+03 cycle=95500 time=6.518740e+00 dt=6.824931e-05
elapsed=1.731216e+03 cycle=95600 time=6.525544e+00 dt=6.766417e-05
elapsed=1.734576e+03 cycle=95700 time=6.532305e+00 dt=6.757240e-05
elapsed=1.737830e+03 cycle=95800 time=6.539042e+00 dt=6.708331e-05
elapsed=1.741148e+03 cycle=95900 time=6.545634e+00 dt=6.552803e-05
elapsed=1.744465e+03 cycle=96000 time=6.552394e+00 dt=6.821169e-05
elapsed=1.747788e+03 cycle=96100 time=6.559267e+00 dt=6.834858e-05
elapsed=1.751121e+03 cycle=96200 time=6.565943e+00 dt=6.508890e-05
elapsed=1.754428e+03 cycle=96300 time=6.572346e+00 dt=6.317558e-05
elapsed=1.757707e+03 cycle=96400 time=6.578593e+00 dt=6.251431e-05
elapsed=1.760979e+03 cycle=96500 time=6.584914e+00 dt=6.395995e-05
elapsed=1.764260e+03 cycle=96600 time=6.591366e+00 dt=6.526755e-05
elapsed=1.767551e+03 cycle=96700 time=6.598021e+00 dt=6.801336e-05
elapsed=1.770884e+03 cycle=96800 time=6.604836e+00 dt=6.661755e-05
elapsed=1.774144e+03 cycle=96900 time=6.611423e+00 dt=6.568028e-05
elapsed=1.777499e+03 cycle=97000 time=6.618020e+00 dt=6.653484e-05
elapsed=1.780764e+03 cycle=97100 time=6.624701e+00 dt=6.616505e-05
elapsed=1.784046e+03 cycle=97200 time=6.631153e+00 dt=6.313505e-05
elapsed=1.787310e+03 cycle=97300 time=6.637305e+00 dt=5.988204e-05
elapsed=1.790612e+03 cycle=97400 time=6.643272e+00 dt=5.900292e-05
elapsed=1.793934e+03 cycle=97500 time=6.649452e+00 dt=6.700028e-05
elapsed=1.797275e+03 cycle=97600 time=6.656210e+00 dt=6.687169e-05
elapsed=1.800503e+03 cycle=97700 time=6.662892e+00 dt=6.802880e-05
elapsed=1.803858e+03 cycle=97800 time=6.669653e+00 dt=6.618440e-05
elapsed=1.807142e+03 cycle=97900 time=6.676248e+00 dt=6.583626e-05
elapsed=1.810421e+03 cycle=98000 time=6.682700e+00 dt=6.410446e-05
elapsed=1.813722e+03 cycle=98100 time=6.688935e+00 dt=6.132944e-05
elapsed=1.817021e+03 cycle=98200 time=6.694954e+00 dt=5.878362e-05
elapsed=1.820305e+03 cycle=98300 time=6.700795e+00 dt=5.724678e-05
elapsed=1.823626e+03 cycle=98400 time=6.706207e+00 dt=5.558334e-05
elapsed=1.826977e+03 cycle=98500 time=6.711564e+00 dt=5.238648e-05
elapsed=1.830313e+03 cycle=98600 time=6.717556e+00 dt=6.499527e-05
elapsed=1.833632e+03 cycle=98700 time=6.724025e+00 dt=6.405012e-05
elapsed=1.836925e+03 cycle=98800 time=6.730334e+00 dt=6.248167e-05
elapsed=1.840249e+03 cycle=98900 time=6.736668e+00 dt=6.400847e-05
elapsed=1.843583e+03 cycle=99000 time=6.742946e+00 dt=6.038983e-05
elapsed=1.846936e+03 cycle=99100 time=6.748930e+00 dt=6.023855e-05
elapsed=1.850274e+03 cycle=99200 time=6.755089e+00 dt=6.167739e-05
elapsed=1.853593e+03 cycle=99300 time=6.761190e+00 dt=6.023110e-05
elapsed=1.856854e+03 cycle=99400 time=6.767125e+00 dt=5.880193e-05
elapsed=1.860136e+03 cycle=99500 time=6.772979e+00 dt=5.823457e-05
elapsed=1.863389e+03 cycle=99600 time=6.778822e+00 dt=5.878950e-05
elapsed=1.866699e+03 cycle=99700 time=6.784651e+00 dt=5.595240e-05
elapsed=1.869896e+03 cycle=99800 time=6.790677e+00 dt=6.627532e-05
elapsed=1.873234e+03 cycle=99900 time=6.797261e+00 dt=6.532351e-05
elapsed=1.876556e+03 cycle=100000 time=6.803667e+00 dt=6.267408e-05
elapsed=1.879908e+03 cycle=100100 time=6.809825e+00 dt=6.057519e-05
elapsed=1.883241e+03 cycle=100200 time=6.815805e+00 dt=5.891315e-05
elapsed=1.886467e+03 cycle=100300 time=6.821618e+00 dt=5.750046e-05
elapsed=1.889764e+03 cycle=100400 time=6.827323e+00 dt=5.678724e-05
elapsed=1.893088e+03 cycle=100500 time=6.832998e+00 dt=5.722581e-05
elapsed=1.896346e+03 cycle=100600 time=6.838811e+00 dt=6.005127e-05
elapsed=1.899712e+03 cycle=100700 time=6.845101e+00 dt=6.466563e-05
elapsed=1.902997e+03 cycle=100800 time=6.851493e+00 dt=6.337417e-05
elapsed=1.906324e+03 cycle=100900 time=6.857625e+00 dt=5.870109e-05
elapsed=1.909623e+03 cycle=101000 time=6.863713e+00 dt=6.290357e-05
elapsed=1.912932e+03 cycle=101100 time=6.870118e+00 dt=6.607900e-05
elapsed=1.916242e+03 cycle=101200 time=6.876899e+00 dt=6.868451e-05
elapsed=1.919598e+03 cycle=101300 time=6.883602e+00 dt=6.546087e-05
elapsed=1.922882e+03 cycle=101400 time=6.890009e+00 dt=6.284038e-05
elapsed=1.926160e+03 cycle=101500 time=6.896241e+00 dt=6.178732e-05
elapsed=1.929444e+03 cycle=101600 time=6.902323e+00 dt=5.981864e-05
elapsed=1.932790e+03 cycle=101700 time=6.908243e+00 dt=5.903955e-05
elapsed=1.936068e+03 cycle=101800 time=6.914185e+00 dt=5.972775e-05
elapsed=1.939427e+03 cycle=101900 time=6.920137e+00 dt=5.859711e-05
elapsed=1.942721e+03 cycle=102000 time=6.925913e+00 dt=5.700986e-05
elapsed=1.945985e+03 cycle=102100 time=6.931669e+00 dt=5.855841e-05
elapsed=1.949263e+03 cycle=102200 time=6.937772e+00 dt=6.311994e-05
elapsed=1.952541e+03 cycle=102300 time=6.944027e+00 dt=6.155852e-05
elapsed=1.955822e+03 cycle=102400 time=6.950044e+00 dt=5.902558e-05
elapsed=1.959166e+03 cycle=102500 time=6.955986e+00 dt=5.954742e-05
elapsed=1.962450e+03 cycle=102600 time=6.961998e+00 dt=6.096109e-05
elapsed=1.965796e+03 cycle=102700 time=6.967996e+00 dt=5.733256e-05
elapsed=1.969102e+03 cycle=102800 time=6.973874e+00 dt=6.124802e-05
elapsed=1.972400e+03 cycle=102900 time=6.979942e+00 dt=6.033159e-05
elapsed=1.975667e+03 cycle=103000 time=6.985933e+00 dt=5.957030e-05
elapsed=1.978936e+03 cycle=103100 time=6.991913e+00 dt=6.018230e-05
elapsed=1.982262e+03 cycle=103200 time=6.997980e+00 dt=6.150652e-05
elapsed=1.985569e+03 cycle=103300 time=7.004256e+00 dt=6.373730e-05
elapsed=1.988886e+03 cycle=103400 time=7.010602e+00 dt=6.301932e-05
elapsed=1.992177e+03 cycle=103500 time=7.016807e+00 dt=6.068020e-05
elapsed=1.994992e+03 cycle=103600 time=7.022716e+00 dt=5.782009e-05
elapsed=1.998290e+03 cycle=103700 time=7.028560e+00 dt=5.969174e-05
elapsed=2.001584e+03 cycle=103800 time=7.034420e+00 dt=5.832154e-05
elapsed=2.004822e+03 cycle=103900 time=7.040331e+00 dt=5.917490e-05
elapsed=2.006010e+03 cycle=104000 time=7.046223e+00 dt=5.840304e-05
elapsed=2.007236e+03 cycle=104100 time=7.052069e+00 dt=5.896343e-05
elapsed=2.008402e+03 cycle=104200 time=7.058048e+00 dt=5.913237e-05
elapsed=2.009886e+03 cycle=104300 time=7.063916e+00 dt=5.849089e-05
elapsed=2.011605e+03 cycle=104400 time=7.069734e+00 dt=5.791376e-05
elapsed=2.013277e+03 cycle=104500 time=7.075444e+00 dt=5.601545e-05
elapsed=2.014951e+03 cycle=104600 time=7.080930e+00 dt=5.365986e-05
elapsed=2.016681e+03 cycle=104700 time=7.086208e+00 dt=5.165371e-05
elapsed=2.018407e+03 cycle=104800 time=7.091342e+00 dt=5.108864e-05
elapsed=2.020118e+03 cycle=104900 time=7.096516e+00 dt=5.440693e-05
elapsed=2.021878e+03 cycle=105000 time=7.102331e+00 dt=6.513734e-05
elapsed=2.023562e+03 cycle=105100 time=7.109067e+00 dt=6.427612e-05
elapsed=2.025315e+03 cycle=105200 time=7.115671e+00 dt=6.638969e-05
elapsed=2.027089e+03 cycle=105300 time=7.122194e+00 dt=6.321148e-05
elapsed=2.028854e+03 cycle=105400 time=7.128296e+00 dt=5.895188e-05
elapsed=2.030608e+03 cycle=105500 time=7.134047e+00 dt=5.622896e-05
elapsed=2.032343e+03 cycle=105600 time=7.139642e+00 dt=5.645976e-05
elapsed=2.034073e+03 cycle=105700 time=7.145310e+00 dt=5.572235e-05
elapsed=2.035821e+03 cycle=105800 time=7.150819e+00 dt=5.488698e-05
elapsed=2.037561e+03 cycle=105900 time=7.156353e+00 dt=5.573507e-05
elapsed=2.039303e+03 cycle=106000 time=7.162353e+00 dt=6.610185e-05
elapsed=2.041045e+03 cycle=106100 time=7.169004e+00 dt=6.536422e-05
elapsed=2.042776e+03 cycle=106200 time=7.175398e+00 dt=6.578028e-05
elapsed=2.044539e+03 cycle=106300 time=7.181993e+00 dt=6.493209e-05
elapsed=2.046295e+03 cycle=106400 time=7.188246e+00 dt=5.996034e-05
elapsed=2.048038e+03 cycle=106500 time=7.194426e+00 dt=6.241981e-05
elapsed=2.049778e+03 cycle=106600 time=7.200462e+00 dt=5.747642e-05
elapsed=2.051463e+03 cycle=106700 time=7.206081e+00 dt=5.601882e-05
elapsed=2.053228e+03 cycle=106800 time=7.211725e+00 dt=5.708020e-05
elapsed=2.054990e+03 cycle=106900 time=7.217490e+00 dt=5.796799e-05
elapsed=2.056742e+03 cycle=107000 time=7.223225e+00 dt=5.684554e-05
elapsed=2.058439e+03 cycle=107100 time=7.228906e+00 dt=5.968514e-05
elapsed=2.060161e+03 cycle=107200 time=7.235445e+00 dt=6.850502e-05
elapsed=2.061906e+03 cycle=107300 time=7.242017e+00 dt=6.923970e-05
elapsed=2.063660e+03 cycle=107400 time=7.248973e+00 dt=6.871718e-05
elapsed=2.065416e+03 cycle=107500 time=7.255708e+00 dt=6.614720e-05
elapsed=2.067188e+03 cycle=107600 time=7.262232e+00 dt=6.443487e-05
elapsed=2.068936e+03 cycle=107700 time=7.268590e+00 dt=6.289007e-05
elapsed=2.070685e+03 cycle=107800 time=7.274860e+00 dt=6.371077e-05
elapsed=2.072439e+03 cycle=107900 time=7.281154e+00 dt=6.316491e-05
elapsed=2.074152e+03 cycle=108000 time=7.287416e+00 dt=6.235330e-05
elapsed=2.075904e+03 cycle=108100 time=7.293662e+00 dt=6.187303e-05
elapsed=2.077645e+03 cycle=108200 time=7.299773e+00 dt=6.010672e-05
elapsed=2.079390e+03 cycle=108300 time=7.306152e+00 dt=6.645060e-05
elapsed=2.081150e+03 cycle=108400 time=7.312946e+00 dt=6.727247e-05
elapsed=2.082876e+03 cycle=108500 time=7.319827e+00 dt=6.911683e-05
elapsed=2.084567e+03 cycle=108600 time=7.326621e+00 dt=6.731443e-05
elapsed=2.086321e+03 cycle=108700 time=7.333303e+00 dt=6.649141e-05
elapsed=2.088073e+03 cycle=108800 time=7.339963e+00 dt=6.696893e-05
elapsed=2.089842e+03 cycle=108900 time=7.346646e+00 dt=6.616255e-05
elapsed=2.091595e+03 cycle=109000 time=7.352950e+00 dt=5.905385e-05
elapsed=2.093333e+03 cycle=109100 time=7.358751e+00 dt=5.802341e-05
elapsed=2.095090e+03 cycle=109200 time=7.364552e+00 dt=5.452226e-05
elapsed=2.096837e+03 cycle=109300 time=7.369803e+00 dt=5.659110e-05
elapsed=2.098594e+03 cycle=109400 time=7.376002e+00 dt=6.568486e-05
elapsed=2.100361e+03 cycle=109500 time=7.382691e+00 dt=6.710243e-05
elapsed=2.102122e+03 cycle=109600 time=7.389359e+00 dt=6.604822e-05
elapsed=2.103881e+03 cycle=109700 time=7.395822e+00 dt=6.371929e-05
elapsed=2.105629e+03 cycle=109800 time=7.402102e+00 dt=6.222999e-05
elapsed=2.107325e+03 cycle=109900 time=7.408284e+00 dt=6.161052e-05
elapsed=2.109372e+03 cycle=110000 time=7.414424e+00 dt=6.115097e-05
elapsed=2.111063e+03 cycle=110100 time=7.420257e+00 dt=5.536176e-05
elapsed=2.112753e+03 cycle=110200 time=7.426037e+00 dt=5.997201e-05
elapsed=2.114532e+03 cycle=110300 time=7.431964e+00 dt=5.863946e-05
elapsed=2.116279e+03 cycle=110400 time=7.437815e+00 dt=5.861984e-05
elapsed=2.118041e+03 cycle=110500 time=7.443692e+00 dt=5.888704e-05
elapsed=2.119728e+03 cycle=110600 time=7.449600e+00 dt=5.920789e-05
elapsed=2.121474e+03 cycle=110700 time=7.455554e+00 dt=6.017316e-05
elapsed=2.123245e+03 cycle=110800 time=7.461588e+00 dt=6.043936e-05
elapsed=2.124993e+03 cycle=110900 time=7.467643e+00 dt=6.048559e-05
elapsed=2.126755e+03 cycle=111000 time=7.473663e+00 dt=5.956313e-05
elapsed=2.128513e+03 cycle=111100 time=7.479525e+00 dt=5.767495e-05
elapsed=2.130256e+03 cycle=111200 time=7.485224e+00 dt=5.716089e-05
elapsed=2.132053e+03 cycle=111300 time=7.491340e+00 dt=6.300300e-05
elapsed=2.133838e+03 cycle=111400 time=7.497406e+00 dt=5.835764e-05
elapsed=2.135580e+03 cycle=111500 time=7.503361e+00 dt=6.411525e-05
elapsed=2.137354e+03 cycle=111600 time=7.510006e+00 dt=6.715311e-05
elapsed=2.139156e+03 cycle=111700 time=7.516725e+00 dt=6.694212e-05
elapsed=2.140941e+03 cycle=111800 time=7.523398e+00 dt=6.659062e-05
elapsed=2.142798e+03 cycle=111900 time=7.529987e+00 dt=6.484233e-05
elapsed=2.144680e+03 cycle=112000 time=7.536368e+00 dt=6.317130e-05
elapsed=2.146587e+03 cycle=112100 time=7.542646e+00 dt=6.275539e-05
elapsed=2.148433e+03 cycle=112200 time=7.548881e+00 dt=6.151680e-05
elapsed=2.150383e+03 cycle=112300 time=7.555130e+00 dt=6.320945e-05
elapsed=2.152360e+03 cycle=112400 time=7.561525e+00 dt=6.533712e-05
elapsed=2.154277e+03 cycle=112500 time=7.568104e+00 dt=6.561232e-05
elapsed=2.156338e+03 cycle=112600 time=7.574698e+00 dt=6.606394e-05
elapsed=2.158408e+03 cycle=112700 time=7.581331e+00 dt=6.750451e-05
elapsed=2.160505e+03 cycle=112800 time=7.588189e+00 dt=6.821849e-05
elapsed=2.162643e+03 cycle=112900 time=7.594932e+00 dt=6.837295e-05
elapsed=2.164877e+03 cycle=113000 time=7.601817e+00 dt=6.927436e-05
elapsed=2.167069e+03 cycle=113100 time=7.608739e+00 dt=6.965026e-05
elapsed=2.169354e+03 cycle=113200 time=7.615813e+00 dt=7.186294e-05
elapsed=2.171694e+03 cycle=113300 time=7.623038e+00 dt=7.282177e-05
elapsed=2.174101e+03 cycle=113400 time=7.630372e+00 dt=7.306268e-05
elapsed=2.176537e+03 cycle=113500 time=7.637661e+00 dt=7.221172e-05
elapsed=2.179052e+03 cycle=113600 time=7.644732e+00 dt=6.942540e-05
elapsed=2.181632e+03 cycle=113700 time=7.651726e+00 dt=6.981567e-05
elapsed=2.184254e+03 cycle=113800 time=7.658528e+00 dt=6.722304e-05
elapsed=2.186956e+03 cycle=113900 time=7.665557e+00 dt=7.170514e-05
elapsed=2.189720e+03 cycle=114000 time=7.672713e+00 dt=7.175203e-05
elapsed=2.192537e+03 cycle=114100 time=7.679857e+00 dt=6.943420e-05
elapsed=2.195401e+03 cycle=114200 time=7.686249e+00 dt=5.917064e-05
elapsed=2.198324e+03 cycle=114300 time=7.691979e+00 dt=5.915755e-05
elapsed=2.201285e+03 cycle=114400 time=7.698614e+00 dt=7.103761e-05
elapsed=2.204231e+03 cycle=114500 time=7.705731e+00 dt=7.002651e-05
elapsed=2.207304e+03 cycle=114600 time=7.712704e+00 dt=7.201284e-05
elapsed=2.210440e+03 cycle=114700 time=7.719761e+00 dt=6.974635e-05
elapsed=2.213608e+03 cycle=114800 time=7.726719e+00 dt=6.927947e-05
elapsed=2.216813e+03 cycle=114900 time=7.733606e+00 dt=6.812314e-05
elapsed=2.220071e+03 cycle=115000 time=7.740339e+00 dt=6.915414e-05
elapsed=2.223376e+03 cycle=115100 time=7.747209e+00 dt=6.813051e-05
elapsed=2.226651e+03 cycle=115200 time=7.753976e+00 dt=6.719605e-05
elapsed=2.229927e+03 cycle=115300 time=7.760704e+00 dt=6.738175e-05
elapsed=2.233133e+03 cycle=115400 time=7.767515e+00 dt=6.835210e-05
elapsed=2.236455e+03 cycle=115500 time=7.774222e+00 dt=6.560183e-05
elapsed=2.239797e+03 cycle=115600 time=7.780714e+00 dt=6.515332e-05
elapsed=2.243110e+03 cycle=115700 time=7.787146e+00 dt=6.389647e-05
elapsed=2.246442e+03 cycle=115800 time=7.793543e+00 dt=6.333699e-05
elapsed=2.249697e+03 cycle=115900 time=7.799861e+00 dt=6.398444e-05
elapsed=2.252977e+03 cycle=116000 time=7.806325e+00 dt=6.451507e-05
elapsed=2.256263e+03 cycle=116100 time=7.812739e+00 dt=6.467068e-05
elapsed=2.259543e+03 cycle=116200 time=7.819096e+00 dt=6.287680e-05
elapsed=2.262827e+03 cycle=116300 time=7.825702e+00 dt=6.908499e-05
elapsed=2.266173e+03 cycle=116400 time=7.832628e+00 dt=6.942860e-05
elapsed=2.269446e+03 cycle=116500 time=7.839680e+00 dt=7.181306e-05
elapsed=2.272768e+03 cycle=116600 time=7.846888e+00 dt=7.231690e-05
elapsed=2.276085e+03 cycle=116700 time=7.854169e+00 dt=7.382888e-05
elapsed=2.279441e+03 cycle=116800 time=7.861523e+00 dt=7.340284e-05
elapsed=2.282710e+03 cycle=116900 time=7.868783e+00 dt=7.148900e-05
elapsed=2.286001e+03 cycle=117000 time=7.875820e+00 dt=6.914272e-05
elapsed=2.289382e+03 cycle=117100 time=7.882623e+00 dt=6.715872e-05
elapsed=2.292652e+03 cycle=117200 time=7.889317e+00 dt=6.581990e-05
elapsed=2.295936e+03 cycle=117300 time=7.895755e+00 dt=6.282063e-05
elapsed=2.299321e+03 cycle=117400 time=7.901942e+00 dt=6.209709e-05
elapsed=2.302600e+03 cycle=117500 time=7.908187e+00 dt=6.257701e-05
elapsed=2.305946e+03 cycle=117600 time=7.914487e+00 dt=6.394977e-05
elapsed=2.309269e+03 cycle=117700 time=7.921009e+00 dt=6.694581e-05
elapsed=2.312606e+03 cycle=117800 time=7.927824e+00 dt=6.900087e-05
elapsed=2.315953e+03 cycle=117900 time=7.934727e+00 dt=6.885961e-05
elapsed=2.319181e+03 cycle=118000 time=7.941650e+00 dt=6.946969e-05
elapsed=2.322480e+03 cycle=118100 time=7.948761e+00 dt=7.154300e-05
elapsed=2.325807e+03 cycle=118200 time=7.956009e+00 dt=7.239208e-05
elapsed=2.329150e+03 cycle=118300 time=7.963185e+00 dt=7.083702e-05
elapsed=2.332422e+03 cycle=118400 time=7.970151e+00 dt=6.850194e-05
elapsed=2.335700e+03 cycle=118500 time=7.976846e+00 dt=6.514719e-05
elapsed=2.338983e+03 cycle=118600 time=7.983244e+00 dt=6.331090e-05
elapsed=2.342328e+03 cycle=118700 time=7.989477e+00 dt=6.169898e-05
elapsed=2.345606e+03 cycle=118800 time=7.995663e+00 dt=6.159263e-05
elapsed=2.348876e+03 cycle=118900 time=8.001823e+00 dt=6.135662e-05
elapsed=2.352164e+03 cycle=119000 time=8.007899e+00 dt=6.019150e-05
elapsed=2.355461e+03 cycle=119100 time=8.013834e+00 dt=5.958638e-05
elapsed=2.358794e+03 cycle=119200 time=8.019850e+00 dt=5.946455e-05
elapsed=2.362150e+03 cycle=119300 time=8.025880e+00 dt=6.088315e-05
elapsed=2.365376e+03 cycle=119400 time=8.032337e+00 dt=7.061738e-05
elapsed=2.368669e+03 cycle=119500 time=8.039479e+00 dt=7.464450e-05
elapsed=2.371908e+03 cycle=119600 time=8.046751e+00 dt=7.137152e-05
elapsed=2.375209e+03 cycle=119700 time=8.053699e+00 dt=6.970609e-05
elapsed=2.378566e+03 cycle=119800 time=8.060487e+00 dt=6.662356e-05
elapsed=2.381897e+03 cycle=119900 time=8.066982e+00 dt=6.569793e-05
elapsed=2.385117e+03 cycle=120000 time=8.073762e+00 dt=6.770123e-05
elapsed=2.388400e+03 cycle=120100 time=8.080440e+00 dt=6.606042e-05
elapsed=2.391655e+03 cycle=120200 time=8.087009e+00 dt=6.562115e-05
elapsed=2.394917e+03 cycle=120300 time=8.093847e+00 dt=6.901305e-05
elapsed=2.398045e+03 cycle=120400 time=8.100710e+00 dt=6.742147e-05
elapsed=2.401065e+03 cycle=120500 time=8.107305e+00 dt=6.443926e-05
elapsed=2.404108e+03 cycle=120600 time=8.113673e+00 dt=6.288169e-05
elapsed=2.407048e+03 cycle=120700 time=8.119915e+00 dt=6.203130e-05
elapsed=2.409917e+03 cycle=120800 time=8.126097e+00 dt=6.145747e-05
elapsed=2.412719e+03 cycle=120900 time=8.132229e+00 dt=6.117217e-05
elapsed=2.415496e+03 cycle=121000 time=8.138386e+00 dt=6.212563e-05
elapsed=2.418250e+03 cycle=121100 time=8.144613e+00 dt=6.178243e-05
elapsed=2.420961e+03 cycle=121200 time=8.150871e+00 dt=6.397632e-05
elapsed=2.423622e+03 cycle=121300 time=8.157170e+00 dt=6.233661e-05
elapsed=2.426248e+03 cycle=121400 time=8.163492e+00 dt=6.413712e-05
elapsed=2.428835e+03 cycle=121500 time=8.169928e+00 dt=6.480313e-05
elapsed=2.431358e+03 cycle=121600 time=8.176505e+00 dt=6.642615e-05
elapsed=2.433706e+03 cycle=121700 time=8.183006e+00 dt=6.684078e-05
elapsed=2.436004e+03 cycle=121800 time=8.189672e+00 dt=6.601174e-05
elapsed=2.438194e+03 cycle=121900 time=8.196215e+00 dt=6.501087e-05
elapsed=2.440314e+03 cycle=122000 time=8.202729e+00 dt=6.526757e-05
elapsed=2.442399e+03 cycle=122100 time=8.209318e+00 dt=6.535755e-05
elapsed=2.444381e+03 cycle=122200 time=8.215556e+00 dt=5.908100e-05
elapsed=2.446343e+03 cycle=122300 time=8.221376e+00 dt=6.214484e-05
elapsed=2.448252e+03 cycle=122400 time=8.227722e+00 dt=6.365152e-05
elapsed=2.450042e+03 cycle=122500 time=8.234179e+00 dt=6.531364e-05
elapsed=2.451864e+03 cycle=122600 time=8.240660e+00 dt=6.421585e-05
elapsed=2.453640e+03 cycle=122700 time=8.247076e+00 dt=6.477438e-05
elapsed=2.455339e+03 cycle=122800 time=8.253665e+00 dt=6.628598e-05
elapsed=2.456899e+03 cycle=122900 time=8.260331e+00 dt=6.703560e-05
elapsed=2.458465e+03 cycle=123000 time=8.267004e+00 dt=6.625179e-05
elapsed=2.459962e+03 cycle=123100 time=8.273565e+00 dt=6.503165e-05
elapsed=2.461388e+03 cycle=123200 time=8.280045e+00 dt=6.456363e-05
elapsed=2.462764e+03 cycle=123300 time=8.286523e+00 dt=6.482100e-05
elapsed=2.464051e+03 cycle=123400 time=8.292955e+00 dt=6.316426e-05
elapsed=2.465347e+03 cycle=123500 time=8.299139e+00 dt=6.079772e-05
elapsed=2.466585e+03 cycle=123600 time=8.305097e+00 dt=5.777214e-05
elapsed=2.467828e+03 cycle=123700 time=8.310728e+00 dt=5.982146e-05
elapsed=2.469048e+03 cycle=123800 time=8.316957e+00 dt=6.277978e-05
elapsed=2.470232e+03 cycle=123900 time=8.323141e+00 dt=6.276748e-05
elapsed=2.471415e+03 cycle=124000 time=8.329509e+00 dt=6.426080e-05
elapsed=2.472646e+03 cycle=124100 time=8.335710e+00 dt=5.978012e-05
elapsed=2.473860e+03 cycle=124200 time=8.342187e+00 dt=6.758836e-05
elapsed=2.475055e+03 cycle=124300 time=8.348930e+00 dt=6.753038e-05
elapsed=2.476287e+03 cycle=124400 time=8.355497e+00 dt=6.178214e-05
elapsed=2.477481e+03 cycle=124500 time=8.361231e+00 dt=5.813901e-05
elapsed=2.478683e+03 cycle=124600 time=8.367933e+00 dt=6.837879e-05
elapsed=2.479898e+03 cycle=124700 time=8.374798e+00 dt=6.945314e-05
elapsed=2.481096e+03 cycle=124800 time=8.381800e+00 dt=7.020027e-05
elapsed=2.482272e+03 cycle=124900 time=8.388760e+00 dt=7.112208e-05
elapsed=2.483581e+03 cycle=125000 time=8.395853e+00 dt=6.982667e-05
elapsed=2.484757e+03 cycle=125100 time=8.402643e+00 dt=6.635130e-05
elapsed=2.485970e+03 cycle=125200 time=8.409208e+00 dt=6.464295e-05
elapsed=2.487207e+03 cycle=125300 time=8.415624e+00 dt=6.301659e-05
elapsed=2.488466e+03 cycle=125400 time=8.421893e+00 dt=6.259062e-05
elapsed=2.489668e+03 cycle=125500 time=8.428132e+00 dt=6.235699e-05
elapsed=2.490892e+03 cycle=125600 time=8.434482e+00 dt=6.500513e-05
elapsed=2.492067e+03 cycle=125700 time=8.441009e+00 dt=6.445165e-05
elapsed=2.493302e+03 cycle=125800 time=8.447478e+00 dt=6.538423e-05
elapsed=2.494499e+03 cycle=125900 time=8.454200e+00 dt=6.884394e-05
elapsed=2.495713e+03 cycle=126000 time=8.461003e+00 dt=6.726965e-05
elapsed=2.496882e+03 cycle=126100 time=8.467667e+00 dt=6.601633e-05
elapsed=2.498108e+03 cycle=126200 time=8.474226e+00 dt=6.535761e-05
elapsed=2.499293e+03 cycle=126300 time=8.480758e+00 dt=6.534550e-05
elapsed=2.500514e+03 cycle=126400 time=8.487281e+00 dt=6.515205e-05
elapsed=2.501691e+03 cycle=126500 time=8.493783e+00 dt=6.488215e-05
elapsed=2.502908e+03 cycle=126600 time=8.500226e+00 dt=6.342682e-05
elapsed=2.504123e+03 cycle=126700 time=8.506544e+00 dt=6.336024e-05
elapsed=2.505354e+03 cycle=126800 time=8.512869e+00 dt=6.338759e-05
elapsed=2.506522e+03 cycle=126900 time=8.519164e+00 dt=6.274835e-05
elapsed=2.507696e+03 cycle=127000 time=8.525418e+00 dt=6.111459e-05
elapsed=2.508910e+03 cycle=127100 time=8.531157e+00 dt=5.206962e-05
elapsed=2.510106e+03 cycle=127200 time=8.537009e+00 dt=6.179112e-05
elapsed=2.511281e+03 cycle=127300 time=8.543133e+00 dt=6.077659e-05
elapsed=2.512466e+03 cycle=127400 time=8.549153e+00 dt=5.945730e-05
elapsed=2.513699e+03 cycle=127500 time=8.555039e+00 dt=5.827197e-05
elapsed=2.514875e+03 cycle=127600 time=8.560812e+00 dt=5.746552e-05
elapsed=2.516048e+03 cycle=127700 time=8.566634e+00 dt=5.928788e-05
elapsed=2.517297e+03 cycle=127800 time=8.572450e+00 dt=5.694037e-05
elapsed=2.518482e+03 cycle=127900 time=8.578078e+00 dt=5.592542e-05
elapsed=2.519652e+03 cycle=128000 time=8.583920e+00 dt=6.084436e-05
elapsed=2.520862e+03 cycle=128100 time=8.590160e+00 dt=6.296449e-05
elapsed=2.522050e+03 cycle=128200 time=8.596445e+00 dt=6.181731e-05
elapsed=2.523223e+03 cycle=128300 time=8.602589e+00 dt=6.128948e-05
elapsed=2.524392e+03 cycle=128400 time=8.608555e+00 dt=5.937319e-05
elapsed=2.525565e+03 cycle=128500 time=8.614425e+00 dt=5.881298e-05
elapsed=2.526737e+03 cycle=128600 time=8.620205e+00 dt=5.661936e-05
elapsed=2.527906e+03 cycle=128700 time=8.625829e+00 dt=5.635056e-05
elapsed=2.529080e+03 cycle=128800 time=8.631652e+00 dt=6.114634e-05
elapsed=2.530252e+03 cycle=128900 time=8.638047e+00 dt=6.557942e-05
elapsed=2.531496e+03 cycle=129000 time=8.644483e+00 dt=6.428236e-05
elapsed=2.532698e+03 cycle=129100 time=8.650978e+00 dt=6.508009e-05
elapsed=2.533931e+03 cycle=129200 time=8.657479e+00 dt=6.289986e-05
elapsed=2.535155e+03 cycle=129300 time=8.663894e+00 dt=6.766787e-05
elapsed=2.536353e+03 cycle=129400 time=8.670750e+00 dt=7.095926e-05
elapsed=2.537572e+03 cycle=129500 time=8.677796e+00 dt=6.934286e-05
elapsed=2.538747e+03 cycle=129600 time=8.684502e+00 dt=6.476127e-05
elapsed=2.539966e+03 cycle=129700 time=8.690768e+00 dt=6.075276e-05
elapsed=2.541177e+03 cycle=129800 time=8.696663e+00 dt=5.720649e-05
elapsed=2.542359e+03 cycle=129900 time=8.702189e+00 dt=5.308012e-05
elapsed=2.543573e+03 cycle=130000 time=8.707514e+00 dt=5.488686e-05
elapsed=2.544778e+03 cycle=130100 time=8.712845e+00 dt=5.333425e-05
elapsed=2.545979e+03 cycle=130200 time=8.718404e+00 dt=5.698836e-05
elapsed=2.547208e+03 cycle=130300 time=8.724160e+00 dt=5.785803e-05
elapsed=2.548419e+03 cycle=130400 time=8.730117e+00 dt=6.065655e-05
elapsed=2.549660e+03 cycle=130500 time=8.736085e+00 dt=5.784732e-05
elapsed=2.550838e+03 cycle=130600 time=8.741615e+00 dt=5.308137e-05
elapsed=2.552010e+03 cycle=130700 time=8.746818e+00 dt=5.067616e-05
elapsed=2.553244e+03 cycle=130800 time=8.751890e+00 dt=5.031286e-05
elapsed=2.554435e+03 cycle=130900 time=8.756755e+00 dt=4.773449e-05
elapsed=2.555631e+03 cycle=131000 time=8.761693e+00 dt=4.974776e-05
elapsed=2.556844e+03 cycle=131100 time=8.766975e+00 dt=5.461195e-05
elapsed=2.558020e+03 cycle=131200 time=8.772179e+00 dt=5.037985e-05
elapsed=2.559189e+03 cycle=131300 time=8.777381e+00 dt=5.389740e-05
elapsed=2.560425e+03 cycle=131400 time=8.782924e+00 dt=5.590723e-05
elapsed=2.561614e+03 cycle=131500 time=8.788499e+00 dt=5.533034e-05
elapsed=2.562854e+03 cycle=131600 time=8.793750e+00 dt=5.052281e-05
elapsed=2.564024e+03 cycle=131700 time=8.798780e+00 dt=5.056148e-05
elapsed=2.565258e+03 cycle=131800 time=8.804016e+00 dt=5.415484e-05
elapsed=2.566451e+03 cycle=131900 time=8.809537e+00 dt=5.574931e-05
elapsed=2.567647e+03 cycle=132000 time=8.815195e+00 dt=5.827298e-05
elapsed=2.568856e+03 cycle=132100 time=8.820973e+00 dt=5.731736e-05
elapsed=2.570070e+03 cycle=132200 time=8.826709e+00 dt=5.763754e-05
elapsed=2.571257e+03 cycle=132300 time=8.832390e+00 dt=5.563061e-05
elapsed=2.572479e+03 cycle=132400 time=8.837946e+00 dt=5.508626e-05
elapsed=2.573677e+03 cycle=132500 time=8.843322e+00 dt=5.252786e-05
elapsed=2.574892e+03 cycle=132600 time=8.848533e+00 dt=5.203080e-05
elapsed=2.576112e+03 cycle=132700 time=8.853729e+00 dt=5.170212e-05
elapsed=2.577295e+03 cycle=132800 time=8.858845e+00 dt=5.105583e-05
elapsed=2.578524e+03 cycle=132900 time=8.864035e+00 dt=5.189242e-05
elapsed=2.579689e+03 cycle=133000 time=8.869583e+00 dt=5.630691e-05
elapsed=2.580892e+03 cycle=133100 time=8.874929e+00 dt=5.670114e-05
elapsed=2.582114e+03 cycle=133200 time=8.880737e+00 dt=5.796921e-05
elapsed=2.583345e+03 cycle=133300 time=8.886589e+00 dt=5.882744e-05
elapsed=2.584541e+03 cycle=133400 time=8.892430e+00 dt=5.828362e-05
elapsed=2.585771e+03 cycle=133500 time=8.898463e+00 dt=6.387992e-05
elapsed=2.586985e+03 cycle=133600 time=8.904900e+00 dt=6.554449e-05
elapsed=2.588197e+03 cycle=133700 time=8.911555e+00 dt=6.525326e-05
elapsed=2.589373e+03 cycle=133800 time=8.917915e+00 dt=6.194306e-05
elapsed=2.590595e+03 cycle=133900 time=8.923930e+00 dt=5.835524e-05
elapsed=2.591764e+03 cycle=134000 time=8.929628e+00 dt=5.627523e-05
elapsed=2.592939e+03 cycle=134100 time=8.935299e+00 dt=5.460797e-05
elapsed=2.594160e+03 cycle=134200 time=8.940743e+00 dt=5.465387e-05
elapsed=2.595343e+03 cycle=134300 time=8.946705e+00 dt=6.459683e-05
elapsed=2.596585e+03 cycle=134400 time=8.953369e+00 dt=6.708930e-05
elapsed=2.597780e+03 cycle=134500 time=8.959951e+00 dt=6.486789e-05
elapsed=2.598985e+03 cycle=134600 time=8.966291e+00 dt=6.212158e-05
elapsed=2.600207e+03 cycle=134700 time=8.972353e+00 dt=5.949917e-05
elapsed=2.601389e+03 cycle=134800 time=8.978217e+00 dt=5.794534e-05
elapsed=2.602608e+03 cycle=134900 time=8.983961e+00 dt=5.695185e-05
elapsed=2.603776e+03 cycle=135000 time=8.989702e+00 dt=5.859404e-05
elapsed=2.604951e+03 cycle=135100 time=8.995753e+00 dt=6.006155e-05
elapsed=2.606128e+03 cycle=135200 time=9.001546e+00 dt=5.663139e-05
elapsed=2.607353e+03 cycle=135300 time=9.007345e+00 dt=6.088177e-05
elapsed=2.608544e+03 cycle=135400 time=9.013538e+00 dt=6.210113e-05
elapsed=2.609779e+03 cycle=135500 time=9.019676e+00 dt=6.043852e-05
elapsed=2.610988e+03 cycle=135600 time=9.025574e+00 dt=5.711756e-05
elapsed=2.612207e+03 cycle=135700 time=9.031122e+00 dt=5.584446e-05
elapsed=2.613445e+03 cycle=135800 time=9.037274e+00 dt=6.510743e-05
elapsed=2.614626e+03 cycle=135900 time=9.043833e+00 dt=6.533264e-05
elapsed=2.615830e+03 cycle=136000 time=9.050205e+00 dt=6.324156e-05
elapsed=2.617030e+03 cycle=136100 time=9.056435e+00 dt=6.186177e-05
elapsed=2.618205e+03 cycle=136200 time=9.062556e+00 dt=6.095316e-05
elapsed=2.619437e+03 cycle=136300 time=9.068682e+00 dt=6.040135e-05
elapsed=2.620634e+03 cycle=136400 time=9.074785e+00 dt=6.119433e-05
elapsed=2.621859e+03 cycle=136500 time=9.080893e+00 dt=6.082527e-05
elapsed=2.623070e+03 cycle=136600 time=9.086889e+00 dt=5.891596e-05
elapsed=2.624263e+03 cycle=136700 time=9.092728e+00 dt=5.750893e-05
elapsed=2.625437e+03 cycle=136800 time=9.098388e+00 dt=5.599085e-05
elapsed=2.626662e+03 cycle=136900 time=9.103920e+00 dt=5.498236e-05
elapsed=2.627830e+03 cycle=137000 time=9.109368e+00 dt=5.426212e-05
elapsed=2.629002e+03 cycle=137100 time=9.114821e+00 dt=5.481502e-05
elapsed=2.630176e+03 cycle=137200 time=9.120474e+00 dt=5.781390e-05
elapsed=2.631345e+03 cycle=137300 time=9.126130e+00 dt=5.454849e-05
elapsed=2.632598e+03 cycle=137400 time=9.131414e+00 dt=5.117662e-05
elapsed=2.633768e+03 cycle=137500 time=9.136424e+00 dt=4.992194e-05
elapsed=2.634975e+03 cycle=137600 time=9.141754e+00 dt=5.845590e-05
elapsed=2.636166e+03 cycle=137700 time=9.147598e+00 dt=6.082628e-05
elapsed=2.637396e+03 cycle=137800 time=9.153724e+00 dt=6.100289e-05
elapsed=2.638581e+03 cycle=137900 time=9.159654e+00 dt=5.778850e-05
elapsed=2.639804e+03 cycle=138000 time=9.165313e+00 dt=5.568133e-05
elapsed=2.640974e+03 cycle=138100 time=9.170769e+00 dt=5.455616e-05
elapsed=2.642188e+03 cycle=138200 time=9.176387e+00 dt=5.608975e-05
elapsed=2.643400e+03 cycle=138300 time=9.181969e+00 dt=5.608709e-05
elapsed=2.644566e+03 cycle=138400 time=9.187566e+00 dt=5.633217e-05
elapsed=2.645761e+03 cycle=138500 time=9.193386e+00 dt=6.069615e-05
elapsed=2.646971e+03 cycle=138600 time=9.199536e+00 dt=5.881061e-05
elapsed=2.648141e+03 cycle=138700 time=9.205530e+00 dt=6.138448e-05
elapsed=2.649313e+03 cycle=138800 time=9.211772e+00 dt=6.442799e-05
elapsed=2.650552e+03 cycle=138900 time=9.218342e+00 dt=6.672364e-05
elapsed=2.651727e+03 cycle=139000 time=9.225156e+00 dt=6.963644e-05
elapsed=2.652896e+03 cycle=139100 time=9.231867e+00 dt=6.532958e-05
elapsed=2.654101e+03 cycle=139200 time=9.238824e+00 dt=6.996665e-05
elapsed=2.655296e+03 cycle=139300 time=9.245573e+00 dt=6.519219e-05
elapsed=2.656526e+03 cycle=139400 time=9.251879e+00 dt=6.100200e-05
elapsed=2.657708e+03 cycle=139500 time=9.257855e+00 dt=5.933523e-05
elapsed=2.658935e+03 cycle=139600 time=9.263917e+00 dt=6.161007e-05
elapsed=2.660148e+03 cycle=139700 time=9.270020e+00 dt=6.073736e-05
elapsed=2.661349e+03 cycle=139800 time=9.275902e+00 dt=5.610610e-05
elapsed=2.662578e+03 cycle=139900 time=9.281555e+00 dt=5.634401e-05
elapsed=2.663769e+03 cycle=140000 time=9.287131e+00 dt=5.554108e-05
elapsed=2.664996e+03 cycle=140100 time=9.292679e+00 dt=5.518035e-05
elapsed=2.666160e+03 cycle=140200 time=9.298157e+00 dt=5.478933e-05
elapsed=2.667385e+03 cycle=140300 time=9.303759e+00 dt=5.785051e-05
elapsed=2.668565e+03 cycle=140400 time=9.309415e+00 dt=5.550692e-05
elapsed=2.669781e+03 cycle=140500 time=9.314880e+00 dt=5.390175e-05
elapsed=2.670950e+03 cycle=140600 time=9.320277e+00 dt=5.481386e-05
elapsed=2.672114e+03 cycle=140700 time=9.325882e+00 dt=5.771186e-05
elapsed=2.673339e+03 cycle=140800 time=9.331853e+00 dt=6.301326e-05
elapsed=2.674525e+03 cycle=140900 time=9.338311e+00 dt=6.418336e-05
elapsed=2.675742e+03 cycle=141000 time=9.344552e+00 dt=6.051472e-05
elapsed=2.676911e+03 cycle=141100 time=9.350954e+00 dt=6.618968e-05
elapsed=2.678115e+03 cycle=141200 time=9.357469e+00 dt=6.424765e-05
elapsed=2.679300e+03 cycle=141300 time=9.363913e+00 dt=6.495189e-05
elapsed=2.680549e+03 cycle=141400 time=9.370519e+00 dt=6.789114e-05
elapsed=2.683748e+03 cycle=141500 time=9.377240e+00 dt=6.482882e-05
elapsed=2.687042e+03 cycle=141600 time=9.383964e+00 dt=6.723266e-05
elapsed=2.690342e+03 cycle=141700 time=9.390632e+00 dt=6.621757e-05
elapsed=2.693611e+03 cycle=141800 time=9.397185e+00 dt=6.488611e-05
elapsed=2.696927e+03 cycle=141900 time=9.403625e+00 dt=6.406271e-05
elapsed=2.700170e+03 cycle=142000 time=9.410007e+00 dt=6.298275e-05
elapsed=2.703521e+03 cycle=142100 time=9.416278e+00 dt=6.250587e-05
elapsed=2.706810e+03 cycle=142200 time=9.422415e+00 dt=6.129220e-05
elapsed=2.710082e+03 cycle=142300 time=9.428506e+00 dt=6.068121e-05
elapsed=2.713365e+03 cycle=142400 time=9.434601e+00 dt=6.069442e-05
elapsed=2.716667e+03 cycle=142500 time=9.440622e+00 dt=6.008810e-05
elapsed=2.720000e+03 cycle=142600 time=9.446644e+00 dt=6.125077e-05
elapsed=2.723336e+03 cycle=142700 time=9.452709e+00 dt=5.961844e-05
elapsed=2.726644e+03 cycle=142800 time=9.458735e+00 dt=6.224065e-05
elapsed=2.729973e+03 cycle=142900 time=9.465080e+00 dt=6.430204e-05
elapsed=2.733312e+03 cycle=143000 time=9.471519e+00 dt=6.455790e-05
elapsed=2.736615e+03 cycle=143100 time=9.477977e+00 dt=6.440120e-05
elapsed=2.739892e+03 cycle=143200 time=9.484368e+00 dt=6.345365e-05
elapsed=2.743225e+03 cycle=143300 time=9.490793e+00 dt=6.411107e-05
elapsed=2.746439e+03 cycle=143400 time=9.497159e+00 dt=6.329043e-05
elapsed=2.749740e+03 cycle=143500 time=9.503525e+00 dt=6.394506e-05
elapsed=2.753061e+03 cycle=143600 time=9.509894e+00 dt=6.357472e-05
elapsed=2.756343e+03 cycle=143700 time=9.516266e+00 dt=6.386476e-05
elapsed=2.759691e+03 cycle=143800 time=9.522626e+00 dt=6.313213e-05
elapsed=2.762969e+03 cycle=143900 time=9.528912e+00 dt=6.225560e-05
elapsed=2.766250e+03 cycle=144000 time=9.534942e+00 dt=5.897183e-05
elapsed=2.769612e+03 cycle=144100 time=9.541558e+00 dt=7.161591e-05
elapsed=2.772897e+03 cycle=144200 time=9.548713e+00 dt=7.183044e-05
elapsed=2.776219e+03 cycle=144300 time=9.555883e+00 dt=7.158289e-05
elapsed=2.779449e+03 cycle=144400 time=9.563043e+00 dt=7.153067e-05
elapsed=2.782818e+03 cycle=144500 time=9.570179e+00 dt=7.116558e-05
elapsed=2.786133e+03 cycle=144600 time=9.577247e+00 dt=7.022882e-05
elapsed=2.789451e+03 cycle=144700 time=9.584205e+00 dt=6.835476e-05
elapsed=2.792728e+03 cycle=144800 time=9.590846e+00 dt=6.534851e-05
elapsed=2.796007e+03 cycle=144900 time=9.597246e+00 dt=6.352812e-05
elapsed=2.799284e+03 cycle=145000 time=9.603519e+00 dt=6.178460e-05
elapsed=2.802630e+03 cycle=145100 time=9.609569e+00 dt=5.902758e-05
elapsed=2.805943e+03 cycle=145200 time=9.615342e+00 dt=5.655347e-05
elapsed=2.809233e+03 cycle=145300 time=9.620932e+00 dt=5.522746e-05
elapsed=2.812548e+03 cycle=145400 time=9.626438e+00 dt=5.490791e-05
elapsed=2.815915e+03 cycle=145500 time=9.631834e+00 dt=5.402036e-05
elapsed=2.819237e+03 cycle=145600 time=9.637157e+00 dt=5.246832e-05
elapsed=2.822557e+03 cycle=145700 time=9.642672e+00 dt=6.026163e-05
elapsed=2.825838e+03 cycle=145800 time=9.649016e+00 dt=6.456207e-05
elapsed=2.829122e+03 cycle=145900 time=9.655431e+00 dt=6.366910e-05
elapsed=2.832408e+03 cycle=146000 time=9.661816e+00 dt=6.381388e-05
elapsed=2.835773e+03 cycle=146100 time=9.668194e+00 dt=6.402953e-05
elapsed=2.839062e+03 cycle=146200 time=9.674783e+00 dt=6.663891e-05
elapsed=2.842383e+03 cycle=146300 time=9.681481e+00 dt=6.737056e-05
elapsed=2.845688e+03 cycle=146400 time=9.688206e+00 dt=6.652171e-05
elapsed=2.848978e+03 cycle=146500 time=9.694866e+00 dt=6.689680e-05
elapsed=2.852308e+03 cycle=146600 time=9.701575e+00 dt=6.721678e-05
elapsed=2.855603e+03 cycle=146700 time=9.708198e+00 dt=6.529073e-05
elapsed=2.858959e+03 cycle=146800 time=9.714677e+00 dt=6.452669e-05
elapsed=2.862239e+03 cycle=146900 time=9.721170e+00 dt=6.527303e-05
elapsed=2.865514e+03 cycle=147000 time=9.727687e+00 dt=6.507931e-05
elapsed=2.868879e+03 cycle=147100 time=9.734198e+00 dt=6.519669e-05
elapsed=2.872072e+03 cycle=147200 time=9.740757e+00 dt=6.584199e-05
elapsed=2.875409e+03 cycle=147300 time=9.747346e+00 dt=6.616058e-05
elapsed=2.878728e+03 cycle=147400 time=9.753881e+00 dt=6.309173e-05
elapsed=2.882071e+03 cycle=147500 time=9.759999e+00 dt=6.458673e-05
elapsed=2.885381e+03 cycle=147600 time=9.766681e+00 dt=6.798959e-05
elapsed=2.888683e+03 cycle=147700 time=9.773496e+00 dt=6.818867e-05
elapsed=2.891952e+03 cycle=147800 time=9.780081e+00 dt=6.359334e-05
elapsed=2.895229e+03 cycle=147900 time=9.786309e+00 dt=6.115081e-05
elapsed=2.897658e+03 cycle=148000 time=9.792255e+00 dt=5.807950e-05
elapsed=2.898903e+03 cycle=148100 time=9.797983e+00 dt=5.649082e-05
elapsed=2.900080e+03 cycle=148200 time=9.803493e+00 dt=5.415432e-05
elapsed=2.901283e+03 cycle=148300 time=9.809148e+00 dt=5.818959e-05
elapsed=2.902490e+03 cycle=148400 time=9.815433e+00 dt=6.218718e-05
elapsed=2.903722e+03 cycle=148500 time=9.821400e+00 dt=5.810818e-05
elapsed=2.904895e+03 cycle=148600 time=9.827258e+00 dt=6.171209e-05
elapsed=2.906095e+03 cycle=148700 time=9.833983e+00 dt=6.624258e-05
elapsed=2.907301e+03 cycle=148800 time=9.840371e+00 dt=6.806212e-05
elapsed=2.908516e+03 cycle=148900 time=9.846962e+00 dt=6.376353e-05
elapsed=2.909693e+03 cycle=149000 time=9.853017e+00 dt=5.775460e-05
elapsed=2.910857e+03 cycle=149100 time=9.858830e+00 dt=6.282573e-05
elapsed=2.912049e+03 cycle=149200 time=9.865206e+00 dt=6.471969e-05
elapsed=2.913277e+03 cycle=149300 time=9.871572e+00 dt=6.248933e-05
elapsed=2.914443e+03 cycle=149400 time=9.877693e+00 dt=5.951705e-05
elapsed=2.915674e+03 cycle=149500 time=9.883483e+00 dt=5.632192e-05
elapsed=2.916841e+03 cycle=149600 time=9.889024e+00 dt=5.617024e-05
elapsed=2.918033e+03 cycle=149700 time=9.894632e+00 dt=5.519827e-05
elapsed=2.919258e+03 cycle=149800 time=9.900063e+00 dt=5.359897e-05
elapsed=2.920464e+03 cycle=149900 time=9.905441e+00 dt=5.440040e-05
elapsed=2.921669e+03 cycle=150000 time=9.911126e+00 dt=5.858205e-05
elapsed=2.922833e+03 cycle=150100 time=9.916901e+00 dt=5.696848e-05
elapsed=2.924023e+03 cycle=150200 time=9.922577e+00 dt=5.676704e-05
elapsed=2.925218e+03 cycle=150300 time=9.928378e+00 dt=5.982343e-05
elapsed=2.926447e+03 cycle=150400 time=9.934328e+00 dt=5.831177e-05
elapsed=2.927669e+03 cycle=150500 time=9.940022e+00 dt=5.648522e-05
elapsed=2.928846e+03 cycle=150600 time=9.945618e+00 dt=5.510249e-05
elapsed=2.930087e+03 cycle=150700 time=9.951003e+00 dt=5.364526e-05
elapsed=2.931256e+03 cycle=150800 time=9.956608e+00 dt=5.872851e-05
elapsed=2.932473e+03 cycle=150900 time=9.962671e+00 dt=6.169405e-05
elapsed=2.933653e+03 cycle=151000 time=9.968961e+00 dt=6.452499e-05
elapsed=2.934891e+03 cycle=151100 time=9.975469e+00 dt=6.446543e-05
elapsed=2.936065e+03 cycle=151200 time=9.981885e+00 dt=6.436601e-05
elapsed=2.937265e+03 cycle=151300 time=9.988573e+00 dt=6.797165e-05
elapsed=2.938472e+03 cycle=151400 time=9.995359e+00 dt=6.769534e-05

Terminating on time limit
time=1.000000e+01 cycle=151470
tlim=1.000000e+01 nlim=-1

MeshBlock-cycles = 2423520
cpu time used  = 2.939314e+03
zone-cycles/cpu_second = 6.754459e+06
particle-updates/cpu_second = 0.000000e+00
[2026-07-29 21:56:53] Finished: 256x512

============================================================
 Starting resolution: 512x1024  (nx1=512, nx2=1024)
 MPI ranks : 16
 Meshblock : 512 x 64
 Output dir: /home/sasi/Projects/SubgridCGMModel/simulation_outputs/hr_mpi_512x1024
 Log file  : /home/sasi/Projects/SubgridCGMModel/simulation_outputs/hr_mpi_512x1024/512x1024.log
============================================================
  Written: /home/sasi/Projects/SubgridCGMModel/simulation_outputs/hr_mpi_512x1024/kh_radiative_512x1024.athinput
  Resolved mesh settings:
    nx1       = 512        # Number of zones in X1-direction
    nx2       = 1024        # Number of zones in X2-direction
    nx3       = 1           # Number of zones in X3-direction
    nx1       = 512        # Number of cells in each MeshBlock, X1-dir
    nx2       = 64      # Number of cells in each MeshBlock, X2-dir
    nx3       = 1          # Number of cells in each MeshBlock, X3-dir
[2026-07-29 21:56:53] Launching mpirun for 512x1024 ...
Authorization required, but no authorization protocol specified
Authorization required, but no authorization protocol specified

Root grid = 1 x 16 x 1 MeshBlocks
Total number of MeshBlocks = 16
Number of logical  levels of refinement = 4 (5 levels total)
Number of physical levels of refinement = 0 (1 levels total)
Number of parallel ranks = 16
  Rank = 0: 1 MeshBlocks, cost = 1
  Rank = 1: 1 MeshBlocks, cost = 1
  Rank = 2: 1 MeshBlocks, cost = 1
  Rank = 3: 1 MeshBlocks, cost = 1
  Rank = 4: 1 MeshBlocks, cost = 1
  Rank = 5: 1 MeshBlocks, cost = 1
  Rank = 6: 1 MeshBlocks, cost = 1
  Rank = 7: 1 MeshBlocks, cost = 1
  Rank = 8: 1 MeshBlocks, cost = 1
  Rank = 9: 1 MeshBlocks, cost = 1
  Rank = 10: 1 MeshBlocks, cost = 1
  Rank = 11: 1 MeshBlocks, cost = 1
  Rank = 12: 1 MeshBlocks, cost = 1
  Rank = 13: 1 MeshBlocks, cost = 1
  Rank = 14: 1 MeshBlocks, cost = 1
  Rank = 15: 1 MeshBlocks, cost = 1
Load Balancing:
  Maximum normalized cost = 1, Average = 1

Setup complete, executing task list(s)...

elapsed=5.587943e-02 cycle=0 time=0.000000e+00 dt=4.325644e-05
elapsed=6.880473e+00 cycle=100 time=4.321822e-03 dt=4.322371e-05
elapsed=1.411028e+01 cycle=200 time=8.645694e-03 dt=4.324642e-05
elapsed=2.085524e+01 cycle=300 time=1.297061e-02 dt=4.325094e-05
elapsed=2.731943e+01 cycle=400 time=1.729582e-02 dt=4.325296e-05
elapsed=3.358173e+01 cycle=500 time=2.161953e-02 dt=4.325153e-05
elapsed=3.959891e+01 cycle=600 time=2.594355e-02 dt=4.313629e-05
elapsed=4.568644e+01 cycle=700 time=3.026721e-02 dt=4.325518e-05
elapsed=5.173872e+01 cycle=800 time=3.459273e-02 dt=4.325511e-05
elapsed=5.786510e+01 cycle=900 time=3.891595e-02 dt=4.325518e-05
elapsed=6.401086e+01 cycle=1000 time=4.323766e-02 dt=4.309568e-05
elapsed=7.011111e+01 cycle=1100 time=4.754978e-02 dt=4.275314e-05
elapsed=7.617493e+01 cycle=1200 time=5.184155e-02 dt=4.271721e-05
elapsed=8.223150e+01 cycle=1300 time=5.610832e-02 dt=4.261803e-05
elapsed=8.837682e+01 cycle=1400 time=6.032820e-02 dt=4.185231e-05
elapsed=9.448453e+01 cycle=1500 time=6.449534e-02 dt=4.151512e-05
elapsed=1.006688e+02 cycle=1600 time=6.863483e-02 dt=4.133690e-05
elapsed=1.068019e+02 cycle=1700 time=7.273751e-02 dt=4.085361e-05
elapsed=1.129330e+02 cycle=1800 time=7.679833e-02 dt=4.053034e-05
elapsed=1.191560e+02 cycle=1900 time=8.085109e-02 dt=4.055345e-05
elapsed=1.252978e+02 cycle=2000 time=8.489635e-02 dt=4.042484e-05
elapsed=1.314643e+02 cycle=2100 time=8.892938e-02 dt=4.030621e-05
elapsed=1.376509e+02 cycle=2200 time=9.293746e-02 dt=3.993891e-05
elapsed=1.437868e+02 cycle=2300 time=9.692307e-02 dt=3.989915e-05
elapsed=1.499433e+02 cycle=2400 time=1.009160e-01 dt=3.992050e-05
elapsed=1.561539e+02 cycle=2500 time=1.049104e-01 dt=3.990441e-05
elapsed=1.622910e+02 cycle=2600 time=1.088904e-01 dt=3.977324e-05
elapsed=1.684466e+02 cycle=2700 time=1.128691e-01 dt=3.982660e-05
elapsed=1.746444e+02 cycle=2800 time=1.168478e-01 dt=3.977256e-05
elapsed=1.807841e+02 cycle=2900 time=1.208307e-01 dt=3.991293e-05
elapsed=1.869850e+02 cycle=3000 time=1.248189e-01 dt=3.992332e-05
elapsed=1.931597e+02 cycle=3100 time=1.288054e-01 dt=3.979691e-05
elapsed=1.993882e+02 cycle=3200 time=1.327846e-01 dt=3.940436e-05
elapsed=2.055539e+02 cycle=3300 time=1.367037e-01 dt=3.888086e-05
elapsed=2.117633e+02 cycle=3400 time=1.405553e-01 dt=3.842106e-05
elapsed=2.179497e+02 cycle=3500 time=1.444149e-01 dt=3.843993e-05
elapsed=2.241214e+02 cycle=3600 time=1.482430e-01 dt=3.804068e-05
elapsed=2.303428e+02 cycle=3700 time=1.520415e-01 dt=3.791126e-05
elapsed=2.364867e+02 cycle=3800 time=1.558316e-01 dt=3.787555e-05
elapsed=2.426376e+02 cycle=3900 time=1.596272e-01 dt=3.797095e-05
elapsed=2.488068e+02 cycle=4000 time=1.634000e-01 dt=3.701533e-05
elapsed=2.550027e+02 cycle=4100 time=1.670665e-01 dt=3.657690e-05
elapsed=2.611756e+02 cycle=4200 time=1.707812e-01 dt=3.789713e-05
elapsed=2.673323e+02 cycle=4300 time=1.745795e-01 dt=3.815304e-05
elapsed=2.735396e+02 cycle=4400 time=1.783851e-01 dt=3.827151e-05
elapsed=2.797725e+02 cycle=4500 time=1.822010e-01 dt=3.816767e-05
elapsed=2.859638e+02 cycle=4600 time=1.860276e-01 dt=3.823103e-05
elapsed=2.921435e+02 cycle=4700 time=1.898547e-01 dt=3.745249e-05
elapsed=2.983787e+02 cycle=4800 time=1.935398e-01 dt=3.720490e-05
elapsed=3.045524e+02 cycle=4900 time=1.971467e-01 dt=3.518563e-05
elapsed=3.107618e+02 cycle=5000 time=2.007213e-01 dt=3.475206e-05
elapsed=3.169931e+02 cycle=5100 time=2.042346e-01 dt=3.768467e-05
elapsed=3.232130e+02 cycle=5200 time=2.080002e-01 dt=3.751885e-05
elapsed=3.294743e+02 cycle=5300 time=2.117444e-01 dt=3.727293e-05
elapsed=3.356574e+02 cycle=5400 time=2.154744e-01 dt=3.719598e-05
elapsed=3.418641e+02 cycle=5500 time=2.191292e-01 dt=3.585217e-05
elapsed=3.481074e+02 cycle=5600 time=2.226450e-01 dt=3.442060e-05
elapsed=3.543153e+02 cycle=5700 time=2.260166e-01 dt=3.309016e-05
elapsed=3.604896e+02 cycle=5800 time=2.292531e-01 dt=3.170221e-05
elapsed=3.667106e+02 cycle=5900 time=2.324551e-01 dt=3.322707e-05
elapsed=3.728890e+02 cycle=6000 time=2.360775e-01 dt=3.705266e-05
elapsed=3.791444e+02 cycle=6100 time=2.397649e-01 dt=3.665903e-05
elapsed=3.853257e+02 cycle=6200 time=2.434385e-01 dt=3.670451e-05
elapsed=3.915503e+02 cycle=6300 time=2.470936e-01 dt=3.612226e-05
elapsed=3.977451e+02 cycle=6400 time=2.507351e-01 dt=3.676179e-05
elapsed=4.039853e+02 cycle=6500 time=2.544052e-01 dt=3.660408e-05
elapsed=4.101788e+02 cycle=6600 time=2.580740e-01 dt=3.678274e-05
elapsed=4.163954e+02 cycle=6700 time=2.617685e-01 dt=3.698247e-05
elapsed=4.225602e+02 cycle=6800 time=2.654584e-01 dt=3.743721e-05
elapsed=4.287911e+02 cycle=6900 time=2.692193e-01 dt=3.810296e-05
elapsed=4.349663e+02 cycle=7000 time=2.730487e-01 dt=3.860753e-05
elapsed=4.412124e+02 cycle=7100 time=2.769454e-01 dt=3.923816e-05
elapsed=4.474414e+02 cycle=7200 time=2.808839e-01 dt=3.953011e-05
elapsed=4.536850e+02 cycle=7300 time=2.848352e-01 dt=3.916040e-05
elapsed=4.599345e+02 cycle=7400 time=2.887256e-01 dt=3.874175e-05
elapsed=4.661240e+02 cycle=7500 time=2.926014e-01 dt=3.878697e-05
elapsed=4.723370e+02 cycle=7600 time=2.964894e-01 dt=3.898924e-05
elapsed=4.785994e+02 cycle=7700 time=3.003861e-01 dt=3.890042e-05
elapsed=4.847713e+02 cycle=7800 time=3.042783e-01 dt=3.901547e-05
elapsed=4.909737e+02 cycle=7900 time=3.081789e-01 dt=3.909540e-05
elapsed=4.972195e+02 cycle=8000 time=3.120932e-01 dt=3.907448e-05
elapsed=5.034389e+02 cycle=8100 time=3.159883e-01 dt=3.898658e-05
elapsed=5.096402e+02 cycle=8200 time=3.198826e-01 dt=3.892424e-05
elapsed=5.158363e+02 cycle=8300 time=3.237471e-01 dt=3.843226e-05
elapsed=5.220762e+02 cycle=8400 time=3.275415e-01 dt=3.747039e-05
elapsed=5.282658e+02 cycle=8500 time=3.312783e-01 dt=3.795459e-05
elapsed=5.344511e+02 cycle=8600 time=3.350814e-01 dt=3.796636e-05
elapsed=5.406182e+02 cycle=8700 time=3.388600e-01 dt=3.742479e-05
elapsed=5.468591e+02 cycle=8800 time=3.425939e-01 dt=3.809449e-05
elapsed=5.531064e+02 cycle=8900 time=3.463990e-01 dt=3.794487e-05
elapsed=5.593485e+02 cycle=9000 time=3.502048e-01 dt=3.732140e-05
elapsed=5.655634e+02 cycle=9100 time=3.537659e-01 dt=3.443249e-05
elapsed=5.718156e+02 cycle=9200 time=3.572799e-01 dt=3.797324e-05
elapsed=5.780943e+02 cycle=9300 time=3.611249e-01 dt=3.870033e-05
elapsed=5.843230e+02 cycle=9400 time=3.649825e-01 dt=3.851096e-05
elapsed=5.905793e+02 cycle=9500 time=3.688134e-01 dt=3.818977e-05
elapsed=5.968701e+02 cycle=9600 time=3.726281e-01 dt=3.773363e-05
elapsed=6.031073e+02 cycle=9700 time=3.763986e-01 dt=3.862429e-05
elapsed=6.093763e+02 cycle=9800 time=3.801525e-01 dt=3.648514e-05
elapsed=6.156129e+02 cycle=9900 time=3.838139e-01 dt=3.693644e-05
elapsed=6.218148e+02 cycle=10000 time=3.874384e-01 dt=3.551386e-05
elapsed=6.280796e+02 cycle=10100 time=3.909005e-01 dt=3.358083e-05
elapsed=6.342819e+02 cycle=10200 time=3.942327e-01 dt=3.481410e-05
elapsed=6.405267e+02 cycle=10300 time=3.979511e-01 dt=3.857951e-05
elapsed=6.467870e+02 cycle=10400 time=4.017808e-01 dt=3.802479e-05
elapsed=6.530388e+02 cycle=10500 time=4.055827e-01 dt=3.803412e-05
elapsed=6.591247e+02 cycle=10600 time=4.093703e-01 dt=3.823891e-05
elapsed=6.651172e+02 cycle=10700 time=4.131955e-01 dt=3.835555e-05
elapsed=6.709982e+02 cycle=10800 time=4.170245e-01 dt=3.802351e-05
elapsed=6.767424e+02 cycle=10900 time=4.207953e-01 dt=3.746061e-05
elapsed=6.823200e+02 cycle=11000 time=4.245367e-01 dt=3.749934e-05
elapsed=6.877820e+02 cycle=11100 time=4.282891e-01 dt=3.753875e-05
elapsed=6.931385e+02 cycle=11200 time=4.320248e-01 dt=3.710271e-05
elapsed=6.983331e+02 cycle=11300 time=4.357080e-01 dt=3.656154e-05
elapsed=7.031278e+02 cycle=11400 time=4.394112e-01 dt=3.812914e-05
elapsed=7.071121e+02 cycle=11500 time=4.432324e-01 dt=3.807098e-05
elapsed=7.101216e+02 cycle=11600 time=4.470233e-01 dt=3.790538e-05
elapsed=7.123998e+02 cycle=11700 time=4.508104e-01 dt=3.804516e-05
elapsed=7.145811e+02 cycle=11800 time=4.546385e-01 dt=3.865235e-05
elapsed=7.167435e+02 cycle=11900 time=4.585146e-01 dt=3.913793e-05
elapsed=7.189725e+02 cycle=12000 time=4.624436e-01 dt=3.881396e-05
elapsed=7.211598e+02 cycle=12100 time=4.662811e-01 dt=3.826960e-05
elapsed=7.234509e+02 cycle=12200 time=4.701133e-01 dt=3.814595e-05
elapsed=7.325551e+02 cycle=12300 time=4.738353e-01 dt=3.608205e-05
elapsed=7.416382e+02 cycle=12400 time=4.775126e-01 dt=3.699493e-05
elapsed=7.507707e+02 cycle=12500 time=4.811519e-01 dt=3.585935e-05
elapsed=7.599344e+02 cycle=12600 time=4.847934e-01 dt=3.716226e-05
elapsed=7.691879e+02 cycle=12700 time=4.885033e-01 dt=3.729410e-05
elapsed=7.785065e+02 cycle=12800 time=4.922154e-01 dt=3.643261e-05
elapsed=7.879180e+02 cycle=12900 time=4.958201e-01 dt=3.631787e-05
elapsed=7.972544e+02 cycle=13000 time=4.993460e-01 dt=3.422974e-05
elapsed=8.066791e+02 cycle=13100 time=5.029097e-01 dt=3.607273e-05
elapsed=8.160123e+02 cycle=13200 time=5.066139e-01 dt=3.682920e-05
elapsed=8.252617e+02 cycle=13300 time=5.103014e-01 dt=3.702341e-05
elapsed=8.346808e+02 cycle=13400 time=5.139515e-01 dt=3.655090e-05
elapsed=8.441422e+02 cycle=13500 time=5.176859e-01 dt=3.754488e-05
elapsed=8.537936e+02 cycle=13600 time=5.214286e-01 dt=3.713367e-05
elapsed=8.632643e+02 cycle=13700 time=5.251454e-01 dt=3.710059e-05
elapsed=8.728595e+02 cycle=13800 time=5.288656e-01 dt=3.735365e-05
elapsed=8.824953e+02 cycle=13900 time=5.325847e-01 dt=3.661737e-05
elapsed=8.920246e+02 cycle=14000 time=5.361854e-01 dt=3.533427e-05
elapsed=9.016569e+02 cycle=14100 time=5.396628e-01 dt=3.455032e-05
elapsed=9.112674e+02 cycle=14200 time=5.431812e-01 dt=3.599128e-05
elapsed=9.209555e+02 cycle=14300 time=5.468512e-01 dt=3.683407e-05
elapsed=9.297565e+02 cycle=14400 time=5.504682e-01 dt=3.532042e-05
elapsed=9.327274e+02 cycle=14500 time=5.541870e-01 dt=3.802405e-05
elapsed=9.357215e+02 cycle=14600 time=5.579906e-01 dt=3.817549e-05
elapsed=9.386428e+02 cycle=14700 time=5.618178e-01 dt=3.833950e-05
elapsed=9.415931e+02 cycle=14800 time=5.656564e-01 dt=3.810062e-05
elapsed=9.445884e+02 cycle=14900 time=5.694415e-01 dt=3.770373e-05
elapsed=9.475563e+02 cycle=15000 time=5.731067e-01 dt=3.758132e-05
elapsed=9.505506e+02 cycle=15100 time=5.769232e-01 dt=3.785375e-05
elapsed=9.535582e+02 cycle=15200 time=5.806317e-01 dt=3.687148e-05
elapsed=9.565587e+02 cycle=15300 time=5.844069e-01 dt=3.806208e-05
elapsed=9.595047e+02 cycle=15400 time=5.882195e-01 dt=3.799099e-05
elapsed=9.625150e+02 cycle=15500 time=5.920013e-01 dt=3.756521e-05
elapsed=9.654220e+02 cycle=15600 time=5.957547e-01 dt=3.748640e-05
elapsed=9.683973e+02 cycle=15700 time=5.994970e-01 dt=3.726895e-05
elapsed=9.713954e+02 cycle=15800 time=6.031816e-01 dt=3.645836e-05
elapsed=9.743399e+02 cycle=15900 time=6.068117e-01 dt=3.642757e-05
elapsed=9.774417e+02 cycle=16000 time=6.105824e-01 dt=3.836898e-05
elapsed=9.803797e+02 cycle=16100 time=6.144456e-01 dt=3.840832e-05
elapsed=9.834328e+02 cycle=16200 time=6.182848e-01 dt=3.827374e-05
elapsed=9.864197e+02 cycle=16300 time=6.220506e-01 dt=3.719923e-05
elapsed=9.893859e+02 cycle=16400 time=6.257856e-01 dt=3.718551e-05
elapsed=9.923663e+02 cycle=16500 time=6.294984e-01 dt=3.711094e-05
elapsed=9.954113e+02 cycle=16600 time=6.331967e-01 dt=3.699977e-05
elapsed=9.983825e+02 cycle=16700 time=6.368962e-01 dt=3.694722e-05
elapsed=1.001523e+03 cycle=16800 time=6.405818e-01 dt=3.662512e-05
elapsed=1.004447e+03 cycle=16900 time=6.442230e-01 dt=3.629682e-05
elapsed=1.007522e+03 cycle=17000 time=6.478586e-01 dt=3.629994e-05
elapsed=1.010542e+03 cycle=17100 time=6.514932e-01 dt=3.656783e-05
elapsed=1.013540e+03 cycle=17200 time=6.552492e-01 dt=3.821727e-05
elapsed=1.016516e+03 cycle=17300 time=6.590328e-01 dt=3.742654e-05
elapsed=1.019494e+03 cycle=17400 time=6.626999e-01 dt=3.570142e-05
elapsed=1.022462e+03 cycle=17500 time=6.661540e-01 dt=3.314334e-05
elapsed=1.025468e+03 cycle=17600 time=6.693652e-01 dt=3.192866e-05
elapsed=1.028409e+03 cycle=17700 time=6.724222e-01 dt=3.121737e-05
elapsed=1.031416e+03 cycle=17800 time=6.760735e-01 dt=3.707778e-05
elapsed=1.034432e+03 cycle=17900 time=6.797946e-01 dt=3.722132e-05
elapsed=1.037461e+03 cycle=18000 time=6.834840e-01 dt=3.661404e-05
elapsed=1.040409e+03 cycle=18100 time=6.871487e-01 dt=3.674946e-05
elapsed=1.043436e+03 cycle=18200 time=6.908305e-01 dt=3.681146e-05
elapsed=1.046407e+03 cycle=18300 time=6.944340e-01 dt=3.479904e-05
elapsed=1.049505e+03 cycle=18400 time=6.977232e-01 dt=3.095277e-05
elapsed=1.052472e+03 cycle=18500 time=7.008204e-01 dt=3.255242e-05
elapsed=1.055488e+03 cycle=18600 time=7.040411e-01 dt=3.176628e-05
elapsed=1.058430e+03 cycle=18700 time=7.072118e-01 dt=3.203303e-05
elapsed=1.061524e+03 cycle=18800 time=7.104937e-01 dt=3.346129e-05
elapsed=1.064615e+03 cycle=18900 time=7.139025e-01 dt=3.459022e-05
elapsed=1.067690e+03 cycle=19000 time=7.174787e-01 dt=3.709799e-05
elapsed=1.073363e+03 cycle=19100 time=7.212089e-01 dt=3.690090e-05
elapsed=1.084374e+03 cycle=19200 time=7.248520e-01 dt=3.564938e-05
elapsed=1.095392e+03 cycle=19300 time=7.283729e-01 dt=3.500691e-05
elapsed=1.106623e+03 cycle=19400 time=7.318572e-01 dt=3.467372e-05
elapsed=1.117723e+03 cycle=19500 time=7.353062e-01 dt=3.434595e-05
elapsed=1.128855e+03 cycle=19600 time=7.387402e-01 dt=3.438417e-05
elapsed=1.139978e+03 cycle=19700 time=7.422116e-01 dt=3.506244e-05
elapsed=1.151124e+03 cycle=19800 time=7.456744e-01 dt=3.429449e-05
elapsed=1.162210e+03 cycle=19900 time=7.492988e-01 dt=3.679903e-05
elapsed=1.173338e+03 cycle=20000 time=7.530067e-01 dt=3.773888e-05
elapsed=1.184496e+03 cycle=20100 time=7.567144e-01 dt=3.674025e-05
elapsed=1.195629e+03 cycle=20200 time=7.604015e-01 dt=3.703152e-05
elapsed=1.206744e+03 cycle=20300 time=7.640737e-01 dt=3.564856e-05
elapsed=1.217858e+03 cycle=20400 time=7.676277e-01 dt=3.794386e-05
elapsed=1.229068e+03 cycle=20500 time=7.713901e-01 dt=3.728765e-05
elapsed=1.240234e+03 cycle=20600 time=7.750968e-01 dt=3.684862e-05
elapsed=1.251371e+03 cycle=20700 time=7.787800e-01 dt=3.686336e-05
elapsed=1.262569e+03 cycle=20800 time=7.824857e-01 dt=3.740616e-05
elapsed=1.273704e+03 cycle=20900 time=7.862029e-01 dt=3.654480e-05
elapsed=1.284827e+03 cycle=21000 time=7.897962e-01 dt=3.520732e-05
elapsed=1.295959e+03 cycle=21100 time=7.932831e-01 dt=3.486101e-05
elapsed=1.307090e+03 cycle=21200 time=7.967707e-01 dt=3.543537e-05
elapsed=1.318250e+03 cycle=21300 time=8.004529e-01 dt=3.740671e-05
elapsed=1.329432e+03 cycle=21400 time=8.041726e-01 dt=3.683929e-05
elapsed=1.340562e+03 cycle=21500 time=8.078177e-01 dt=3.620535e-05
elapsed=1.351753e+03 cycle=21600 time=8.114460e-01 dt=3.611448e-05
elapsed=1.362937e+03 cycle=21700 time=8.149429e-01 dt=3.411909e-05
elapsed=1.374084e+03 cycle=21800 time=8.183552e-01 dt=3.423679e-05
elapsed=1.385173e+03 cycle=21900 time=8.218228e-01 dt=3.404119e-05
elapsed=1.396295e+03 cycle=22000 time=8.250980e-01 dt=3.162889e-05
elapsed=1.407495e+03 cycle=22100 time=8.282126e-01 dt=3.086240e-05
elapsed=1.418718e+03 cycle=22200 time=8.312971e-01 dt=3.100216e-05
elapsed=1.429909e+03 cycle=22300 time=8.344297e-01 dt=3.153706e-05
elapsed=1.441027e+03 cycle=22400 time=8.376095e-01 dt=3.203619e-05
elapsed=1.452164e+03 cycle=22500 time=8.408796e-01 dt=3.408292e-05
elapsed=1.463273e+03 cycle=22600 time=8.443805e-01 dt=3.455994e-05
elapsed=1.474418e+03 cycle=22700 time=8.478793e-01 dt=3.606554e-05
elapsed=1.483423e+03 cycle=22800 time=8.515123e-01 dt=3.610990e-05
elapsed=1.489422e+03 cycle=22900 time=8.551104e-01 dt=3.594365e-05
elapsed=1.495640e+03 cycle=23000 time=8.587094e-01 dt=3.566699e-05
elapsed=1.502084e+03 cycle=23100 time=8.622632e-01 dt=3.534865e-05
elapsed=1.508549e+03 cycle=23200 time=8.657644e-01 dt=3.480171e-05
elapsed=1.515195e+03 cycle=23300 time=8.692007e-01 dt=3.459556e-05
elapsed=1.521915e+03 cycle=23400 time=8.726976e-01 dt=3.538729e-05
elapsed=1.528625e+03 cycle=23500 time=8.762697e-01 dt=3.575053e-05
elapsed=1.535569e+03 cycle=23600 time=8.798339e-01 dt=3.555164e-05
elapsed=1.542679e+03 cycle=23700 time=8.833687e-01 dt=3.512441e-05
elapsed=1.549907e+03 cycle=23800 time=8.868665e-01 dt=3.483497e-05
elapsed=1.557308e+03 cycle=23900 time=8.903579e-01 dt=3.505074e-05
elapsed=1.564830e+03 cycle=24000 time=8.938685e-01 dt=3.513104e-05
elapsed=1.572505e+03 cycle=24100 time=8.973775e-01 dt=3.512176e-05
elapsed=1.580323e+03 cycle=24200 time=9.008956e-01 dt=3.518917e-05
elapsed=1.588290e+03 cycle=24300 time=9.044166e-01 dt=3.532996e-05
elapsed=1.596288e+03 cycle=24400 time=9.079685e-01 dt=3.564594e-05
elapsed=1.604543e+03 cycle=24500 time=9.115354e-01 dt=3.576053e-05
elapsed=1.612940e+03 cycle=24600 time=9.151076e-01 dt=3.551996e-05
elapsed=1.621509e+03 cycle=24700 time=9.186393e-01 dt=3.513723e-05
elapsed=1.630148e+03 cycle=24800 time=9.221323e-01 dt=3.487152e-05
elapsed=1.638985e+03 cycle=24900 time=9.256417e-01 dt=3.532484e-05
elapsed=1.647990e+03 cycle=25000 time=9.291670e-01 dt=3.532941e-05
elapsed=1.657094e+03 cycle=25100 time=9.326898e-01 dt=3.526668e-05
elapsed=1.666449e+03 cycle=25200 time=9.362483e-01 dt=3.607215e-05
elapsed=1.675770e+03 cycle=25300 time=9.398955e-01 dt=3.677389e-05
elapsed=1.685439e+03 cycle=25400 time=9.436045e-01 dt=3.725752e-05
elapsed=1.695238e+03 cycle=25500 time=9.471749e-01 dt=3.451680e-05
elapsed=1.705183e+03 cycle=25600 time=9.506610e-01 dt=3.612785e-05
elapsed=1.715303e+03 cycle=25700 time=9.543485e-01 dt=3.700727e-05
elapsed=1.725524e+03 cycle=25800 time=9.580443e-01 dt=3.690470e-05
elapsed=1.735819e+03 cycle=25900 time=9.617422e-01 dt=3.699795e-05
elapsed=1.746329e+03 cycle=26000 time=9.654160e-01 dt=3.653215e-05
elapsed=1.757027e+03 cycle=26100 time=9.690540e-01 dt=3.634850e-05
elapsed=1.767835e+03 cycle=26200 time=9.727031e-01 dt=3.626723e-05
elapsed=1.778829e+03 cycle=26300 time=9.762705e-01 dt=3.501982e-05
elapsed=1.789868e+03 cycle=26400 time=9.797028e-01 dt=3.377360e-05
elapsed=1.800994e+03 cycle=26500 time=9.830157e-01 dt=3.209602e-05
elapsed=1.812346e+03 cycle=26600 time=9.861385e-01 dt=3.142619e-05
elapsed=1.823616e+03 cycle=26700 time=9.895056e-01 dt=3.545002e-05
elapsed=1.835104e+03 cycle=26800 time=9.930163e-01 dt=3.473511e-05
elapsed=1.846409e+03 cycle=26900 time=9.964728e-01 dt=3.452173e-05
elapsed=1.859739e+03 cycle=27000 time=9.999233e-01 dt=3.451164e-05
elapsed=1.871925e+03 cycle=27100 time=1.003384e+00 dt=3.472980e-05
elapsed=1.883679e+03 cycle=27200 time=1.006865e+00 dt=3.494660e-05
elapsed=1.895523e+03 cycle=27300 time=1.010366e+00 dt=3.519747e-05
elapsed=1.907419e+03 cycle=27400 time=1.013919e+00 dt=3.579877e-05
elapsed=1.919234e+03 cycle=27500 time=1.017525e+00 dt=3.601749e-05
elapsed=1.931207e+03 cycle=27600 time=1.021117e+00 dt=3.572255e-05
elapsed=1.943215e+03 cycle=27700 time=1.024586e+00 dt=3.449285e-05
elapsed=1.955259e+03 cycle=27800 time=1.028111e+00 dt=3.581997e-05
elapsed=1.967367e+03 cycle=27900 time=1.031709e+00 dt=3.611879e-05
elapsed=1.979461e+03 cycle=28000 time=1.035330e+00 dt=3.638358e-05
elapsed=1.991563e+03 cycle=28100 time=1.038987e+00 dt=3.662711e-05
elapsed=2.003705e+03 cycle=28200 time=1.042636e+00 dt=3.654027e-05
elapsed=2.015951e+03 cycle=28300 time=1.046289e+00 dt=3.609497e-05
elapsed=2.028240e+03 cycle=28400 time=1.049749e+00 dt=3.342638e-05
elapsed=2.040629e+03 cycle=28500 time=1.053230e+00 dt=3.550216e-05
elapsed=2.052889e+03 cycle=28600 time=1.056787e+00 dt=3.569317e-05
elapsed=2.065380e+03 cycle=28700 time=1.060350e+00 dt=3.551548e-05
elapsed=2.077820e+03 cycle=28800 time=1.063905e+00 dt=3.563751e-05
elapsed=2.090352e+03 cycle=28900 time=1.067460e+00 dt=3.539321e-05
elapsed=2.102897e+03 cycle=29000 time=1.070989e+00 dt=3.529952e-05
elapsed=2.115473e+03 cycle=29100 time=1.074519e+00 dt=3.537146e-05
elapsed=2.128015e+03 cycle=29200 time=1.078049e+00 dt=3.526983e-05
elapsed=2.140613e+03 cycle=29300 time=1.081596e+00 dt=3.552160e-05
elapsed=2.153293e+03 cycle=29400 time=1.085141e+00 dt=3.545913e-05
elapsed=2.166062e+03 cycle=29500 time=1.088697e+00 dt=3.552287e-05
elapsed=2.178865e+03 cycle=29600 time=1.092245e+00 dt=3.544118e-05
elapsed=2.191717e+03 cycle=29700 time=1.095803e+00 dt=3.574638e-05
elapsed=2.204419e+03 cycle=29800 time=1.099391e+00 dt=3.600289e-05
elapsed=2.217283e+03 cycle=29900 time=1.102990e+00 dt=3.567217e-05
elapsed=2.229952e+03 cycle=30000 time=1.106547e+00 dt=3.552003e-05
elapsed=2.242781e+03 cycle=30100 time=1.110147e+00 dt=3.614877e-05
elapsed=2.255665e+03 cycle=30200 time=1.113735e+00 dt=3.552625e-05
elapsed=2.268492e+03 cycle=30300 time=1.117223e+00 dt=3.403390e-05
elapsed=2.281316e+03 cycle=30400 time=1.120608e+00 dt=3.480310e-05
elapsed=2.294098e+03 cycle=30500 time=1.124165e+00 dt=3.532987e-05
elapsed=2.308256e+03 cycle=30600 time=1.127678e+00 dt=3.494624e-05
elapsed=2.321411e+03 cycle=30700 time=1.131140e+00 dt=3.397946e-05
elapsed=2.334079e+03 cycle=30800 time=1.134583e+00 dt=3.545708e-05
elapsed=2.346846e+03 cycle=30900 time=1.138124e+00 dt=3.418163e-05
elapsed=2.359412e+03 cycle=31000 time=1.141271e+00 dt=2.920750e-05
elapsed=2.372201e+03 cycle=31100 time=1.144579e+00 dt=3.639035e-05
elapsed=2.385031e+03 cycle=31200 time=1.148281e+00 dt=3.764273e-05
elapsed=2.397841e+03 cycle=31300 time=1.152041e+00 dt=3.764472e-05
elapsed=2.410577e+03 cycle=31400 time=1.155813e+00 dt=3.751528e-05
elapsed=2.423236e+03 cycle=31500 time=1.159532e+00 dt=3.744410e-05
elapsed=2.436071e+03 cycle=31600 time=1.163289e+00 dt=3.742487e-05
elapsed=2.448892e+03 cycle=31700 time=1.167052e+00 dt=3.752784e-05
elapsed=2.461797e+03 cycle=31800 time=1.170777e+00 dt=3.704032e-05
elapsed=2.474595e+03 cycle=31900 time=1.174468e+00 dt=3.669583e-05
elapsed=2.487419e+03 cycle=32000 time=1.178136e+00 dt=3.665384e-05
elapsed=2.500206e+03 cycle=32100 time=1.181787e+00 dt=3.622743e-05
elapsed=2.513032e+03 cycle=32200 time=1.185391e+00 dt=3.566632e-05
elapsed=2.526107e+03 cycle=32300 time=1.188911e+00 dt=3.469436e-05
elapsed=2.538759e+03 cycle=32400 time=1.192315e+00 dt=3.339003e-05
elapsed=2.551628e+03 cycle=32500 time=1.195623e+00 dt=3.322227e-05
elapsed=2.564436e+03 cycle=32600 time=1.199073e+00 dt=3.636776e-05
elapsed=2.577311e+03 cycle=32700 time=1.202708e+00 dt=3.628398e-05
elapsed=2.590130e+03 cycle=32800 time=1.206323e+00 dt=3.603778e-05
elapsed=2.602958e+03 cycle=32900 time=1.209916e+00 dt=3.590083e-05
elapsed=2.615714e+03 cycle=33000 time=1.213517e+00 dt=3.615169e-05
elapsed=2.628552e+03 cycle=33100 time=1.217142e+00 dt=3.621194e-05
elapsed=2.641387e+03 cycle=33200 time=1.220745e+00 dt=3.593322e-05
elapsed=2.654271e+03 cycle=33300 time=1.224342e+00 dt=3.595396e-05
elapsed=2.667149e+03 cycle=33400 time=1.227927e+00 dt=3.577476e-05
elapsed=2.679904e+03 cycle=33500 time=1.231501e+00 dt=3.573274e-05
elapsed=2.692590e+03 cycle=33600 time=1.235058e+00 dt=3.545383e-05
elapsed=2.705458e+03 cycle=33700 time=1.238599e+00 dt=3.511165e-05
elapsed=2.718343e+03 cycle=33800 time=1.242021e+00 dt=3.383879e-05
elapsed=2.731237e+03 cycle=33900 time=1.245464e+00 dt=3.435728e-05
elapsed=2.744042e+03 cycle=34000 time=1.248896e+00 dt=3.453385e-05
elapsed=2.756653e+03 cycle=34100 time=1.252283e+00 dt=3.335270e-05
elapsed=2.771087e+03 cycle=34200 time=1.255718e+00 dt=3.490965e-05
elapsed=2.784520e+03 cycle=34300 time=1.259192e+00 dt=3.464742e-05
elapsed=2.797238e+03 cycle=34400 time=1.262667e+00 dt=3.479795e-05
elapsed=2.810080e+03 cycle=34500 time=1.266152e+00 dt=3.502620e-05
elapsed=2.822849e+03 cycle=34600 time=1.269569e+00 dt=3.300116e-05
elapsed=2.835625e+03 cycle=34700 time=1.272840e+00 dt=3.381557e-05
elapsed=2.848506e+03 cycle=34800 time=1.276176e+00 dt=3.308410e-05
elapsed=2.861330e+03 cycle=34900 time=1.279471e+00 dt=3.266296e-05
elapsed=2.874147e+03 cycle=35000 time=1.282721e+00 dt=3.223969e-05
elapsed=2.886991e+03 cycle=35100 time=1.285928e+00 dt=3.199970e-05
elapsed=2.899779e+03 cycle=35200 time=1.289141e+00 dt=3.237173e-05
elapsed=2.912587e+03 cycle=35300 time=1.292436e+00 dt=3.362570e-05
elapsed=2.925411e+03 cycle=35400 time=1.295880e+00 dt=3.527045e-05
elapsed=2.938235e+03 cycle=35500 time=1.299363e+00 dt=3.419877e-05
elapsed=2.951070e+03 cycle=35600 time=1.302776e+00 dt=3.439301e-05
elapsed=2.963917e+03 cycle=35700 time=1.306200e+00 dt=3.430060e-05
elapsed=2.976643e+03 cycle=35800 time=1.309639e+00 dt=3.452732e-05
elapsed=2.989551e+03 cycle=35900 time=1.313113e+00 dt=3.487269e-05
elapsed=3.002362e+03 cycle=36000 time=1.316567e+00 dt=3.445541e-05
elapsed=3.015251e+03 cycle=36100 time=1.320025e+00 dt=3.496793e-05
elapsed=3.028069e+03 cycle=36200 time=1.323601e+00 dt=3.606851e-05
elapsed=3.040951e+03 cycle=36300 time=1.327197e+00 dt=3.563758e-05
elapsed=3.053751e+03 cycle=36400 time=1.330720e+00 dt=3.494878e-05
elapsed=3.066645e+03 cycle=36500 time=1.334188e+00 dt=3.443361e-05
elapsed=3.079523e+03 cycle=36600 time=1.337613e+00 dt=3.415082e-05
elapsed=3.092280e+03 cycle=36700 time=1.341016e+00 dt=3.393798e-05
elapsed=3.105156e+03 cycle=36800 time=1.344384e+00 dt=3.328836e-05
elapsed=3.117946e+03 cycle=36900 time=1.347669e+00 dt=3.242374e-05
elapsed=3.130786e+03 cycle=37000 time=1.350872e+00 dt=3.170717e-05
elapsed=3.143597e+03 cycle=37100 time=1.354031e+00 dt=3.144706e-05
elapsed=3.156472e+03 cycle=37200 time=1.357213e+00 dt=3.271557e-05
elapsed=3.169255e+03 cycle=37300 time=1.360544e+00 dt=3.341569e-05
elapsed=3.182024e+03 cycle=37400 time=1.363902e+00 dt=3.365145e-05
elapsed=3.194848e+03 cycle=37500 time=1.367273e+00 dt=3.382027e-05
elapsed=3.207699e+03 cycle=37600 time=1.370679e+00 dt=3.423748e-05
elapsed=3.220445e+03 cycle=37700 time=1.374088e+00 dt=3.347160e-05
elapsed=3.233184e+03 cycle=37800 time=1.377383e+00 dt=3.228463e-05
elapsed=3.245911e+03 cycle=37900 time=1.380602e+00 dt=3.198549e-05
elapsed=3.258738e+03 cycle=38000 time=1.383759e+00 dt=3.241930e-05
elapsed=3.271616e+03 cycle=38100 time=1.387112e+00 dt=3.473285e-05
elapsed=3.284448e+03 cycle=38200 time=1.390575e+00 dt=3.461256e-05
elapsed=3.297305e+03 cycle=38300 time=1.394060e+00 dt=3.510347e-05
elapsed=3.310182e+03 cycle=38400 time=1.397579e+00 dt=3.521500e-05
elapsed=3.323023e+03 cycle=38500 time=1.401083e+00 dt=3.480964e-05
elapsed=3.335879e+03 cycle=38600 time=1.404505e+00 dt=3.395459e-05
elapsed=3.348779e+03 cycle=38700 time=1.407880e+00 dt=3.305975e-05
elapsed=3.361974e+03 cycle=38800 time=1.411155e+00 dt=3.326980e-05
elapsed=3.374684e+03 cycle=38900 time=1.414582e+00 dt=3.417400e-05
elapsed=3.387430e+03 cycle=39000 time=1.417988e+00 dt=3.386171e-05
elapsed=3.400267e+03 cycle=39100 time=1.421344e+00 dt=3.331021e-05
elapsed=3.413094e+03 cycle=39200 time=1.424646e+00 dt=3.271261e-05
elapsed=3.425830e+03 cycle=39300 time=1.427909e+00 dt=3.239019e-05
elapsed=3.438679e+03 cycle=39400 time=1.431142e+00 dt=3.242294e-05
elapsed=3.451600e+03 cycle=39500 time=1.434404e+00 dt=3.286604e-05
elapsed=3.464428e+03 cycle=39600 time=1.437724e+00 dt=3.367784e-05
elapsed=3.477253e+03 cycle=39700 time=1.441143e+00 dt=3.465506e-05
elapsed=3.490056e+03 cycle=39800 time=1.444632e+00 dt=3.513501e-05
elapsed=3.502862e+03 cycle=39900 time=1.448182e+00 dt=3.614269e-05
elapsed=3.515716e+03 cycle=40000 time=1.451803e+00 dt=3.614642e-05
elapsed=3.528545e+03 cycle=40100 time=1.455424e+00 dt=3.621732e-05
elapsed=3.541314e+03 cycle=40200 time=1.459062e+00 dt=3.665673e-05
elapsed=3.554051e+03 cycle=40300 time=1.462745e+00 dt=3.688340e-05
elapsed=3.566814e+03 cycle=40400 time=1.466432e+00 dt=3.678447e-05
elapsed=3.579622e+03 cycle=40500 time=1.470096e+00 dt=3.655954e-05
elapsed=3.592371e+03 cycle=40600 time=1.473754e+00 dt=3.650950e-05
elapsed=3.605184e+03 cycle=40700 time=1.477383e+00 dt=3.608482e-05
elapsed=3.618036e+03 cycle=40800 time=1.480962e+00 dt=3.548284e-05
elapsed=3.630844e+03 cycle=40900 time=1.484499e+00 dt=3.532462e-05
elapsed=3.643581e+03 cycle=41000 time=1.488050e+00 dt=3.580929e-05
elapsed=3.656331e+03 cycle=41100 time=1.491664e+00 dt=3.639842e-05
elapsed=3.669146e+03 cycle=41200 time=1.495298e+00 dt=3.631764e-05
elapsed=3.681930e+03 cycle=41300 time=1.498939e+00 dt=3.622471e-05
elapsed=3.694793e+03 cycle=41400 time=1.502512e+00 dt=3.488540e-05
elapsed=3.707708e+03 cycle=41500 time=1.505983e+00 dt=3.594637e-05
elapsed=3.720539e+03 cycle=41600 time=1.509604e+00 dt=3.626958e-05
elapsed=3.733406e+03 cycle=41700 time=1.513323e+00 dt=3.748672e-05
elapsed=3.746269e+03 cycle=41800 time=1.517084e+00 dt=3.779579e-05
elapsed=3.759112e+03 cycle=41900 time=1.520865e+00 dt=3.780852e-05
elapsed=3.771946e+03 cycle=42000 time=1.524647e+00 dt=3.779052e-05
elapsed=3.784740e+03 cycle=42100 time=1.528408e+00 dt=3.745403e-05
elapsed=3.797502e+03 cycle=42200 time=1.532135e+00 dt=3.697760e-05
elapsed=3.810389e+03 cycle=42300 time=1.535812e+00 dt=3.650952e-05
elapsed=3.823221e+03 cycle=42400 time=1.539451e+00 dt=3.580835e-05
elapsed=3.836027e+03 cycle=42500 time=1.543007e+00 dt=3.653075e-05
elapsed=3.848588e+03 cycle=42600 time=1.546663e+00 dt=3.633508e-05
elapsed=3.861318e+03 cycle=42700 time=1.550264e+00 dt=3.577934e-05
elapsed=3.874182e+03 cycle=42800 time=1.553906e+00 dt=3.684745e-05
elapsed=3.887005e+03 cycle=42900 time=1.557600e+00 dt=3.713036e-05
elapsed=3.899688e+03 cycle=43000 time=1.561324e+00 dt=3.746482e-05
elapsed=3.912569e+03 cycle=43100 time=1.565099e+00 dt=3.785329e-05
elapsed=3.925340e+03 cycle=43200 time=1.568893e+00 dt=3.791281e-05
elapsed=3.938224e+03 cycle=43300 time=1.572669e+00 dt=3.757403e-05
elapsed=3.951028e+03 cycle=43400 time=1.576426e+00 dt=3.759092e-05
elapsed=3.963830e+03 cycle=43500 time=1.580178e+00 dt=3.735574e-05
elapsed=3.976535e+03 cycle=43600 time=1.583868e+00 dt=3.524971e-05
elapsed=3.989286e+03 cycle=43700 time=1.587162e+00 dt=3.325510e-05
elapsed=4.002012e+03 cycle=43800 time=1.590830e+00 dt=3.685816e-05
elapsed=4.014772e+03 cycle=43900 time=1.594497e+00 dt=3.606980e-05
elapsed=4.027623e+03 cycle=44000 time=1.598111e+00 dt=3.695907e-05
elapsed=4.040425e+03 cycle=44100 time=1.601822e+00 dt=3.710789e-05
elapsed=4.053183e+03 cycle=44200 time=1.605609e+00 dt=3.772771e-05
elapsed=4.066020e+03 cycle=44300 time=1.609332e+00 dt=3.674865e-05
elapsed=4.078822e+03 cycle=44400 time=1.612990e+00 dt=3.640959e-05
elapsed=4.091690e+03 cycle=44500 time=1.616640e+00 dt=3.674901e-05
elapsed=4.104504e+03 cycle=44600 time=1.620319e+00 dt=3.675734e-05
elapsed=4.117325e+03 cycle=44700 time=1.623930e+00 dt=3.528700e-05
elapsed=4.130030e+03 cycle=44800 time=1.627428e+00 dt=3.492147e-05
elapsed=4.142851e+03 cycle=44900 time=1.631059e+00 dt=3.705640e-05
elapsed=4.155641e+03 cycle=45000 time=1.634797e+00 dt=3.784050e-05
elapsed=4.168543e+03 cycle=45100 time=1.638605e+00 dt=3.796837e-05
elapsed=4.181422e+03 cycle=45200 time=1.642361e+00 dt=3.756048e-05
elapsed=4.194163e+03 cycle=45300 time=1.646177e+00 dt=3.867942e-05
elapsed=4.207321e+03 cycle=45400 time=1.650038e+00 dt=3.845040e-05
elapsed=4.220128e+03 cycle=45500 time=1.653822e+00 dt=3.693778e-05
elapsed=4.232943e+03 cycle=45600 time=1.657403e+00 dt=3.531040e-05
elapsed=4.245771e+03 cycle=45700 time=1.661169e+00 dt=3.876381e-05
elapsed=4.258661e+03 cycle=45800 time=1.665029e+00 dt=3.845430e-05
elapsed=4.271494e+03 cycle=45900 time=1.668863e+00 dt=3.767618e-05
elapsed=4.284351e+03 cycle=46000 time=1.672511e+00 dt=3.529728e-05
elapsed=4.297201e+03 cycle=46100 time=1.675956e+00 dt=3.387459e-05
elapsed=4.310041e+03 cycle=46200 time=1.679391e+00 dt=3.565816e-05
elapsed=4.322707e+03 cycle=46300 time=1.683064e+00 dt=3.745452e-05
elapsed=4.335504e+03 cycle=46400 time=1.686876e+00 dt=3.876708e-05
elapsed=4.348240e+03 cycle=46500 time=1.690785e+00 dt=3.913681e-05
elapsed=4.361099e+03 cycle=46600 time=1.694681e+00 dt=3.872968e-05
elapsed=4.373921e+03 cycle=46700 time=1.698575e+00 dt=3.910037e-05
elapsed=4.386610e+03 cycle=46800 time=1.702491e+00 dt=3.915313e-05
elapsed=4.399489e+03 cycle=46900 time=1.706394e+00 dt=3.896306e-05
elapsed=4.412245e+03 cycle=47000 time=1.710295e+00 dt=3.896934e-05
elapsed=4.425025e+03 cycle=47100 time=1.714182e+00 dt=3.844597e-05
elapsed=4.437769e+03 cycle=47200 time=1.717983e+00 dt=3.789475e-05
elapsed=4.450665e+03 cycle=47300 time=1.721790e+00 dt=3.817501e-05
elapsed=4.463481e+03 cycle=47400 time=1.725629e+00 dt=3.856066e-05
elapsed=4.476293e+03 cycle=47500 time=1.729417e+00 dt=3.668555e-05
elapsed=4.488937e+03 cycle=47600 time=1.733245e+00 dt=3.875253e-05
elapsed=4.501723e+03 cycle=47700 time=1.737125e+00 dt=3.873346e-05
elapsed=4.514563e+03 cycle=47800 time=1.740973e+00 dt=3.818783e-05
elapsed=4.527382e+03 cycle=47900 time=1.744750e+00 dt=3.738280e-05
elapsed=4.540272e+03 cycle=48000 time=1.748461e+00 dt=3.702116e-05
elapsed=4.553026e+03 cycle=48100 time=1.752172e+00 dt=3.729774e-05
elapsed=4.565686e+03 cycle=48200 time=1.755917e+00 dt=3.765765e-05
elapsed=4.578520e+03 cycle=48300 time=1.759637e+00 dt=3.602386e-05
elapsed=4.591326e+03 cycle=48400 time=1.763196e+00 dt=3.646497e-05
elapsed=4.604135e+03 cycle=48500 time=1.766945e+00 dt=3.762266e-05
elapsed=4.616860e+03 cycle=48600 time=1.770713e+00 dt=3.782145e-05
elapsed=4.629750e+03 cycle=48700 time=1.774457e+00 dt=3.705363e-05
elapsed=4.642501e+03 cycle=48800 time=1.778144e+00 dt=3.665250e-05
elapsed=4.655313e+03 cycle=48900 time=1.781765e+00 dt=3.544266e-05
elapsed=4.668093e+03 cycle=49000 time=1.785282e+00 dt=3.524647e-05
elapsed=4.680837e+03 cycle=49100 time=1.788879e+00 dt=3.652992e-05
elapsed=4.694374e+03 cycle=49200 time=1.792533e+00 dt=3.660264e-05
elapsed=4.708404e+03 cycle=49300 time=1.796217e+00 dt=3.709919e-05
elapsed=4.721206e+03 cycle=49400 time=1.799939e+00 dt=3.736743e-05
elapsed=4.733888e+03 cycle=49500 time=1.803662e+00 dt=3.661259e-05
elapsed=4.746686e+03 cycle=49600 time=1.807296e+00 dt=3.661412e-05
elapsed=4.759350e+03 cycle=49700 time=1.811077e+00 dt=3.851265e-05
elapsed=4.772155e+03 cycle=49800 time=1.814970e+00 dt=3.894497e-05
elapsed=4.784868e+03 cycle=49900 time=1.818835e+00 dt=3.812409e-05
elapsed=4.797693e+03 cycle=50000 time=1.822673e+00 dt=3.840740e-05
elapsed=4.810345e+03 cycle=50100 time=1.826510e+00 dt=3.834235e-05
elapsed=4.824272e+03 cycle=50200 time=1.830331e+00 dt=3.814144e-05
elapsed=4.837760e+03 cycle=50300 time=1.834056e+00 dt=3.628016e-05
elapsed=4.850422e+03 cycle=50400 time=1.837592e+00 dt=3.431888e-05
elapsed=4.863145e+03 cycle=50500 time=1.840976e+00 dt=3.348663e-05
elapsed=4.875687e+03 cycle=50600 time=1.844328e+00 dt=3.386068e-05
elapsed=4.890404e+03 cycle=50700 time=1.847793e+00 dt=3.571929e-05
elapsed=4.903065e+03 cycle=50800 time=1.851385e+00 dt=3.603750e-05
elapsed=4.915638e+03 cycle=50900 time=1.855020e+00 dt=3.585008e-05
elapsed=4.928395e+03 cycle=51000 time=1.858450e+00 dt=3.248488e-05
elapsed=4.941227e+03 cycle=51100 time=1.861696e+00 dt=3.393034e-05
elapsed=4.953789e+03 cycle=51200 time=1.865041e+00 dt=3.355740e-05
elapsed=4.968427e+03 cycle=51300 time=1.868539e+00 dt=3.588791e-05
elapsed=4.981051e+03 cycle=51400 time=1.872254e+00 dt=3.713771e-05
elapsed=4.993519e+03 cycle=51500 time=1.875850e+00 dt=3.492516e-05
elapsed=5.006186e+03 cycle=51600 time=1.879258e+00 dt=3.359840e-05
elapsed=5.020072e+03 cycle=51700 time=1.882676e+00 dt=3.476056e-05
elapsed=5.033550e+03 cycle=51800 time=1.886188e+00 dt=3.503522e-05
elapsed=5.046092e+03 cycle=51900 time=1.889729e+00 dt=3.512556e-05
elapsed=5.059001e+03 cycle=52000 time=1.893187e+00 dt=3.420628e-05
elapsed=5.071656e+03 cycle=52100 time=1.896581e+00 dt=3.411604e-05
elapsed=5.084325e+03 cycle=52200 time=1.899935e+00 dt=3.266357e-05
elapsed=5.096979e+03 cycle=52300 time=1.903159e+00 dt=3.395630e-05
elapsed=5.111691e+03 cycle=52400 time=1.906798e+00 dt=3.708903e-05
elapsed=5.124284e+03 cycle=52500 time=1.910556e+00 dt=3.771951e-05
elapsed=5.136855e+03 cycle=52600 time=1.914310e+00 dt=3.733001e-05
elapsed=5.149443e+03 cycle=52700 time=1.918037e+00 dt=3.721157e-05
elapsed=5.164140e+03 cycle=52800 time=1.921750e+00 dt=3.709264e-05
elapsed=5.176596e+03 cycle=52900 time=1.925444e+00 dt=3.648357e-05
elapsed=5.189149e+03 cycle=53000 time=1.929072e+00 dt=3.663618e-05
elapsed=5.201798e+03 cycle=53100 time=1.932695e+00 dt=3.582169e-05
elapsed=5.215446e+03 cycle=53200 time=1.936205e+00 dt=3.403801e-05
elapsed=5.228943e+03 cycle=53300 time=1.939544e+00 dt=3.358884e-05
elapsed=5.241469e+03 cycle=53400 time=1.942959e+00 dt=3.455897e-05
elapsed=5.254025e+03 cycle=53500 time=1.946473e+00 dt=3.585948e-05
elapsed=5.268707e+03 cycle=53600 time=1.950106e+00 dt=3.639677e-05
elapsed=5.281274e+03 cycle=53700 time=1.953719e+00 dt=3.597419e-05
elapsed=5.293762e+03 cycle=53800 time=1.957308e+00 dt=3.577045e-05
elapsed=5.306380e+03 cycle=53900 time=1.960817e+00 dt=3.316469e-05
elapsed=5.319018e+03 cycle=54000 time=1.964021e+00 dt=3.222170e-05
elapsed=5.331745e+03 cycle=54100 time=1.967388e+00 dt=3.411082e-05
elapsed=5.344522e+03 cycle=54200 time=1.970771e+00 dt=3.356963e-05
elapsed=5.357354e+03 cycle=54300 time=1.974093e+00 dt=3.309707e-05
elapsed=5.371724e+03 cycle=54400 time=1.977416e+00 dt=3.330815e-05
elapsed=5.384233e+03 cycle=54500 time=1.980730e+00 dt=3.311200e-05
elapsed=5.397004e+03 cycle=54600 time=1.984097e+00 dt=3.453526e-05
elapsed=5.409850e+03 cycle=54700 time=1.987559e+00 dt=3.423393e-05
elapsed=5.422461e+03 cycle=54800 time=1.990950e+00 dt=3.340996e-05
elapsed=5.435175e+03 cycle=54900 time=1.994238e+00 dt=3.240810e-05
elapsed=5.447863e+03 cycle=55000 time=1.997416e+00 dt=3.133022e-05
elapsed=5.462412e+03 cycle=55100 time=2.000484e+00 dt=3.057679e-05
elapsed=5.474914e+03 cycle=55200 time=2.003485e+00 dt=3.037965e-05
elapsed=5.487596e+03 cycle=55300 time=2.006492e+00 dt=3.072669e-05
elapsed=5.500290e+03 cycle=55400 time=2.009550e+00 dt=3.135593e-05
elapsed=5.513085e+03 cycle=55500 time=2.012661e+00 dt=3.134176e-05
elapsed=5.525749e+03 cycle=55600 time=2.015808e+00 dt=3.171098e-05
elapsed=5.538617e+03 cycle=55700 time=2.018956e+00 dt=3.150824e-05
elapsed=5.551303e+03 cycle=55800 time=2.022103e+00 dt=3.164946e-05
elapsed=5.565426e+03 cycle=55900 time=2.025313e+00 dt=3.271327e-05
elapsed=5.578844e+03 cycle=56000 time=2.028620e+00 dt=3.341311e-05
elapsed=5.591586e+03 cycle=56100 time=2.031994e+00 dt=3.384002e-05
elapsed=5.604290e+03 cycle=56200 time=2.035375e+00 dt=3.400768e-05
elapsed=5.617036e+03 cycle=56300 time=2.038734e+00 dt=3.278169e-05
elapsed=5.630032e+03 cycle=56400 time=2.041913e+00 dt=3.072458e-05
elapsed=5.642788e+03 cycle=56500 time=2.044920e+00 dt=2.975939e-05
elapsed=5.655630e+03 cycle=56600 time=2.048077e+00 dt=3.374149e-05
elapsed=5.668442e+03 cycle=56700 time=2.051481e+00 dt=3.427652e-05
elapsed=5.681205e+03 cycle=56800 time=2.054936e+00 dt=3.486695e-05
elapsed=5.694094e+03 cycle=56900 time=2.058420e+00 dt=3.475572e-05
elapsed=5.706814e+03 cycle=57000 time=2.061919e+00 dt=3.526054e-05
elapsed=5.719686e+03 cycle=57100 time=2.065459e+00 dt=3.541852e-05
elapsed=5.732540e+03 cycle=57200 time=2.068935e+00 dt=3.460261e-05
elapsed=5.745396e+03 cycle=57300 time=2.072379e+00 dt=3.449696e-05
elapsed=5.758119e+03 cycle=57400 time=2.075846e+00 dt=3.472646e-05
elapsed=5.770819e+03 cycle=57500 time=2.079355e+00 dt=3.553796e-05
elapsed=5.783711e+03 cycle=57600 time=2.082966e+00 dt=3.608527e-05
elapsed=5.796586e+03 cycle=57700 time=2.086536e+00 dt=3.532819e-05
elapsed=5.809449e+03 cycle=57800 time=2.090036e+00 dt=3.459766e-05
elapsed=5.822237e+03 cycle=57900 time=2.093452e+00 dt=3.360732e-05
elapsed=5.835007e+03 cycle=58000 time=2.096763e+00 dt=3.261504e-05
elapsed=5.847830e+03 cycle=58100 time=2.099949e+00 dt=3.115621e-05
elapsed=5.860697e+03 cycle=58200 time=2.103004e+00 dt=3.025578e-05
elapsed=5.873530e+03 cycle=58300 time=2.106246e+00 dt=3.495125e-05
elapsed=5.886334e+03 cycle=58400 time=2.109830e+00 dt=3.555095e-05
elapsed=5.899138e+03 cycle=58500 time=2.113296e+00 dt=3.373220e-05
elapsed=5.912016e+03 cycle=58600 time=2.116573e+00 dt=3.226065e-05
elapsed=5.924921e+03 cycle=58700 time=2.120035e+00 dt=3.627801e-05
elapsed=5.937636e+03 cycle=58800 time=2.123695e+00 dt=3.643396e-05
elapsed=5.950487e+03 cycle=58900 time=2.127308e+00 dt=3.598246e-05
elapsed=5.963351e+03 cycle=59000 time=2.130867e+00 dt=3.524944e-05
elapsed=5.976156e+03 cycle=59100 time=2.134367e+00 dt=3.490204e-05
elapsed=5.988941e+03 cycle=59200 time=2.137855e+00 dt=3.481335e-05
elapsed=6.001755e+03 cycle=59300 time=2.141351e+00 dt=3.516281e-05
elapsed=6.014591e+03 cycle=59400 time=2.144878e+00 dt=3.531254e-05
elapsed=6.027341e+03 cycle=59500 time=2.148392e+00 dt=3.478777e-05
elapsed=6.040065e+03 cycle=59600 time=2.151833e+00 dt=3.334073e-05
elapsed=6.052890e+03 cycle=59700 time=2.155142e+00 dt=3.365213e-05
elapsed=6.065716e+03 cycle=59800 time=2.158555e+00 dt=3.409489e-05
elapsed=6.078561e+03 cycle=59900 time=2.161948e+00 dt=3.380377e-05
elapsed=6.091310e+03 cycle=60000 time=2.165298e+00 dt=3.281818e-05
elapsed=6.104118e+03 cycle=60100 time=2.168495e+00 dt=3.072552e-05
elapsed=6.116951e+03 cycle=60200 time=2.171480e+00 dt=3.072443e-05
elapsed=6.129836e+03 cycle=60300 time=2.174885e+00 dt=3.401828e-05
elapsed=6.142702e+03 cycle=60400 time=2.178215e+00 dt=3.270721e-05
elapsed=6.155585e+03 cycle=60500 time=2.181405e+00 dt=3.119825e-05
elapsed=6.168447e+03 cycle=60600 time=2.184451e+00 dt=2.927609e-05
elapsed=6.181164e+03 cycle=60700 time=2.187316e+00 dt=3.056344e-05
elapsed=6.193985e+03 cycle=60800 time=2.190861e+00 dt=3.773694e-05
elapsed=6.206895e+03 cycle=60900 time=2.194455e+00 dt=3.603928e-05
elapsed=6.219678e+03 cycle=61000 time=2.198186e+00 dt=3.643184e-05
elapsed=6.232485e+03 cycle=61100 time=2.201860e+00 dt=3.618004e-05
elapsed=6.245293e+03 cycle=61200 time=2.205482e+00 dt=3.744512e-05
elapsed=6.258132e+03 cycle=61300 time=2.209190e+00 dt=3.679955e-05
elapsed=6.271020e+03 cycle=61400 time=2.212821e+00 dt=3.576679e-05
elapsed=6.283866e+03 cycle=61500 time=2.216308e+00 dt=3.409239e-05
elapsed=6.296726e+03 cycle=61600 time=2.219655e+00 dt=3.277889e-05
elapsed=6.309518e+03 cycle=61700 time=2.222894e+00 dt=3.202343e-05
elapsed=6.322321e+03 cycle=61800 time=2.226050e+00 dt=3.102960e-05
elapsed=6.335108e+03 cycle=61900 time=2.229137e+00 dt=3.059201e-05
elapsed=6.347925e+03 cycle=62000 time=2.232195e+00 dt=3.114559e-05
elapsed=6.360702e+03 cycle=62100 time=2.235444e+00 dt=3.240323e-05
elapsed=6.373500e+03 cycle=62200 time=2.238661e+00 dt=3.211795e-05
elapsed=6.386411e+03 cycle=62300 time=2.241824e+00 dt=3.097342e-05
elapsed=6.399157e+03 cycle=62400 time=2.244924e+00 dt=3.121236e-05
elapsed=6.412050e+03 cycle=62500 time=2.248129e+00 dt=3.136936e-05
elapsed=6.424912e+03 cycle=62600 time=2.251404e+00 dt=3.433375e-05
elapsed=6.437691e+03 cycle=62700 time=2.254911e+00 dt=3.442844e-05
elapsed=6.450466e+03 cycle=62800 time=2.258261e+00 dt=3.235957e-05
elapsed=6.463346e+03 cycle=62900 time=2.261392e+00 dt=3.158141e-05
elapsed=6.476142e+03 cycle=63000 time=2.264675e+00 dt=3.484717e-05
elapsed=6.488934e+03 cycle=63100 time=2.268092e+00 dt=3.345099e-05
elapsed=6.501744e+03 cycle=63200 time=2.271485e+00 dt=3.494847e-05
elapsed=6.514555e+03 cycle=63300 time=2.275022e+00 dt=3.628163e-05
elapsed=6.527216e+03 cycle=63400 time=2.278600e+00 dt=3.537907e-05
elapsed=6.539939e+03 cycle=63500 time=2.282199e+00 dt=3.638263e-05
elapsed=6.552462e+03 cycle=63600 time=2.285754e+00 dt=3.463266e-05
elapsed=6.564826e+03 cycle=63700 time=2.289110e+00 dt=3.241473e-05
elapsed=6.577203e+03 cycle=63800 time=2.292345e+00 dt=3.294963e-05
elapsed=6.589480e+03 cycle=63900 time=2.295649e+00 dt=3.382105e-05
elapsed=6.601604e+03 cycle=64000 time=2.299022e+00 dt=3.390842e-05
elapsed=6.613601e+03 cycle=64100 time=2.302459e+00 dt=3.500592e-05
elapsed=6.625577e+03 cycle=64200 time=2.305924e+00 dt=3.366674e-05
elapsed=6.637405e+03 cycle=64300 time=2.309164e+00 dt=3.126004e-05
elapsed=6.649170e+03 cycle=64400 time=2.312206e+00 dt=2.984859e-05
elapsed=6.660752e+03 cycle=64500 time=2.315307e+00 dt=3.241497e-05
elapsed=6.672024e+03 cycle=64600 time=2.318736e+00 dt=3.480611e-05
elapsed=6.683412e+03 cycle=64700 time=2.322203e+00 dt=3.540484e-05
elapsed=6.694665e+03 cycle=64800 time=2.325615e+00 dt=3.255316e-05
elapsed=6.705751e+03 cycle=64900 time=2.328691e+00 dt=2.923254e-05
elapsed=6.716931e+03 cycle=65000 time=2.331567e+00 dt=2.900277e-05
elapsed=6.728003e+03 cycle=65100 time=2.334497e+00 dt=2.874689e-05
elapsed=6.739111e+03 cycle=65200 time=2.337381e+00 dt=2.922493e-05
elapsed=6.750249e+03 cycle=65300 time=2.340415e+00 dt=3.241070e-05
elapsed=6.761399e+03 cycle=65400 time=2.343747e+00 dt=3.422020e-05
elapsed=6.772548e+03 cycle=65500 time=2.347102e+00 dt=3.283313e-05
elapsed=6.783647e+03 cycle=65600 time=2.350305e+00 dt=3.132287e-05
elapsed=6.794766e+03 cycle=65700 time=2.353445e+00 dt=3.179113e-05
elapsed=6.805888e+03 cycle=65800 time=2.356600e+00 dt=3.083407e-05
elapsed=6.817012e+03 cycle=65900 time=2.359599e+00 dt=2.902230e-05
elapsed=6.828148e+03 cycle=66000 time=2.362456e+00 dt=2.819249e-05
elapsed=6.839205e+03 cycle=66100 time=2.365154e+00 dt=2.704856e-05
elapsed=6.850367e+03 cycle=66200 time=2.368265e+00 dt=3.228790e-05
elapsed=6.861475e+03 cycle=66300 time=2.371385e+00 dt=3.030807e-05
elapsed=6.872640e+03 cycle=66400 time=2.374380e+00 dt=2.962966e-05
elapsed=6.883713e+03 cycle=66500 time=2.377418e+00 dt=3.135777e-05
elapsed=6.894900e+03 cycle=66600 time=2.380652e+00 dt=3.145786e-05
elapsed=6.905956e+03 cycle=66700 time=2.383689e+00 dt=2.957979e-05
elapsed=6.917029e+03 cycle=66800 time=2.386647e+00 dt=2.943651e-05
elapsed=6.928133e+03 cycle=66900 time=2.389758e+00 dt=3.326604e-05
elapsed=6.939236e+03 cycle=67000 time=2.393033e+00 dt=3.122004e-05
elapsed=6.950343e+03 cycle=67100 time=2.396009e+00 dt=2.862835e-05
elapsed=6.961506e+03 cycle=67200 time=2.398934e+00 dt=3.111748e-05
elapsed=6.972612e+03 cycle=67300 time=2.402207e+00 dt=3.320720e-05
elapsed=6.983748e+03 cycle=67400 time=2.405527e+00 dt=3.317908e-05
elapsed=6.994828e+03 cycle=67500 time=2.408836e+00 dt=3.307499e-05
elapsed=7.005893e+03 cycle=67600 time=2.412135e+00 dt=3.276274e-05
elapsed=7.017028e+03 cycle=67700 time=2.415387e+00 dt=3.237191e-05
elapsed=7.028132e+03 cycle=67800 time=2.418607e+00 dt=3.200571e-05
elapsed=7.039289e+03 cycle=67900 time=2.421792e+00 dt=3.167223e-05
elapsed=7.050342e+03 cycle=68000 time=2.424952e+00 dt=3.154636e-05
elapsed=7.061531e+03 cycle=68100 time=2.428104e+00 dt=3.141852e-05
elapsed=7.072714e+03 cycle=68200 time=2.431220e+00 dt=3.106326e-05
elapsed=7.083873e+03 cycle=68300 time=2.434303e+00 dt=3.041637e-05
elapsed=7.094965e+03 cycle=68400 time=2.437291e+00 dt=2.926832e-05
elapsed=7.106033e+03 cycle=68500 time=2.440186e+00 dt=2.866174e-05
elapsed=7.117144e+03 cycle=68600 time=2.443064e+00 dt=2.921236e-05
elapsed=7.128238e+03 cycle=68700 time=2.446068e+00 dt=3.066119e-05
elapsed=7.139308e+03 cycle=68800 time=2.449151e+00 dt=3.088665e-05
elapsed=7.150481e+03 cycle=68900 time=2.452256e+00 dt=3.137603e-05
elapsed=7.161654e+03 cycle=69000 time=2.455447e+00 dt=3.262608e-05
elapsed=7.172773e+03 cycle=69100 time=2.458633e+00 dt=3.097147e-05
elapsed=7.183899e+03 cycle=69200 time=2.461635e+00 dt=2.905324e-05
elapsed=7.195019e+03 cycle=69300 time=2.464646e+00 dt=3.151293e-05
elapsed=7.206087e+03 cycle=69400 time=2.467894e+00 dt=3.222977e-05
elapsed=7.217213e+03 cycle=69500 time=2.471062e+00 dt=3.126123e-05
elapsed=7.228270e+03 cycle=69600 time=2.474251e+00 dt=3.270632e-05
elapsed=7.239384e+03 cycle=69700 time=2.477664e+00 dt=3.412183e-05
elapsed=7.250401e+03 cycle=69800 time=2.481213e+00 dt=3.622971e-05
elapsed=7.261525e+03 cycle=69900 time=2.484835e+00 dt=3.609301e-05
elapsed=7.272671e+03 cycle=70000 time=2.488438e+00 dt=3.560640e-05
elapsed=7.283895e+03 cycle=70100 time=2.491981e+00 dt=3.559576e-05
elapsed=7.295016e+03 cycle=70200 time=2.495521e+00 dt=3.537777e-05
elapsed=7.306139e+03 cycle=70300 time=2.499240e+00 dt=3.791747e-05
elapsed=7.317239e+03 cycle=70400 time=2.503030e+00 dt=3.757089e-05
elapsed=7.328381e+03 cycle=70500 time=2.506760e+00 dt=3.686268e-05
elapsed=7.339510e+03 cycle=70600 time=2.510374e+00 dt=3.543195e-05
elapsed=7.350636e+03 cycle=70700 time=2.513808e+00 dt=3.277314e-05
elapsed=7.361761e+03 cycle=70800 time=2.517121e+00 dt=3.330988e-05
elapsed=7.372862e+03 cycle=70900 time=2.520422e+00 dt=3.292252e-05
elapsed=7.383990e+03 cycle=71000 time=2.523737e+00 dt=3.347941e-05
elapsed=7.395122e+03 cycle=71100 time=2.527135e+00 dt=3.456424e-05
elapsed=7.406239e+03 cycle=71200 time=2.530495e+00 dt=3.354100e-05
elapsed=7.417369e+03 cycle=71300 time=2.533932e+00 dt=3.522723e-05
elapsed=7.428468e+03 cycle=71400 time=2.537511e+00 dt=3.607142e-05
elapsed=7.439627e+03 cycle=71500 time=2.541110e+00 dt=3.577195e-05
elapsed=7.450750e+03 cycle=71600 time=2.544655e+00 dt=3.517361e-05
elapsed=7.461876e+03 cycle=71700 time=2.548100e+00 dt=3.386647e-05
elapsed=7.473019e+03 cycle=71800 time=2.551516e+00 dt=3.495189e-05
elapsed=7.484141e+03 cycle=71900 time=2.554991e+00 dt=3.440756e-05
elapsed=7.495238e+03 cycle=72000 time=2.558413e+00 dt=3.409140e-05
elapsed=7.504290e+03 cycle=72100 time=2.561807e+00 dt=3.381578e-05
elapsed=7.511536e+03 cycle=72200 time=2.565179e+00 dt=3.356242e-05
elapsed=7.518796e+03 cycle=72300 time=2.568508e+00 dt=3.305010e-05
elapsed=7.526023e+03 cycle=72400 time=2.571804e+00 dt=3.291926e-05
elapsed=7.533265e+03 cycle=72500 time=2.575069e+00 dt=3.224899e-05
elapsed=7.540504e+03 cycle=72600 time=2.578262e+00 dt=3.161513e-05
elapsed=7.547618e+03 cycle=72700 time=2.581403e+00 dt=3.122229e-05
elapsed=7.554925e+03 cycle=72800 time=2.584522e+00 dt=3.112723e-05
elapsed=7.562149e+03 cycle=72900 time=2.587637e+00 dt=3.114127e-05
elapsed=7.569362e+03 cycle=73000 time=2.590739e+00 dt=3.093771e-05
elapsed=7.576612e+03 cycle=73100 time=2.593841e+00 dt=3.113551e-05
elapsed=7.583841e+03 cycle=73200 time=2.596985e+00 dt=3.201894e-05
elapsed=7.591034e+03 cycle=73300 time=2.600227e+00 dt=3.282848e-05
elapsed=7.598228e+03 cycle=73400 time=2.603563e+00 dt=3.367326e-05
elapsed=7.605346e+03 cycle=73500 time=2.606985e+00 dt=3.447943e-05
elapsed=7.612558e+03 cycle=73600 time=2.610428e+00 dt=3.418043e-05
elapsed=7.620128e+03 cycle=73700 time=2.613844e+00 dt=3.422124e-05
elapsed=7.627254e+03 cycle=73800 time=2.617290e+00 dt=3.458080e-05
elapsed=7.634447e+03 cycle=73900 time=2.620755e+00 dt=3.481402e-05
elapsed=7.641598e+03 cycle=74000 time=2.624273e+00 dt=3.545089e-05
elapsed=7.648805e+03 cycle=74100 time=2.627838e+00 dt=3.566934e-05
elapsed=7.656091e+03 cycle=74200 time=2.631380e+00 dt=3.524676e-05
elapsed=7.663250e+03 cycle=74300 time=2.634874e+00 dt=3.453332e-05
elapsed=7.670498e+03 cycle=74400 time=2.638301e+00 dt=3.428622e-05
elapsed=7.677713e+03 cycle=74500 time=2.641756e+00 dt=3.515873e-05
elapsed=7.685007e+03 cycle=74600 time=2.645260e+00 dt=3.458242e-05
elapsed=7.692218e+03 cycle=74700 time=2.648683e+00 dt=3.438347e-05
elapsed=7.699469e+03 cycle=74800 time=2.652109e+00 dt=3.402471e-05
elapsed=7.706702e+03 cycle=74900 time=2.655481e+00 dt=3.325176e-05
elapsed=7.713939e+03 cycle=75000 time=2.658741e+00 dt=3.140749e-05
elapsed=7.721204e+03 cycle=75100 time=2.661737e+00 dt=2.859063e-05
elapsed=7.728422e+03 cycle=75200 time=2.664525e+00 dt=2.943790e-05
elapsed=7.735642e+03 cycle=75300 time=2.667729e+00 dt=3.383559e-05
elapsed=7.742882e+03 cycle=75400 time=2.671093e+00 dt=3.356470e-05
elapsed=7.750051e+03 cycle=75500 time=2.674420e+00 dt=3.293474e-05
elapsed=7.757155e+03 cycle=75600 time=2.677660e+00 dt=3.194973e-05
elapsed=7.764525e+03 cycle=75700 time=2.680836e+00 dt=3.139341e-05
elapsed=7.771777e+03 cycle=75800 time=2.683924e+00 dt=3.027252e-05
elapsed=7.779029e+03 cycle=75900 time=2.686898e+00 dt=2.948783e-05
elapsed=7.786354e+03 cycle=76000 time=2.689871e+00 dt=3.002507e-05
elapsed=7.793625e+03 cycle=76100 time=2.692883e+00 dt=3.003690e-05
elapsed=7.800879e+03 cycle=76200 time=2.695894e+00 dt=3.094061e-05
elapsed=7.808129e+03 cycle=76300 time=2.699125e+00 dt=3.273831e-05
elapsed=7.815381e+03 cycle=76400 time=2.702368e+00 dt=3.192491e-05
elapsed=7.822622e+03 cycle=76500 time=2.705654e+00 dt=3.447073e-05
elapsed=7.829811e+03 cycle=76600 time=2.709237e+00 dt=3.578258e-05
elapsed=7.837010e+03 cycle=76700 time=2.712764e+00 dt=3.467612e-05
elapsed=7.844337e+03 cycle=76800 time=2.716169e+00 dt=3.371553e-05
elapsed=7.851635e+03 cycle=76900 time=2.719582e+00 dt=3.496085e-05
elapsed=7.858923e+03 cycle=77000 time=2.723082e+00 dt=3.478341e-05
elapsed=7.866200e+03 cycle=77100 time=2.726564e+00 dt=3.464345e-05
elapsed=7.873581e+03 cycle=77200 time=2.730023e+00 dt=3.450504e-05
elapsed=7.880913e+03 cycle=77300 time=2.733459e+00 dt=3.400206e-05
elapsed=7.888234e+03 cycle=77400 time=2.736833e+00 dt=3.351126e-05
elapsed=7.895625e+03 cycle=77500 time=2.740180e+00 dt=3.351372e-05
elapsed=7.902931e+03 cycle=77600 time=2.743506e+00 dt=3.294648e-05
elapsed=7.910361e+03 cycle=77700 time=2.746763e+00 dt=3.227006e-05
elapsed=7.917744e+03 cycle=77800 time=2.749970e+00 dt=3.182183e-05
elapsed=7.925124e+03 cycle=77900 time=2.753130e+00 dt=3.149405e-05
elapsed=7.932512e+03 cycle=78000 time=2.756264e+00 dt=3.124055e-05
elapsed=7.939881e+03 cycle=78100 time=2.759384e+00 dt=3.125727e-05
elapsed=7.947116e+03 cycle=78200 time=2.762545e+00 dt=3.183649e-05
elapsed=7.954435e+03 cycle=78300 time=2.765711e+00 dt=3.156683e-05
elapsed=7.961857e+03 cycle=78400 time=2.768884e+00 dt=3.193233e-05
elapsed=7.969200e+03 cycle=78500 time=2.772111e+00 dt=3.196452e-05
elapsed=7.976533e+03 cycle=78600 time=2.775280e+00 dt=3.297560e-05
elapsed=7.983882e+03 cycle=78700 time=2.778612e+00 dt=3.363611e-05
elapsed=7.991175e+03 cycle=78800 time=2.781944e+00 dt=3.286977e-05
elapsed=7.998565e+03 cycle=78900 time=2.785206e+00 dt=3.238640e-05
elapsed=8.006015e+03 cycle=79000 time=2.788421e+00 dt=3.192336e-05
elapsed=8.013415e+03 cycle=79100 time=2.791598e+00 dt=3.164070e-05
elapsed=8.020891e+03 cycle=79200 time=2.794761e+00 dt=3.166055e-05
elapsed=8.028345e+03 cycle=79300 time=2.797938e+00 dt=3.197538e-05
elapsed=8.035900e+03 cycle=79400 time=2.801152e+00 dt=3.233950e-05
elapsed=8.043430e+03 cycle=79500 time=2.804408e+00 dt=3.256181e-05
elapsed=8.050939e+03 cycle=79600 time=2.807763e+00 dt=3.477838e-05
elapsed=8.058408e+03 cycle=79700 time=2.811210e+00 dt=3.398446e-05
elapsed=8.065886e+03 cycle=79800 time=2.814562e+00 dt=3.381982e-05
elapsed=8.073331e+03 cycle=79900 time=2.817883e+00 dt=3.253640e-05
elapsed=8.080834e+03 cycle=80000 time=2.821135e+00 dt=3.283255e-05
elapsed=8.088298e+03 cycle=80100 time=2.824379e+00 dt=3.211077e-05
elapsed=8.095767e+03 cycle=80200 time=2.827582e+00 dt=3.154864e-05
elapsed=8.103360e+03 cycle=80300 time=2.830782e+00 dt=3.263169e-05
elapsed=8.110867e+03 cycle=80400 time=2.834030e+00 dt=3.234995e-05
elapsed=8.118335e+03 cycle=80500 time=2.837275e+00 dt=3.252654e-05
elapsed=8.125832e+03 cycle=80600 time=2.840505e+00 dt=3.136630e-05
elapsed=8.133214e+03 cycle=80700 time=2.843568e+00 dt=3.001386e-05
elapsed=8.140771e+03 cycle=80800 time=2.846545e+00 dt=3.010304e-05
elapsed=8.148155e+03 cycle=80900 time=2.849662e+00 dt=3.179252e-05
elapsed=8.155662e+03 cycle=81000 time=2.852834e+00 dt=3.131775e-05
elapsed=8.163148e+03 cycle=81100 time=2.855968e+00 dt=3.131945e-05
elapsed=8.170628e+03 cycle=81200 time=2.859012e+00 dt=2.959589e-05
elapsed=8.178125e+03 cycle=81300 time=2.861924e+00 dt=2.870073e-05
elapsed=8.185596e+03 cycle=81400 time=2.864714e+00 dt=2.709517e-05
elapsed=8.193065e+03 cycle=81500 time=2.867402e+00 dt=2.695855e-05
elapsed=8.200532e+03 cycle=81600 time=2.870300e+00 dt=3.145321e-05
elapsed=8.207944e+03 cycle=81700 time=2.873533e+00 dt=3.246164e-05
elapsed=8.215433e+03 cycle=81800 time=2.876870e+00 dt=3.437588e-05
elapsed=8.222935e+03 cycle=81900 time=2.880317e+00 dt=3.436224e-05
elapsed=8.230468e+03 cycle=82000 time=2.883726e+00 dt=3.372936e-05
elapsed=8.237945e+03 cycle=82100 time=2.887046e+00 dt=3.249979e-05
elapsed=8.245359e+03 cycle=82200 time=2.890216e+00 dt=3.188362e-05
elapsed=8.252832e+03 cycle=82300 time=2.893517e+00 dt=3.294352e-05
elapsed=8.260323e+03 cycle=82400 time=2.896743e+00 dt=3.146523e-05
elapsed=8.267736e+03 cycle=82500 time=2.899945e+00 dt=3.201151e-05
elapsed=8.275177e+03 cycle=82600 time=2.903036e+00 dt=3.047910e-05
elapsed=8.282679e+03 cycle=82700 time=2.906163e+00 dt=3.238528e-05
elapsed=8.290073e+03 cycle=82800 time=2.909393e+00 dt=3.163908e-05
elapsed=8.297537e+03 cycle=82900 time=2.912552e+00 dt=3.186490e-05
elapsed=8.304938e+03 cycle=83000 time=2.915819e+00 dt=3.293874e-05
elapsed=8.312387e+03 cycle=83100 time=2.919075e+00 dt=3.217638e-05
elapsed=8.319862e+03 cycle=83200 time=2.922336e+00 dt=3.369803e-05
elapsed=8.327388e+03 cycle=83300 time=2.925594e+00 dt=3.129808e-05
elapsed=8.334902e+03 cycle=83400 time=2.928562e+00 dt=2.798586e-05
elapsed=8.342378e+03 cycle=83500 time=2.931264e+00 dt=2.658110e-05
elapsed=8.349770e+03 cycle=83600 time=2.934031e+00 dt=2.914007e-05
elapsed=8.357331e+03 cycle=83700 time=2.937165e+00 dt=3.220674e-05
elapsed=8.364830e+03 cycle=83800 time=2.940380e+00 dt=3.209535e-05
elapsed=8.372253e+03 cycle=83900 time=2.943539e+00 dt=3.139324e-05
elapsed=8.379767e+03 cycle=84000 time=2.946696e+00 dt=3.182448e-05
elapsed=8.387188e+03 cycle=84100 time=2.949861e+00 dt=3.148425e-05
elapsed=8.394670e+03 cycle=84200 time=2.952963e+00 dt=3.061408e-05
elapsed=8.402029e+03 cycle=84300 time=2.956006e+00 dt=3.021530e-05
elapsed=8.409448e+03 cycle=84400 time=2.958999e+00 dt=2.978433e-05
elapsed=8.416992e+03 cycle=84500 time=2.961801e+00 dt=2.650527e-05
elapsed=8.424507e+03 cycle=84600 time=2.964393e+00 dt=2.691539e-05
elapsed=8.432049e+03 cycle=84700 time=2.967459e+00 dt=3.285847e-05
elapsed=8.439573e+03 cycle=84800 time=2.970781e+00 dt=3.315225e-05
elapsed=8.446957e+03 cycle=84900 time=2.974074e+00 dt=3.260385e-05
elapsed=8.454392e+03 cycle=85000 time=2.977303e+00 dt=3.206680e-05
elapsed=8.461911e+03 cycle=85100 time=2.980508e+00 dt=3.205078e-05
elapsed=8.469400e+03 cycle=85200 time=2.983705e+00 dt=3.185731e-05
elapsed=8.476874e+03 cycle=85300 time=2.986911e+00 dt=3.209459e-05
elapsed=8.484404e+03 cycle=85400 time=2.990047e+00 dt=3.052850e-05
elapsed=8.491877e+03 cycle=85500 time=2.992982e+00 dt=2.832973e-05
elapsed=8.499360e+03 cycle=85600 time=2.995798e+00 dt=2.847650e-05
elapsed=8.506773e+03 cycle=85700 time=2.998766e+00 dt=3.116584e-05
elapsed=8.514299e+03 cycle=85800 time=3.001884e+00 dt=3.078123e-05
elapsed=8.521816e+03 cycle=85900 time=3.004941e+00 dt=3.055792e-05
elapsed=8.529327e+03 cycle=86000 time=3.008037e+00 dt=3.173439e-05
elapsed=8.538162e+03 cycle=86100 time=3.011251e+00 dt=3.235867e-05
elapsed=8.549159e+03 cycle=86200 time=3.014456e+00 dt=3.280871e-05
elapsed=8.560164e+03 cycle=86300 time=3.017725e+00 dt=3.265689e-05
elapsed=8.571223e+03 cycle=86400 time=3.020947e+00 dt=3.109928e-05
elapsed=8.582288e+03 cycle=86500 time=3.024048e+00 dt=3.107898e-05
elapsed=8.593428e+03 cycle=86600 time=3.027164e+00 dt=3.155469e-05
elapsed=8.604633e+03 cycle=86700 time=3.030415e+00 dt=3.333703e-05
elapsed=8.615793e+03 cycle=86800 time=3.033815e+00 dt=3.384965e-05
elapsed=8.626802e+03 cycle=86900 time=3.037154e+00 dt=3.299000e-05
elapsed=8.637901e+03 cycle=87000 time=3.040382e+00 dt=3.158145e-05
elapsed=8.649071e+03 cycle=87100 time=3.043522e+00 dt=3.106459e-05
elapsed=8.660160e+03 cycle=87200 time=3.046598e+00 dt=3.022807e-05
elapsed=8.671302e+03 cycle=87300 time=3.049574e+00 dt=2.962854e-05
elapsed=8.682311e+03 cycle=87400 time=3.052541e+00 dt=2.973492e-05
elapsed=8.693450e+03 cycle=87500 time=3.055464e+00 dt=2.905016e-05
elapsed=8.704591e+03 cycle=87600 time=3.058440e+00 dt=3.102456e-05
elapsed=8.715701e+03 cycle=87700 time=3.061636e+00 dt=3.293042e-05
elapsed=8.726825e+03 cycle=87800 time=3.064904e+00 dt=3.247151e-05
elapsed=8.737952e+03 cycle=87900 time=3.068131e+00 dt=3.230362e-05
elapsed=8.749086e+03 cycle=88000 time=3.071390e+00 dt=3.293262e-05
elapsed=8.760206e+03 cycle=88100 time=3.074717e+00 dt=3.380607e-05
elapsed=8.771336e+03 cycle=88200 time=3.078048e+00 dt=3.214955e-05
elapsed=8.782439e+03 cycle=88300 time=3.081128e+00 dt=2.918198e-05
elapsed=8.793533e+03 cycle=88400 time=3.083882e+00 dt=2.697922e-05
elapsed=8.804703e+03 cycle=88500 time=3.087050e+00 dt=3.473462e-05
elapsed=8.815866e+03 cycle=88600 time=3.090432e+00 dt=3.287458e-05
elapsed=8.826960e+03 cycle=88700 time=3.093648e+00 dt=3.146475e-05
elapsed=8.838069e+03 cycle=88800 time=3.096749e+00 dt=3.070677e-05
elapsed=8.849162e+03 cycle=88900 time=3.099856e+00 dt=3.208611e-05
elapsed=8.860303e+03 cycle=89000 time=3.103178e+00 dt=3.260910e-05
elapsed=8.871461e+03 cycle=89100 time=3.106363e+00 dt=3.093409e-05
elapsed=8.882561e+03 cycle=89200 time=3.109538e+00 dt=3.249179e-05
elapsed=8.893672e+03 cycle=89300 time=3.112726e+00 dt=3.158568e-05
elapsed=8.904710e+03 cycle=89400 time=3.116099e+00 dt=3.499231e-05
elapsed=8.915963e+03 cycle=89500 time=3.119595e+00 dt=3.467442e-05
elapsed=8.927386e+03 cycle=89600 time=3.122989e+00 dt=3.309186e-05
elapsed=8.938959e+03 cycle=89700 time=3.126208e+00 dt=3.134510e-05
elapsed=8.950690e+03 cycle=89800 time=3.129568e+00 dt=3.432005e-05
elapsed=8.962521e+03 cycle=89900 time=3.132939e+00 dt=3.321270e-05
elapsed=8.974639e+03 cycle=90000 time=3.136241e+00 dt=3.300941e-05
elapsed=8.986715e+03 cycle=90100 time=3.139539e+00 dt=3.283432e-05
elapsed=8.998970e+03 cycle=90200 time=3.142803e+00 dt=3.243351e-05
elapsed=9.011224e+03 cycle=90300 time=3.146025e+00 dt=3.205664e-05
elapsed=9.023682e+03 cycle=90400 time=3.149217e+00 dt=3.189709e-05
elapsed=9.036149e+03 cycle=90500 time=3.152357e+00 dt=3.098397e-05
elapsed=9.048657e+03 cycle=90600 time=3.155513e+00 dt=3.142160e-05
elapsed=9.061217e+03 cycle=90700 time=3.158661e+00 dt=3.157363e-05
elapsed=9.073800e+03 cycle=90800 time=3.161820e+00 dt=3.165281e-05
elapsed=9.086611e+03 cycle=90900 time=3.165008e+00 dt=3.210798e-05
elapsed=9.099427e+03 cycle=91000 time=3.168215e+00 dt=3.173705e-05
elapsed=9.112229e+03 cycle=91100 time=3.171355e+00 dt=3.155683e-05
elapsed=9.124980e+03 cycle=91200 time=3.174517e+00 dt=3.219789e-05
elapsed=9.137730e+03 cycle=91300 time=3.177724e+00 dt=3.217926e-05
elapsed=9.150543e+03 cycle=91400 time=3.180932e+00 dt=3.204951e-05
elapsed=9.163410e+03 cycle=91500 time=3.184197e+00 dt=3.256405e-05
elapsed=9.176238e+03 cycle=91600 time=3.187456e+00 dt=3.264993e-05
elapsed=9.189000e+03 cycle=91700 time=3.190718e+00 dt=3.257302e-05
elapsed=9.201786e+03 cycle=91800 time=3.193967e+00 dt=3.241213e-05
elapsed=9.214509e+03 cycle=91900 time=3.197221e+00 dt=3.254665e-05
elapsed=9.227271e+03 cycle=92000 time=3.200495e+00 dt=3.288080e-05
elapsed=9.240044e+03 cycle=92100 time=3.203718e+00 dt=3.079491e-05
elapsed=9.252909e+03 cycle=92200 time=3.206610e+00 dt=2.906022e-05
elapsed=9.265679e+03 cycle=92300 time=3.209805e+00 dt=3.334947e-05
elapsed=9.278568e+03 cycle=92400 time=3.213154e+00 dt=3.338407e-05
elapsed=9.291435e+03 cycle=92500 time=3.216434e+00 dt=3.175525e-05
elapsed=9.304266e+03 cycle=92600 time=3.219529e+00 dt=3.157946e-05
elapsed=9.317057e+03 cycle=92700 time=3.222761e+00 dt=3.140265e-05
elapsed=9.329735e+03 cycle=92800 time=3.225681e+00 dt=2.843546e-05
elapsed=9.342426e+03 cycle=92900 time=3.228831e+00 dt=3.348795e-05
elapsed=9.355303e+03 cycle=93000 time=3.232027e+00 dt=3.170837e-05
elapsed=9.368077e+03 cycle=93100 time=3.235311e+00 dt=3.312632e-05
elapsed=9.380973e+03 cycle=93200 time=3.238529e+00 dt=3.181440e-05
elapsed=9.393778e+03 cycle=93300 time=3.241860e+00 dt=3.479179e-05
elapsed=9.406628e+03 cycle=93400 time=3.245345e+00 dt=3.520815e-05
elapsed=9.419412e+03 cycle=93500 time=3.248831e+00 dt=3.391448e-05
elapsed=9.432224e+03 cycle=93600 time=3.252268e+00 dt=3.395441e-05
elapsed=9.444960e+03 cycle=93700 time=3.255557e+00 dt=3.157188e-05
elapsed=9.457813e+03 cycle=93800 time=3.258601e+00 dt=3.050820e-05
elapsed=9.470754e+03 cycle=93900 time=3.261870e+00 dt=3.393288e-05
elapsed=9.483658e+03 cycle=94000 time=3.265246e+00 dt=3.391477e-05
elapsed=9.496563e+03 cycle=94100 time=3.268658e+00 dt=3.408080e-05
elapsed=9.509519e+03 cycle=94200 time=3.272068e+00 dt=3.385161e-05
elapsed=9.522398e+03 cycle=94300 time=3.275407e+00 dt=3.298950e-05
elapsed=9.535347e+03 cycle=94400 time=3.278659e+00 dt=3.241428e-05
elapsed=9.548289e+03 cycle=94500 time=3.281820e+00 dt=3.039405e-05
elapsed=9.561181e+03 cycle=94600 time=3.284836e+00 dt=3.077578e-05
elapsed=9.574076e+03 cycle=94700 time=3.287879e+00 dt=2.986623e-05
elapsed=9.586977e+03 cycle=94800 time=3.290860e+00 dt=2.994260e-05
elapsed=9.599860e+03 cycle=94900 time=3.293855e+00 dt=2.988443e-05
elapsed=9.612760e+03 cycle=95000 time=3.296821e+00 dt=2.969908e-05
elapsed=9.625598e+03 cycle=95100 time=3.299801e+00 dt=2.958250e-05
elapsed=9.638410e+03 cycle=95200 time=3.302773e+00 dt=3.123906e-05
elapsed=9.651292e+03 cycle=95300 time=3.305915e+00 dt=3.008626e-05
elapsed=9.664125e+03 cycle=95400 time=3.308918e+00 dt=3.057799e-05
elapsed=9.677025e+03 cycle=95500 time=3.311931e+00 dt=2.977664e-05
elapsed=9.689964e+03 cycle=95600 time=3.314878e+00 dt=2.906942e-05
elapsed=9.702855e+03 cycle=95700 time=3.317751e+00 dt=2.854560e-05
elapsed=9.715606e+03 cycle=95800 time=3.320583e+00 dt=2.808706e-05
elapsed=9.728512e+03 cycle=95900 time=3.323458e+00 dt=2.993315e-05
elapsed=9.741327e+03 cycle=96000 time=3.326522e+00 dt=3.249128e-05
elapsed=9.754222e+03 cycle=96100 time=3.330068e+00 dt=3.631360e-05
elapsed=9.767093e+03 cycle=96200 time=3.333703e+00 dt=3.611947e-05
elapsed=9.779959e+03 cycle=96300 time=3.337292e+00 dt=3.537178e-05
elapsed=9.792723e+03 cycle=96400 time=3.340823e+00 dt=3.539416e-05
elapsed=9.805608e+03 cycle=96500 time=3.344366e+00 dt=3.526824e-05
elapsed=9.818496e+03 cycle=96600 time=3.347853e+00 dt=3.440865e-05
elapsed=9.831323e+03 cycle=96700 time=3.351268e+00 dt=3.402792e-05
elapsed=9.844221e+03 cycle=96800 time=3.354667e+00 dt=3.397804e-05
elapsed=9.857116e+03 cycle=96900 time=3.358068e+00 dt=3.405638e-05
elapsed=9.870005e+03 cycle=97000 time=3.361489e+00 dt=3.442497e-05
elapsed=9.882907e+03 cycle=97100 time=3.364952e+00 dt=3.490694e-05
elapsed=9.895788e+03 cycle=97200 time=3.368356e+00 dt=3.413007e-05
elapsed=9.908541e+03 cycle=97300 time=3.371910e+00 dt=3.631543e-05
elapsed=9.921309e+03 cycle=97400 time=3.375581e+00 dt=3.696801e-05
elapsed=9.934131e+03 cycle=97500 time=3.379265e+00 dt=3.655088e-05
elapsed=9.947032e+03 cycle=97600 time=3.382776e+00 dt=3.366652e-05
elapsed=9.959924e+03 cycle=97700 time=3.386299e+00 dt=3.667740e-05
elapsed=9.972743e+03 cycle=97800 time=3.389978e+00 dt=3.680544e-05
elapsed=9.985673e+03 cycle=97900 time=3.393645e+00 dt=3.643581e-05
elapsed=9.998509e+03 cycle=98000 time=3.397275e+00 dt=3.621806e-05
elapsed=1.001135e+04 cycle=98100 time=3.400882e+00 dt=3.603009e-05
elapsed=1.002412e+04 cycle=98200 time=3.404487e+00 dt=3.594883e-05
elapsed=1.003697e+04 cycle=98300 time=3.408057e+00 dt=3.538772e-05
elapsed=1.004977e+04 cycle=98400 time=3.411569e+00 dt=3.505574e-05
elapsed=1.006265e+04 cycle=98500 time=3.415081e+00 dt=3.522902e-05
elapsed=1.007550e+04 cycle=98600 time=3.418604e+00 dt=3.522554e-05
elapsed=1.008844e+04 cycle=98700 time=3.422114e+00 dt=3.492102e-05
elapsed=1.010127e+04 cycle=98800 time=3.425605e+00 dt=3.496377e-05
elapsed=1.011398e+04 cycle=98900 time=3.429116e+00 dt=3.514931e-05
elapsed=1.012668e+04 cycle=99000 time=3.432637e+00 dt=3.552814e-05
elapsed=1.013951e+04 cycle=99100 time=3.436217e+00 dt=3.596996e-05
elapsed=1.015233e+04 cycle=99200 time=3.439827e+00 dt=3.610108e-05
elapsed=1.016510e+04 cycle=99300 time=3.443417e+00 dt=3.565254e-05
elapsed=1.017792e+04 cycle=99400 time=3.446963e+00 dt=3.526924e-05
elapsed=1.019076e+04 cycle=99500 time=3.450505e+00 dt=3.544123e-05
elapsed=1.020353e+04 cycle=99600 time=3.454083e+00 dt=3.608877e-05
elapsed=1.021631e+04 cycle=99700 time=3.457712e+00 dt=3.638865e-05
elapsed=1.022906e+04 cycle=99800 time=3.461303e+00 dt=3.557377e-05
elapsed=1.024188e+04 cycle=99900 time=3.464849e+00 dt=3.562820e-05
elapsed=1.025471e+04 cycle=100000 time=3.468432e+00 dt=3.582739e-05
elapsed=1.026747e+04 cycle=100100 time=3.471996e+00 dt=3.562910e-05
elapsed=1.028029e+04 cycle=100200 time=3.475561e+00 dt=3.595643e-05
elapsed=1.029294e+04 cycle=100300 time=3.479171e+00 dt=3.574591e-05
elapsed=1.030582e+04 cycle=100400 time=3.482685e+00 dt=3.469317e-05
elapsed=1.031862e+04 cycle=100500 time=3.486083e+00 dt=3.341775e-05
elapsed=1.033150e+04 cycle=100600 time=3.489406e+00 dt=3.330747e-05
elapsed=1.034431e+04 cycle=100700 time=3.492768e+00 dt=3.380823e-05
elapsed=1.035714e+04 cycle=100800 time=3.496164e+00 dt=3.405086e-05
elapsed=1.036993e+04 cycle=100900 time=3.499578e+00 dt=3.440772e-05
elapsed=1.038273e+04 cycle=101000 time=3.503058e+00 dt=3.516708e-05
elapsed=1.039565e+04 cycle=101100 time=3.506587e+00 dt=3.519802e-05
elapsed=1.040846e+04 cycle=101200 time=3.510121e+00 dt=3.537826e-05
elapsed=1.042128e+04 cycle=101300 time=3.513695e+00 dt=3.560883e-05
elapsed=1.043410e+04 cycle=101400 time=3.517120e+00 dt=3.314419e-05
elapsed=1.044687e+04 cycle=101500 time=3.520488e+00 dt=3.423652e-05
elapsed=1.045962e+04 cycle=101600 time=3.523847e+00 dt=3.307427e-05
elapsed=1.047387e+04 cycle=101700 time=3.527206e+00 dt=3.461627e-05
elapsed=1.048685e+04 cycle=101800 time=3.530775e+00 dt=3.600120e-05
elapsed=1.049943e+04 cycle=101900 time=3.534373e+00 dt=3.585357e-05
elapsed=1.051219e+04 cycle=102000 time=3.537967e+00 dt=3.607692e-05
elapsed=1.052496e+04 cycle=102100 time=3.541539e+00 dt=3.487970e-05
elapsed=1.053779e+04 cycle=102200 time=3.545063e+00 dt=3.528583e-05
elapsed=1.055063e+04 cycle=102300 time=3.548581e+00 dt=3.512852e-05
elapsed=1.056348e+04 cycle=102400 time=3.552085e+00 dt=3.487317e-05
elapsed=1.057625e+04 cycle=102500 time=3.555570e+00 dt=3.488227e-05
elapsed=1.058909e+04 cycle=102600 time=3.559073e+00 dt=3.524068e-05
elapsed=1.060206e+04 cycle=102700 time=3.562635e+00 dt=3.567716e-05
elapsed=1.061492e+04 cycle=102800 time=3.566192e+00 dt=3.555065e-05
elapsed=1.062780e+04 cycle=102900 time=3.569757e+00 dt=3.562814e-05
elapsed=1.064052e+04 cycle=103000 time=3.573314e+00 dt=3.567731e-05
elapsed=1.065324e+04 cycle=103100 time=3.576884e+00 dt=3.557569e-05
elapsed=1.066603e+04 cycle=103200 time=3.580429e+00 dt=3.476443e-05
elapsed=1.067891e+04 cycle=103300 time=3.583864e+00 dt=3.559376e-05
elapsed=1.069173e+04 cycle=103400 time=3.587424e+00 dt=3.551555e-05
elapsed=1.070455e+04 cycle=103500 time=3.590959e+00 dt=3.524944e-05
elapsed=1.071744e+04 cycle=103600 time=3.594460e+00 dt=3.487377e-05
elapsed=1.073031e+04 cycle=103700 time=3.597950e+00 dt=3.507243e-05
elapsed=1.074323e+04 cycle=103800 time=3.601469e+00 dt=3.518638e-05
elapsed=1.075616e+04 cycle=103900 time=3.604992e+00 dt=3.535237e-05
elapsed=1.076908e+04 cycle=104000 time=3.608546e+00 dt=3.576405e-05
elapsed=1.078192e+04 cycle=104100 time=3.612128e+00 dt=3.584450e-05
elapsed=1.079479e+04 cycle=104200 time=3.615722e+00 dt=3.603735e-05
elapsed=1.080765e+04 cycle=104300 time=3.619330e+00 dt=3.605355e-05
elapsed=1.082050e+04 cycle=104400 time=3.622939e+00 dt=3.612299e-05
elapsed=1.083337e+04 cycle=104500 time=3.626543e+00 dt=3.603864e-05
elapsed=1.084625e+04 cycle=104600 time=3.630141e+00 dt=3.598476e-05
elapsed=1.085911e+04 cycle=104700 time=3.633746e+00 dt=3.603807e-05
elapsed=1.087202e+04 cycle=104800 time=3.637342e+00 dt=3.576464e-05
elapsed=1.088500e+04 cycle=104900 time=3.640920e+00 dt=3.557468e-05
elapsed=1.089790e+04 cycle=105000 time=3.644471e+00 dt=3.522614e-05
elapsed=1.091079e+04 cycle=105100 time=3.647944e+00 dt=3.421085e-05
elapsed=1.092370e+04 cycle=105200 time=3.651319e+00 dt=3.337059e-05
elapsed=1.093650e+04 cycle=105300 time=3.654634e+00 dt=3.304911e-05
elapsed=1.094930e+04 cycle=105400 time=3.657918e+00 dt=3.273135e-05
elapsed=1.096242e+04 cycle=105500 time=3.661189e+00 dt=3.261879e-05
elapsed=1.097532e+04 cycle=105600 time=3.664445e+00 dt=3.248309e-05
elapsed=1.098819e+04 cycle=105700 time=3.667678e+00 dt=3.226520e-05
elapsed=1.100090e+04 cycle=105800 time=3.670948e+00 dt=3.331648e-05
elapsed=1.101385e+04 cycle=105900 time=3.674353e+00 dt=3.408890e-05
elapsed=1.102668e+04 cycle=106000 time=3.677782e+00 dt=3.472538e-05
elapsed=1.103959e+04 cycle=106100 time=3.681329e+00 dt=3.565572e-05
elapsed=1.105243e+04 cycle=106200 time=3.684877e+00 dt=3.535259e-05
elapsed=1.106528e+04 cycle=106300 time=3.688385e+00 dt=3.478936e-05
elapsed=1.107812e+04 cycle=106400 time=3.691828e+00 dt=3.379613e-05
elapsed=1.109102e+04 cycle=106500 time=3.695139e+00 dt=3.226893e-05
elapsed=1.110390e+04 cycle=106600 time=3.698279e+00 dt=3.038199e-05
elapsed=1.111674e+04 cycle=106700 time=3.701235e+00 dt=2.868968e-05
elapsed=1.112963e+04 cycle=106800 time=3.704034e+00 dt=2.735052e-05
elapsed=1.114252e+04 cycle=106900 time=3.706683e+00 dt=2.521173e-05
elapsed=1.115541e+04 cycle=107000 time=3.709201e+00 dt=2.732458e-05
elapsed=1.116831e+04 cycle=107100 time=3.712248e+00 dt=3.431963e-05
elapsed=1.118118e+04 cycle=107200 time=3.715922e+00 dt=3.727963e-05
elapsed=1.119408e+04 cycle=107300 time=3.719693e+00 dt=3.790514e-05
elapsed=1.120697e+04 cycle=107400 time=3.723475e+00 dt=3.767185e-05
elapsed=1.121983e+04 cycle=107500 time=3.727227e+00 dt=3.748349e-05
elapsed=1.123276e+04 cycle=107600 time=3.730949e+00 dt=3.699650e-05
elapsed=1.124565e+04 cycle=107700 time=3.734655e+00 dt=3.714976e-05
elapsed=1.125847e+04 cycle=107800 time=3.738367e+00 dt=3.704567e-05
elapsed=1.127143e+04 cycle=107900 time=3.742042e+00 dt=3.644240e-05
elapsed=1.128424e+04 cycle=108000 time=3.745649e+00 dt=3.596304e-05
elapsed=1.129719e+04 cycle=108100 time=3.749243e+00 dt=3.600085e-05
elapsed=1.131001e+04 cycle=108200 time=3.752824e+00 dt=3.580530e-05
elapsed=1.132292e+04 cycle=108300 time=3.756407e+00 dt=3.604839e-05
elapsed=1.133587e+04 cycle=108400 time=3.760038e+00 dt=3.657899e-05
elapsed=1.134873e+04 cycle=108500 time=3.763719e+00 dt=3.688961e-05
elapsed=1.136160e+04 cycle=108600 time=3.767410e+00 dt=3.677527e-05
elapsed=1.137449e+04 cycle=108700 time=3.771069e+00 dt=3.643728e-05
elapsed=1.138737e+04 cycle=108800 time=3.774691e+00 dt=3.621794e-05
elapsed=1.140026e+04 cycle=108900 time=3.778325e+00 dt=3.639912e-05
elapsed=1.141325e+04 cycle=109000 time=3.781944e+00 dt=3.600929e-05
elapsed=1.142614e+04 cycle=109100 time=3.785496e+00 dt=3.521141e-05
elapsed=1.143907e+04 cycle=109200 time=3.789000e+00 dt=3.502693e-05
elapsed=1.145187e+04 cycle=109300 time=3.792507e+00 dt=3.528822e-05
elapsed=1.146471e+04 cycle=109400 time=3.796071e+00 dt=3.580208e-05
elapsed=1.147761e+04 cycle=109500 time=3.799641e+00 dt=3.562934e-05
elapsed=1.149045e+04 cycle=109600 time=3.803193e+00 dt=3.531247e-05
elapsed=1.150331e+04 cycle=109700 time=3.806725e+00 dt=3.540977e-05
elapsed=1.151615e+04 cycle=109800 time=3.810284e+00 dt=3.554519e-05
elapsed=1.152906e+04 cycle=109900 time=3.813810e+00 dt=3.509461e-05
elapsed=1.154189e+04 cycle=110000 time=3.817316e+00 dt=3.492048e-05
elapsed=1.155471e+04 cycle=110100 time=3.820790e+00 dt=3.458604e-05
elapsed=1.156758e+04 cycle=110200 time=3.824237e+00 dt=3.436255e-05
elapsed=1.158053e+04 cycle=110300 time=3.827681e+00 dt=3.466821e-05
elapsed=1.159347e+04 cycle=110400 time=3.831225e+00 dt=3.598030e-05
elapsed=1.160642e+04 cycle=110500 time=3.834830e+00 dt=3.579250e-05
elapsed=1.161927e+04 cycle=110600 time=3.838392e+00 dt=3.544041e-05
elapsed=1.163211e+04 cycle=110700 time=3.841931e+00 dt=3.537464e-05
elapsed=1.164495e+04 cycle=110800 time=3.845456e+00 dt=3.497683e-05
elapsed=1.165782e+04 cycle=110900 time=3.848925e+00 dt=3.434511e-05
elapsed=1.167066e+04 cycle=111000 time=3.852335e+00 dt=3.384381e-05
elapsed=1.168360e+04 cycle=111100 time=3.855702e+00 dt=3.351696e-05
elapsed=1.169647e+04 cycle=111200 time=3.859024e+00 dt=3.282137e-05
elapsed=1.170943e+04 cycle=111300 time=3.862274e+00 dt=3.221488e-05
elapsed=1.172227e+04 cycle=111400 time=3.865467e+00 dt=3.166299e-05
elapsed=1.173511e+04 cycle=111500 time=3.868598e+00 dt=3.089719e-05
elapsed=1.174800e+04 cycle=111600 time=3.871648e+00 dt=3.013800e-05
elapsed=1.176083e+04 cycle=111700 time=3.874635e+00 dt=2.970516e-05
elapsed=1.177363e+04 cycle=111800 time=3.877612e+00 dt=2.995450e-05
elapsed=1.178655e+04 cycle=111900 time=3.880656e+00 dt=3.105044e-05
elapsed=1.179958e+04 cycle=112000 time=3.883782e+00 dt=3.129323e-05
elapsed=1.181233e+04 cycle=112100 time=3.886908e+00 dt=3.128339e-05
elapsed=1.182518e+04 cycle=112200 time=3.890007e+00 dt=3.072600e-05
elapsed=1.183805e+04 cycle=112300 time=3.893056e+00 dt=3.015493e-05
elapsed=1.185093e+04 cycle=112400 time=3.896017e+00 dt=2.912864e-05
elapsed=1.186381e+04 cycle=112500 time=3.898876e+00 dt=2.795049e-05
elapsed=1.187670e+04 cycle=112600 time=3.901606e+00 dt=2.675569e-05
elapsed=1.188952e+04 cycle=112700 time=3.904246e+00 dt=2.618294e-05
elapsed=1.190217e+04 cycle=112800 time=3.907052e+00 dt=3.039512e-05
elapsed=1.191476e+04 cycle=112900 time=3.910199e+00 dt=3.212232e-05
elapsed=1.192976e+04 cycle=113000 time=3.913522e+00 dt=3.329752e-05
elapsed=1.194255e+04 cycle=113100 time=3.916861e+00 dt=3.366435e-05
elapsed=1.195527e+04 cycle=113200 time=3.920189e+00 dt=3.350469e-05
elapsed=1.196798e+04 cycle=113300 time=3.923583e+00 dt=3.441094e-05
elapsed=1.198074e+04 cycle=113400 time=3.926912e+00 dt=3.261719e-05
elapsed=1.199349e+04 cycle=113500 time=3.930193e+00 dt=3.273982e-05
elapsed=1.200629e+04 cycle=113600 time=3.933577e+00 dt=3.388843e-05
elapsed=1.201895e+04 cycle=113700 time=3.936893e+00 dt=3.265289e-05
elapsed=1.203181e+04 cycle=113800 time=3.940127e+00 dt=3.215075e-05
elapsed=1.204469e+04 cycle=113900 time=3.943334e+00 dt=3.189202e-05
elapsed=1.205748e+04 cycle=114000 time=3.946510e+00 dt=3.186488e-05
elapsed=1.207031e+04 cycle=114100 time=3.949700e+00 dt=3.183303e-05
elapsed=1.208320e+04 cycle=114200 time=3.952877e+00 dt=3.169988e-05
elapsed=1.209606e+04 cycle=114300 time=3.956029e+00 dt=3.126339e-05
elapsed=1.210898e+04 cycle=114400 time=3.959126e+00 dt=3.072798e-05
elapsed=1.212181e+04 cycle=114500 time=3.962142e+00 dt=2.899509e-05
elapsed=1.213464e+04 cycle=114600 time=3.964947e+00 dt=2.769494e-05
elapsed=1.214758e+04 cycle=114700 time=3.967780e+00 dt=2.876198e-05
elapsed=1.216041e+04 cycle=114800 time=3.970738e+00 dt=3.087778e-05
elapsed=1.217329e+04 cycle=114900 time=3.973830e+00 dt=3.099983e-05
elapsed=1.218612e+04 cycle=115000 time=3.976954e+00 dt=3.151027e-05
elapsed=1.219898e+04 cycle=115100 time=3.980147e+00 dt=3.250204e-05
elapsed=1.221172e+04 cycle=115200 time=3.983395e+00 dt=3.238701e-05
elapsed=1.222461e+04 cycle=115300 time=3.986619e+00 dt=3.220955e-05
elapsed=1.223741e+04 cycle=115400 time=3.989766e+00 dt=3.052799e-05
elapsed=1.225031e+04 cycle=115500 time=3.992845e+00 dt=3.167102e-05
elapsed=1.226323e+04 cycle=115600 time=3.996006e+00 dt=3.128167e-05
elapsed=1.227612e+04 cycle=115700 time=3.999074e+00 dt=3.014850e-05
elapsed=1.228905e+04 cycle=115800 time=4.002146e+00 dt=3.224827e-05
elapsed=1.230198e+04 cycle=115900 time=4.005418e+00 dt=3.253547e-05
elapsed=1.231477e+04 cycle=116000 time=4.008659e+00 dt=3.225197e-05
elapsed=1.232761e+04 cycle=116100 time=4.011862e+00 dt=3.176569e-05
elapsed=1.234049e+04 cycle=116200 time=4.015017e+00 dt=3.147607e-05
elapsed=1.235340e+04 cycle=116300 time=4.018171e+00 dt=3.150066e-05
elapsed=1.236621e+04 cycle=116400 time=4.021341e+00 dt=3.179027e-05
elapsed=1.237909e+04 cycle=116500 time=4.024532e+00 dt=3.185325e-05
elapsed=1.239201e+04 cycle=116600 time=4.027669e+00 dt=3.132813e-05
elapsed=1.240491e+04 cycle=116700 time=4.030813e+00 dt=3.166041e-05
elapsed=1.241771e+04 cycle=116800 time=4.034044e+00 dt=3.265115e-05
elapsed=1.243053e+04 cycle=116900 time=4.037351e+00 dt=3.340875e-05
elapsed=1.244328e+04 cycle=117000 time=4.040671e+00 dt=3.290947e-05
elapsed=1.245613e+04 cycle=117100 time=4.043921e+00 dt=3.218600e-05
elapsed=1.246903e+04 cycle=117200 time=4.047153e+00 dt=3.245199e-05
elapsed=1.248197e+04 cycle=117300 time=4.050396e+00 dt=3.264907e-05
elapsed=1.249487e+04 cycle=117400 time=4.053670e+00 dt=3.267804e-05
elapsed=1.250769e+04 cycle=117500 time=4.056942e+00 dt=3.299305e-05
elapsed=1.252046e+04 cycle=117600 time=4.060268e+00 dt=3.371162e-05
elapsed=1.253332e+04 cycle=117700 time=4.063652e+00 dt=3.370341e-05
elapsed=1.254620e+04 cycle=117800 time=4.067000e+00 dt=3.319960e-05
elapsed=1.255907e+04 cycle=117900 time=4.070287e+00 dt=3.251233e-05
elapsed=1.257189e+04 cycle=118000 time=4.073512e+00 dt=3.193789e-05
elapsed=1.258473e+04 cycle=118100 time=4.076686e+00 dt=3.166698e-05
elapsed=1.259748e+04 cycle=118200 time=4.079886e+00 dt=3.211996e-05
elapsed=1.261033e+04 cycle=118300 time=4.083072e+00 dt=3.187556e-05
elapsed=1.262323e+04 cycle=118400 time=4.086277e+00 dt=3.254942e-05
elapsed=1.263612e+04 cycle=118500 time=4.089439e+00 dt=3.111953e-05
elapsed=1.264891e+04 cycle=118600 time=4.092744e+00 dt=3.423821e-05
elapsed=1.266180e+04 cycle=118700 time=4.096165e+00 dt=3.489127e-05
elapsed=1.267471e+04 cycle=118800 time=4.099677e+00 dt=3.521702e-05
elapsed=1.268761e+04 cycle=118900 time=4.103191e+00 dt=3.502070e-05
elapsed=1.270049e+04 cycle=119000 time=4.106715e+00 dt=3.550409e-05
elapsed=1.271333e+04 cycle=119100 time=4.110298e+00 dt=3.620007e-05
elapsed=1.272621e+04 cycle=119200 time=4.113911e+00 dt=3.599000e-05
elapsed=1.273910e+04 cycle=119300 time=4.117456e+00 dt=3.496726e-05
elapsed=1.275193e+04 cycle=119400 time=4.120926e+00 dt=3.440029e-05
elapsed=1.276482e+04 cycle=119500 time=4.124343e+00 dt=3.396434e-05
elapsed=1.277768e+04 cycle=119600 time=4.127745e+00 dt=3.450859e-05
elapsed=1.279052e+04 cycle=119700 time=4.131286e+00 dt=3.645167e-05
elapsed=1.280340e+04 cycle=119800 time=4.134915e+00 dt=3.586928e-05
elapsed=1.281627e+04 cycle=119900 time=4.138465e+00 dt=3.513597e-05
elapsed=1.282349e+04 cycle=120000 time=4.141950e+00 dt=3.474120e-05
elapsed=1.282620e+04 cycle=120100 time=4.145429e+00 dt=3.480286e-05
elapsed=1.282880e+04 cycle=120200 time=4.148912e+00 dt=3.488129e-05
elapsed=1.283140e+04 cycle=120300 time=4.152407e+00 dt=3.492125e-05
elapsed=1.283403e+04 cycle=120400 time=4.155923e+00 dt=3.565748e-05
elapsed=1.283662e+04 cycle=120500 time=4.159515e+00 dt=3.598226e-05
elapsed=1.283929e+04 cycle=120600 time=4.163082e+00 dt=3.515841e-05
elapsed=1.284196e+04 cycle=120700 time=4.166386e+00 dt=3.152581e-05
elapsed=1.284461e+04 cycle=120800 time=4.169503e+00 dt=3.098502e-05
elapsed=1.284728e+04 cycle=120900 time=4.172576e+00 dt=3.056125e-05
elapsed=1.284983e+04 cycle=121000 time=4.175625e+00 dt=3.039583e-05
elapsed=1.285250e+04 cycle=121100 time=4.178664e+00 dt=2.990088e-05
elapsed=1.285512e+04 cycle=121200 time=4.181617e+00 dt=2.913076e-05
elapsed=1.285781e+04 cycle=121300 time=4.184473e+00 dt=2.815128e-05
elapsed=1.286049e+04 cycle=121400 time=4.187211e+00 dt=2.693125e-05
elapsed=1.286313e+04 cycle=121500 time=4.189996e+00 dt=2.918629e-05
elapsed=1.286578e+04 cycle=121600 time=4.192880e+00 dt=2.753590e-05
elapsed=1.286846e+04 cycle=121700 time=4.195493e+00 dt=2.517603e-05
elapsed=1.287115e+04 cycle=121800 time=4.197980e+00 dt=2.469154e-05
elapsed=1.287526e+04 cycle=121900 time=4.200430e+00 dt=2.522295e-05
elapsed=1.288637e+04 cycle=122000 time=4.203336e+00 dt=3.038810e-05
elapsed=1.289760e+04 cycle=122100 time=4.206353e+00 dt=2.980521e-05
elapsed=1.290875e+04 cycle=122200 time=4.209274e+00 dt=2.852949e-05
elapsed=1.291997e+04 cycle=122300 time=4.212153e+00 dt=2.896008e-05
elapsed=1.293110e+04 cycle=122400 time=4.215016e+00 dt=2.837794e-05
elapsed=1.294220e+04 cycle=122500 time=4.217827e+00 dt=2.809357e-05
elapsed=1.295332e+04 cycle=122600 time=4.220665e+00 dt=2.886162e-05
elapsed=1.296448e+04 cycle=122700 time=4.223584e+00 dt=2.921862e-05
elapsed=1.297559e+04 cycle=122800 time=4.226540e+00 dt=3.048398e-05
elapsed=1.298672e+04 cycle=122900 time=4.229698e+00 dt=3.351556e-05
elapsed=1.299784e+04 cycle=123000 time=4.233218e+00 dt=3.469206e-05
elapsed=1.300899e+04 cycle=123100 time=4.236649e+00 dt=3.342540e-05
elapsed=1.302008e+04 cycle=123200 time=4.239949e+00 dt=3.299629e-05
elapsed=1.303120e+04 cycle=123300 time=4.243265e+00 dt=3.299346e-05
elapsed=1.304235e+04 cycle=123400 time=4.246545e+00 dt=3.219448e-05
elapsed=1.305347e+04 cycle=123500 time=4.249743e+00 dt=3.234286e-05
elapsed=1.306458e+04 cycle=123600 time=4.252936e+00 dt=3.158094e-05
elapsed=1.307572e+04 cycle=123700 time=4.256095e+00 dt=3.182588e-05
elapsed=1.308685e+04 cycle=123800 time=4.259299e+00 dt=3.228019e-05
elapsed=1.309808e+04 cycle=123900 time=4.262577e+00 dt=3.323139e-05
elapsed=1.310919e+04 cycle=124000 time=4.265922e+00 dt=3.346677e-05
elapsed=1.312031e+04 cycle=124100 time=4.269275e+00 dt=3.327266e-05
elapsed=1.313157e+04 cycle=124200 time=4.272526e+00 dt=3.190446e-05
elapsed=1.314268e+04 cycle=124300 time=4.275660e+00 dt=3.081841e-05
elapsed=1.315380e+04 cycle=124400 time=4.278656e+00 dt=2.993468e-05
elapsed=1.316493e+04 cycle=124500 time=4.281853e+00 dt=3.274608e-05
elapsed=1.317606e+04 cycle=124600 time=4.285101e+00 dt=3.196751e-05
elapsed=1.318717e+04 cycle=124700 time=4.288288e+00 dt=3.141098e-05
elapsed=1.319832e+04 cycle=124800 time=4.291256e+00 dt=3.027720e-05
elapsed=1.320949e+04 cycle=124900 time=4.294239e+00 dt=3.143187e-05
elapsed=1.322065e+04 cycle=125000 time=4.297252e+00 dt=2.886005e-05
elapsed=1.323184e+04 cycle=125100 time=4.300240e+00 dt=3.282813e-05
elapsed=1.324293e+04 cycle=125200 time=4.303518e+00 dt=3.273875e-05
elapsed=1.325404e+04 cycle=125300 time=4.306792e+00 dt=3.273754e-05
elapsed=1.326518e+04 cycle=125400 time=4.310071e+00 dt=3.287810e-05
elapsed=1.327628e+04 cycle=125500 time=4.313357e+00 dt=3.286682e-05
elapsed=1.328742e+04 cycle=125600 time=4.316664e+00 dt=3.340587e-05
elapsed=1.329858e+04 cycle=125700 time=4.320021e+00 dt=3.367196e-05
elapsed=1.330976e+04 cycle=125800 time=4.323394e+00 dt=3.383293e-05
elapsed=1.332089e+04 cycle=125900 time=4.326786e+00 dt=3.409921e-05
elapsed=1.333207e+04 cycle=126000 time=4.330212e+00 dt=3.434785e-05
elapsed=1.334314e+04 cycle=126100 time=4.333655e+00 dt=3.459680e-05
elapsed=1.335427e+04 cycle=126200 time=4.337122e+00 dt=3.475554e-05
elapsed=1.336543e+04 cycle=126300 time=4.340605e+00 dt=3.494483e-05
elapsed=1.337652e+04 cycle=126400 time=4.344106e+00 dt=3.502728e-05
elapsed=1.338766e+04 cycle=126500 time=4.347598e+00 dt=3.484497e-05
elapsed=1.339880e+04 cycle=126600 time=4.351060e+00 dt=3.396435e-05
elapsed=1.340988e+04 cycle=126700 time=4.354391e+00 dt=3.267001e-05
elapsed=1.342102e+04 cycle=126800 time=4.357604e+00 dt=3.166021e-05
elapsed=1.343215e+04 cycle=126900 time=4.360741e+00 dt=3.137518e-05
elapsed=1.344338e+04 cycle=127000 time=4.363869e+00 dt=3.151439e-05
elapsed=1.345452e+04 cycle=127100 time=4.367007e+00 dt=3.131428e-05
elapsed=1.346589e+04 cycle=127200 time=4.370122e+00 dt=3.094443e-05
elapsed=1.347699e+04 cycle=127300 time=4.373213e+00 dt=3.086037e-05
elapsed=1.348809e+04 cycle=127400 time=4.376335e+00 dt=3.153408e-05
elapsed=1.349924e+04 cycle=127500 time=4.379558e+00 dt=3.310789e-05
elapsed=1.351047e+04 cycle=127600 time=4.382962e+00 dt=3.507354e-05
elapsed=1.352160e+04 cycle=127700 time=4.386401e+00 dt=3.363603e-05
elapsed=1.353271e+04 cycle=127800 time=4.389731e+00 dt=3.309634e-05
elapsed=1.354386e+04 cycle=127900 time=4.393047e+00 dt=3.329735e-05
elapsed=1.355496e+04 cycle=128000 time=4.396406e+00 dt=3.384339e-05
elapsed=1.356607e+04 cycle=128100 time=4.399773e+00 dt=3.335874e-05
elapsed=1.357720e+04 cycle=128200 time=4.403076e+00 dt=3.265896e-05
elapsed=1.358835e+04 cycle=128300 time=4.406313e+00 dt=3.227426e-05
elapsed=1.359946e+04 cycle=128400 time=4.409586e+00 dt=3.272545e-05
elapsed=1.361059e+04 cycle=128500 time=4.412832e+00 dt=3.211699e-05
elapsed=1.362170e+04 cycle=128600 time=4.416031e+00 dt=3.185469e-05
elapsed=1.363285e+04 cycle=128700 time=4.419238e+00 dt=3.233141e-05
elapsed=1.364398e+04 cycle=128800 time=4.422507e+00 dt=3.292665e-05
elapsed=1.365507e+04 cycle=128900 time=4.425813e+00 dt=3.292382e-05
elapsed=1.366623e+04 cycle=129000 time=4.429105e+00 dt=3.281823e-05
elapsed=1.367734e+04 cycle=129100 time=4.432395e+00 dt=3.311876e-05
elapsed=1.368847e+04 cycle=129200 time=4.435721e+00 dt=3.327365e-05
elapsed=1.369959e+04 cycle=129300 time=4.439049e+00 dt=3.336187e-05
elapsed=1.371071e+04 cycle=129400 time=4.442277e+00 dt=3.243708e-05
elapsed=1.372185e+04 cycle=129500 time=4.445607e+00 dt=3.449662e-05
elapsed=1.373298e+04 cycle=129600 time=4.449029e+00 dt=3.395530e-05
elapsed=1.374410e+04 cycle=129700 time=4.452446e+00 dt=3.425605e-05
elapsed=1.375522e+04 cycle=129800 time=4.455870e+00 dt=3.410142e-05
elapsed=1.376632e+04 cycle=129900 time=4.459270e+00 dt=3.390936e-05
elapsed=1.377747e+04 cycle=130000 time=4.462657e+00 dt=3.389177e-05
elapsed=1.378860e+04 cycle=130100 time=4.466044e+00 dt=3.381504e-05
elapsed=1.379971e+04 cycle=130200 time=4.469412e+00 dt=3.348529e-05
elapsed=1.381096e+04 cycle=130300 time=4.472758e+00 dt=3.345186e-05
elapsed=1.382206e+04 cycle=130400 time=4.476115e+00 dt=3.370883e-05
elapsed=1.383328e+04 cycle=130500 time=4.479492e+00 dt=3.386841e-05
elapsed=1.384444e+04 cycle=130600 time=4.482886e+00 dt=3.405278e-05
elapsed=1.385555e+04 cycle=130700 time=4.486305e+00 dt=3.452816e-05
elapsed=1.386667e+04 cycle=130800 time=4.489775e+00 dt=3.481186e-05
elapsed=1.387780e+04 cycle=130900 time=4.493264e+00 dt=3.486894e-05
elapsed=1.388894e+04 cycle=131000 time=4.496720e+00 dt=3.440795e-05
elapsed=1.390008e+04 cycle=131100 time=4.500150e+00 dt=3.451035e-05
elapsed=1.391117e+04 cycle=131200 time=4.503593e+00 dt=3.355395e-05
elapsed=1.392239e+04 cycle=131300 time=4.506882e+00 dt=3.326647e-05
elapsed=1.393355e+04 cycle=131400 time=4.510171e+00 dt=3.259566e-05
elapsed=1.394478e+04 cycle=131500 time=4.513400e+00 dt=3.202260e-05
elapsed=1.395591e+04 cycle=131600 time=4.516571e+00 dt=3.133563e-05
elapsed=1.396704e+04 cycle=131700 time=4.519662e+00 dt=3.048834e-05
elapsed=1.397825e+04 cycle=131800 time=4.522703e+00 dt=3.042432e-05
elapsed=1.398941e+04 cycle=131900 time=4.525733e+00 dt=3.010962e-05
elapsed=1.400053e+04 cycle=132000 time=4.528736e+00 dt=2.985092e-05
elapsed=1.401170e+04 cycle=132100 time=4.531825e+00 dt=3.148515e-05
elapsed=1.402288e+04 cycle=132200 time=4.534958e+00 dt=3.088185e-05
elapsed=1.403400e+04 cycle=132300 time=4.538014e+00 dt=3.017489e-05
elapsed=1.404513e+04 cycle=132400 time=4.541051e+00 dt=3.063144e-05
elapsed=1.405624e+04 cycle=132500 time=4.544175e+00 dt=3.184474e-05
elapsed=1.406738e+04 cycle=132600 time=4.547368e+00 dt=3.186845e-05
elapsed=1.407852e+04 cycle=132700 time=4.550559e+00 dt=3.194831e-05
elapsed=1.408964e+04 cycle=132800 time=4.553723e+00 dt=3.094466e-05
elapsed=1.410076e+04 cycle=132900 time=4.556819e+00 dt=3.134119e-05
elapsed=1.411189e+04 cycle=133000 time=4.560029e+00 dt=3.287899e-05
elapsed=1.412299e+04 cycle=133100 time=4.563351e+00 dt=3.336744e-05
elapsed=1.413413e+04 cycle=133200 time=4.566687e+00 dt=3.375573e-05
elapsed=1.414525e+04 cycle=133300 time=4.569973e+00 dt=3.228083e-05
elapsed=1.415637e+04 cycle=133400 time=4.573120e+00 dt=3.056302e-05
elapsed=1.416749e+04 cycle=133500 time=4.576117e+00 dt=2.949776e-05
elapsed=1.417864e+04 cycle=133600 time=4.579077e+00 dt=3.002743e-05
elapsed=1.418972e+04 cycle=133700 time=4.582161e+00 dt=3.220286e-05
elapsed=1.420088e+04 cycle=133800 time=4.585531e+00 dt=3.435785e-05
elapsed=1.421199e+04 cycle=133900 time=4.588887e+00 dt=3.291864e-05
elapsed=1.422311e+04 cycle=134000 time=4.592144e+00 dt=3.237122e-05
elapsed=1.423425e+04 cycle=134100 time=4.595456e+00 dt=3.405967e-05
elapsed=1.424536e+04 cycle=134200 time=4.598852e+00 dt=3.396071e-05
elapsed=1.425648e+04 cycle=134300 time=4.602251e+00 dt=3.390493e-05
elapsed=1.426762e+04 cycle=134400 time=4.605624e+00 dt=3.351039e-05
elapsed=1.427876e+04 cycle=134500 time=4.608948e+00 dt=3.281437e-05
elapsed=1.428988e+04 cycle=134600 time=4.612198e+00 dt=3.275512e-05
elapsed=1.430100e+04 cycle=134700 time=4.615557e+00 dt=3.460673e-05
elapsed=1.431210e+04 cycle=134800 time=4.619019e+00 dt=3.446888e-05
elapsed=1.432323e+04 cycle=134900 time=4.622481e+00 dt=3.498178e-05
elapsed=1.433439e+04 cycle=135000 time=4.625980e+00 dt=3.469702e-05
elapsed=1.434548e+04 cycle=135100 time=4.629325e+00 dt=3.202126e-05
elapsed=1.435660e+04 cycle=135200 time=4.632601e+00 dt=3.482202e-05
elapsed=1.436774e+04 cycle=135300 time=4.636069e+00 dt=3.467572e-05
elapsed=1.437887e+04 cycle=135400 time=4.639561e+00 dt=3.511927e-05
elapsed=1.439001e+04 cycle=135500 time=4.643063e+00 dt=3.505479e-05
elapsed=1.440110e+04 cycle=135600 time=4.646587e+00 dt=3.542885e-05
elapsed=1.441224e+04 cycle=135700 time=4.650128e+00 dt=3.516666e-05
elapsed=1.442335e+04 cycle=135800 time=4.653617e+00 dt=3.470631e-05
elapsed=1.443449e+04 cycle=135900 time=4.657065e+00 dt=3.403203e-05
elapsed=1.444565e+04 cycle=136000 time=4.660414e+00 dt=3.287921e-05
elapsed=1.445674e+04 cycle=136100 time=4.663645e+00 dt=3.173039e-05
elapsed=1.446786e+04 cycle=136200 time=4.666768e+00 dt=3.079043e-05
elapsed=1.447898e+04 cycle=136300 time=4.669820e+00 dt=3.032414e-05
elapsed=1.449009e+04 cycle=136400 time=4.672890e+00 dt=3.097506e-05
elapsed=1.450123e+04 cycle=136500 time=4.676142e+00 dt=3.357264e-05
elapsed=1.451237e+04 cycle=136600 time=4.679496e+00 dt=3.366247e-05
elapsed=1.452359e+04 cycle=136700 time=4.682904e+00 dt=3.430972e-05
elapsed=1.453471e+04 cycle=136800 time=4.686326e+00 dt=3.405650e-05
elapsed=1.454585e+04 cycle=136900 time=4.689707e+00 dt=3.356564e-05
elapsed=1.455706e+04 cycle=137000 time=4.693031e+00 dt=3.243561e-05
elapsed=1.456818e+04 cycle=137100 time=4.696212e+00 dt=3.126687e-05
elapsed=1.457931e+04 cycle=137200 time=4.699444e+00 dt=3.404313e-05
elapsed=1.459045e+04 cycle=137300 time=4.702827e+00 dt=3.329047e-05
elapsed=1.460156e+04 cycle=137400 time=4.706110e+00 dt=3.233936e-05
elapsed=1.461270e+04 cycle=137500 time=4.709315e+00 dt=3.175768e-05
elapsed=1.462385e+04 cycle=137600 time=4.712486e+00 dt=3.180152e-05
elapsed=1.463505e+04 cycle=137700 time=4.715646e+00 dt=3.148332e-05
elapsed=1.464620e+04 cycle=137800 time=4.718738e+00 dt=3.069017e-05
elapsed=1.465734e+04 cycle=137900 time=4.721824e+00 dt=3.118052e-05
elapsed=1.466847e+04 cycle=138000 time=4.724913e+00 dt=3.001698e-05
elapsed=1.467955e+04 cycle=138100 time=4.727757e+00 dt=2.752678e-05
elapsed=1.469068e+04 cycle=138200 time=4.730704e+00 dt=3.114414e-05
elapsed=1.470180e+04 cycle=138300 time=4.733758e+00 dt=3.032925e-05
elapsed=1.471294e+04 cycle=138400 time=4.736811e+00 dt=3.061906e-05
elapsed=1.472405e+04 cycle=138500 time=4.739958e+00 dt=3.154738e-05
elapsed=1.473526e+04 cycle=138600 time=4.743056e+00 dt=3.162433e-05
elapsed=1.474641e+04 cycle=138700 time=4.746369e+00 dt=3.344663e-05
elapsed=1.475747e+04 cycle=138800 time=4.749563e+00 dt=3.104159e-05
elapsed=1.476859e+04 cycle=138900 time=4.752898e+00 dt=3.341087e-05
elapsed=1.477967e+04 cycle=139000 time=4.756209e+00 dt=3.305660e-05
elapsed=1.479081e+04 cycle=139100 time=4.759617e+00 dt=3.480030e-05
elapsed=1.480204e+04 cycle=139200 time=4.763106e+00 dt=3.466014e-05
elapsed=1.481316e+04 cycle=139300 time=4.766548e+00 dt=3.416164e-05
elapsed=1.482430e+04 cycle=139400 time=4.769940e+00 dt=3.394883e-05
elapsed=1.483539e+04 cycle=139500 time=4.773269e+00 dt=3.242750e-05
elapsed=1.484656e+04 cycle=139600 time=4.776499e+00 dt=3.226768e-05
elapsed=1.485765e+04 cycle=139700 time=4.779810e+00 dt=3.375791e-05
elapsed=1.486880e+04 cycle=139800 time=4.783243e+00 dt=3.366130e-05
elapsed=1.487995e+04 cycle=139900 time=4.786655e+00 dt=3.481624e-05
elapsed=1.489104e+04 cycle=140000 time=4.790129e+00 dt=3.457717e-05
elapsed=1.490212e+04 cycle=140100 time=4.793495e+00 dt=3.298439e-05
elapsed=1.491329e+04 cycle=140200 time=4.796847e+00 dt=3.417570e-05
elapsed=1.492442e+04 cycle=140300 time=4.800250e+00 dt=3.387366e-05
elapsed=1.493555e+04 cycle=140400 time=4.803631e+00 dt=3.370832e-05
elapsed=1.494668e+04 cycle=140500 time=4.806983e+00 dt=3.310520e-05
elapsed=1.495784e+04 cycle=140600 time=4.810200e+00 dt=3.087019e-05
elapsed=1.496892e+04 cycle=140700 time=4.813162e+00 dt=2.801006e-05
elapsed=1.498004e+04 cycle=140800 time=4.815833e+00 dt=2.531779e-05
elapsed=1.499117e+04 cycle=140900 time=4.818444e+00 dt=2.843270e-05
elapsed=1.500228e+04 cycle=141000 time=4.821514e+00 dt=3.315109e-05
elapsed=1.501345e+04 cycle=141100 time=4.824951e+00 dt=3.408154e-05
elapsed=1.502449e+04 cycle=141200 time=4.828322e+00 dt=3.304239e-05
elapsed=1.503568e+04 cycle=141300 time=4.831565e+00 dt=3.188357e-05
elapsed=1.504680e+04 cycle=141400 time=4.834861e+00 dt=3.331081e-05
elapsed=1.505795e+04 cycle=141500 time=4.838171e+00 dt=3.298866e-05
elapsed=1.506905e+04 cycle=141600 time=4.841469e+00 dt=3.299175e-05
elapsed=1.508017e+04 cycle=141700 time=4.844758e+00 dt=3.265151e-05
elapsed=1.509129e+04 cycle=141800 time=4.848002e+00 dt=3.223978e-05
elapsed=1.510241e+04 cycle=141900 time=4.851214e+00 dt=3.192549e-05
elapsed=1.511352e+04 cycle=142000 time=4.854376e+00 dt=3.106666e-05
elapsed=1.512465e+04 cycle=142100 time=4.857439e+00 dt=3.016012e-05
elapsed=1.513582e+04 cycle=142200 time=4.860423e+00 dt=2.949023e-05
elapsed=1.514704e+04 cycle=142300 time=4.863354e+00 dt=2.927670e-05
elapsed=1.515819e+04 cycle=142400 time=4.866254e+00 dt=2.872078e-05
elapsed=1.516926e+04 cycle=142500 time=4.869100e+00 dt=2.832133e-05
elapsed=1.518040e+04 cycle=142600 time=4.871982e+00 dt=2.985170e-05
elapsed=1.519151e+04 cycle=142700 time=4.875090e+00 dt=3.197482e-05
elapsed=1.520265e+04 cycle=142800 time=4.878277e+00 dt=3.146402e-05
elapsed=1.521396e+04 cycle=142900 time=4.881382e+00 dt=3.072092e-05
elapsed=1.522510e+04 cycle=143000 time=4.884514e+00 dt=3.239308e-05
elapsed=1.523617e+04 cycle=143100 time=4.887863e+00 dt=3.407738e-05
elapsed=1.524725e+04 cycle=143200 time=4.891229e+00 dt=3.360875e-05
elapsed=1.525812e+04 cycle=143300 time=4.894677e+00 dt=3.512127e-05
elapsed=1.526908e+04 cycle=143400 time=4.898166e+00 dt=3.448263e-05
elapsed=1.527992e+04 cycle=143500 time=4.901575e+00 dt=3.368391e-05
elapsed=1.529076e+04 cycle=143600 time=4.904893e+00 dt=3.263047e-05
elapsed=1.530151e+04 cycle=143700 time=4.908098e+00 dt=3.126155e-05
elapsed=1.531218e+04 cycle=143800 time=4.911194e+00 dt=3.148368e-05
elapsed=1.532270e+04 cycle=143900 time=4.914594e+00 dt=3.630053e-05
elapsed=1.533306e+04 cycle=144000 time=4.918205e+00 dt=3.586626e-05
elapsed=1.534345e+04 cycle=144100 time=4.921756e+00 dt=3.506540e-05
elapsed=1.535372e+04 cycle=144200 time=4.925203e+00 dt=3.403625e-05
elapsed=1.536393e+04 cycle=144300 time=4.928559e+00 dt=3.310092e-05
elapsed=1.537412e+04 cycle=144400 time=4.931826e+00 dt=3.231250e-05
elapsed=1.538434e+04 cycle=144500 time=4.935021e+00 dt=3.166694e-05
elapsed=1.539441e+04 cycle=144600 time=4.938085e+00 dt=2.972716e-05
elapsed=1.540457e+04 cycle=144700 time=4.941080e+00 dt=3.185793e-05
elapsed=1.541452e+04 cycle=144800 time=4.944287e+00 dt=3.229187e-05
elapsed=1.542453e+04 cycle=144900 time=4.947527e+00 dt=3.238009e-05
elapsed=1.543454e+04 cycle=145000 time=4.950754e+00 dt=3.234490e-05
elapsed=1.544454e+04 cycle=145100 time=4.954017e+00 dt=3.305161e-05
elapsed=1.545443e+04 cycle=145200 time=4.957352e+00 dt=3.378749e-05
elapsed=1.546420e+04 cycle=145300 time=4.960752e+00 dt=3.435132e-05
elapsed=1.547404e+04 cycle=145400 time=4.964207e+00 dt=3.444239e-05
elapsed=1.548378e+04 cycle=145500 time=4.967574e+00 dt=3.305401e-05
elapsed=1.549357e+04 cycle=145600 time=4.970846e+00 dt=3.267203e-05
elapsed=1.550319e+04 cycle=145700 time=4.974189e+00 dt=3.449840e-05
elapsed=1.551289e+04 cycle=145800 time=4.977621e+00 dt=3.432930e-05
elapsed=1.552266e+04 cycle=145900 time=4.980982e+00 dt=3.280110e-05
elapsed=1.553240e+04 cycle=146000 time=4.984191e+00 dt=3.116599e-05
elapsed=1.554203e+04 cycle=146100 time=4.987291e+00 dt=3.097483e-05
elapsed=1.555166e+04 cycle=146200 time=4.990339e+00 dt=2.982630e-05
elapsed=1.556126e+04 cycle=146300 time=4.993204e+00 dt=2.722613e-05
elapsed=1.557076e+04 cycle=146400 time=4.995817e+00 dt=2.683214e-05
elapsed=1.558032e+04 cycle=146500 time=4.998973e+00 dt=3.305546e-05
elapsed=1.558991e+04 cycle=146600 time=5.002248e+00 dt=3.239882e-05
elapsed=1.559939e+04 cycle=146700 time=5.005466e+00 dt=3.194627e-05
elapsed=1.560886e+04 cycle=146800 time=5.008649e+00 dt=3.172015e-05
elapsed=1.561839e+04 cycle=146900 time=5.011806e+00 dt=3.091172e-05
elapsed=1.562772e+04 cycle=147000 time=5.014875e+00 dt=3.124386e-05
elapsed=1.563706e+04 cycle=147100 time=5.018021e+00 dt=3.165360e-05
elapsed=1.564836e+04 cycle=147200 time=5.021084e+00 dt=2.891943e-05
elapsed=1.565790e+04 cycle=147300 time=5.023886e+00 dt=2.742893e-05
elapsed=1.566709e+04 cycle=147400 time=5.026642e+00 dt=2.850246e-05
elapsed=1.567629e+04 cycle=147500 time=5.029518e+00 dt=2.947279e-05
elapsed=1.568559e+04 cycle=147600 time=5.032564e+00 dt=3.121686e-05
elapsed=1.569489e+04 cycle=147700 time=5.035698e+00 dt=3.185835e-05
elapsed=1.570433e+04 cycle=147800 time=5.038787e+00 dt=3.057270e-05
elapsed=1.571369e+04 cycle=147900 time=5.041792e+00 dt=2.860575e-05
elapsed=1.572435e+04 cycle=148000 time=5.044669e+00 dt=3.018282e-05
elapsed=1.573478e+04 cycle=148100 time=5.047805e+00 dt=3.082681e-05
elapsed=1.574446e+04 cycle=148200 time=5.050807e+00 dt=2.871994e-05
elapsed=1.575366e+04 cycle=148300 time=5.053791e+00 dt=3.213901e-05
elapsed=1.576303e+04 cycle=148400 time=5.057246e+00 dt=3.603278e-05
elapsed=1.577232e+04 cycle=148500 time=5.060858e+00 dt=3.575201e-05
elapsed=1.578152e+04 cycle=148600 time=5.064372e+00 dt=3.448909e-05
elapsed=1.579088e+04 cycle=148700 time=5.067777e+00 dt=3.411963e-05
elapsed=1.580174e+04 cycle=148800 time=5.071168e+00 dt=3.360877e-05
elapsed=1.581145e+04 cycle=148900 time=5.074508e+00 dt=3.316142e-05
elapsed=1.582072e+04 cycle=149000 time=5.077812e+00 dt=3.288376e-05
elapsed=1.583009e+04 cycle=149100 time=5.081097e+00 dt=3.267002e-05
elapsed=1.583936e+04 cycle=149200 time=5.084350e+00 dt=3.204522e-05
elapsed=1.584868e+04 cycle=149300 time=5.087459e+00 dt=3.015578e-05
elapsed=1.585810e+04 cycle=149400 time=5.090358e+00 dt=2.792298e-05
elapsed=1.586760e+04 cycle=149500 time=5.093087e+00 dt=2.693900e-05
elapsed=1.587691e+04 cycle=149600 time=5.095809e+00 dt=2.772309e-05
elapsed=1.588636e+04 cycle=149700 time=5.098828e+00 dt=3.354230e-05
elapsed=1.589587e+04 cycle=149800 time=5.102246e+00 dt=3.347704e-05
elapsed=1.590529e+04 cycle=149900 time=5.105510e+00 dt=3.165162e-05
elapsed=1.591476e+04 cycle=150000 time=5.108607e+00 dt=3.020556e-05
elapsed=1.592423e+04 cycle=150100 time=5.111570e+00 dt=2.895498e-05
elapsed=1.593369e+04 cycle=150200 time=5.114400e+00 dt=2.766658e-05
elapsed=1.594339e+04 cycle=150300 time=5.117171e+00 dt=2.832496e-05
elapsed=1.595291e+04 cycle=150400 time=5.120272e+00 dt=3.242276e-05
elapsed=1.596240e+04 cycle=150500 time=5.123490e+00 dt=3.192251e-05
elapsed=1.597191e+04 cycle=150600 time=5.126660e+00 dt=3.143885e-05
elapsed=1.598144e+04 cycle=150700 time=5.129802e+00 dt=3.137488e-05
elapsed=1.599102e+04 cycle=150800 time=5.133004e+00 dt=3.301268e-05
elapsed=1.600050e+04 cycle=150900 time=5.136333e+00 dt=3.261148e-05
elapsed=1.600998e+04 cycle=151000 time=5.139576e+00 dt=3.245528e-05
elapsed=1.601953e+04 cycle=151100 time=5.142846e+00 dt=3.405428e-05
elapsed=1.602907e+04 cycle=151200 time=5.146245e+00 dt=3.383413e-05
elapsed=1.603853e+04 cycle=151300 time=5.149515e+00 dt=3.144008e-05
elapsed=1.604792e+04 cycle=151400 time=5.152620e+00 dt=3.103851e-05
elapsed=1.605743e+04 cycle=151500 time=5.155703e+00 dt=3.054935e-05
elapsed=1.606684e+04 cycle=151600 time=5.158762e+00 dt=3.059058e-05
elapsed=1.607630e+04 cycle=151700 time=5.161858e+00 dt=3.182973e-05
elapsed=1.608580e+04 cycle=151800 time=5.165172e+00 dt=3.349004e-05
elapsed=1.609661e+04 cycle=151900 time=5.168523e+00 dt=3.342154e-05
elapsed=1.610702e+04 cycle=152000 time=5.171857e+00 dt=3.320262e-05
elapsed=1.611637e+04 cycle=152100 time=5.175153e+00 dt=3.274578e-05
elapsed=1.612561e+04 cycle=152200 time=5.178416e+00 dt=3.258474e-05
elapsed=1.613506e+04 cycle=152300 time=5.181670e+00 dt=3.255801e-05
elapsed=1.614446e+04 cycle=152400 time=5.184958e+00 dt=3.337708e-05
elapsed=1.615518e+04 cycle=152500 time=5.188334e+00 dt=3.381444e-05
elapsed=1.616513e+04 cycle=152600 time=5.191691e+00 dt=3.254066e-05
elapsed=1.617434e+04 cycle=152700 time=5.194871e+00 dt=3.291158e-05
elapsed=1.618362e+04 cycle=152800 time=5.198272e+00 dt=3.405087e-05
elapsed=1.619308e+04 cycle=152900 time=5.201676e+00 dt=3.394872e-05
elapsed=1.620253e+04 cycle=153000 time=5.205077e+00 dt=3.422249e-05
elapsed=1.621338e+04 cycle=153100 time=5.208512e+00 dt=3.388587e-05
elapsed=1.622363e+04 cycle=153200 time=5.211863e+00 dt=3.313036e-05
elapsed=1.623299e+04 cycle=153300 time=5.215132e+00 dt=3.223197e-05
elapsed=1.624242e+04 cycle=153400 time=5.218327e+00 dt=3.179037e-05
elapsed=1.625184e+04 cycle=153500 time=5.221491e+00 dt=3.144900e-05
elapsed=1.626125e+04 cycle=153600 time=5.224633e+00 dt=3.158867e-05
elapsed=1.627063e+04 cycle=153700 time=5.227807e+00 dt=3.181039e-05
elapsed=1.628016e+04 cycle=153800 time=5.230991e+00 dt=3.139843e-05
elapsed=1.628960e+04 cycle=153900 time=5.234059e+00 dt=2.981395e-05
elapsed=1.629913e+04 cycle=154000 time=5.236958e+00 dt=2.856027e-05
elapsed=1.630852e+04 cycle=154100 time=5.239945e+00 dt=3.128386e-05
elapsed=1.631798e+04 cycle=154200 time=5.243133e+00 dt=3.167470e-05
elapsed=1.632751e+04 cycle=154300 time=5.246306e+00 dt=3.125340e-05
elapsed=1.633705e+04 cycle=154400 time=5.249362e+00 dt=2.965832e-05
elapsed=1.634654e+04 cycle=154500 time=5.252250e+00 dt=2.816963e-05
elapsed=1.635600e+04 cycle=154600 time=5.255198e+00 dt=3.326524e-05
elapsed=1.636550e+04 cycle=154700 time=5.258631e+00 dt=3.390852e-05
elapsed=1.637499e+04 cycle=154800 time=5.262009e+00 dt=3.387207e-05
elapsed=1.638455e+04 cycle=154900 time=5.265413e+00 dt=3.359219e-05
elapsed=1.639400e+04 cycle=155000 time=5.268766e+00 dt=3.315533e-05
elapsed=1.640347e+04 cycle=155100 time=5.272050e+00 dt=3.261679e-05
elapsed=1.641291e+04 cycle=155200 time=5.275283e+00 dt=3.228666e-05
elapsed=1.642235e+04 cycle=155300 time=5.278488e+00 dt=3.182205e-05
elapsed=1.643183e+04 cycle=155400 time=5.281663e+00 dt=3.166724e-05
elapsed=1.644128e+04 cycle=155500 time=5.284856e+00 dt=3.217756e-05
elapsed=1.645084e+04 cycle=155600 time=5.288099e+00 dt=3.230233e-05
elapsed=1.646041e+04 cycle=155700 time=5.291274e+00 dt=3.208659e-05
elapsed=1.646989e+04 cycle=155800 time=5.294587e+00 dt=3.340429e-05
elapsed=1.647933e+04 cycle=155900 time=5.297901e+00 dt=3.298412e-05
elapsed=1.648894e+04 cycle=156000 time=5.301236e+00 dt=3.355922e-05
elapsed=1.649838e+04 cycle=156100 time=5.304622e+00 dt=3.392476e-05
elapsed=1.650785e+04 cycle=156200 time=5.308054e+00 dt=3.438187e-05
elapsed=1.651738e+04 cycle=156300 time=5.311429e+00 dt=3.311699e-05
elapsed=1.652687e+04 cycle=156400 time=5.314672e+00 dt=3.164975e-05
elapsed=1.653633e+04 cycle=156500 time=5.317781e+00 dt=3.081200e-05
elapsed=1.654590e+04 cycle=156600 time=5.320999e+00 dt=3.285951e-05
elapsed=1.655540e+04 cycle=156700 time=5.324282e+00 dt=3.265081e-05
elapsed=1.656491e+04 cycle=156800 time=5.327557e+00 dt=3.329435e-05
elapsed=1.657446e+04 cycle=156900 time=5.330853e+00 dt=3.242169e-05
elapsed=1.658394e+04 cycle=157000 time=5.334075e+00 dt=3.230295e-05
elapsed=1.659346e+04 cycle=157100 time=5.337362e+00 dt=3.343788e-05
elapsed=1.660297e+04 cycle=157200 time=5.340682e+00 dt=3.271232e-05
elapsed=1.661247e+04 cycle=157300 time=5.343899e+00 dt=3.163700e-05
elapsed=1.662202e+04 cycle=157400 time=5.347014e+00 dt=3.066060e-05
elapsed=1.663152e+04 cycle=157500 time=5.350054e+00 dt=3.053465e-05
elapsed=1.664098e+04 cycle=157600 time=5.353234e+00 dt=3.377023e-05
elapsed=1.665048e+04 cycle=157700 time=5.356777e+00 dt=3.639748e-05
elapsed=1.666005e+04 cycle=157800 time=5.360361e+00 dt=3.520624e-05
elapsed=1.666957e+04 cycle=157900 time=5.363790e+00 dt=3.275129e-05
elapsed=1.667908e+04 cycle=158000 time=5.366916e+00 dt=3.277959e-05
elapsed=1.668868e+04 cycle=158100 time=5.370387e+00 dt=3.502461e-05
elapsed=1.669821e+04 cycle=158200 time=5.373883e+00 dt=3.500643e-05
elapsed=1.670776e+04 cycle=158300 time=5.377407e+00 dt=3.518520e-05
elapsed=1.671734e+04 cycle=158400 time=5.380882e+00 dt=3.453038e-05
elapsed=1.672683e+04 cycle=158500 time=5.384342e+00 dt=3.455020e-05
elapsed=1.673643e+04 cycle=158600 time=5.387803e+00 dt=3.471814e-05
elapsed=1.674603e+04 cycle=158700 time=5.391294e+00 dt=3.506207e-05
elapsed=1.675564e+04 cycle=158800 time=5.394800e+00 dt=3.525354e-05
elapsed=1.676528e+04 cycle=158900 time=5.398316e+00 dt=3.509749e-05
elapsed=1.677493e+04 cycle=159000 time=5.401789e+00 dt=3.443722e-05
elapsed=1.678459e+04 cycle=159100 time=5.405212e+00 dt=3.406402e-05
elapsed=1.679420e+04 cycle=159200 time=5.408600e+00 dt=3.377778e-05
elapsed=1.680008e+04 cycle=159300 time=5.412027e+00 dt=3.470035e-05
elapsed=1.680303e+04 cycle=159400 time=5.415441e+00 dt=3.365009e-05
elapsed=1.680598e+04 cycle=159500 time=5.418736e+00 dt=3.232595e-05
elapsed=1.680897e+04 cycle=159600 time=5.421944e+00 dt=3.192431e-05
elapsed=1.681192e+04 cycle=159700 time=5.425118e+00 dt=3.162060e-05
elapsed=1.681482e+04 cycle=159800 time=5.428288e+00 dt=3.184271e-05
elapsed=1.681779e+04 cycle=159900 time=5.431511e+00 dt=3.292617e-05
elapsed=1.682076e+04 cycle=160000 time=5.434875e+00 dt=3.426192e-05
elapsed=1.682371e+04 cycle=160100 time=5.438323e+00 dt=3.474602e-05
elapsed=1.682668e+04 cycle=160200 time=5.441784e+00 dt=3.458437e-05
elapsed=1.682957e+04 cycle=160300 time=5.445217e+00 dt=3.339646e-05
elapsed=1.683248e+04 cycle=160400 time=5.448600e+00 dt=3.535167e-05
elapsed=1.683543e+04 cycle=160500 time=5.452116e+00 dt=3.535745e-05
elapsed=1.683853e+04 cycle=160600 time=5.455612e+00 dt=3.427710e-05
elapsed=1.684226e+04 cycle=160700 time=5.459036e+00 dt=3.482646e-05
elapsed=1.684600e+04 cycle=160800 time=5.462519e+00 dt=3.449661e-05
elapsed=1.684937e+04 cycle=160900 time=5.465980e+00 dt=3.491227e-05
elapsed=1.685240e+04 cycle=161000 time=5.469657e+00 dt=3.718763e-05
elapsed=1.685531e+04 cycle=161100 time=5.473327e+00 dt=3.629603e-05
elapsed=1.685826e+04 cycle=161200 time=5.476947e+00 dt=3.619982e-05
elapsed=1.686124e+04 cycle=161300 time=5.480617e+00 dt=3.705260e-05
elapsed=1.686421e+04 cycle=161400 time=5.484184e+00 dt=3.418730e-05
elapsed=1.686715e+04 cycle=161500 time=5.487745e+00 dt=3.643415e-05
elapsed=1.687008e+04 cycle=161600 time=5.491355e+00 dt=3.590007e-05
elapsed=1.687304e+04 cycle=161700 time=5.494964e+00 dt=3.528925e-05
elapsed=1.687594e+04 cycle=161800 time=5.498417e+00 dt=3.404337e-05
elapsed=1.687886e+04 cycle=161900 time=5.501879e+00 dt=3.532643e-05
elapsed=1.688176e+04 cycle=162000 time=5.505431e+00 dt=3.551934e-05
elapsed=1.688466e+04 cycle=162100 time=5.508987e+00 dt=3.532538e-05
elapsed=1.688765e+04 cycle=162200 time=5.512496e+00 dt=3.487699e-05
elapsed=1.689064e+04 cycle=162300 time=5.515959e+00 dt=3.436628e-05
elapsed=1.689363e+04 cycle=162400 time=5.519413e+00 dt=3.471778e-05
elapsed=1.689662e+04 cycle=162500 time=5.522787e+00 dt=3.291104e-05
elapsed=1.689952e+04 cycle=162600 time=5.526012e+00 dt=3.149471e-05
elapsed=1.690248e+04 cycle=162700 time=5.529097e+00 dt=3.049945e-05
elapsed=1.690546e+04 cycle=162800 time=5.532286e+00 dt=3.425718e-05
elapsed=1.690842e+04 cycle=162900 time=5.535731e+00 dt=3.506234e-05
elapsed=1.691132e+04 cycle=163000 time=5.539222e+00 dt=3.476644e-05
elapsed=1.691423e+04 cycle=163100 time=5.542689e+00 dt=3.464368e-05
elapsed=1.691719e+04 cycle=163200 time=5.546143e+00 dt=3.419221e-05
elapsed=1.692016e+04 cycle=163300 time=5.549527e+00 dt=3.362651e-05
elapsed=1.692314e+04 cycle=163400 time=5.552879e+00 dt=3.353777e-05
elapsed=1.692604e+04 cycle=163500 time=5.556256e+00 dt=3.411164e-05
elapsed=1.692901e+04 cycle=163600 time=5.559707e+00 dt=3.488138e-05
elapsed=1.693199e+04 cycle=163700 time=5.563187e+00 dt=3.457577e-05
elapsed=1.693494e+04 cycle=163800 time=5.566635e+00 dt=3.458832e-05
elapsed=1.693792e+04 cycle=163900 time=5.570083e+00 dt=3.417463e-05
elapsed=1.694085e+04 cycle=164000 time=5.573462e+00 dt=3.347520e-05
elapsed=1.694382e+04 cycle=164100 time=5.576776e+00 dt=3.285715e-05
elapsed=1.694681e+04 cycle=164200 time=5.580028e+00 dt=3.177400e-05
elapsed=1.694980e+04 cycle=164300 time=5.583117e+00 dt=3.008141e-05
elapsed=1.695277e+04 cycle=164400 time=5.586053e+00 dt=2.881509e-05
elapsed=1.695572e+04 cycle=164500 time=5.588938e+00 dt=2.916656e-05
elapsed=1.695870e+04 cycle=164600 time=5.591863e+00 dt=2.942350e-05
elapsed=1.696169e+04 cycle=164700 time=5.594795e+00 dt=2.885288e-05
elapsed=1.696463e+04 cycle=164800 time=5.597632e+00 dt=2.803480e-05
elapsed=1.696760e+04 cycle=164900 time=5.600441e+00 dt=2.819913e-05
elapsed=1.697053e+04 cycle=165000 time=5.603290e+00 dt=2.900475e-05
elapsed=1.697349e+04 cycle=165100 time=5.606348e+00 dt=3.273077e-05
elapsed=1.697645e+04 cycle=165200 time=5.609621e+00 dt=3.176945e-05
elapsed=1.697938e+04 cycle=165300 time=5.612856e+00 dt=3.438931e-05
elapsed=1.698238e+04 cycle=165400 time=5.616326e+00 dt=3.470620e-05
elapsed=1.698529e+04 cycle=165500 time=5.619808e+00 dt=3.502740e-05
elapsed=1.698826e+04 cycle=165600 time=5.623301e+00 dt=3.485179e-05
elapsed=1.699124e+04 cycle=165700 time=5.626780e+00 dt=3.471399e-05
elapsed=1.699428e+04 cycle=165800 time=5.630266e+00 dt=3.492311e-05
elapsed=1.699726e+04 cycle=165900 time=5.633703e+00 dt=3.348063e-05
elapsed=1.700023e+04 cycle=166000 time=5.637180e+00 dt=3.489571e-05
elapsed=1.700322e+04 cycle=166100 time=5.640668e+00 dt=3.502056e-05
elapsed=1.700625e+04 cycle=166200 time=5.644164e+00 dt=3.482405e-05
elapsed=1.700932e+04 cycle=166300 time=5.647609e+00 dt=3.419574e-05
elapsed=1.701251e+04 cycle=166400 time=5.651029e+00 dt=3.399159e-05
elapsed=1.701571e+04 cycle=166500 time=5.654384e+00 dt=3.317389e-05
elapsed=1.701900e+04 cycle=166600 time=5.657667e+00 dt=3.263099e-05
elapsed=1.702219e+04 cycle=166700 time=5.660877e+00 dt=3.181852e-05
elapsed=1.702475e+04 cycle=166800 time=5.664015e+00 dt=3.058440e-05
elapsed=1.702730e+04 cycle=166900 time=5.666962e+00 dt=2.766569e-05
elapsed=1.702988e+04 cycle=167000 time=5.669921e+00 dt=3.242489e-05
elapsed=1.703241e+04 cycle=167100 time=5.673163e+00 dt=3.239907e-05
elapsed=1.703499e+04 cycle=167200 time=5.676414e+00 dt=3.239396e-05
elapsed=1.703764e+04 cycle=167300 time=5.679643e+00 dt=3.219514e-05
elapsed=1.704026e+04 cycle=167400 time=5.682788e+00 dt=3.086523e-05
elapsed=1.704294e+04 cycle=167500 time=5.685831e+00 dt=2.994672e-05
elapsed=1.704554e+04 cycle=167600 time=5.688762e+00 dt=2.870308e-05
elapsed=1.704818e+04 cycle=167700 time=5.691623e+00 dt=2.867077e-05
elapsed=1.705082e+04 cycle=167800 time=5.694510e+00 dt=2.915207e-05
elapsed=1.705338e+04 cycle=167900 time=5.697409e+00 dt=2.897112e-05
elapsed=1.705605e+04 cycle=168000 time=5.700414e+00 dt=3.133102e-05
elapsed=1.705872e+04 cycle=168100 time=5.703676e+00 dt=3.297590e-05
elapsed=1.706129e+04 cycle=168200 time=5.706913e+00 dt=3.203451e-05
elapsed=1.706395e+04 cycle=168300 time=5.710034e+00 dt=3.031648e-05
elapsed=1.706662e+04 cycle=168400 time=5.713247e+00 dt=3.511467e-05
elapsed=1.706932e+04 cycle=168500 time=5.716747e+00 dt=3.487832e-05
elapsed=1.707201e+04 cycle=168600 time=5.720152e+00 dt=3.313366e-05
elapsed=1.707464e+04 cycle=168700 time=5.723377e+00 dt=3.163653e-05
elapsed=1.707731e+04 cycle=168800 time=5.726532e+00 dt=3.217984e-05
elapsed=1.707999e+04 cycle=168900 time=5.729796e+00 dt=3.288878e-05
elapsed=1.708265e+04 cycle=169000 time=5.733107e+00 dt=3.372309e-05
elapsed=1.708530e+04 cycle=169100 time=5.736561e+00 dt=3.444511e-05
elapsed=1.708794e+04 cycle=169200 time=5.739895e+00 dt=3.184444e-05
elapsed=1.709061e+04 cycle=169300 time=5.743117e+00 dt=3.403486e-05
elapsed=1.709324e+04 cycle=169400 time=5.746592e+00 dt=3.511736e-05
elapsed=1.709590e+04 cycle=169500 time=5.750088e+00 dt=3.456034e-05
elapsed=1.709850e+04 cycle=169600 time=5.753506e+00 dt=3.392619e-05
elapsed=1.710118e+04 cycle=169700 time=5.756886e+00 dt=3.378401e-05
elapsed=1.710388e+04 cycle=169800 time=5.760282e+00 dt=3.413325e-05
elapsed=1.710648e+04 cycle=169900 time=5.763699e+00 dt=3.416842e-05
elapsed=1.710918e+04 cycle=170000 time=5.767130e+00 dt=3.451547e-05
elapsed=1.711186e+04 cycle=170100 time=5.770629e+00 dt=3.547180e-05
elapsed=1.711450e+04 cycle=170200 time=5.774214e+00 dt=3.599796e-05
elapsed=1.711712e+04 cycle=170300 time=5.777800e+00 dt=3.573308e-05
elapsed=1.711973e+04 cycle=170400 time=5.781319e+00 dt=3.515994e-05
elapsed=1.712241e+04 cycle=170500 time=5.784795e+00 dt=3.472736e-05
elapsed=1.712503e+04 cycle=170600 time=5.788268e+00 dt=3.450086e-05
elapsed=1.712774e+04 cycle=170700 time=5.791766e+00 dt=3.560414e-05
elapsed=1.713035e+04 cycle=170800 time=5.795262e+00 dt=3.406646e-05
elapsed=1.713297e+04 cycle=170900 time=5.798640e+00 dt=3.426800e-05
elapsed=1.713559e+04 cycle=171000 time=5.802129e+00 dt=3.492003e-05
elapsed=1.713818e+04 cycle=171100 time=5.805610e+00 dt=3.464883e-05
elapsed=1.714065e+04 cycle=171200 time=5.809049e+00 dt=3.413529e-05
elapsed=1.714318e+04 cycle=171300 time=5.812454e+00 dt=3.399754e-05
elapsed=1.714570e+04 cycle=171400 time=5.815867e+00 dt=3.429927e-05
elapsed=1.714813e+04 cycle=171500 time=5.819321e+00 dt=3.471904e-05
elapsed=1.715061e+04 cycle=171600 time=5.822824e+00 dt=3.510056e-05
elapsed=1.715304e+04 cycle=171700 time=5.826298e+00 dt=3.449191e-05
elapsed=1.715544e+04 cycle=171800 time=5.829718e+00 dt=3.406099e-05
elapsed=1.715783e+04 cycle=171900 time=5.833109e+00 dt=3.363957e-05
elapsed=1.716021e+04 cycle=172000 time=5.836476e+00 dt=3.363072e-05
elapsed=1.716264e+04 cycle=172100 time=5.839868e+00 dt=3.416239e-05
elapsed=1.716510e+04 cycle=172200 time=5.843305e+00 dt=3.463559e-05
elapsed=1.716753e+04 cycle=172300 time=5.846756e+00 dt=3.432682e-05
elapsed=1.716998e+04 cycle=172400 time=5.850176e+00 dt=3.412056e-05
elapsed=1.717236e+04 cycle=172500 time=5.853595e+00 dt=3.426009e-05
elapsed=1.717479e+04 cycle=172600 time=5.857050e+00 dt=3.486036e-05
elapsed=1.717723e+04 cycle=172700 time=5.860554e+00 dt=3.499052e-05
elapsed=1.717965e+04 cycle=172800 time=5.864037e+00 dt=3.465364e-05
elapsed=1.718205e+04 cycle=172900 time=5.867485e+00 dt=3.438189e-05
elapsed=1.718448e+04 cycle=173000 time=5.871001e+00 dt=3.559647e-05
elapsed=1.718695e+04 cycle=173100 time=5.874501e+00 dt=3.465561e-05
elapsed=1.718937e+04 cycle=173200 time=5.877909e+00 dt=3.446435e-05
elapsed=1.719183e+04 cycle=173300 time=5.881379e+00 dt=3.468883e-05
elapsed=1.719427e+04 cycle=173400 time=5.884822e+00 dt=3.414214e-05
elapsed=1.719666e+04 cycle=173500 time=5.888188e+00 dt=3.317545e-05
elapsed=1.719913e+04 cycle=173600 time=5.891461e+00 dt=3.223250e-05
elapsed=1.720157e+04 cycle=173700 time=5.894635e+00 dt=3.137623e-05
elapsed=1.720398e+04 cycle=173800 time=5.897744e+00 dt=3.062155e-05
elapsed=1.720643e+04 cycle=173900 time=5.900870e+00 dt=3.322128e-05
elapsed=1.720889e+04 cycle=174000 time=5.904259e+00 dt=3.381356e-05
elapsed=1.721129e+04 cycle=174100 time=5.907556e+00 dt=3.267646e-05
elapsed=1.721442e+04 cycle=174200 time=5.910835e+00 dt=3.299356e-05
elapsed=1.722009e+04 cycle=174300 time=5.914156e+00 dt=3.355054e-05
elapsed=1.722560e+04 cycle=174400 time=5.917487e+00 dt=3.310781e-05
elapsed=1.723092e+04 cycle=174500 time=5.920769e+00 dt=3.258782e-05
elapsed=1.723457e+04 cycle=174600 time=5.923992e+00 dt=3.177176e-05
elapsed=1.723693e+04 cycle=174700 time=5.927135e+00 dt=3.110215e-05
elapsed=1.723984e+04 cycle=174800 time=5.930236e+00 dt=3.101047e-05
elapsed=1.724239e+04 cycle=174900 time=5.933333e+00 dt=3.079497e-05
elapsed=1.724483e+04 cycle=175000 time=5.936405e+00 dt=3.070649e-05
elapsed=1.724717e+04 cycle=175100 time=5.939581e+00 dt=3.360818e-05
elapsed=1.724957e+04 cycle=175200 time=5.943021e+00 dt=3.481743e-05
elapsed=1.725201e+04 cycle=175300 time=5.946519e+00 dt=3.534153e-05
elapsed=1.725444e+04 cycle=175400 time=5.950090e+00 dt=3.588315e-05
elapsed=1.725684e+04 cycle=175500 time=5.953689e+00 dt=3.606449e-05
elapsed=1.725915e+04 cycle=175600 time=5.957303e+00 dt=3.608487e-05
elapsed=1.726155e+04 cycle=175700 time=5.960907e+00 dt=3.604615e-05
elapsed=1.726389e+04 cycle=175800 time=5.964504e+00 dt=3.588995e-05
elapsed=1.726630e+04 cycle=175900 time=5.968086e+00 dt=3.567250e-05
elapsed=1.726867e+04 cycle=176000 time=5.971645e+00 dt=3.532759e-05
elapsed=1.727107e+04 cycle=176100 time=5.975130e+00 dt=3.433397e-05
elapsed=1.727343e+04 cycle=176200 time=5.978539e+00 dt=3.389953e-05
elapsed=1.727578e+04 cycle=176300 time=5.981942e+00 dt=3.405136e-05
elapsed=1.727817e+04 cycle=176400 time=5.985368e+00 dt=3.460746e-05
elapsed=1.728055e+04 cycle=176500 time=5.988853e+00 dt=3.515713e-05
elapsed=1.728286e+04 cycle=176600 time=5.992355e+00 dt=3.502048e-05
elapsed=1.728524e+04 cycle=176700 time=5.995869e+00 dt=3.421122e-05
elapsed=1.728762e+04 cycle=176800 time=5.999187e+00 dt=3.324489e-05
elapsed=1.729003e+04 cycle=176900 time=6.002711e+00 dt=3.587595e-05
elapsed=1.729245e+04 cycle=177000 time=6.006229e+00 dt=3.456975e-05
elapsed=1.729482e+04 cycle=177100 time=6.009629e+00 dt=3.330752e-05
elapsed=1.729718e+04 cycle=177200 time=6.012933e+00 dt=3.309365e-05
elapsed=1.729951e+04 cycle=177300 time=6.016271e+00 dt=3.248976e-05
elapsed=1.730189e+04 cycle=177400 time=6.019426e+00 dt=3.067685e-05
elapsed=1.730429e+04 cycle=177500 time=6.022477e+00 dt=3.049037e-05
elapsed=1.730668e+04 cycle=177600 time=6.025555e+00 dt=3.146820e-05
elapsed=1.730904e+04 cycle=177700 time=6.028804e+00 dt=3.335418e-05
elapsed=1.731144e+04 cycle=177800 time=6.032182e+00 dt=3.365187e-05
elapsed=1.731387e+04 cycle=177900 time=6.035469e+00 dt=3.177629e-05
elapsed=1.731621e+04 cycle=178000 time=6.038626e+00 dt=3.102890e-05
elapsed=1.731864e+04 cycle=178100 time=6.041817e+00 dt=3.212707e-05
elapsed=1.732103e+04 cycle=178200 time=6.044981e+00 dt=3.115918e-05
elapsed=1.732338e+04 cycle=178300 time=6.048104e+00 dt=3.205366e-05
elapsed=1.732579e+04 cycle=178400 time=6.051346e+00 dt=3.195172e-05
elapsed=1.732818e+04 cycle=178500 time=6.054645e+00 dt=3.593873e-05
elapsed=1.733054e+04 cycle=178600 time=6.058243e+00 dt=3.512550e-05
elapsed=1.733290e+04 cycle=178700 time=6.061705e+00 dt=3.408872e-05
elapsed=1.733529e+04 cycle=178800 time=6.065069e+00 dt=3.324919e-05
elapsed=1.733769e+04 cycle=178900 time=6.068427e+00 dt=3.416246e-05
elapsed=1.734008e+04 cycle=179000 time=6.071811e+00 dt=3.365102e-05
elapsed=1.734244e+04 cycle=179100 time=6.075204e+00 dt=3.501835e-05
elapsed=1.734484e+04 cycle=179200 time=6.078785e+00 dt=3.507975e-05
elapsed=1.734768e+04 cycle=179300 time=6.082197e+00 dt=3.316913e-05
elapsed=1.735116e+04 cycle=179400 time=6.085444e+00 dt=3.229113e-05
elapsed=1.735464e+04 cycle=179500 time=6.088826e+00 dt=3.539367e-05
elapsed=1.735819e+04 cycle=179600 time=6.092373e+00 dt=3.535839e-05
elapsed=1.736168e+04 cycle=179700 time=6.095935e+00 dt=3.523475e-05
elapsed=1.736515e+04 cycle=179800 time=6.099372e+00 dt=3.407884e-05
elapsed=1.736863e+04 cycle=179900 time=6.102798e+00 dt=3.438975e-05
elapsed=1.737213e+04 cycle=180000 time=6.106236e+00 dt=3.455435e-05
elapsed=1.737564e+04 cycle=180100 time=6.109762e+00 dt=3.565665e-05
elapsed=1.737915e+04 cycle=180200 time=6.113305e+00 dt=3.477278e-05
elapsed=1.738264e+04 cycle=180300 time=6.116792e+00 dt=3.416729e-05
elapsed=1.738618e+04 cycle=180400 time=6.120231e+00 dt=3.592268e-05
elapsed=1.738966e+04 cycle=180500 time=6.123864e+00 dt=3.579787e-05
elapsed=1.739316e+04 cycle=180600 time=6.127375e+00 dt=3.449214e-05
elapsed=1.739671e+04 cycle=180700 time=6.130790e+00 dt=3.419713e-05
elapsed=1.740019e+04 cycle=180800 time=6.134226e+00 dt=3.380021e-05
elapsed=1.740366e+04 cycle=180900 time=6.137583e+00 dt=3.359133e-05
elapsed=1.740717e+04 cycle=181000 time=6.140972e+00 dt=3.420121e-05
elapsed=1.741065e+04 cycle=181100 time=6.144413e+00 dt=3.347695e-05
elapsed=1.741415e+04 cycle=181200 time=6.147744e+00 dt=3.310156e-05
elapsed=1.741769e+04 cycle=181300 time=6.151025e+00 dt=3.240411e-05
elapsed=1.742115e+04 cycle=181400 time=6.154256e+00 dt=3.238394e-05
elapsed=1.742467e+04 cycle=181500 time=6.157516e+00 dt=3.241865e-05
elapsed=1.742816e+04 cycle=181600 time=6.160718e+00 dt=3.197483e-05
elapsed=1.743163e+04 cycle=181700 time=6.163874e+00 dt=3.116775e-05
elapsed=1.743512e+04 cycle=181800 time=6.167008e+00 dt=3.314004e-05
elapsed=1.743863e+04 cycle=181900 time=6.170427e+00 dt=3.572424e-05
elapsed=1.744217e+04 cycle=182000 time=6.173992e+00 dt=3.578188e-05
elapsed=1.744567e+04 cycle=182100 time=6.177601e+00 dt=3.611183e-05
elapsed=1.744923e+04 cycle=182200 time=6.181157e+00 dt=3.504271e-05
elapsed=1.745278e+04 cycle=182300 time=6.184657e+00 dt=3.491241e-05
elapsed=1.745631e+04 cycle=182400 time=6.188152e+00 dt=3.503843e-05
elapsed=1.745986e+04 cycle=182500 time=6.191668e+00 dt=3.528172e-05
elapsed=1.746335e+04 cycle=182600 time=6.195189e+00 dt=3.524305e-05
elapsed=1.746690e+04 cycle=182700 time=6.198724e+00 dt=3.552087e-05
elapsed=1.747118e+04 cycle=182800 time=6.202262e+00 dt=3.489081e-05
elapsed=1.747567e+04 cycle=182900 time=6.205718e+00 dt=3.425579e-05
elapsed=1.747976e+04 cycle=183000 time=6.209068e+00 dt=3.289846e-05
elapsed=1.748334e+04 cycle=183100 time=6.212336e+00 dt=3.251768e-05
elapsed=1.748692e+04 cycle=183200 time=6.215622e+00 dt=3.292230e-05
elapsed=1.749054e+04 cycle=183300 time=6.218892e+00 dt=3.259685e-05
elapsed=1.749419e+04 cycle=183400 time=6.222178e+00 dt=3.302886e-05
elapsed=1.749783e+04 cycle=183500 time=6.225550e+00 dt=3.453648e-05
elapsed=1.750144e+04 cycle=183600 time=6.229104e+00 dt=3.560028e-05
elapsed=1.750502e+04 cycle=183700 time=6.232637e+00 dt=3.509750e-05
elapsed=1.750862e+04 cycle=183800 time=6.236120e+00 dt=3.430480e-05
elapsed=1.751225e+04 cycle=183900 time=6.239468e+00 dt=3.245274e-05
elapsed=1.751593e+04 cycle=184000 time=6.242655e+00 dt=3.191773e-05
elapsed=1.751949e+04 cycle=184100 time=6.245994e+00 dt=3.551813e-05
elapsed=1.752306e+04 cycle=184200 time=6.249704e+00 dt=3.774319e-05
elapsed=1.752673e+04 cycle=184300 time=6.253362e+00 dt=3.534532e-05
elapsed=1.753036e+04 cycle=184400 time=6.256809e+00 dt=3.371394e-05
elapsed=1.753400e+04 cycle=184500 time=6.260173e+00 dt=3.378016e-05
elapsed=1.753763e+04 cycle=184600 time=6.263598e+00 dt=3.531376e-05
elapsed=1.754120e+04 cycle=184700 time=6.266991e+00 dt=3.218157e-05
elapsed=1.754527e+04 cycle=184800 time=6.270116e+00 dt=3.070081e-05
elapsed=1.754988e+04 cycle=184900 time=6.273394e+00 dt=3.686687e-05
elapsed=1.755432e+04 cycle=185000 time=6.277089e+00 dt=3.686664e-05
elapsed=1.755793e+04 cycle=185100 time=6.280758e+00 dt=3.666571e-05
elapsed=1.756156e+04 cycle=185200 time=6.284319e+00 dt=3.583152e-05
elapsed=1.756520e+04 cycle=185300 time=6.287964e+00 dt=3.622181e-05
elapsed=1.756888e+04 cycle=185400 time=6.291572e+00 dt=3.561358e-05
elapsed=1.757254e+04 cycle=185500 time=6.295121e+00 dt=3.478748e-05
elapsed=1.757624e+04 cycle=185600 time=6.298397e+00 dt=3.268067e-05
elapsed=1.757995e+04 cycle=185700 time=6.301734e+00 dt=3.412452e-05
elapsed=1.758367e+04 cycle=185800 time=6.305179e+00 dt=3.402491e-05
elapsed=1.758741e+04 cycle=185900 time=6.308551e+00 dt=3.340978e-05
elapsed=1.759116e+04 cycle=186000 time=6.311874e+00 dt=3.328025e-05
elapsed=1.759484e+04 cycle=186100 time=6.315229e+00 dt=3.388785e-05
elapsed=1.759855e+04 cycle=186200 time=6.318654e+00 dt=3.419641e-05
elapsed=1.760225e+04 cycle=186300 time=6.322039e+00 dt=3.347496e-05
elapsed=1.760603e+04 cycle=186400 time=6.325397e+00 dt=3.413326e-05
elapsed=1.760981e+04 cycle=186500 time=6.328885e+00 dt=3.498303e-05
elapsed=1.761356e+04 cycle=186600 time=6.332357e+00 dt=3.441153e-05
elapsed=1.761734e+04 cycle=186700 time=6.335767e+00 dt=3.377451e-05
elapsed=1.762144e+04 cycle=186800 time=6.339119e+00 dt=3.328022e-05
elapsed=1.762516e+04 cycle=186900 time=6.342425e+00 dt=3.284085e-05
elapsed=1.762894e+04 cycle=187000 time=6.345677e+00 dt=3.216403e-05
elapsed=1.763273e+04 cycle=187100 time=6.348873e+00 dt=3.190747e-05
elapsed=1.763650e+04 cycle=187200 time=6.352065e+00 dt=3.196370e-05
elapsed=1.764026e+04 cycle=187300 time=6.355293e+00 dt=3.266219e-05
elapsed=1.764405e+04 cycle=187400 time=6.358599e+00 dt=3.338873e-05
elapsed=1.764782e+04 cycle=187500 time=6.361960e+00 dt=3.377860e-05
elapsed=1.765162e+04 cycle=187600 time=6.365357e+00 dt=3.368216e-05
elapsed=1.765540e+04 cycle=187700 time=6.368652e+00 dt=3.230948e-05
elapsed=1.765918e+04 cycle=187800 time=6.371805e+00 dt=3.010051e-05
elapsed=1.766295e+04 cycle=187900 time=6.374748e+00 dt=2.967365e-05
elapsed=1.766675e+04 cycle=188000 time=6.377894e+00 dt=3.259882e-05
elapsed=1.767065e+04 cycle=188100 time=6.381321e+00 dt=3.642049e-05
elapsed=1.767451e+04 cycle=188200 time=6.384966e+00 dt=3.612542e-05
elapsed=1.767835e+04 cycle=188300 time=6.388618e+00 dt=3.620058e-05
elapsed=1.768220e+04 cycle=188400 time=6.392195e+00 dt=3.521005e-05
elapsed=1.768612e+04 cycle=188500 time=6.395769e+00 dt=3.722831e-05
elapsed=1.768999e+04 cycle=188600 time=6.399439e+00 dt=3.645270e-05
elapsed=1.769394e+04 cycle=188700 time=6.403051e+00 dt=3.627825e-05
elapsed=1.769787e+04 cycle=188800 time=6.406705e+00 dt=3.660525e-05
elapsed=1.770182e+04 cycle=188900 time=6.410355e+00 dt=3.633996e-05
elapsed=1.770572e+04 cycle=189000 time=6.414010e+00 dt=3.672339e-05
elapsed=1.770965e+04 cycle=189100 time=6.417692e+00 dt=3.698030e-05
elapsed=1.771356e+04 cycle=189200 time=6.421417e+00 dt=3.748333e-05
elapsed=1.771748e+04 cycle=189300 time=6.425160e+00 dt=3.727651e-05
elapsed=1.772141e+04 cycle=189400 time=6.428874e+00 dt=3.685453e-05
elapsed=1.772539e+04 cycle=189500 time=6.432458e+00 dt=3.422803e-05
elapsed=1.772930e+04 cycle=189600 time=6.435701e+00 dt=3.388960e-05
elapsed=1.773324e+04 cycle=189700 time=6.439332e+00 dt=3.605272e-05
elapsed=1.773724e+04 cycle=189800 time=6.442883e+00 dt=3.473160e-05
elapsed=1.774116e+04 cycle=189900 time=6.446260e+00 dt=3.287179e-05
elapsed=1.774509e+04 cycle=190000 time=6.449498e+00 dt=3.204875e-05
elapsed=1.774904e+04 cycle=190100 time=6.452639e+00 dt=3.061062e-05
elapsed=1.775304e+04 cycle=190200 time=6.455815e+00 dt=3.568564e-05
elapsed=1.775706e+04 cycle=190300 time=6.459430e+00 dt=3.579347e-05
elapsed=1.776108e+04 cycle=190400 time=6.462985e+00 dt=3.518236e-05
elapsed=1.776509e+04 cycle=190500 time=6.466496e+00 dt=3.531469e-05
elapsed=1.776908e+04 cycle=190600 time=6.470015e+00 dt=3.452100e-05
elapsed=1.777311e+04 cycle=190700 time=6.473415e+00 dt=3.346474e-05
elapsed=1.777711e+04 cycle=190800 time=6.476868e+00 dt=3.626467e-05
elapsed=1.778113e+04 cycle=190900 time=6.480482e+00 dt=3.598822e-05
elapsed=1.778509e+04 cycle=191000 time=6.484067e+00 dt=3.565037e-05
elapsed=1.778905e+04 cycle=191100 time=6.487599e+00 dt=3.458725e-05
elapsed=1.779310e+04 cycle=191200 time=6.491018e+00 dt=3.543615e-05
elapsed=1.779715e+04 cycle=191300 time=6.494549e+00 dt=3.523391e-05
elapsed=1.780124e+04 cycle=191400 time=6.498081e+00 dt=3.535271e-05
elapsed=1.780533e+04 cycle=191500 time=6.501568e+00 dt=3.443337e-05
elapsed=1.780938e+04 cycle=191600 time=6.504996e+00 dt=3.427243e-05
elapsed=1.781345e+04 cycle=191700 time=6.508455e+00 dt=3.493282e-05
elapsed=1.781754e+04 cycle=191800 time=6.512018e+00 dt=3.631014e-05
elapsed=1.782156e+04 cycle=191900 time=6.515668e+00 dt=3.655623e-05
elapsed=1.782561e+04 cycle=192000 time=6.519314e+00 dt=3.637370e-05
elapsed=1.782964e+04 cycle=192100 time=6.522972e+00 dt=3.660060e-05
elapsed=1.783365e+04 cycle=192200 time=6.526540e+00 dt=3.437279e-05
elapsed=1.783767e+04 cycle=192300 time=6.529938e+00 dt=3.528844e-05
elapsed=1.784169e+04 cycle=192400 time=6.533495e+00 dt=3.521286e-05
elapsed=1.784570e+04 cycle=192500 time=6.536842e+00 dt=3.234129e-05
elapsed=1.784976e+04 cycle=192600 time=6.540341e+00 dt=3.604403e-05
elapsed=1.785378e+04 cycle=192700 time=6.543919e+00 dt=3.549525e-05
elapsed=1.785782e+04 cycle=192800 time=6.547410e+00 dt=3.421151e-05
elapsed=1.786189e+04 cycle=192900 time=6.550788e+00 dt=3.372030e-05
elapsed=1.786597e+04 cycle=193000 time=6.554150e+00 dt=3.326399e-05
elapsed=1.787000e+04 cycle=193100 time=6.557466e+00 dt=3.292927e-05
elapsed=1.787410e+04 cycle=193200 time=6.560747e+00 dt=3.283258e-05
elapsed=1.787811e+04 cycle=193300 time=6.564026e+00 dt=3.272839e-05
elapsed=1.788209e+04 cycle=193400 time=6.567309e+00 dt=3.297441e-05
elapsed=1.788615e+04 cycle=193500 time=6.570612e+00 dt=3.318958e-05
elapsed=1.789018e+04 cycle=193600 time=6.573968e+00 dt=3.354914e-05
elapsed=1.789418e+04 cycle=193700 time=6.577299e+00 dt=3.303375e-05
elapsed=1.789827e+04 cycle=193800 time=6.580535e+00 dt=3.155973e-05
elapsed=1.790223e+04 cycle=193900 time=6.583623e+00 dt=3.081838e-05
elapsed=1.790632e+04 cycle=194000 time=6.586869e+00 dt=3.384574e-05
elapsed=1.791038e+04 cycle=194100 time=6.590318e+00 dt=3.487566e-05
elapsed=1.791433e+04 cycle=194200 time=6.593875e+00 dt=3.620927e-05
elapsed=1.791835e+04 cycle=194300 time=6.597450e+00 dt=3.542254e-05
elapsed=1.792232e+04 cycle=194400 time=6.601024e+00 dt=3.642163e-05
elapsed=1.792638e+04 cycle=194500 time=6.604728e+00 dt=3.721943e-05
elapsed=1.793038e+04 cycle=194600 time=6.608454e+00 dt=3.738611e-05
elapsed=1.793444e+04 cycle=194700 time=6.612209e+00 dt=3.767567e-05
elapsed=1.793842e+04 cycle=194800 time=6.615982e+00 dt=3.783163e-05
elapsed=1.794247e+04 cycle=194900 time=6.619757e+00 dt=3.768959e-05
elapsed=1.794640e+04 cycle=195000 time=6.623546e+00 dt=3.801995e-05
elapsed=1.795046e+04 cycle=195100 time=6.627336e+00 dt=3.776863e-05
elapsed=1.795455e+04 cycle=195200 time=6.631113e+00 dt=3.788900e-05
elapsed=1.795858e+04 cycle=195300 time=6.634897e+00 dt=3.763800e-05
elapsed=1.796255e+04 cycle=195400 time=6.638657e+00 dt=3.758166e-05
elapsed=1.796661e+04 cycle=195500 time=6.642353e+00 dt=3.671495e-05
elapsed=1.797061e+04 cycle=195600 time=6.645977e+00 dt=3.566520e-05
elapsed=1.797470e+04 cycle=195700 time=6.649524e+00 dt=3.494583e-05
elapsed=1.797879e+04 cycle=195800 time=6.653016e+00 dt=3.474675e-05
elapsed=1.798286e+04 cycle=195900 time=6.656473e+00 dt=3.466238e-05
elapsed=1.798695e+04 cycle=196000 time=6.659981e+00 dt=3.469006e-05
elapsed=1.799102e+04 cycle=196100 time=6.663346e+00 dt=3.315561e-05
elapsed=1.799511e+04 cycle=196200 time=6.666734e+00 dt=3.502305e-05
elapsed=1.799918e+04 cycle=196300 time=6.670166e+00 dt=3.316244e-05
elapsed=1.800326e+04 cycle=196400 time=6.673474e+00 dt=3.379946e-05
elapsed=1.800734e+04 cycle=196500 time=6.676884e+00 dt=3.459476e-05
elapsed=1.801142e+04 cycle=196600 time=6.680378e+00 dt=3.519512e-05
elapsed=1.801552e+04 cycle=196700 time=6.683933e+00 dt=3.598432e-05
elapsed=1.801960e+04 cycle=196800 time=6.687469e+00 dt=3.417062e-05
elapsed=1.802372e+04 cycle=196900 time=6.690765e+00 dt=3.196089e-05
elapsed=1.802777e+04 cycle=197000 time=6.693906e+00 dt=3.112605e-05
elapsed=1.803181e+04 cycle=197100 time=6.697032e+00 dt=3.142845e-05
elapsed=1.803600e+04 cycle=197200 time=6.700135e+00 dt=3.117554e-05
elapsed=1.804016e+04 cycle=197300 time=6.703399e+00 dt=3.319150e-05
elapsed=1.804435e+04 cycle=197400 time=6.706750e+00 dt=3.392992e-05
elapsed=1.804860e+04 cycle=197500 time=6.710176e+00 dt=3.459333e-05
elapsed=1.805284e+04 cycle=197600 time=6.713662e+00 dt=3.479863e-05
elapsed=1.805710e+04 cycle=197700 time=6.717165e+00 dt=3.487649e-05
elapsed=1.806135e+04 cycle=197800 time=6.720648e+00 dt=3.472233e-05
elapsed=1.806556e+04 cycle=197900 time=6.724076e+00 dt=3.384049e-05
elapsed=1.806993e+04 cycle=198000 time=6.727418e+00 dt=3.296116e-05
elapsed=1.807431e+04 cycle=198100 time=6.730670e+00 dt=3.226014e-05
elapsed=1.807878e+04 cycle=198200 time=6.733957e+00 dt=3.371091e-05
elapsed=1.808325e+04 cycle=198300 time=6.737296e+00 dt=3.357899e-05
elapsed=1.808770e+04 cycle=198400 time=6.740682e+00 dt=3.415406e-05
elapsed=1.809206e+04 cycle=198500 time=6.744175e+00 dt=3.575804e-05
elapsed=1.809661e+04 cycle=198600 time=6.747735e+00 dt=3.530289e-05
elapsed=1.810115e+04 cycle=198700 time=6.751228e+00 dt=3.457891e-05
elapsed=1.810582e+04 cycle=198800 time=6.754678e+00 dt=3.452801e-05
elapsed=1.811047e+04 cycle=198900 time=6.758160e+00 dt=3.530707e-05
elapsed=1.811519e+04 cycle=199000 time=6.761690e+00 dt=3.586583e-05
elapsed=1.811996e+04 cycle=199100 time=6.765199e+00 dt=3.439571e-05
elapsed=1.812481e+04 cycle=199200 time=6.768607e+00 dt=3.386752e-05
elapsed=1.812979e+04 cycle=199300 time=6.771983e+00 dt=3.392091e-05
elapsed=1.813474e+04 cycle=199400 time=6.775402e+00 dt=3.461768e-05
elapsed=1.813969e+04 cycle=199500 time=6.778918e+00 dt=3.551936e-05
elapsed=1.814481e+04 cycle=199600 time=6.782505e+00 dt=3.599148e-05
elapsed=1.814987e+04 cycle=199700 time=6.786045e+00 dt=3.481135e-05
elapsed=1.815511e+04 cycle=199800 time=6.789485e+00 dt=3.381476e-05
elapsed=1.816044e+04 cycle=199900 time=6.792812e+00 dt=3.259708e-05
elapsed=1.816581e+04 cycle=200000 time=6.796251e+00 dt=3.558413e-05
elapsed=1.817116e+04 cycle=200100 time=6.799812e+00 dt=3.576882e-05
elapsed=1.817657e+04 cycle=200200 time=6.803377e+00 dt=3.542334e-05
elapsed=1.818210e+04 cycle=200300 time=6.806861e+00 dt=3.415086e-05
elapsed=1.818791e+04 cycle=200400 time=6.810197e+00 dt=3.260222e-05
elapsed=1.819350e+04 cycle=200500 time=6.813404e+00 dt=3.172766e-05
elapsed=1.819917e+04 cycle=200600 time=6.816598e+00 dt=3.226146e-05
elapsed=1.820485e+04 cycle=200700 time=6.819820e+00 dt=3.161521e-05
elapsed=1.821048e+04 cycle=200800 time=6.822893e+00 dt=2.991168e-05
elapsed=1.821610e+04 cycle=200900 time=6.825827e+00 dt=2.904973e-05
elapsed=1.822297e+04 cycle=201000 time=6.828935e+00 dt=3.220013e-05
elapsed=1.822973e+04 cycle=201100 time=6.832231e+00 dt=3.434551e-05
elapsed=1.823543e+04 cycle=201200 time=6.835640e+00 dt=3.385668e-05
elapsed=1.824120e+04 cycle=201300 time=6.838977e+00 dt=3.273425e-05
elapsed=1.824704e+04 cycle=201400 time=6.842192e+00 dt=3.168148e-05
elapsed=1.825291e+04 cycle=201500 time=6.845321e+00 dt=3.102334e-05
elapsed=1.825876e+04 cycle=201600 time=6.848369e+00 dt=2.978855e-05
elapsed=1.826467e+04 cycle=201700 time=6.851283e+00 dt=2.859680e-05
elapsed=1.827063e+04 cycle=201800 time=6.854101e+00 dt=2.778324e-05
elapsed=1.827657e+04 cycle=201900 time=6.856845e+00 dt=2.718697e-05
elapsed=1.828249e+04 cycle=202000 time=6.859598e+00 dt=2.881913e-05
elapsed=1.828850e+04 cycle=202100 time=6.862651e+00 dt=3.394537e-05
elapsed=1.829445e+04 cycle=202200 time=6.865996e+00 dt=3.290931e-05
elapsed=1.830072e+04 cycle=202300 time=6.869304e+00 dt=3.345559e-05
elapsed=1.830843e+04 cycle=202400 time=6.872700e+00 dt=3.459768e-05
elapsed=1.831455e+04 cycle=202500 time=6.876162e+00 dt=3.469472e-05
elapsed=1.832064e+04 cycle=202600 time=6.879657e+00 dt=3.508671e-05
elapsed=1.832685e+04 cycle=202700 time=6.883192e+00 dt=3.534951e-05
elapsed=1.833304e+04 cycle=202800 time=6.886694e+00 dt=3.475291e-05
elapsed=1.833933e+04 cycle=202900 time=6.890145e+00 dt=3.440272e-05
elapsed=1.834565e+04 cycle=203000 time=6.893581e+00 dt=3.423632e-05
elapsed=1.835207e+04 cycle=203100 time=6.896996e+00 dt=3.403095e-05
elapsed=1.835845e+04 cycle=203200 time=6.900401e+00 dt=3.411186e-05
elapsed=1.836497e+04 cycle=203300 time=6.903785e+00 dt=3.329120e-05
elapsed=1.837156e+04 cycle=203400 time=6.907064e+00 dt=3.214784e-05
elapsed=1.837826e+04 cycle=203500 time=6.910164e+00 dt=2.969003e-05
elapsed=1.838510e+04 cycle=203600 time=6.913115e+00 dt=3.130436e-05
elapsed=1.839188e+04 cycle=203700 time=6.916441e+00 dt=3.345832e-05
elapsed=1.839885e+04 cycle=203800 time=6.919805e+00 dt=3.375882e-05
elapsed=1.840589e+04 cycle=203900 time=6.923198e+00 dt=3.409481e-05
elapsed=1.841311e+04 cycle=204000 time=6.926633e+00 dt=3.455992e-05
elapsed=1.842042e+04 cycle=204100 time=6.930079e+00 dt=3.419456e-05
elapsed=1.842780e+04 cycle=204200 time=6.933491e+00 dt=3.390647e-05
elapsed=1.843529e+04 cycle=204300 time=6.936869e+00 dt=3.351517e-05
elapsed=1.844302e+04 cycle=204400 time=6.940216e+00 dt=3.357243e-05
elapsed=1.845075e+04 cycle=204500 time=6.943587e+00 dt=3.346322e-05
elapsed=1.845862e+04 cycle=204600 time=6.946838e+00 dt=3.432052e-05
elapsed=1.846663e+04 cycle=204700 time=6.950288e+00 dt=3.452346e-05
elapsed=1.847475e+04 cycle=204800 time=6.953677e+00 dt=3.359868e-05
elapsed=1.848308e+04 cycle=204900 time=6.957054e+00 dt=3.433602e-05
elapsed=1.849156e+04 cycle=205000 time=6.960513e+00 dt=3.468009e-05
elapsed=1.850014e+04 cycle=205100 time=6.963983e+00 dt=3.484854e-05
elapsed=1.850880e+04 cycle=205200 time=6.967466e+00 dt=3.478792e-05
elapsed=1.851762e+04 cycle=205300 time=6.970937e+00 dt=3.465697e-05
elapsed=1.852664e+04 cycle=205400 time=6.974398e+00 dt=3.435647e-05
elapsed=1.853569e+04 cycle=205500 time=6.977803e+00 dt=3.374142e-05
elapsed=1.854493e+04 cycle=205600 time=6.981157e+00 dt=3.338619e-05
elapsed=1.855419e+04 cycle=205700 time=6.984478e+00 dt=3.311704e-05
elapsed=1.856577e+04 cycle=205800 time=6.987786e+00 dt=3.306600e-05
elapsed=1.857544e+04 cycle=205900 time=6.991032e+00 dt=3.188464e-05
elapsed=1.858519e+04 cycle=206000 time=6.994206e+00 dt=3.209572e-05
elapsed=1.859512e+04 cycle=206100 time=6.997531e+00 dt=3.395579e-05
elapsed=1.860523e+04 cycle=206200 time=7.000974e+00 dt=3.489607e-05
elapsed=1.861556e+04 cycle=206300 time=7.004481e+00 dt=3.521430e-05
elapsed=1.862587e+04 cycle=206400 time=7.008004e+00 dt=3.510305e-05
elapsed=1.863634e+04 cycle=206500 time=7.011356e+00 dt=3.238348e-05
elapsed=1.864691e+04 cycle=206600 time=7.014799e+00 dt=3.565574e-05
elapsed=1.865763e+04 cycle=206700 time=7.018345e+00 dt=3.455179e-05
elapsed=1.866879e+04 cycle=206800 time=7.021698e+00 dt=3.265705e-05
elapsed=1.867991e+04 cycle=206900 time=7.024995e+00 dt=3.494262e-05
elapsed=1.869103e+04 cycle=207000 time=7.028532e+00 dt=3.476390e-05
elapsed=1.870222e+04 cycle=207100 time=7.031922e+00 dt=3.338375e-05
elapsed=1.871363e+04 cycle=207200 time=7.035409e+00 dt=3.684484e-05
elapsed=1.872499e+04 cycle=207300 time=7.039078e+00 dt=3.637060e-05
elapsed=1.873649e+04 cycle=207400 time=7.042659e+00 dt=3.537845e-05
elapsed=1.874814e+04 cycle=207500 time=7.046205e+00 dt=3.507684e-05
elapsed=1.875977e+04 cycle=207600 time=7.049691e+00 dt=3.487174e-05
elapsed=1.877161e+04 cycle=207700 time=7.053149e+00 dt=3.437417e-05
elapsed=1.878340e+04 cycle=207800 time=7.056581e+00 dt=3.419677e-05
elapsed=1.879521e+04 cycle=207900 time=7.059984e+00 dt=3.379416e-05
elapsed=1.880714e+04 cycle=208000 time=7.063342e+00 dt=3.346864e-05
elapsed=1.881923e+04 cycle=208100 time=7.066704e+00 dt=3.388780e-05
elapsed=1.883136e+04 cycle=208200 time=7.070124e+00 dt=3.432239e-05
elapsed=1.884353e+04 cycle=208300 time=7.073445e+00 dt=3.240612e-05
elapsed=1.885577e+04 cycle=208400 time=7.076817e+00 dt=3.393017e-05
elapsed=1.886806e+04 cycle=208500 time=7.080234e+00 dt=3.433210e-05
elapsed=1.888048e+04 cycle=208600 time=7.083644e+00 dt=3.381404e-05
elapsed=1.889289e+04 cycle=208700 time=7.087041e+00 dt=3.485105e-05
elapsed=1.890527e+04 cycle=208800 time=7.090572e+00 dt=3.557488e-05
elapsed=1.891781e+04 cycle=208900 time=7.094069e+00 dt=3.431878e-05
elapsed=1.893028e+04 cycle=209000 time=7.097447e+00 dt=3.337382e-05
elapsed=1.894288e+04 cycle=209100 time=7.100719e+00 dt=3.182601e-05
elapsed=1.895550e+04 cycle=209200 time=7.103811e+00 dt=3.008206e-05
elapsed=1.896818e+04 cycle=209300 time=7.106789e+00 dt=2.986560e-05
elapsed=1.898094e+04 cycle=209400 time=7.109954e+00 dt=3.311222e-05
elapsed=1.899357e+04 cycle=209500 time=7.113328e+00 dt=3.422600e-05
elapsed=1.900633e+04 cycle=209600 time=7.116718e+00 dt=3.321030e-05
elapsed=1.901912e+04 cycle=209700 time=7.119962e+00 dt=3.193324e-05
elapsed=1.903187e+04 cycle=209800 time=7.123103e+00 dt=3.136326e-05
elapsed=1.904468e+04 cycle=209900 time=7.126279e+00 dt=3.066493e-05
elapsed=1.905745e+04 cycle=210000 time=7.129269e+00 dt=2.992399e-05
elapsed=1.907017e+04 cycle=210100 time=7.132268e+00 dt=2.964364e-05
elapsed=1.908288e+04 cycle=210200 time=7.135307e+00 dt=3.376026e-05
elapsed=1.909583e+04 cycle=210300 time=7.138647e+00 dt=3.358839e-05
elapsed=1.910768e+04 cycle=210400 time=7.141954e+00 dt=3.272852e-05
elapsed=1.911877e+04 cycle=210500 time=7.145216e+00 dt=3.223405e-05
elapsed=1.912991e+04 cycle=210600 time=7.148429e+00 dt=3.237576e-05
elapsed=1.913690e+04 cycle=210700 time=7.151660e+00 dt=3.253133e-05
elapsed=1.913954e+04 cycle=210800 time=7.154962e+00 dt=3.313146e-05
elapsed=1.914211e+04 cycle=210900 time=7.158281e+00 dt=3.336755e-05
elapsed=1.914469e+04 cycle=211000 time=7.161614e+00 dt=3.278833e-05
elapsed=1.914727e+04 cycle=211100 time=7.164922e+00 dt=3.287571e-05
elapsed=1.914984e+04 cycle=211200 time=7.168236e+00 dt=3.366028e-05
elapsed=1.915253e+04 cycle=211300 time=7.171589e+00 dt=3.285733e-05
elapsed=1.915512e+04 cycle=211400 time=7.174781e+00 dt=3.125423e-05
elapsed=1.915786e+04 cycle=211500 time=7.177920e+00 dt=3.186785e-05
elapsed=1.916050e+04 cycle=211600 time=7.181148e+00 dt=3.252121e-05
elapsed=1.916310e+04 cycle=211700 time=7.184426e+00 dt=3.309691e-05
elapsed=1.916566e+04 cycle=211800 time=7.187700e+00 dt=3.266722e-05
elapsed=1.916829e+04 cycle=211900 time=7.191005e+00 dt=3.395516e-05
elapsed=1.917093e+04 cycle=212000 time=7.194463e+00 dt=3.433748e-05
elapsed=1.917349e+04 cycle=212100 time=7.197802e+00 dt=3.263109e-05
elapsed=1.917623e+04 cycle=212200 time=7.200985e+00 dt=3.066394e-05
elapsed=1.917889e+04 cycle=212300 time=7.204199e+00 dt=3.504779e-05
elapsed=1.918154e+04 cycle=212400 time=7.207706e+00 dt=3.452752e-05
elapsed=1.918422e+04 cycle=212500 time=7.211082e+00 dt=3.360603e-05
elapsed=1.918679e+04 cycle=212600 time=7.214459e+00 dt=3.387362e-05
elapsed=1.918945e+04 cycle=212700 time=7.217865e+00 dt=3.429659e-05
elapsed=1.919214e+04 cycle=212800 time=7.221291e+00 dt=3.389771e-05
elapsed=1.919479e+04 cycle=212900 time=7.224637e+00 dt=3.318637e-05
elapsed=1.919747e+04 cycle=213000 time=7.227935e+00 dt=3.286087e-05
elapsed=1.920009e+04 cycle=213100 time=7.231221e+00 dt=3.288858e-05
elapsed=1.920276e+04 cycle=213200 time=7.234505e+00 dt=3.280882e-05
elapsed=1.920532e+04 cycle=213300 time=7.237774e+00 dt=3.261685e-05
elapsed=1.920792e+04 cycle=213400 time=7.241027e+00 dt=3.250151e-05
elapsed=1.921064e+04 cycle=213500 time=7.244278e+00 dt=3.251412e-05
elapsed=1.921333e+04 cycle=213600 time=7.247505e+00 dt=3.176652e-05
elapsed=1.921600e+04 cycle=213700 time=7.250597e+00 dt=3.018550e-05
elapsed=1.921862e+04 cycle=213800 time=7.253700e+00 dt=3.161450e-05
elapsed=1.922130e+04 cycle=213900 time=7.256856e+00 dt=3.148665e-05
elapsed=1.922400e+04 cycle=214000 time=7.260000e+00 dt=3.140566e-05
elapsed=1.922672e+04 cycle=214100 time=7.263134e+00 dt=3.117402e-05
elapsed=1.922934e+04 cycle=214200 time=7.266234e+00 dt=3.074126e-05
elapsed=1.923199e+04 cycle=214300 time=7.269294e+00 dt=3.051283e-05
elapsed=1.923466e+04 cycle=214400 time=7.272362e+00 dt=3.104369e-05
elapsed=1.923735e+04 cycle=214500 time=7.275474e+00 dt=3.122276e-05
elapsed=1.923998e+04 cycle=214600 time=7.278600e+00 dt=3.152615e-05
elapsed=1.924257e+04 cycle=214700 time=7.281796e+00 dt=3.233875e-05
elapsed=1.924528e+04 cycle=214800 time=7.285061e+00 dt=3.283557e-05
elapsed=1.924785e+04 cycle=214900 time=7.288344e+00 dt=3.277097e-05
elapsed=1.925058e+04 cycle=215000 time=7.291774e+00 dt=3.410396e-05
elapsed=1.925324e+04 cycle=215100 time=7.295155e+00 dt=3.371796e-05
elapsed=1.925587e+04 cycle=215200 time=7.298522e+00 dt=3.345146e-05
elapsed=1.925851e+04 cycle=215300 time=7.301831e+00 dt=3.266378e-05
elapsed=1.926115e+04 cycle=215400 time=7.305060e+00 dt=3.217258e-05
elapsed=1.926385e+04 cycle=215500 time=7.308303e+00 dt=3.275430e-05
elapsed=1.926660e+04 cycle=215600 time=7.311599e+00 dt=3.321060e-05
elapsed=1.926933e+04 cycle=215700 time=7.314914e+00 dt=3.256099e-05
elapsed=1.927197e+04 cycle=215800 time=7.318078e+00 dt=3.071335e-05
elapsed=1.927461e+04 cycle=215900 time=7.321084e+00 dt=2.963376e-05
elapsed=1.927732e+04 cycle=216000 time=7.324032e+00 dt=2.935288e-05
elapsed=1.927997e+04 cycle=216100 time=7.326967e+00 dt=2.937298e-05
elapsed=1.928264e+04 cycle=216200 time=7.329910e+00 dt=2.950185e-05
elapsed=1.928534e+04 cycle=216300 time=7.332893e+00 dt=3.040249e-05
elapsed=1.928799e+04 cycle=216400 time=7.336023e+00 dt=3.190431e-05
elapsed=1.929064e+04 cycle=216500 time=7.339226e+00 dt=3.218072e-05
elapsed=1.929332e+04 cycle=216600 time=7.342461e+00 dt=3.235861e-05
elapsed=1.929598e+04 cycle=216700 time=7.345687e+00 dt=3.231670e-05
elapsed=1.929865e+04 cycle=216800 time=7.348987e+00 dt=3.393764e-05
elapsed=1.930135e+04 cycle=216900 time=7.352406e+00 dt=3.382245e-05
elapsed=1.930392e+04 cycle=217000 time=7.355723e+00 dt=3.261977e-05
elapsed=1.930658e+04 cycle=217100 time=7.359127e+00 dt=3.494429e-05
elapsed=1.930929e+04 cycle=217200 time=7.362625e+00 dt=3.496837e-05
elapsed=1.931195e+04 cycle=217300 time=7.366110e+00 dt=3.440323e-05
elapsed=1.931451e+04 cycle=217400 time=7.369599e+00 dt=3.510033e-05
elapsed=1.931722e+04 cycle=217500 time=7.373110e+00 dt=3.503345e-05
elapsed=1.931985e+04 cycle=217600 time=7.376586e+00 dt=3.447837e-05
elapsed=1.932257e+04 cycle=217700 time=7.380012e+00 dt=3.410044e-05
elapsed=1.932524e+04 cycle=217800 time=7.383397e+00 dt=3.344364e-05
elapsed=1.932787e+04 cycle=217900 time=7.386698e+00 dt=3.265281e-05
elapsed=1.933062e+04 cycle=218000 time=7.390020e+00 dt=3.414580e-05
elapsed=1.933321e+04 cycle=218100 time=7.393496e+00 dt=3.472959e-05
elapsed=1.933584e+04 cycle=218200 time=7.396948e+00 dt=3.435301e-05
elapsed=1.933847e+04 cycle=218300 time=7.400349e+00 dt=3.375396e-05
elapsed=1.934113e+04 cycle=218400 time=7.403743e+00 dt=3.408645e-05
elapsed=1.934378e+04 cycle=218500 time=7.407115e+00 dt=3.338885e-05
elapsed=1.934650e+04 cycle=218600 time=7.410421e+00 dt=3.275940e-05
elapsed=1.934920e+04 cycle=218700 time=7.413677e+00 dt=3.258346e-05
elapsed=1.935185e+04 cycle=218800 time=7.416919e+00 dt=3.222870e-05
elapsed=1.935455e+04 cycle=218900 time=7.420041e+00 dt=3.025793e-05
elapsed=1.935721e+04 cycle=219000 time=7.423120e+00 dt=3.036596e-05
elapsed=1.935983e+04 cycle=219100 time=7.426124e+00 dt=2.984760e-05
elapsed=1.936252e+04 cycle=219200 time=7.429009e+00 dt=2.794620e-05
elapsed=1.936520e+04 cycle=219300 time=7.431976e+00 dt=3.132949e-05
elapsed=1.936785e+04 cycle=219400 time=7.435219e+00 dt=3.284095e-05
elapsed=1.937052e+04 cycle=219500 time=7.438522e+00 dt=3.293167e-05
elapsed=1.937319e+04 cycle=219600 time=7.441813e+00 dt=3.276271e-05
elapsed=1.937591e+04 cycle=219700 time=7.445058e+00 dt=3.219267e-05
elapsed=1.937851e+04 cycle=219800 time=7.448270e+00 dt=3.194560e-05
elapsed=1.938114e+04 cycle=219900 time=7.451387e+00 dt=3.021378e-05
elapsed=1.938376e+04 cycle=220000 time=7.454374e+00 dt=3.038781e-05
elapsed=1.938640e+04 cycle=220100 time=7.457489e+00 dt=3.094997e-05
elapsed=1.938906e+04 cycle=220200 time=7.460552e+00 dt=3.021945e-05
elapsed=1.939177e+04 cycle=220300 time=7.463531e+00 dt=2.948429e-05
elapsed=1.939440e+04 cycle=220400 time=7.466444e+00 dt=2.897524e-05
elapsed=1.939708e+04 cycle=220500 time=7.469436e+00 dt=3.129111e-05
elapsed=1.939976e+04 cycle=220600 time=7.472676e+00 dt=3.239979e-05
elapsed=1.940244e+04 cycle=220700 time=7.475950e+00 dt=3.317062e-05
elapsed=1.940508e+04 cycle=220800 time=7.479226e+00 dt=3.244928e-05
elapsed=1.940780e+04 cycle=220900 time=7.482438e+00 dt=3.173603e-05
elapsed=1.941050e+04 cycle=221000 time=7.485596e+00 dt=3.154804e-05
elapsed=1.941317e+04 cycle=221100 time=7.488766e+00 dt=3.170580e-05
elapsed=1.941583e+04 cycle=221200 time=7.491921e+00 dt=3.130903e-05
elapsed=1.941855e+04 cycle=221300 time=7.495042e+00 dt=3.093965e-05
elapsed=1.942117e+04 cycle=221400 time=7.498083e+00 dt=2.982523e-05
elapsed=1.942388e+04 cycle=221500 time=7.500992e+00 dt=2.805257e-05
elapsed=1.942651e+04 cycle=221600 time=7.503775e+00 dt=2.870730e-05
elapsed=1.942920e+04 cycle=221700 time=7.506906e+00 dt=3.205149e-05
elapsed=1.943187e+04 cycle=221800 time=7.510086e+00 dt=3.077145e-05
elapsed=1.943455e+04 cycle=221900 time=7.513059e+00 dt=2.915652e-05
elapsed=1.943728e+04 cycle=222000 time=7.516100e+00 dt=3.070925e-05
elapsed=1.943993e+04 cycle=222100 time=7.519130e+00 dt=2.985363e-05
elapsed=1.944262e+04 cycle=222200 time=7.522076e+00 dt=2.909203e-05
elapsed=1.944527e+04 cycle=222300 time=7.524951e+00 dt=2.843706e-05
elapsed=1.944793e+04 cycle=222400 time=7.527763e+00 dt=2.788134e-05
elapsed=1.945065e+04 cycle=222500 time=7.530538e+00 dt=2.770434e-05
elapsed=1.945333e+04 cycle=222600 time=7.533299e+00 dt=2.750496e-05
elapsed=1.945599e+04 cycle=222700 time=7.536056e+00 dt=2.769018e-05
elapsed=1.945866e+04 cycle=222800 time=7.538872e+00 dt=2.896934e-05
elapsed=1.946139e+04 cycle=222900 time=7.541804e+00 dt=2.979791e-05
elapsed=1.946402e+04 cycle=223000 time=7.544993e+00 dt=3.260828e-05
elapsed=1.946665e+04 cycle=223100 time=7.548231e+00 dt=3.222867e-05
elapsed=1.946929e+04 cycle=223200 time=7.551451e+00 dt=3.228903e-05
elapsed=1.947199e+04 cycle=223300 time=7.554638e+00 dt=3.109441e-05
elapsed=1.947465e+04 cycle=223400 time=7.557758e+00 dt=3.128866e-05
elapsed=1.947728e+04 cycle=223500 time=7.560860e+00 dt=3.085064e-05
elapsed=1.947993e+04 cycle=223600 time=7.563925e+00 dt=3.040014e-05
elapsed=1.948261e+04 cycle=223700 time=7.566940e+00 dt=3.007875e-05
elapsed=1.948526e+04 cycle=223800 time=7.569994e+00 dt=3.123349e-05
elapsed=1.948791e+04 cycle=223900 time=7.573153e+00 dt=3.184327e-05
elapsed=1.949058e+04 cycle=224000 time=7.576331e+00 dt=3.186794e-05
elapsed=1.949328e+04 cycle=224100 time=7.579577e+00 dt=3.269164e-05
elapsed=1.949596e+04 cycle=224200 time=7.582857e+00 dt=3.311319e-05
elapsed=1.949864e+04 cycle=224300 time=7.586183e+00 dt=3.323373e-05
elapsed=1.950127e+04 cycle=224400 time=7.589502e+00 dt=3.323346e-05
elapsed=1.950404e+04 cycle=224500 time=7.592856e+00 dt=3.378206e-05
elapsed=1.950673e+04 cycle=224600 time=7.596151e+00 dt=3.203022e-05
elapsed=1.950940e+04 cycle=224700 time=7.599416e+00 dt=3.361835e-05
elapsed=1.951212e+04 cycle=224800 time=7.602820e+00 dt=3.436289e-05
elapsed=1.951475e+04 cycle=224900 time=7.606253e+00 dt=3.407957e-05
elapsed=1.951743e+04 cycle=225000 time=7.609559e+00 dt=3.107425e-05
elapsed=1.952008e+04 cycle=225100 time=7.612593e+00 dt=3.124253e-05
elapsed=1.952278e+04 cycle=225200 time=7.615627e+00 dt=2.956746e-05
elapsed=1.952547e+04 cycle=225300 time=7.618546e+00 dt=2.893967e-05
elapsed=1.952812e+04 cycle=225400 time=7.621444e+00 dt=2.936115e-05
elapsed=1.953077e+04 cycle=225500 time=7.624456e+00 dt=3.047033e-05
elapsed=1.953343e+04 cycle=225600 time=7.627523e+00 dt=3.071614e-05
elapsed=1.953608e+04 cycle=225700 time=7.630596e+00 dt=3.077624e-05
elapsed=1.953876e+04 cycle=225800 time=7.633646e+00 dt=3.012312e-05
elapsed=1.954137e+04 cycle=225900 time=7.636653e+00 dt=3.032484e-05
elapsed=1.954403e+04 cycle=226000 time=7.639659e+00 dt=2.978359e-05
elapsed=1.954677e+04 cycle=226100 time=7.642647e+00 dt=2.983135e-05
elapsed=1.954946e+04 cycle=226200 time=7.645577e+00 dt=2.893058e-05
elapsed=1.955213e+04 cycle=226300 time=7.648446e+00 dt=2.799242e-05
elapsed=1.955484e+04 cycle=226400 time=7.651168e+00 dt=2.655838e-05
elapsed=1.955752e+04 cycle=226500 time=7.653827e+00 dt=2.768363e-05
elapsed=1.956016e+04 cycle=226600 time=7.656795e+00 dt=3.251792e-05
elapsed=1.956285e+04 cycle=226700 time=7.659928e+00 dt=3.030058e-05
elapsed=1.956558e+04 cycle=226800 time=7.662905e+00 dt=2.937459e-05
elapsed=1.956821e+04 cycle=226900 time=7.665876e+00 dt=3.050969e-05
elapsed=1.957088e+04 cycle=227000 time=7.668967e+00 dt=3.092158e-05
elapsed=1.957357e+04 cycle=227100 time=7.672053e+00 dt=3.115613e-05
elapsed=1.957620e+04 cycle=227200 time=7.675205e+00 dt=3.231517e-05
elapsed=1.957886e+04 cycle=227300 time=7.678480e+00 dt=3.297145e-05
elapsed=1.958152e+04 cycle=227400 time=7.681773e+00 dt=3.277686e-05
elapsed=1.958418e+04 cycle=227500 time=7.685038e+00 dt=3.246976e-05
elapsed=1.958685e+04 cycle=227600 time=7.688252e+00 dt=3.180717e-05
elapsed=1.958956e+04 cycle=227700 time=7.691391e+00 dt=3.117472e-05
elapsed=1.959221e+04 cycle=227800 time=7.694457e+00 dt=2.987864e-05
elapsed=1.959492e+04 cycle=227900 time=7.697427e+00 dt=2.766703e-05
elapsed=1.959754e+04 cycle=228000 time=7.700065e+00 dt=2.636052e-05
elapsed=1.960019e+04 cycle=228100 time=7.702767e+00 dt=2.894659e-05
elapsed=1.960278e+04 cycle=228200 time=7.705850e+00 dt=3.206688e-05
elapsed=1.960549e+04 cycle=228300 time=7.709033e+00 dt=3.165555e-05
elapsed=1.960817e+04 cycle=228400 time=7.712169e+00 dt=3.095232e-05
elapsed=1.961084e+04 cycle=228500 time=7.715238e+00 dt=3.048341e-05
elapsed=1.961350e+04 cycle=228600 time=7.718316e+00 dt=3.105445e-05
elapsed=1.961615e+04 cycle=228700 time=7.721463e+00 dt=3.188149e-05
elapsed=1.961883e+04 cycle=228800 time=7.724672e+00 dt=3.245360e-05
elapsed=1.962153e+04 cycle=228900 time=7.727930e+00 dt=3.280216e-05
elapsed=1.962419e+04 cycle=229000 time=7.731262e+00 dt=3.367513e-05
elapsed=1.962688e+04 cycle=229100 time=7.734607e+00 dt=3.367926e-05
elapsed=1.962957e+04 cycle=229200 time=7.737890e+00 dt=3.176859e-05
elapsed=1.963225e+04 cycle=229300 time=7.741058e+00 dt=3.122766e-05
elapsed=1.963494e+04 cycle=229400 time=7.744291e+00 dt=3.348590e-05
elapsed=1.963762e+04 cycle=229500 time=7.747623e+00 dt=3.331657e-05
elapsed=1.964026e+04 cycle=229600 time=7.750862e+00 dt=3.148781e-05
elapsed=1.964288e+04 cycle=229700 time=7.753989e+00 dt=3.148382e-05
elapsed=1.964551e+04 cycle=229800 time=7.757212e+00 dt=3.312209e-05
elapsed=1.964822e+04 cycle=229900 time=7.760496e+00 dt=3.286525e-05
elapsed=1.965088e+04 cycle=230000 time=7.763745e+00 dt=3.170638e-05
elapsed=1.965357e+04 cycle=230100 time=7.766865e+00 dt=3.067740e-05
elapsed=1.965627e+04 cycle=230200 time=7.770000e+00 dt=3.253650e-05
elapsed=1.966136e+04 cycle=230300 time=7.773334e+00 dt=3.411179e-05
elapsed=1.966639e+04 cycle=230400 time=7.776748e+00 dt=3.388427e-05
elapsed=1.967147e+04 cycle=230500 time=7.780079e+00 dt=3.264145e-05
elapsed=1.967656e+04 cycle=230600 time=7.783281e+00 dt=3.170337e-05
elapsed=1.968161e+04 cycle=230700 time=7.786495e+00 dt=3.331828e-05
elapsed=1.968673e+04 cycle=230800 time=7.789841e+00 dt=3.345021e-05
elapsed=1.969182e+04 cycle=230900 time=7.793215e+00 dt=3.478719e-05
elapsed=1.969688e+04 cycle=231000 time=7.796738e+00 dt=3.491149e-05
elapsed=1.970201e+04 cycle=231100 time=7.800311e+00 dt=3.613484e-05
elapsed=1.970709e+04 cycle=231200 time=7.803847e+00 dt=3.470399e-05
elapsed=1.971222e+04 cycle=231300 time=7.807291e+00 dt=3.367885e-05
elapsed=1.971727e+04 cycle=231400 time=7.810595e+00 dt=3.262907e-05
elapsed=1.972235e+04 cycle=231500 time=7.813916e+00 dt=3.534769e-05
elapsed=1.972747e+04 cycle=231600 time=7.817433e+00 dt=3.459484e-05
elapsed=1.973258e+04 cycle=231700 time=7.820893e+00 dt=3.409161e-05
elapsed=1.973774e+04 cycle=231800 time=7.824303e+00 dt=3.503660e-05
elapsed=1.974285e+04 cycle=231900 time=7.827815e+00 dt=3.518612e-05
elapsed=1.974798e+04 cycle=232000 time=7.831317e+00 dt=3.562324e-05
elapsed=1.975308e+04 cycle=232100 time=7.834887e+00 dt=3.547955e-05
elapsed=1.975817e+04 cycle=232200 time=7.838390e+00 dt=3.457587e-05
elapsed=1.976331e+04 cycle=232300 time=7.841803e+00 dt=3.389425e-05
elapsed=1.976848e+04 cycle=232400 time=7.845161e+00 dt=3.353003e-05
elapsed=1.977353e+04 cycle=232500 time=7.848493e+00 dt=3.312977e-05
elapsed=1.977870e+04 cycle=232600 time=7.851818e+00 dt=3.355842e-05
elapsed=1.978376e+04 cycle=232700 time=7.855204e+00 dt=3.409018e-05
elapsed=1.978882e+04 cycle=232800 time=7.858647e+00 dt=3.451040e-05
elapsed=1.979393e+04 cycle=232900 time=7.862122e+00 dt=3.508718e-05
elapsed=1.979895e+04 cycle=233000 time=7.865688e+00 dt=3.608127e-05
elapsed=1.980414e+04 cycle=233100 time=7.869207e+00 dt=3.424267e-05
elapsed=1.980929e+04 cycle=233200 time=7.872720e+00 dt=3.552317e-05
elapsed=1.981445e+04 cycle=233300 time=7.876210e+00 dt=3.418418e-05
elapsed=1.981959e+04 cycle=233400 time=7.879548e+00 dt=3.279558e-05
elapsed=1.982472e+04 cycle=233500 time=7.882933e+00 dt=3.632504e-05
elapsed=1.982989e+04 cycle=233600 time=7.886543e+00 dt=3.598479e-05
elapsed=1.983507e+04 cycle=233700 time=7.890163e+00 dt=3.637894e-05
elapsed=1.984022e+04 cycle=233800 time=7.893778e+00 dt=3.577987e-05
elapsed=1.984538e+04 cycle=233900 time=7.897338e+00 dt=3.539902e-05
elapsed=1.985057e+04 cycle=234000 time=7.900890e+00 dt=3.556388e-05
elapsed=1.985568e+04 cycle=234100 time=7.904442e+00 dt=3.560942e-05
elapsed=1.986081e+04 cycle=234200 time=7.908003e+00 dt=3.568170e-05
elapsed=1.986601e+04 cycle=234300 time=7.911428e+00 dt=3.300420e-05
elapsed=1.987112e+04 cycle=234400 time=7.914624e+00 dt=3.072807e-05
elapsed=1.987623e+04 cycle=234500 time=7.917717e+00 dt=3.264481e-05
elapsed=1.988225e+04 cycle=234600 time=7.921295e+00 dt=3.681952e-05
elapsed=1.988855e+04 cycle=234700 time=7.924978e+00 dt=3.663194e-05
elapsed=1.989365e+04 cycle=234800 time=7.928577e+00 dt=3.526599e-05
elapsed=1.989885e+04 cycle=234900 time=7.932047e+00 dt=3.415801e-05
elapsed=1.990406e+04 cycle=235000 time=7.935493e+00 dt=3.522363e-05
elapsed=1.990927e+04 cycle=235100 time=7.939101e+00 dt=3.658521e-05
elapsed=1.991454e+04 cycle=235200 time=7.942707e+00 dt=3.553822e-05
elapsed=1.991976e+04 cycle=235300 time=7.946246e+00 dt=3.504950e-05
elapsed=1.992498e+04 cycle=235400 time=7.949733e+00 dt=3.462846e-05
elapsed=1.993024e+04 cycle=235500 time=7.953188e+00 dt=3.426107e-05
elapsed=1.993547e+04 cycle=235600 time=7.956614e+00 dt=3.420820e-05
elapsed=1.994067e+04 cycle=235700 time=7.960044e+00 dt=3.428153e-05
elapsed=1.994588e+04 cycle=235800 time=7.963374e+00 dt=3.182303e-05
elapsed=1.995116e+04 cycle=235900 time=7.966428e+00 dt=3.284944e-05
elapsed=1.995639e+04 cycle=236000 time=7.969720e+00 dt=3.268483e-05
elapsed=1.996165e+04 cycle=236100 time=7.972928e+00 dt=3.168818e-05
elapsed=1.996691e+04 cycle=236200 time=7.976084e+00 dt=3.143474e-05
elapsed=1.997214e+04 cycle=236300 time=7.979202e+00 dt=3.126547e-05
elapsed=1.997741e+04 cycle=236400 time=7.982312e+00 dt=3.091620e-05
elapsed=1.998268e+04 cycle=236500 time=7.985337e+00 dt=2.954467e-05
elapsed=1.998791e+04 cycle=236600 time=7.988240e+00 dt=2.835311e-05
elapsed=1.999316e+04 cycle=236700 time=7.991053e+00 dt=2.871114e-05
elapsed=1.999838e+04 cycle=236800 time=7.993952e+00 dt=2.861340e-05
elapsed=2.000364e+04 cycle=236900 time=7.996987e+00 dt=3.241092e-05
elapsed=2.000888e+04 cycle=237000 time=8.000265e+00 dt=3.276764e-05
elapsed=2.001403e+04 cycle=237100 time=8.003587e+00 dt=3.356939e-05
elapsed=2.001925e+04 cycle=237200 time=8.006904e+00 dt=3.270649e-05
elapsed=2.002448e+04 cycle=237300 time=8.010114e+00 dt=3.127370e-05
elapsed=2.002964e+04 cycle=237400 time=8.013146e+00 dt=2.979139e-05
elapsed=2.003484e+04 cycle=237500 time=8.016383e+00 dt=3.594307e-05
elapsed=2.004010e+04 cycle=237600 time=8.019976e+00 dt=3.490877e-05
elapsed=2.004534e+04 cycle=237700 time=8.023290e+00 dt=3.183072e-05
elapsed=2.005060e+04 cycle=237800 time=8.026593e+00 dt=3.475330e-05
elapsed=2.005595e+04 cycle=237900 time=8.030057e+00 dt=3.451488e-05
elapsed=2.006174e+04 cycle=238000 time=8.033494e+00 dt=3.363380e-05
elapsed=2.006844e+04 cycle=238100 time=8.036745e+00 dt=3.275182e-05
elapsed=2.007421e+04 cycle=238200 time=8.040121e+00 dt=3.372167e-05
elapsed=2.007961e+04 cycle=238300 time=8.043535e+00 dt=3.461798e-05
elapsed=2.008498e+04 cycle=238400 time=8.047012e+00 dt=3.544212e-05
elapsed=2.009037e+04 cycle=238500 time=8.050576e+00 dt=3.535789e-05
elapsed=2.009586e+04 cycle=238600 time=8.054090e+00 dt=3.502988e-05
elapsed=2.010138e+04 cycle=238700 time=8.057606e+00 dt=3.533857e-05
elapsed=2.010698e+04 cycle=238800 time=8.061041e+00 dt=3.335349e-05
elapsed=2.011252e+04 cycle=238900 time=8.064326e+00 dt=3.247041e-05
elapsed=2.011817e+04 cycle=239000 time=8.067579e+00 dt=3.294507e-05
elapsed=2.012391e+04 cycle=239100 time=8.070915e+00 dt=3.349360e-05
elapsed=2.012963e+04 cycle=239200 time=8.074228e+00 dt=3.279696e-05
elapsed=2.013521e+04 cycle=239300 time=8.077470e+00 dt=3.219799e-05
elapsed=2.014099e+04 cycle=239400 time=8.080700e+00 dt=3.250968e-05
elapsed=2.014687e+04 cycle=239500 time=8.083962e+00 dt=3.211891e-05
elapsed=2.015277e+04 cycle=239600 time=8.087066e+00 dt=2.981931e-05
elapsed=2.015869e+04 cycle=239700 time=8.090009e+00 dt=2.893921e-05
elapsed=2.016460e+04 cycle=239800 time=8.093098e+00 dt=3.176212e-05
elapsed=2.017061e+04 cycle=239900 time=8.096290e+00 dt=3.197641e-05
elapsed=2.017664e+04 cycle=240000 time=8.099492e+00 dt=3.200202e-05
elapsed=2.018278e+04 cycle=240100 time=8.102696e+00 dt=3.218930e-05
elapsed=2.018883e+04 cycle=240200 time=8.105915e+00 dt=3.236710e-05
elapsed=2.019472e+04 cycle=240300 time=8.109187e+00 dt=3.248970e-05
elapsed=2.020085e+04 cycle=240400 time=8.112405e+00 dt=3.274962e-05
elapsed=2.020705e+04 cycle=240500 time=8.115675e+00 dt=3.199817e-05
elapsed=2.021333e+04 cycle=240600 time=8.118849e+00 dt=3.136770e-05
elapsed=2.021958e+04 cycle=240700 time=8.121854e+00 dt=2.994047e-05
elapsed=2.022583e+04 cycle=240800 time=8.124897e+00 dt=3.057397e-05
elapsed=2.023215e+04 cycle=240900 time=8.127976e+00 dt=3.189397e-05
elapsed=2.023853e+04 cycle=241000 time=8.131212e+00 dt=3.230647e-05
elapsed=2.024490e+04 cycle=241100 time=8.134441e+00 dt=3.231339e-05
elapsed=2.025131e+04 cycle=241200 time=8.137669e+00 dt=3.213465e-05
elapsed=2.025774e+04 cycle=241300 time=8.140843e+00 dt=3.075538e-05
elapsed=2.026409e+04 cycle=241400 time=8.143934e+00 dt=3.108820e-05
elapsed=2.027054e+04 cycle=241500 time=8.147029e+00 dt=3.086246e-05
elapsed=2.027706e+04 cycle=241600 time=8.150131e+00 dt=3.135622e-05
elapsed=2.028357e+04 cycle=241700 time=8.153284e+00 dt=3.163820e-05
elapsed=2.029017e+04 cycle=241800 time=8.156438e+00 dt=3.142447e-05
elapsed=2.029684e+04 cycle=241900 time=8.159556e+00 dt=3.088734e-05
elapsed=2.030353e+04 cycle=242000 time=8.162610e+00 dt=3.017269e-05
elapsed=2.031025e+04 cycle=242100 time=8.165569e+00 dt=2.882756e-05
elapsed=2.031703e+04 cycle=242200 time=8.168363e+00 dt=2.692550e-05
elapsed=2.032387e+04 cycle=242300 time=8.170934e+00 dt=2.582636e-05
elapsed=2.033069e+04 cycle=242400 time=8.173910e+00 dt=3.120399e-05
elapsed=2.033758e+04 cycle=242500 time=8.176990e+00 dt=3.063855e-05
elapsed=2.034448e+04 cycle=242600 time=8.180063e+00 dt=3.102504e-05
elapsed=2.035135e+04 cycle=242700 time=8.183174e+00 dt=3.112113e-05
elapsed=2.035840e+04 cycle=242800 time=8.186262e+00 dt=3.051542e-05
elapsed=2.036534e+04 cycle=242900 time=8.189282e+00 dt=2.997971e-05
elapsed=2.037232e+04 cycle=243000 time=8.192273e+00 dt=2.908095e-05
elapsed=2.037941e+04 cycle=243100 time=8.195048e+00 dt=2.635442e-05
elapsed=2.038657e+04 cycle=243200 time=8.197546e+00 dt=2.377117e-05
elapsed=2.039372e+04 cycle=243300 time=8.199879e+00 dt=2.340057e-05
elapsed=2.040088e+04 cycle=243400 time=8.202653e+00 dt=3.323026e-05
elapsed=2.040805e+04 cycle=243500 time=8.205903e+00 dt=3.166650e-05
elapsed=2.041528e+04 cycle=243600 time=8.209010e+00 dt=3.055680e-05
elapsed=2.042249e+04 cycle=243700 time=8.212036e+00 dt=2.979124e-05
elapsed=2.042978e+04 cycle=243800 time=8.215010e+00 dt=2.973390e-05
elapsed=2.043711e+04 cycle=243900 time=8.218058e+00 dt=3.194214e-05
elapsed=2.044443e+04 cycle=244000 time=8.221268e+00 dt=3.226839e-05
elapsed=2.045182e+04 cycle=244100 time=8.224539e+00 dt=3.240853e-05
elapsed=2.045922e+04 cycle=244200 time=8.227731e+00 dt=3.169517e-05
elapsed=2.046658e+04 cycle=244300 time=8.230855e+00 dt=3.092429e-05
elapsed=2.047397e+04 cycle=244400 time=8.233935e+00 dt=3.085447e-05
elapsed=2.048144e+04 cycle=244500 time=8.237030e+00 dt=3.085647e-05
elapsed=2.048893e+04 cycle=244600 time=8.240106e+00 dt=3.079094e-05
elapsed=2.049642e+04 cycle=244700 time=8.243222e+00 dt=3.142246e-05
elapsed=2.050395e+04 cycle=244800 time=8.246372e+00 dt=3.151879e-05
elapsed=2.051146e+04 cycle=244900 time=8.249504e+00 dt=3.099645e-05
elapsed=2.051904e+04 cycle=245000 time=8.252548e+00 dt=2.997932e-05
elapsed=2.052661e+04 cycle=245100 time=8.255514e+00 dt=2.936242e-05
elapsed=2.053422e+04 cycle=245200 time=8.258485e+00 dt=3.008273e-05
elapsed=2.054193e+04 cycle=245300 time=8.261464e+00 dt=2.961996e-05
elapsed=2.054965e+04 cycle=245400 time=8.264444e+00 dt=3.029583e-05
elapsed=2.055736e+04 cycle=245500 time=8.267570e+00 dt=3.256628e-05
elapsed=2.056510e+04 cycle=245600 time=8.270858e+00 dt=3.271422e-05
elapsed=2.057284e+04 cycle=245700 time=8.274128e+00 dt=3.263211e-05
elapsed=2.058070e+04 cycle=245800 time=8.277391e+00 dt=3.269316e-05
elapsed=2.058859e+04 cycle=245900 time=8.280643e+00 dt=3.220245e-05
elapsed=2.059648e+04 cycle=246000 time=8.283808e+00 dt=3.110396e-05
elapsed=2.060431e+04 cycle=246100 time=8.286932e+00 dt=3.198320e-05
elapsed=2.061232e+04 cycle=246200 time=8.290189e+00 dt=3.322302e-05
elapsed=2.062029e+04 cycle=246300 time=8.293559e+00 dt=3.389211e-05
elapsed=2.062818e+04 cycle=246400 time=8.296937e+00 dt=3.361459e-05
elapsed=2.063627e+04 cycle=246500 time=8.300278e+00 dt=3.366537e-05
elapsed=2.064434e+04 cycle=246600 time=8.303671e+00 dt=3.381904e-05
elapsed=2.065248e+04 cycle=246700 time=8.307036e+00 dt=3.341069e-05
elapsed=2.066062e+04 cycle=246800 time=8.310358e+00 dt=3.294277e-05
elapsed=2.066881e+04 cycle=246900 time=8.313615e+00 dt=3.236766e-05
elapsed=2.067705e+04 cycle=247000 time=8.316833e+00 dt=3.201152e-05
elapsed=2.068542e+04 cycle=247100 time=8.320030e+00 dt=3.176194e-05
elapsed=2.069376e+04 cycle=247200 time=8.323160e+00 dt=3.066404e-05
elapsed=2.070211e+04 cycle=247300 time=8.326131e+00 dt=2.873202e-05
elapsed=2.071042e+04 cycle=247400 time=8.328908e+00 dt=2.691183e-05
elapsed=2.071890e+04 cycle=247500 time=8.331626e+00 dt=2.821496e-05
elapsed=2.072734e+04 cycle=247600 time=8.334525e+00 dt=2.987223e-05
elapsed=2.073586e+04 cycle=247700 time=8.337455e+00 dt=3.042360e-05
elapsed=2.074425e+04 cycle=247800 time=8.340565e+00 dt=3.181110e-05
elapsed=2.075281e+04 cycle=247900 time=8.343813e+00 dt=3.198179e-05
elapsed=2.076137e+04 cycle=248000 time=8.346941e+00 dt=3.095111e-05
elapsed=2.076996e+04 cycle=248100 time=8.350082e+00 dt=3.093329e-05
elapsed=2.077838e+04 cycle=248200 time=8.353141e+00 dt=3.128191e-05
elapsed=2.078796e+04 cycle=248300 time=8.356284e+00 dt=3.137545e-05
elapsed=2.079746e+04 cycle=248400 time=8.359368e+00 dt=3.044570e-05
elapsed=2.080597e+04 cycle=248500 time=8.362452e+00 dt=3.149128e-05
elapsed=2.081450e+04 cycle=248600 time=8.365742e+00 dt=3.429888e-05
elapsed=2.082304e+04 cycle=248700 time=8.369403e+00 dt=3.720834e-05
elapsed=2.083157e+04 cycle=248800 time=8.373118e+00 dt=3.684951e-05
elapsed=2.084007e+04 cycle=248900 time=8.376810e+00 dt=3.734253e-05
elapsed=2.084859e+04 cycle=249000 time=8.380411e+00 dt=3.455300e-05
elapsed=2.085717e+04 cycle=249100 time=8.383900e+00 dt=3.585211e-05
elapsed=2.086566e+04 cycle=249200 time=8.387544e+00 dt=3.657002e-05
elapsed=2.087419e+04 cycle=249300 time=8.391189e+00 dt=3.715895e-05
elapsed=2.088266e+04 cycle=249400 time=8.394980e+00 dt=3.783911e-05
elapsed=2.089122e+04 cycle=249500 time=8.398770e+00 dt=3.783010e-05
elapsed=2.089978e+04 cycle=249600 time=8.402530e+00 dt=3.738519e-05
elapsed=2.090829e+04 cycle=249700 time=8.406267e+00 dt=3.736899e-05
elapsed=2.091707e+04 cycle=249800 time=8.410013e+00 dt=3.742653e-05
elapsed=2.092554e+04 cycle=249900 time=8.413722e+00 dt=3.724357e-05
elapsed=2.093399e+04 cycle=250000 time=8.417422e+00 dt=3.667853e-05
elapsed=2.094243e+04 cycle=250100 time=8.421064e+00 dt=3.624573e-05
elapsed=2.095084e+04 cycle=250200 time=8.424657e+00 dt=3.567051e-05
elapsed=2.095922e+04 cycle=250300 time=8.428173e+00 dt=3.350555e-05
elapsed=2.096760e+04 cycle=250400 time=8.431308e+00 dt=3.067934e-05
elapsed=2.097603e+04 cycle=250500 time=8.434682e+00 dt=3.494755e-05
elapsed=2.098443e+04 cycle=250600 time=8.438151e+00 dt=3.481920e-05
elapsed=2.099278e+04 cycle=250700 time=8.441626e+00 dt=3.434002e-05
elapsed=2.100112e+04 cycle=250800 time=8.445035e+00 dt=3.362732e-05
elapsed=2.100946e+04 cycle=250900 time=8.448380e+00 dt=3.345496e-05
elapsed=2.101756e+04 cycle=251000 time=8.451710e+00 dt=3.322663e-05
elapsed=2.102543e+04 cycle=251100 time=8.455022e+00 dt=3.298595e-05
elapsed=2.103330e+04 cycle=251200 time=8.458273e+00 dt=3.166701e-05
elapsed=2.104104e+04 cycle=251300 time=8.461359e+00 dt=3.024818e-05
elapsed=2.104849e+04 cycle=251400 time=8.464365e+00 dt=3.030209e-05
elapsed=2.105559e+04 cycle=251500 time=8.467378e+00 dt=2.946583e-05
elapsed=2.106252e+04 cycle=251600 time=8.470277e+00 dt=2.848997e-05
elapsed=2.106931e+04 cycle=251700 time=8.473104e+00 dt=2.836554e-05
elapsed=2.107600e+04 cycle=251800 time=8.475870e+00 dt=2.672094e-05
elapsed=2.108266e+04 cycle=251900 time=8.478545e+00 dt=2.698686e-05
elapsed=2.108927e+04 cycle=252000 time=8.481629e+00 dt=3.482545e-05
elapsed=2.109566e+04 cycle=252100 time=8.485106e+00 dt=3.385624e-05
elapsed=2.110207e+04 cycle=252200 time=8.488548e+00 dt=3.584851e-05
elapsed=2.110847e+04 cycle=252300 time=8.492111e+00 dt=3.508120e-05
elapsed=2.111471e+04 cycle=252400 time=8.495507e+00 dt=3.302622e-05
elapsed=2.112091e+04 cycle=252500 time=8.498706e+00 dt=3.119931e-05
elapsed=2.112702e+04 cycle=252600 time=8.501788e+00 dt=3.043310e-05
elapsed=2.113312e+04 cycle=252700 time=8.504741e+00 dt=2.877697e-05
elapsed=2.113916e+04 cycle=252800 time=8.507590e+00 dt=2.841946e-05
elapsed=2.114521e+04 cycle=252900 time=8.510462e+00 dt=2.869756e-05
elapsed=2.115110e+04 cycle=253000 time=8.513276e+00 dt=2.782186e-05
elapsed=2.115698e+04 cycle=253100 time=8.516112e+00 dt=2.922299e-05
elapsed=2.116279e+04 cycle=253200 time=8.519142e+00 dt=3.301289e-05
elapsed=2.116846e+04 cycle=253300 time=8.522501e+00 dt=3.371741e-05
elapsed=2.117402e+04 cycle=253400 time=8.525880e+00 dt=3.349671e-05
elapsed=2.117970e+04 cycle=253500 time=8.529097e+00 dt=3.067909e-05
elapsed=2.118537e+04 cycle=253600 time=8.532084e+00 dt=2.926911e-05
elapsed=2.119098e+04 cycle=253700 time=8.534915e+00 dt=2.783952e-05
elapsed=2.119655e+04 cycle=253800 time=8.537849e+00 dt=3.097737e-05
elapsed=2.120202e+04 cycle=253900 time=8.541002e+00 dt=3.186932e-05
elapsed=2.120739e+04 cycle=254000 time=8.544154e+00 dt=3.135699e-05
elapsed=2.121271e+04 cycle=254100 time=8.547279e+00 dt=3.146188e-05
elapsed=2.121808e+04 cycle=254200 time=8.550441e+00 dt=3.134240e-05
elapsed=2.122344e+04 cycle=254300 time=8.553524e+00 dt=3.040372e-05
elapsed=2.122876e+04 cycle=254400 time=8.556552e+00 dt=3.038173e-05
elapsed=2.123392e+04 cycle=254500 time=8.559594e+00 dt=3.057172e-05
elapsed=2.123926e+04 cycle=254600 time=8.562686e+00 dt=3.147612e-05
elapsed=2.124437e+04 cycle=254700 time=8.565859e+00 dt=3.111589e-05
elapsed=2.124947e+04 cycle=254800 time=8.568927e+00 dt=3.062846e-05
elapsed=2.125450e+04 cycle=254900 time=8.571965e+00 dt=3.014352e-05
elapsed=2.125944e+04 cycle=255000 time=8.574910e+00 dt=2.895020e-05
elapsed=2.126425e+04 cycle=255100 time=8.577804e+00 dt=2.896848e-05
elapsed=2.126890e+04 cycle=255200 time=8.580710e+00 dt=2.931984e-05
elapsed=2.127352e+04 cycle=255300 time=8.583693e+00 dt=3.038956e-05
elapsed=2.127805e+04 cycle=255400 time=8.586818e+00 dt=3.223774e-05
elapsed=2.128246e+04 cycle=255500 time=8.590044e+00 dt=3.231883e-05
elapsed=2.128670e+04 cycle=255600 time=8.593283e+00 dt=3.252046e-05
elapsed=2.129083e+04 cycle=255700 time=8.596542e+00 dt=3.252225e-05
elapsed=2.129488e+04 cycle=255800 time=8.599841e+00 dt=3.337951e-05
elapsed=2.129892e+04 cycle=255900 time=8.603198e+00 dt=3.373316e-05
elapsed=2.130284e+04 cycle=256000 time=8.606563e+00 dt=3.358955e-05
elapsed=2.130665e+04 cycle=256100 time=8.609856e+00 dt=3.222533e-05
elapsed=2.131046e+04 cycle=256200 time=8.613052e+00 dt=3.178361e-05
elapsed=2.131416e+04 cycle=256300 time=8.616214e+00 dt=3.164193e-05
elapsed=2.131781e+04 cycle=256400 time=8.619439e+00 dt=3.291521e-05
elapsed=2.132150e+04 cycle=256500 time=8.622760e+00 dt=3.362637e-05
elapsed=2.132510e+04 cycle=256600 time=8.626187e+00 dt=3.442964e-05
elapsed=2.132858e+04 cycle=256700 time=8.629607e+00 dt=3.401305e-05
elapsed=2.133205e+04 cycle=256800 time=8.633004e+00 dt=3.399703e-05
elapsed=2.133536e+04 cycle=256900 time=8.636406e+00 dt=3.402590e-05
elapsed=2.133869e+04 cycle=257000 time=8.639793e+00 dt=3.382416e-05
elapsed=2.134201e+04 cycle=257100 time=8.643171e+00 dt=3.361955e-05
elapsed=2.134516e+04 cycle=257200 time=8.646498e+00 dt=3.306433e-05
elapsed=2.134827e+04 cycle=257300 time=8.649783e+00 dt=3.247130e-05
elapsed=2.135135e+04 cycle=257400 time=8.653007e+00 dt=3.202093e-05
elapsed=2.135434e+04 cycle=257500 time=8.656186e+00 dt=3.162154e-05
elapsed=2.135731e+04 cycle=257600 time=8.659341e+00 dt=3.179093e-05
elapsed=2.136023e+04 cycle=257700 time=8.662579e+00 dt=3.266687e-05
elapsed=2.136312e+04 cycle=257800 time=8.665780e+00 dt=3.107677e-05
elapsed=2.136596e+04 cycle=257900 time=8.668799e+00 dt=3.015180e-05
elapsed=2.136876e+04 cycle=258000 time=8.671840e+00 dt=2.878122e-05
elapsed=2.137157e+04 cycle=258100 time=8.674643e+00 dt=2.925068e-05
elapsed=2.137425e+04 cycle=258200 time=8.677883e+00 dt=3.211992e-05
elapsed=2.137699e+04 cycle=258300 time=8.681273e+00 dt=3.441088e-05
elapsed=2.137962e+04 cycle=258400 time=8.684724e+00 dt=3.463887e-05
elapsed=2.138235e+04 cycle=258500 time=8.688165e+00 dt=3.349135e-05
elapsed=2.138505e+04 cycle=258600 time=8.691420e+00 dt=3.208924e-05
elapsed=2.138772e+04 cycle=258700 time=8.694542e+00 dt=3.084930e-05
elapsed=2.139034e+04 cycle=258800 time=8.697659e+00 dt=3.176496e-05
elapsed=2.139302e+04 cycle=258900 time=8.700952e+00 dt=3.334820e-05
elapsed=2.139564e+04 cycle=259000 time=8.704291e+00 dt=3.347705e-05
elapsed=2.139822e+04 cycle=259100 time=8.707617e+00 dt=3.304345e-05
elapsed=2.140073e+04 cycle=259200 time=8.710908e+00 dt=3.275253e-05
elapsed=2.140326e+04 cycle=259300 time=8.714198e+00 dt=3.303103e-05
elapsed=2.140581e+04 cycle=259400 time=8.717521e+00 dt=3.318802e-05
elapsed=2.140836e+04 cycle=259500 time=8.720810e+00 dt=3.294018e-05
elapsed=2.141084e+04 cycle=259600 time=8.724249e+00 dt=3.563007e-05
elapsed=2.141334e+04 cycle=259700 time=8.727820e+00 dt=3.574654e-05
elapsed=2.141584e+04 cycle=259800 time=8.731384e+00 dt=3.561783e-05
elapsed=2.141833e+04 cycle=259900 time=8.734946e+00 dt=3.564209e-05
elapsed=2.142080e+04 cycle=260000 time=8.738524e+00 dt=3.583420e-05
elapsed=2.142326e+04 cycle=260100 time=8.742062e+00 dt=3.525258e-05
elapsed=2.142574e+04 cycle=260200 time=8.745578e+00 dt=3.514850e-05
elapsed=2.142820e+04 cycle=260300 time=8.749083e+00 dt=3.481811e-05
elapsed=2.143073e+04 cycle=260400 time=8.752564e+00 dt=3.498033e-05
elapsed=2.143320e+04 cycle=260500 time=8.756055e+00 dt=3.472981e-05
elapsed=2.143567e+04 cycle=260600 time=8.759515e+00 dt=3.463041e-05
elapsed=2.143816e+04 cycle=260700 time=8.763012e+00 dt=3.550190e-05
elapsed=2.144063e+04 cycle=260800 time=8.766608e+00 dt=3.594905e-05
elapsed=2.144309e+04 cycle=260900 time=8.770178e+00 dt=3.553171e-05
elapsed=2.144552e+04 cycle=261000 time=8.773722e+00 dt=3.531770e-05
elapsed=2.144799e+04 cycle=261100 time=8.777259e+00 dt=3.561981e-05
elapsed=2.145046e+04 cycle=261200 time=8.780837e+00 dt=3.591565e-05
elapsed=2.145295e+04 cycle=261300 time=8.784399e+00 dt=3.604595e-05
elapsed=2.145542e+04 cycle=261400 time=8.788012e+00 dt=3.617547e-05
elapsed=2.145785e+04 cycle=261500 time=8.791630e+00 dt=3.579223e-05
elapsed=2.146030e+04 cycle=261600 time=8.795251e+00 dt=3.632204e-05
elapsed=2.146271e+04 cycle=261700 time=8.798900e+00 dt=3.587875e-05
elapsed=2.146518e+04 cycle=261800 time=8.802381e+00 dt=3.331672e-05
elapsed=2.146762e+04 cycle=261900 time=8.805542e+00 dt=3.064402e-05
elapsed=2.146998e+04 cycle=262000 time=8.808659e+00 dt=3.209360e-05
elapsed=2.147244e+04 cycle=262100 time=8.811993e+00 dt=3.459187e-05
elapsed=2.147486e+04 cycle=262200 time=8.815468e+00 dt=3.472233e-05
elapsed=2.147727e+04 cycle=262300 time=8.818917e+00 dt=3.418523e-05
elapsed=2.147970e+04 cycle=262400 time=8.822312e+00 dt=3.381246e-05
elapsed=2.148213e+04 cycle=262500 time=8.825686e+00 dt=3.363974e-05
elapsed=2.148449e+04 cycle=262600 time=8.829035e+00 dt=3.339133e-05
elapsed=2.148694e+04 cycle=262700 time=8.832391e+00 dt=3.373306e-05
elapsed=2.148927e+04 cycle=262800 time=8.835750e+00 dt=3.344285e-05
elapsed=2.149160e+04 cycle=262900 time=8.839080e+00 dt=3.307314e-05
elapsed=2.149403e+04 cycle=263000 time=8.842356e+00 dt=3.237328e-05
elapsed=2.149648e+04 cycle=263100 time=8.845563e+00 dt=3.207171e-05
elapsed=2.149884e+04 cycle=263200 time=8.848855e+00 dt=3.492188e-05
elapsed=2.150123e+04 cycle=263300 time=8.852452e+00 dt=3.569166e-05
elapsed=2.150363e+04 cycle=263400 time=8.855990e+00 dt=3.500186e-05
elapsed=2.150601e+04 cycle=263500 time=8.859430e+00 dt=3.358769e-05
elapsed=2.150842e+04 cycle=263600 time=8.862673e+00 dt=3.138115e-05
elapsed=2.151082e+04 cycle=263700 time=8.865752e+00 dt=3.090697e-05
elapsed=2.151318e+04 cycle=263800 time=8.868831e+00 dt=3.219379e-05
elapsed=2.151565e+04 cycle=263900 time=8.872266e+00 dt=3.613490e-05
elapsed=2.151800e+04 cycle=264000 time=8.875903e+00 dt=3.689873e-05
elapsed=2.152033e+04 cycle=264100 time=8.879656e+00 dt=3.787617e-05
elapsed=2.152274e+04 cycle=264200 time=8.883450e+00 dt=3.775061e-05
elapsed=2.152514e+04 cycle=264300 time=8.887208e+00 dt=3.757031e-05
elapsed=2.152753e+04 cycle=264400 time=8.890956e+00 dt=3.727025e-05
elapsed=2.152990e+04 cycle=264500 time=8.894716e+00 dt=3.798517e-05
elapsed=2.153228e+04 cycle=264600 time=8.898480e+00 dt=3.736146e-05
elapsed=2.153468e+04 cycle=264700 time=8.902212e+00 dt=3.729067e-05
elapsed=2.153712e+04 cycle=264800 time=8.905949e+00 dt=3.746585e-05
elapsed=2.153942e+04 cycle=264900 time=8.909641e+00 dt=3.633710e-05
elapsed=2.154183e+04 cycle=265000 time=8.913173e+00 dt=3.381000e-05
elapsed=2.154421e+04 cycle=265100 time=8.916464e+00 dt=3.363489e-05
elapsed=2.154661e+04 cycle=265200 time=8.920032e+00 dt=3.623826e-05
elapsed=2.154899e+04 cycle=265300 time=8.923572e+00 dt=3.436989e-05
elapsed=2.155137e+04 cycle=265400 time=8.926935e+00 dt=3.363057e-05
elapsed=2.155370e+04 cycle=265500 time=8.930373e+00 dt=3.414975e-05
elapsed=2.155612e+04 cycle=265600 time=8.933742e+00 dt=3.320796e-05
elapsed=2.155858e+04 cycle=265700 time=8.937012e+00 dt=3.233599e-05
elapsed=2.156103e+04 cycle=265800 time=8.940237e+00 dt=3.235636e-05
elapsed=2.156338e+04 cycle=265900 time=8.943495e+00 dt=3.277917e-05
elapsed=2.156573e+04 cycle=266000 time=8.946785e+00 dt=3.298829e-05
elapsed=2.156815e+04 cycle=266100 time=8.950026e+00 dt=3.324551e-05
elapsed=2.157056e+04 cycle=266200 time=8.953540e+00 dt=3.600176e-05
elapsed=2.157291e+04 cycle=266300 time=8.957102e+00 dt=3.563387e-05
elapsed=2.157535e+04 cycle=266400 time=8.960618e+00 dt=3.489092e-05
elapsed=2.157776e+04 cycle=266500 time=8.964094e+00 dt=3.464746e-05
elapsed=2.158010e+04 cycle=266600 time=8.967544e+00 dt=3.428838e-05
elapsed=2.158247e+04 cycle=266700 time=8.970875e+00 dt=3.209008e-05
elapsed=2.158485e+04 cycle=266800 time=8.974173e+00 dt=3.438674e-05
elapsed=2.158728e+04 cycle=266900 time=8.977597e+00 dt=3.419881e-05
elapsed=2.158971e+04 cycle=267000 time=8.981031e+00 dt=3.443714e-05
elapsed=2.159206e+04 cycle=267100 time=8.984510e+00 dt=3.523023e-05
elapsed=2.159442e+04 cycle=267200 time=8.988014e+00 dt=3.487987e-05
elapsed=2.159683e+04 cycle=267300 time=8.991490e+00 dt=3.469563e-05
elapsed=2.159917e+04 cycle=267400 time=8.994943e+00 dt=3.440440e-05
elapsed=2.160158e+04 cycle=267500 time=8.998362e+00 dt=3.400195e-05
elapsed=2.160404e+04 cycle=267600 time=9.001750e+00 dt=3.386927e-05
elapsed=2.160642e+04 cycle=267700 time=9.005138e+00 dt=3.392055e-05
elapsed=2.160881e+04 cycle=267800 time=9.008532e+00 dt=3.388742e-05
elapsed=2.161123e+04 cycle=267900 time=9.011898e+00 dt=3.337217e-05
elapsed=2.161360e+04 cycle=268000 time=9.015198e+00 dt=3.245199e-05
elapsed=2.161590e+04 cycle=268100 time=9.018377e+00 dt=3.102422e-05
elapsed=2.161822e+04 cycle=268200 time=9.021359e+00 dt=3.107246e-05
elapsed=2.162062e+04 cycle=268300 time=9.024660e+00 dt=3.409816e-05
elapsed=2.162300e+04 cycle=268400 time=9.027982e+00 dt=3.253151e-05
elapsed=2.162537e+04 cycle=268500 time=9.031306e+00 dt=3.360986e-05
elapsed=2.162779e+04 cycle=268600 time=9.034778e+00 dt=3.595406e-05
elapsed=2.163021e+04 cycle=268700 time=9.038356e+00 dt=3.558904e-05
elapsed=2.163261e+04 cycle=268800 time=9.041898e+00 dt=3.527198e-05
elapsed=2.163500e+04 cycle=268900 time=9.045414e+00 dt=3.519011e-05
elapsed=2.163734e+04 cycle=269000 time=9.048911e+00 dt=3.492841e-05
elapsed=2.163979e+04 cycle=269100 time=9.052397e+00 dt=3.458270e-05
elapsed=2.164218e+04 cycle=269200 time=9.055827e+00 dt=3.393120e-05
elapsed=2.164454e+04 cycle=269300 time=9.059181e+00 dt=3.326216e-05
elapsed=2.164698e+04 cycle=269400 time=9.062476e+00 dt=3.277043e-05
elapsed=2.164936e+04 cycle=269500 time=9.065745e+00 dt=3.265164e-05
elapsed=2.165175e+04 cycle=269600 time=9.069005e+00 dt=3.250637e-05
elapsed=2.165416e+04 cycle=269700 time=9.072247e+00 dt=3.208342e-05
elapsed=2.165655e+04 cycle=269800 time=9.075382e+00 dt=3.069832e-05
elapsed=2.165894e+04 cycle=269900 time=9.078420e+00 dt=3.005949e-05
elapsed=2.166135e+04 cycle=270000 time=9.081514e+00 dt=3.251127e-05
elapsed=2.166372e+04 cycle=270100 time=9.084773e+00 dt=3.266684e-05
elapsed=2.166614e+04 cycle=270200 time=9.087938e+00 dt=3.142017e-05
elapsed=2.166854e+04 cycle=270300 time=9.091214e+00 dt=3.313508e-05
elapsed=2.167094e+04 cycle=270400 time=9.094602e+00 dt=3.450913e-05
elapsed=2.167336e+04 cycle=270500 time=9.097992e+00 dt=3.319224e-05
elapsed=2.167579e+04 cycle=270600 time=9.101247e+00 dt=3.218700e-05
elapsed=2.167821e+04 cycle=270700 time=9.104519e+00 dt=3.264587e-05
elapsed=2.168060e+04 cycle=270800 time=9.107769e+00 dt=3.237261e-05
elapsed=2.168301e+04 cycle=270900 time=9.110971e+00 dt=3.149422e-05
elapsed=2.168544e+04 cycle=271000 time=9.114088e+00 dt=3.080961e-05
elapsed=2.168785e+04 cycle=271100 time=9.117143e+00 dt=3.027381e-05
elapsed=2.169026e+04 cycle=271200 time=9.120170e+00 dt=3.024974e-05
elapsed=2.169265e+04 cycle=271300 time=9.123163e+00 dt=2.952057e-05
elapsed=2.169503e+04 cycle=271400 time=9.126075e+00 dt=2.828480e-05
elapsed=2.169741e+04 cycle=271500 time=9.128931e+00 dt=2.890080e-05
elapsed=2.169981e+04 cycle=271600 time=9.131805e+00 dt=2.848375e-05
elapsed=2.170223e+04 cycle=271700 time=9.134626e+00 dt=2.793351e-05
elapsed=2.170466e+04 cycle=271800 time=9.137376e+00 dt=2.702302e-05
elapsed=2.170709e+04 cycle=271900 time=9.140027e+00 dt=2.607348e-05
elapsed=2.170947e+04 cycle=272000 time=9.142565e+00 dt=2.468626e-05
elapsed=2.171186e+04 cycle=272100 time=9.145094e+00 dt=2.730262e-05
elapsed=2.171429e+04 cycle=272200 time=9.148095e+00 dt=3.093782e-05
elapsed=2.171672e+04 cycle=272300 time=9.151243e+00 dt=3.254932e-05
elapsed=2.171914e+04 cycle=272400 time=9.154554e+00 dt=3.302036e-05
elapsed=2.172152e+04 cycle=272500 time=9.157772e+00 dt=3.115751e-05
elapsed=2.172393e+04 cycle=272600 time=9.160776e+00 dt=2.873496e-05
elapsed=2.172636e+04 cycle=272700 time=9.163664e+00 dt=3.019243e-05
elapsed=2.172876e+04 cycle=272800 time=9.166897e+00 dt=3.173669e-05
elapsed=2.173151e+04 cycle=272900 time=9.170045e+00 dt=3.161851e-05
elapsed=2.173381e+04 cycle=273000 time=9.173151e+00 dt=3.093069e-05
elapsed=2.173618e+04 cycle=273100 time=9.176214e+00 dt=3.061319e-05
elapsed=2.173856e+04 cycle=273200 time=9.179270e+00 dt=3.050366e-05
elapsed=2.174096e+04 cycle=273300 time=9.182351e+00 dt=3.154801e-05
elapsed=2.174337e+04 cycle=273400 time=9.185652e+00 dt=3.436652e-05
elapsed=2.174572e+04 cycle=273500 time=9.189082e+00 dt=3.287631e-05
elapsed=2.174813e+04 cycle=273600 time=9.192396e+00 dt=3.272509e-05
elapsed=2.175049e+04 cycle=273700 time=9.195620e+00 dt=3.167909e-05
elapsed=2.175288e+04 cycle=273800 time=9.198720e+00 dt=3.029249e-05
elapsed=2.175530e+04 cycle=273900 time=9.201690e+00 dt=2.912805e-05
elapsed=2.175771e+04 cycle=274000 time=9.204611e+00 dt=2.980344e-05
elapsed=2.176006e+04 cycle=274100 time=9.207739e+00 dt=3.265445e-05
elapsed=2.176245e+04 cycle=274200 time=9.211051e+00 dt=3.341355e-05
elapsed=2.176483e+04 cycle=274300 time=9.214461e+00 dt=3.492802e-05
elapsed=2.176724e+04 cycle=274400 time=9.217959e+00 dt=3.516862e-05
elapsed=2.176967e+04 cycle=274500 time=9.221458e+00 dt=3.380185e-05
elapsed=2.177207e+04 cycle=274600 time=9.224878e+00 dt=3.401421e-05
elapsed=2.177446e+04 cycle=274700 time=9.228186e+00 dt=3.218372e-05
elapsed=2.177686e+04 cycle=274800 time=9.231278e+00 dt=2.994077e-05
elapsed=2.177927e+04 cycle=274900 time=9.234447e+00 dt=3.245473e-05
elapsed=2.178167e+04 cycle=275000 time=9.237672e+00 dt=3.231038e-05
elapsed=2.178409e+04 cycle=275100 time=9.240879e+00 dt=3.169847e-05
elapsed=2.178646e+04 cycle=275200 time=9.244003e+00 dt=3.128653e-05
elapsed=2.178882e+04 cycle=275300 time=9.247240e+00 dt=3.362396e-05
elapsed=2.179125e+04 cycle=275400 time=9.250579e+00 dt=3.332773e-05
elapsed=2.179359e+04 cycle=275500 time=9.253917e+00 dt=3.332673e-05
elapsed=2.179600e+04 cycle=275600 time=9.257233e+00 dt=3.297091e-05
elapsed=2.179837e+04 cycle=275700 time=9.260526e+00 dt=3.292030e-05
elapsed=2.180077e+04 cycle=275800 time=9.263814e+00 dt=3.260495e-05
elapsed=2.180310e+04 cycle=275900 time=9.267033e+00 dt=3.198143e-05
elapsed=2.180553e+04 cycle=276000 time=9.270161e+00 dt=3.072531e-05
elapsed=2.180786e+04 cycle=276100 time=9.273196e+00 dt=2.992577e-05
elapsed=2.181027e+04 cycle=276200 time=9.276129e+00 dt=2.880051e-05
elapsed=2.181268e+04 cycle=276300 time=9.278975e+00 dt=2.815608e-05
elapsed=2.181847e+04 cycle=276400 time=9.281789e+00 dt=2.827208e-05
elapsed=2.182640e+04 cycle=276500 time=9.284605e+00 dt=2.789427e-05
elapsed=2.183431e+04 cycle=276600 time=9.287363e+00 dt=2.730705e-05
elapsed=2.184214e+04 cycle=276700 time=9.290089e+00 dt=2.756415e-05
elapsed=2.184997e+04 cycle=276800 time=9.292973e+00 dt=2.995403e-05
elapsed=2.185770e+04 cycle=276900 time=9.295947e+00 dt=2.954042e-05
elapsed=2.186546e+04 cycle=277000 time=9.298832e+00 dt=2.821804e-05
elapsed=2.187322e+04 cycle=277100 time=9.301617e+00 dt=2.735553e-05
elapsed=2.188094e+04 cycle=277200 time=9.304296e+00 dt=2.641203e-05
elapsed=2.188864e+04 cycle=277300 time=9.306882e+00 dt=2.537495e-05
elapsed=2.189635e+04 cycle=277400 time=9.309354e+00 dt=2.459045e-05
elapsed=2.190403e+04 cycle=277500 time=9.312081e+00 dt=3.010898e-05
elapsed=2.191173e+04 cycle=277600 time=9.315222e+00 dt=3.112628e-05
elapsed=2.191945e+04 cycle=277700 time=9.318217e+00 dt=2.858129e-05
elapsed=2.192715e+04 cycle=277800 time=9.320903e+00 dt=2.507320e-05
elapsed=2.193482e+04 cycle=277900 time=9.323325e+00 dt=2.497308e-05
elapsed=2.194233e+04 cycle=278000 time=9.326261e+00 dt=3.050026e-05
elapsed=2.194982e+04 cycle=278100 time=9.329248e+00 dt=2.961585e-05
elapsed=2.195728e+04 cycle=278200 time=9.332243e+00 dt=3.063666e-05
elapsed=2.196460e+04 cycle=278300 time=9.335343e+00 dt=3.132451e-05
elapsed=2.197192e+04 cycle=278400 time=9.338399e+00 dt=2.998722e-05
elapsed=2.197920e+04 cycle=278500 time=9.341471e+00 dt=3.095982e-05
elapsed=2.198644e+04 cycle=278600 time=9.344576e+00 dt=3.139704e-05
elapsed=2.199368e+04 cycle=278700 time=9.347621e+00 dt=2.918627e-05
elapsed=2.200005e+04 cycle=278800 time=9.350501e+00 dt=2.853574e-05
elapsed=2.200239e+04 cycle=278900 time=9.353320e+00 dt=2.811191e-05
elapsed=2.200476e+04 cycle=279000 time=9.356146e+00 dt=2.838730e-05
elapsed=2.200714e+04 cycle=279100 time=9.358993e+00 dt=2.854221e-05
elapsed=2.200946e+04 cycle=279200 time=9.361856e+00 dt=2.873800e-05
elapsed=2.201180e+04 cycle=279300 time=9.364807e+00 dt=2.978112e-05
elapsed=2.201414e+04 cycle=279400 time=9.367706e+00 dt=2.868560e-05
elapsed=2.201654e+04 cycle=279500 time=9.370634e+00 dt=3.104831e-05
elapsed=2.201888e+04 cycle=279600 time=9.373832e+00 dt=3.199724e-05
elapsed=2.202121e+04 cycle=279700 time=9.377057e+00 dt=3.249377e-05
elapsed=2.202362e+04 cycle=279800 time=9.380299e+00 dt=3.251040e-05
elapsed=2.202592e+04 cycle=279900 time=9.383555e+00 dt=3.255157e-05
elapsed=2.202831e+04 cycle=280000 time=9.386796e+00 dt=3.204362e-05
elapsed=2.203068e+04 cycle=280100 time=9.389949e+00 dt=3.103073e-05
elapsed=2.203299e+04 cycle=280200 time=9.393055e+00 dt=3.128850e-05
elapsed=2.203537e+04 cycle=280300 time=9.396226e+00 dt=3.231004e-05
elapsed=2.203771e+04 cycle=280400 time=9.399464e+00 dt=3.234413e-05
elapsed=2.204007e+04 cycle=280500 time=9.402705e+00 dt=3.280534e-05
elapsed=2.204246e+04 cycle=280600 time=9.406042e+00 dt=3.335365e-05
elapsed=2.204485e+04 cycle=280700 time=9.409354e+00 dt=3.249213e-05
elapsed=2.204723e+04 cycle=280800 time=9.412556e+00 dt=3.134421e-05
elapsed=2.204957e+04 cycle=280900 time=9.415676e+00 dt=3.069062e-05
elapsed=2.205193e+04 cycle=281000 time=9.418713e+00 dt=2.988211e-05
elapsed=2.205433e+04 cycle=281100 time=9.421654e+00 dt=2.921898e-05
elapsed=2.205663e+04 cycle=281200 time=9.424540e+00 dt=2.830232e-05
elapsed=2.205902e+04 cycle=281300 time=9.427400e+00 dt=2.986630e-05
elapsed=2.206142e+04 cycle=281400 time=9.430559e+00 dt=3.337132e-05
elapsed=2.206376e+04 cycle=281500 time=9.433993e+00 dt=3.517065e-05
elapsed=2.206611e+04 cycle=281600 time=9.437543e+00 dt=3.554138e-05
elapsed=2.206853e+04 cycle=281700 time=9.441116e+00 dt=3.535889e-05
elapsed=2.207088e+04 cycle=281800 time=9.444531e+00 dt=3.380570e-05
elapsed=2.207326e+04 cycle=281900 time=9.447857e+00 dt=3.241810e-05
elapsed=2.207566e+04 cycle=282000 time=9.451116e+00 dt=3.179361e-05
elapsed=2.207801e+04 cycle=282100 time=9.454056e+00 dt=2.755592e-05
elapsed=2.208042e+04 cycle=282200 time=9.456791e+00 dt=2.691960e-05
elapsed=2.208281e+04 cycle=282300 time=9.459825e+00 dt=3.485486e-05
elapsed=2.208518e+04 cycle=282400 time=9.463264e+00 dt=3.333629e-05
elapsed=2.208752e+04 cycle=282500 time=9.466542e+00 dt=3.266320e-05
elapsed=2.208993e+04 cycle=282600 time=9.469772e+00 dt=3.180035e-05
elapsed=2.209228e+04 cycle=282700 time=9.472907e+00 dt=3.088300e-05
elapsed=2.209470e+04 cycle=282800 time=9.475954e+00 dt=3.040274e-05
elapsed=2.209710e+04 cycle=282900 time=9.479005e+00 dt=3.064225e-05
elapsed=2.209944e+04 cycle=283000 time=9.482093e+00 dt=3.098818e-05
elapsed=2.210181e+04 cycle=283100 time=9.485183e+00 dt=3.091344e-05
elapsed=2.210418e+04 cycle=283200 time=9.488193e+00 dt=2.906107e-05
elapsed=2.210659e+04 cycle=283300 time=9.491109e+00 dt=3.066001e-05
elapsed=2.210897e+04 cycle=283400 time=9.494123e+00 dt=3.009382e-05
elapsed=2.211135e+04 cycle=283500 time=9.497188e+00 dt=3.046314e-05
elapsed=2.211377e+04 cycle=283600 time=9.500200e+00 dt=3.083226e-05
elapsed=2.211615e+04 cycle=283700 time=9.503223e+00 dt=3.000339e-05
elapsed=2.211854e+04 cycle=283800 time=9.506226e+00 dt=3.117413e-05
elapsed=2.212090e+04 cycle=283900 time=9.509471e+00 dt=3.529350e-05
elapsed=2.212328e+04 cycle=284000 time=9.512877e+00 dt=3.178432e-05
elapsed=2.212569e+04 cycle=284100 time=9.515902e+00 dt=2.885253e-05
elapsed=2.212806e+04 cycle=284200 time=9.518774e+00 dt=2.916380e-05
elapsed=2.213048e+04 cycle=284300 time=9.521913e+00 dt=3.545088e-05
elapsed=2.213288e+04 cycle=284400 time=9.525456e+00 dt=3.546575e-05
elapsed=2.213529e+04 cycle=284500 time=9.528968e+00 dt=3.438316e-05
elapsed=2.213770e+04 cycle=284600 time=9.532336e+00 dt=3.296940e-05
elapsed=2.214010e+04 cycle=284700 time=9.535550e+00 dt=3.103981e-05
elapsed=2.214252e+04 cycle=284800 time=9.538600e+00 dt=3.002290e-05
elapsed=2.214497e+04 cycle=284900 time=9.541574e+00 dt=2.972023e-05
elapsed=2.214740e+04 cycle=285000 time=9.544568e+00 dt=2.987370e-05
elapsed=2.214982e+04 cycle=285100 time=9.547593e+00 dt=3.073597e-05
elapsed=2.215220e+04 cycle=285200 time=9.550736e+00 dt=3.177481e-05
elapsed=2.215463e+04 cycle=285300 time=9.553915e+00 dt=3.134571e-05
elapsed=2.215706e+04 cycle=285400 time=9.556992e+00 dt=3.018295e-05
elapsed=2.215944e+04 cycle=285500 time=9.559955e+00 dt=2.912799e-05
elapsed=2.216190e+04 cycle=285600 time=9.562805e+00 dt=2.833869e-05
elapsed=2.216434e+04 cycle=285700 time=9.565787e+00 dt=3.262561e-05
elapsed=2.216681e+04 cycle=285800 time=9.569236e+00 dt=3.474051e-05
elapsed=2.216923e+04 cycle=285900 time=9.572700e+00 dt=3.488083e-05
elapsed=2.217170e+04 cycle=286000 time=9.576158e+00 dt=3.484150e-05
elapsed=2.217416e+04 cycle=286100 time=9.579552e+00 dt=3.278862e-05
elapsed=2.217665e+04 cycle=286200 time=9.582718e+00 dt=3.068056e-05
elapsed=2.217913e+04 cycle=286300 time=9.585863e+00 dt=3.293968e-05
elapsed=2.218162e+04 cycle=286400 time=9.589196e+00 dt=3.246232e-05
elapsed=2.218415e+04 cycle=286500 time=9.592288e+00 dt=3.011313e-05
elapsed=2.218658e+04 cycle=286600 time=9.595420e+00 dt=3.191683e-05
elapsed=2.218906e+04 cycle=286700 time=9.598633e+00 dt=3.322552e-05
elapsed=2.219155e+04 cycle=286800 time=9.602068e+00 dt=3.422435e-05
elapsed=2.219402e+04 cycle=286900 time=9.605426e+00 dt=3.339274e-05
elapsed=2.219651e+04 cycle=287000 time=9.608725e+00 dt=3.261733e-05
elapsed=2.219899e+04 cycle=287100 time=9.611967e+00 dt=3.234807e-05
elapsed=2.220145e+04 cycle=287200 time=9.615260e+00 dt=3.331324e-05
elapsed=2.220392e+04 cycle=287300 time=9.618492e+00 dt=3.128839e-05
elapsed=2.220639e+04 cycle=287400 time=9.621605e+00 dt=3.142670e-05
elapsed=2.220887e+04 cycle=287500 time=9.625000e+00 dt=3.461948e-05
elapsed=2.221132e+04 cycle=287600 time=9.628404e+00 dt=3.270201e-05
elapsed=2.221820e+04 cycle=287700 time=9.631666e+00 dt=3.357372e-05
elapsed=2.222934e+04 cycle=287800 time=9.635093e+00 dt=3.452259e-05
elapsed=2.224047e+04 cycle=287900 time=9.638539e+00 dt=3.440041e-05
elapsed=2.225160e+04 cycle=288000 time=9.641980e+00 dt=3.439057e-05
elapsed=2.226269e+04 cycle=288100 time=9.645422e+00 dt=3.430063e-05
elapsed=2.227382e+04 cycle=288200 time=9.648878e+00 dt=3.461478e-05
elapsed=2.228495e+04 cycle=288300 time=9.652338e+00 dt=3.450537e-05
elapsed=2.229607e+04 cycle=288400 time=9.655701e+00 dt=3.259115e-05
elapsed=2.230727e+04 cycle=288500 time=9.658880e+00 dt=3.126713e-05
elapsed=2.231845e+04 cycle=288600 time=9.661990e+00 dt=3.108671e-05
elapsed=2.232955e+04 cycle=288700 time=9.665131e+00 dt=3.182242e-05
elapsed=2.234070e+04 cycle=288800 time=9.668342e+00 dt=3.244569e-05
elapsed=2.235189e+04 cycle=288900 time=9.671581e+00 dt=3.234688e-05
elapsed=2.236305e+04 cycle=289000 time=9.674819e+00 dt=3.238824e-05
elapsed=2.237420e+04 cycle=289100 time=9.678036e+00 dt=3.189223e-05
elapsed=2.238530e+04 cycle=289200 time=9.681166e+00 dt=3.057296e-05
elapsed=2.239641e+04 cycle=289300 time=9.684160e+00 dt=2.950495e-05
elapsed=2.240756e+04 cycle=289400 time=9.687046e+00 dt=2.774084e-05
elapsed=2.241868e+04 cycle=289500 time=9.689742e+00 dt=2.725903e-05
elapsed=2.242978e+04 cycle=289600 time=9.692868e+00 dt=3.470923e-05
elapsed=2.244092e+04 cycle=289700 time=9.696346e+00 dt=3.458596e-05
elapsed=2.245214e+04 cycle=289800 time=9.699788e+00 dt=3.431869e-05
elapsed=2.246327e+04 cycle=289900 time=9.703192e+00 dt=3.388430e-05
elapsed=2.247439e+04 cycle=290000 time=9.706571e+00 dt=3.369638e-05
elapsed=2.248550e+04 cycle=290100 time=9.709944e+00 dt=3.377463e-05
elapsed=2.249663e+04 cycle=290200 time=9.713341e+00 dt=3.414781e-05
elapsed=2.250779e+04 cycle=290300 time=9.716708e+00 dt=3.245811e-05
elapsed=2.251892e+04 cycle=290400 time=9.720042e+00 dt=3.296131e-05
elapsed=2.253003e+04 cycle=290500 time=9.723281e+00 dt=3.194893e-05
elapsed=2.254113e+04 cycle=290600 time=9.726469e+00 dt=3.187793e-05
elapsed=2.255226e+04 cycle=290700 time=9.729552e+00 dt=3.037227e-05
elapsed=2.256349e+04 cycle=290800 time=9.732682e+00 dt=3.316286e-05
elapsed=2.257463e+04 cycle=290900 time=9.736113e+00 dt=3.412166e-05
elapsed=2.258574e+04 cycle=291000 time=9.739372e+00 dt=3.024301e-05
elapsed=2.259699e+04 cycle=291100 time=9.742632e+00 dt=3.466736e-05
elapsed=2.260811e+04 cycle=291200 time=9.746014e+00 dt=3.253314e-05
elapsed=2.261922e+04 cycle=291300 time=9.749230e+00 dt=3.182725e-05
elapsed=2.262749e+04 cycle=291400 time=9.752471e+00 dt=3.251092e-05
elapsed=2.262989e+04 cycle=291500 time=9.755680e+00 dt=3.231352e-05
elapsed=2.263225e+04 cycle=291600 time=9.758979e+00 dt=3.373256e-05
elapsed=2.263466e+04 cycle=291700 time=9.762418e+00 dt=3.461961e-05
elapsed=2.263706e+04 cycle=291800 time=9.765865e+00 dt=3.448083e-05
elapsed=2.263946e+04 cycle=291900 time=9.769319e+00 dt=3.434902e-05
elapsed=2.264189e+04 cycle=292000 time=9.772754e+00 dt=3.417488e-05
elapsed=2.264429e+04 cycle=292100 time=9.776102e+00 dt=3.256256e-05
elapsed=2.264670e+04 cycle=292200 time=9.779337e+00 dt=3.240864e-05
elapsed=2.264912e+04 cycle=292300 time=9.782590e+00 dt=3.301659e-05
elapsed=2.265150e+04 cycle=292400 time=9.786004e+00 dt=3.466687e-05
elapsed=2.265393e+04 cycle=292500 time=9.789473e+00 dt=3.436998e-05
elapsed=2.265632e+04 cycle=292600 time=9.792833e+00 dt=3.277376e-05
elapsed=2.265873e+04 cycle=292700 time=9.796086e+00 dt=3.267144e-05
elapsed=2.266116e+04 cycle=292800 time=9.799424e+00 dt=3.516959e-05
elapsed=2.266357e+04 cycle=292900 time=9.803017e+00 dt=3.552556e-05
elapsed=2.266603e+04 cycle=293000 time=9.806512e+00 dt=3.494281e-05
elapsed=2.266848e+04 cycle=293100 time=9.810020e+00 dt=3.499297e-05
elapsed=2.267091e+04 cycle=293200 time=9.813471e+00 dt=3.378165e-05
elapsed=2.267334e+04 cycle=293300 time=9.816810e+00 dt=3.300846e-05
elapsed=2.267575e+04 cycle=293400 time=9.819988e+00 dt=3.075713e-05
elapsed=2.267818e+04 cycle=293500 time=9.822981e+00 dt=2.936925e-05
elapsed=2.268060e+04 cycle=293600 time=9.825894e+00 dt=2.885927e-05
elapsed=2.268304e+04 cycle=293700 time=9.828877e+00 dt=3.295258e-05
elapsed=2.268544e+04 cycle=293800 time=9.832338e+00 dt=3.391975e-05
elapsed=2.268789e+04 cycle=293900 time=9.835596e+00 dt=3.153530e-05
elapsed=2.269034e+04 cycle=294000 time=9.838854e+00 dt=3.477462e-05
elapsed=2.269278e+04 cycle=294100 time=9.842289e+00 dt=3.406046e-05
elapsed=2.269526e+04 cycle=294200 time=9.845706e+00 dt=3.425874e-05
elapsed=2.269772e+04 cycle=294300 time=9.849165e+00 dt=3.474725e-05
elapsed=2.270018e+04 cycle=294400 time=9.852633e+00 dt=3.454234e-05
elapsed=2.270264e+04 cycle=294500 time=9.856094e+00 dt=3.468033e-05
elapsed=2.270509e+04 cycle=294600 time=9.859494e+00 dt=3.262091e-05
elapsed=2.270758e+04 cycle=294700 time=9.862589e+00 dt=3.128205e-05
elapsed=2.271003e+04 cycle=294800 time=9.865914e+00 dt=3.194244e-05
elapsed=2.271250e+04 cycle=294900 time=9.868971e+00 dt=3.164799e-05
elapsed=2.271496e+04 cycle=295000 time=9.872261e+00 dt=3.261558e-05
elapsed=2.271742e+04 cycle=295100 time=9.875420e+00 dt=3.046069e-05
elapsed=2.271991e+04 cycle=295200 time=9.878473e+00 dt=3.084007e-05
elapsed=2.272237e+04 cycle=295300 time=9.881566e+00 dt=3.317957e-05
elapsed=2.272483e+04 cycle=295400 time=9.884765e+00 dt=3.131291e-05
elapsed=2.272731e+04 cycle=295500 time=9.888066e+00 dt=3.360128e-05
elapsed=2.272981e+04 cycle=295600 time=9.891432e+00 dt=3.364719e-05
elapsed=2.273224e+04 cycle=295700 time=9.894797e+00 dt=3.361110e-05
elapsed=2.273468e+04 cycle=295800 time=9.898164e+00 dt=3.378960e-05
elapsed=2.273717e+04 cycle=295900 time=9.901525e+00 dt=3.291280e-05
elapsed=2.273963e+04 cycle=296000 time=9.904787e+00 dt=3.203474e-05
elapsed=2.274204e+04 cycle=296100 time=9.907939e+00 dt=3.120396e-05
elapsed=2.274449e+04 cycle=296200 time=9.910970e+00 dt=2.953539e-05
elapsed=2.274691e+04 cycle=296300 time=9.914099e+00 dt=3.294155e-05
elapsed=2.274932e+04 cycle=296400 time=9.917255e+00 dt=2.994985e-05
elapsed=2.275178e+04 cycle=296500 time=9.920351e+00 dt=3.228216e-05
elapsed=2.275418e+04 cycle=296600 time=9.923593e+00 dt=3.291404e-05
elapsed=2.275662e+04 cycle=296700 time=9.926920e+00 dt=3.334730e-05
elapsed=2.275904e+04 cycle=296800 time=9.930241e+00 dt=3.301072e-05
elapsed=2.276146e+04 cycle=296900 time=9.933524e+00 dt=3.276307e-05
elapsed=2.276390e+04 cycle=297000 time=9.936792e+00 dt=3.280016e-05
elapsed=2.276634e+04 cycle=297100 time=9.940101e+00 dt=3.391384e-05
elapsed=2.276876e+04 cycle=297200 time=9.943529e+00 dt=3.437520e-05
elapsed=2.277119e+04 cycle=297300 time=9.946986e+00 dt=3.446132e-05
elapsed=2.277365e+04 cycle=297400 time=9.950383e+00 dt=3.334689e-05
elapsed=2.277607e+04 cycle=297500 time=9.953628e+00 dt=3.161465e-05
elapsed=2.277851e+04 cycle=297600 time=9.956717e+00 dt=2.982444e-05
elapsed=2.278094e+04 cycle=297700 time=9.959638e+00 dt=2.988473e-05
elapsed=2.278339e+04 cycle=297800 time=9.962771e+00 dt=3.106784e-05
elapsed=2.278580e+04 cycle=297900 time=9.965854e+00 dt=3.083671e-05
elapsed=2.278825e+04 cycle=298000 time=9.968918e+00 dt=3.031787e-05
elapsed=2.279064e+04 cycle=298100 time=9.971910e+00 dt=2.977139e-05
elapsed=2.279308e+04 cycle=298200 time=9.974870e+00 dt=2.948452e-05
elapsed=2.279552e+04 cycle=298300 time=9.977826e+00 dt=2.937712e-05
elapsed=2.279798e+04 cycle=298400 time=9.980813e+00 dt=3.081229e-05
elapsed=2.280039e+04 cycle=298500 time=9.983863e+00 dt=3.051171e-05
elapsed=2.280285e+04 cycle=298600 time=9.986926e+00 dt=3.057714e-05
elapsed=2.280533e+04 cycle=298700 time=9.989988e+00 dt=3.048750e-05
elapsed=2.280780e+04 cycle=298800 time=9.993049e+00 dt=3.113024e-05
elapsed=2.281026e+04 cycle=298900 time=9.996229e+00 dt=3.225929e-05
elapsed=2.281274e+04 cycle=299000 time=9.999379e+00 dt=3.048992e-05

Terminating on time limit
time=1.000000e+01 cycle=299021
tlim=1.000000e+01 nlim=-1

MeshBlock-cycles = 4784336
cpu time used  = 2.281325e+04
zone-cycles/cpu_second = 6.872022e+06
particle-updates/cpu_second = 0.000000e+00
[2026-07-30 04:17:07] Finished: 512x1024

============================================================
 All three resolutions completed successfully.
 Outputs:
   /home/sasi/Projects/SubgridCGMModel/simulation_outputs/hr_mpi_128x256/
   /home/sasi/Projects/SubgridCGMModel/simulation_outputs/hr_mpi_256x512/
   /home/sasi/Projects/SubgridCGMModel/simulation_outputs/hr_mpi_512x1024/
============================================================
