
Root grid = 4 x 8 x 1 MeshBlocks
Total number of MeshBlocks = 32
Number of logical  levels of refinement = 3 (4 levels total)
Number of physical levels of refinement = 0 (1 levels total)
Number of parallel ranks = 1

Setup complete, executing task list(s)...

elapsed=2.227486e-01 cycle=0 time=0.000000e+00 dt=4.314425e-05
elapsed=3.606012e+00 cycle=100 time=4.305177e-03 dt=4.298277e-05
elapsed=6.984725e+00 cycle=200 time=8.598621e-03 dt=4.294114e-05
elapsed=1.047810e+01 cycle=300 time=1.289905e-02 dt=4.306519e-05
elapsed=1.384945e+01 cycle=400 time=1.720808e-02 dt=4.310574e-05
elapsed=1.735181e+01 cycle=500 time=2.151942e-02 dt=4.311980e-05
elapsed=2.074574e+01 cycle=600 time=2.583185e-02 dt=4.312846e-05
elapsed=2.425367e+01 cycle=700 time=3.014505e-02 dt=4.313524e-05
elapsed=2.763710e+01 cycle=800 time=3.445876e-02 dt=4.313870e-05
elapsed=3.101015e+01 cycle=900 time=3.877271e-02 dt=4.313937e-05
elapsed=3.449778e+01 cycle=1000 time=4.308597e-02 dt=4.313876e-05
elapsed=3.786397e+01 cycle=1100 time=4.738891e-02 dt=4.300600e-05
elapsed=4.134386e+01 cycle=1200 time=5.168074e-02 dt=4.300791e-05
elapsed=4.470454e+01 cycle=1300 time=5.597795e-02 dt=4.291120e-05
elapsed=4.818237e+01 cycle=1400 time=6.026552e-02 dt=4.288661e-05
elapsed=5.154279e+01 cycle=1500 time=6.455560e-02 dt=4.290525e-05
elapsed=5.490376e+01 cycle=1600 time=6.883792e-02 dt=4.271074e-05
elapsed=5.839339e+01 cycle=1700 time=7.310556e-02 dt=4.261383e-05
elapsed=6.177115e+01 cycle=1800 time=7.736070e-02 dt=4.246189e-05
elapsed=6.525969e+01 cycle=1900 time=8.159576e-02 dt=4.229813e-05
elapsed=6.862086e+01 cycle=2000 time=8.581745e-02 dt=4.210146e-05
elapsed=7.209757e+01 cycle=2100 time=9.000922e-02 dt=4.164705e-05
elapsed=7.545826e+01 cycle=2200 time=9.414936e-02 dt=4.115874e-05
elapsed=7.881873e+01 cycle=2300 time=9.823759e-02 dt=4.069187e-05
elapsed=8.229405e+01 cycle=2400 time=1.022899e-01 dt=4.046953e-05
elapsed=8.565186e+01 cycle=2500 time=1.063228e-01 dt=4.024656e-05
elapsed=8.912482e+01 cycle=2600 time=1.103391e-01 dt=4.003570e-05
elapsed=9.248103e+01 cycle=2700 time=1.143352e-01 dt=3.985861e-05
elapsed=9.583693e+01 cycle=2800 time=1.183239e-01 dt=3.986912e-05
elapsed=9.930851e+01 cycle=2900 time=1.223072e-01 dt=3.987975e-05
elapsed=1.026648e+02 cycle=3000 time=1.262880e-01 dt=3.985801e-05
elapsed=1.061372e+02 cycle=3100 time=1.302667e-01 dt=3.980500e-05
elapsed=1.094936e+02 cycle=3200 time=1.342369e-01 dt=3.967729e-05
elapsed=1.128509e+02 cycle=3300 time=1.381277e-01 dt=3.763441e-05
elapsed=1.163242e+02 cycle=3400 time=1.418932e-01 dt=3.923438e-05
elapsed=1.196815e+02 cycle=3500 time=1.458534e-01 dt=3.960210e-05
elapsed=1.230402e+02 cycle=3600 time=1.497995e-01 dt=3.925808e-05
elapsed=1.265165e+02 cycle=3700 time=1.537069e-01 dt=3.896011e-05
elapsed=1.298768e+02 cycle=3800 time=1.575500e-01 dt=3.803294e-05
elapsed=1.333524e+02 cycle=3900 time=1.613474e-01 dt=3.805814e-05
elapsed=1.367122e+02 cycle=4000 time=1.649634e-01 dt=3.540458e-05
elapsed=1.400718e+02 cycle=4100 time=1.687347e-01 dt=3.865629e-05
elapsed=1.435497e+02 cycle=4200 time=1.725549e-01 dt=3.726218e-05
elapsed=1.469067e+02 cycle=4300 time=1.760847e-01 dt=3.240868e-05
elapsed=1.502628e+02 cycle=4400 time=1.791083e-01 dt=2.882756e-05
elapsed=1.537595e+02 cycle=4500 time=1.824311e-01 dt=3.450093e-05
elapsed=1.571164e+02 cycle=4600 time=1.857221e-01 dt=3.201560e-05
elapsed=1.604742e+02 cycle=4700 time=1.890631e-01 dt=3.433732e-05
elapsed=1.639470e+02 cycle=4800 time=1.925497e-01 dt=3.462253e-05
elapsed=1.673051e+02 cycle=4900 time=1.960131e-01 dt=3.459385e-05
elapsed=1.706633e+02 cycle=5000 time=1.994647e-01 dt=3.456760e-05
elapsed=1.741356e+02 cycle=5100 time=2.029514e-01 dt=3.516653e-05
elapsed=1.774929e+02 cycle=5200 time=2.064508e-01 dt=3.438016e-05
elapsed=1.808501e+02 cycle=5300 time=2.098322e-01 dt=3.386195e-05
elapsed=1.843232e+02 cycle=5400 time=2.133599e-01 dt=3.626533e-05
elapsed=1.876828e+02 cycle=5500 time=2.170617e-01 dt=3.795258e-05
elapsed=1.911560e+02 cycle=5600 time=2.208710e-01 dt=3.795257e-05
elapsed=1.945143e+02 cycle=5700 time=2.246545e-01 dt=3.763998e-05
elapsed=1.978703e+02 cycle=5800 time=2.284174e-01 dt=3.752123e-05
elapsed=2.013439e+02 cycle=5900 time=2.321567e-01 dt=3.736334e-05
elapsed=2.046992e+02 cycle=6000 time=2.358057e-01 dt=3.531807e-05
elapsed=2.080522e+02 cycle=6100 time=2.393150e-01 dt=3.448200e-05
elapsed=2.115192e+02 cycle=6200 time=2.429598e-01 dt=3.708869e-05
elapsed=2.148720e+02 cycle=6300 time=2.466619e-01 dt=3.698350e-05
elapsed=2.183398e+02 cycle=6400 time=2.503637e-01 dt=3.708731e-05
elapsed=2.216938e+02 cycle=6500 time=2.540136e-01 dt=3.695039e-05
elapsed=2.250482e+02 cycle=6600 time=2.576696e-01 dt=3.624976e-05
elapsed=2.285152e+02 cycle=6700 time=2.612677e-01 dt=3.575803e-05
elapsed=2.318675e+02 cycle=6800 time=2.648604e-01 dt=3.627310e-05
elapsed=2.352200e+02 cycle=6900 time=2.684616e-01 dt=3.591935e-05
elapsed=2.386861e+02 cycle=7000 time=2.721319e-01 dt=3.613958e-05
elapsed=2.420372e+02 cycle=7100 time=2.756427e-01 dt=3.381563e-05
elapsed=2.453883e+02 cycle=7200 time=2.789795e-01 dt=3.357100e-05
elapsed=2.488539e+02 cycle=7300 time=2.824979e-01 dt=3.526119e-05
elapsed=2.522054e+02 cycle=7400 time=2.858511e-01 dt=3.169793e-05
elapsed=2.555570e+02 cycle=7500 time=2.891183e-01 dt=3.596297e-05
elapsed=2.590236e+02 cycle=7600 time=2.925764e-01 dt=3.313832e-05
elapsed=2.623757e+02 cycle=7700 time=2.958559e-01 dt=3.295825e-05
elapsed=2.657281e+02 cycle=7800 time=2.991914e-01 dt=3.397896e-05
elapsed=2.691954e+02 cycle=7900 time=3.025580e-01 dt=3.341408e-05
elapsed=2.725519e+02 cycle=8000 time=3.058464e-01 dt=3.262883e-05
elapsed=2.759075e+02 cycle=8100 time=3.091332e-01 dt=3.317611e-05
elapsed=2.793769e+02 cycle=8200 time=3.124936e-01 dt=3.396013e-05
elapsed=2.827330e+02 cycle=8300 time=3.159083e-01 dt=3.442782e-05
elapsed=2.860889e+02 cycle=8400 time=3.193859e-01 dt=3.421336e-05
elapsed=2.895575e+02 cycle=8500 time=3.227160e-01 dt=3.240186e-05
elapsed=2.929114e+02 cycle=8600 time=3.258703e-01 dt=3.092072e-05
elapsed=2.962641e+02 cycle=8700 time=3.290184e-01 dt=3.252886e-05
elapsed=2.997301e+02 cycle=8800 time=3.322835e-01 dt=3.262631e-05
elapsed=3.030824e+02 cycle=8900 time=3.355710e-01 dt=3.332987e-05
elapsed=3.064321e+02 cycle=9000 time=3.389632e-01 dt=3.460806e-05
elapsed=3.098965e+02 cycle=9100 time=3.424831e-01 dt=3.576272e-05
elapsed=3.132462e+02 cycle=9200 time=3.461931e-01 dt=3.813015e-05
elapsed=3.165993e+02 cycle=9300 time=3.499925e-01 dt=3.771830e-05
elapsed=3.200692e+02 cycle=9400 time=3.537341e-01 dt=3.698591e-05
elapsed=3.234246e+02 cycle=9500 time=3.574083e-01 dt=3.668289e-05
elapsed=3.268940e+02 cycle=9600 time=3.610039e-01 dt=3.491432e-05
elapsed=3.302502e+02 cycle=9700 time=3.643980e-01 dt=3.296163e-05
elapsed=3.336052e+02 cycle=9800 time=3.676041e-01 dt=3.120066e-05
elapsed=3.370738e+02 cycle=9900 time=3.706355e-01 dt=2.937078e-05
elapsed=3.404252e+02 cycle=10000 time=3.735025e-01 dt=2.888671e-05
elapsed=3.437764e+02 cycle=10100 time=3.765318e-01 dt=3.222907e-05
elapsed=3.471270e+02 cycle=10200 time=3.798665e-01 dt=3.363836e-05
elapsed=3.505922e+02 cycle=10300 time=3.833576e-01 dt=3.661255e-05
elapsed=3.539437e+02 cycle=10400 time=3.870562e-01 dt=3.702974e-05
elapsed=3.574109e+02 cycle=10500 time=3.907311e-01 dt=3.651283e-05
elapsed=3.607623e+02 cycle=10600 time=3.943351e-01 dt=3.549649e-05
elapsed=3.641145e+02 cycle=10700 time=3.978195e-01 dt=3.381639e-05
elapsed=3.675819e+02 cycle=10800 time=4.011679e-01 dt=3.303459e-05
elapsed=3.709338e+02 cycle=10900 time=4.043953e-01 dt=3.167463e-05
elapsed=3.742858e+02 cycle=11000 time=4.075282e-01 dt=3.115684e-05
elapsed=3.777513e+02 cycle=11100 time=4.107990e-01 dt=3.470187e-05
elapsed=3.811024e+02 cycle=11200 time=4.142687e-01 dt=3.490035e-05
elapsed=3.844524e+02 cycle=11300 time=4.177950e-01 dt=3.544184e-05
elapsed=3.879212e+02 cycle=11400 time=4.213312e-01 dt=3.513536e-05
elapsed=3.912721e+02 cycle=11500 time=4.248287e-01 dt=3.466686e-05
elapsed=3.946220e+02 cycle=11600 time=4.282724e-01 dt=3.402924e-05
elapsed=3.980848e+02 cycle=11700 time=4.316576e-01 dt=3.349006e-05
elapsed=4.014335e+02 cycle=11800 time=4.349950e-01 dt=3.281523e-05
elapsed=4.047819e+02 cycle=11900 time=4.381550e-01 dt=3.055472e-05
elapsed=4.082423e+02 cycle=12000 time=4.412637e-01 dt=3.267692e-05
elapsed=4.115886e+02 cycle=12100 time=4.446029e-01 dt=3.347659e-05
elapsed=4.149342e+02 cycle=12200 time=4.479668e-01 dt=3.386555e-05
elapsed=4.183950e+02 cycle=12300 time=4.513605e-01 dt=3.402153e-05
elapsed=4.217395e+02 cycle=12400 time=4.547703e-01 dt=3.423041e-05
elapsed=4.250826e+02 cycle=12500 time=4.582041e-01 dt=3.452692e-05
elapsed=4.285403e+02 cycle=12600 time=4.616861e-01 dt=3.505877e-05
elapsed=4.318822e+02 cycle=12700 time=4.651920e-01 dt=3.499134e-05
elapsed=4.352244e+02 cycle=12800 time=4.686846e-01 dt=3.409904e-05
elapsed=4.386804e+02 cycle=12900 time=4.719698e-01 dt=3.160661e-05
elapsed=4.420213e+02 cycle=13000 time=4.750524e-01 dt=3.027158e-05
elapsed=4.453619e+02 cycle=13100 time=4.781132e-01 dt=3.135065e-05
elapsed=4.488198e+02 cycle=13200 time=4.813653e-01 dt=3.373075e-05
elapsed=4.521602e+02 cycle=13300 time=4.847459e-01 dt=3.395697e-05
elapsed=4.555001e+02 cycle=13400 time=4.881577e-01 dt=3.401199e-05
elapsed=4.589555e+02 cycle=13500 time=4.915327e-01 dt=3.347185e-05
elapsed=4.622948e+02 cycle=13600 time=4.948407e-01 dt=3.249206e-05
elapsed=4.656339e+02 cycle=13700 time=4.980158e-01 dt=3.198272e-05
elapsed=4.690850e+02 cycle=13800 time=5.014441e-01 dt=3.492494e-05
elapsed=4.724244e+02 cycle=13900 time=5.049914e-01 dt=3.636708e-05
elapsed=4.757633e+02 cycle=14000 time=5.086490e-01 dt=3.644491e-05
elapsed=4.792156e+02 cycle=14100 time=5.122925e-01 dt=3.617166e-05
elapsed=4.825529e+02 cycle=14200 time=5.158355e-01 dt=3.431024e-05
elapsed=4.858902e+02 cycle=14300 time=5.191444e-01 dt=3.186382e-05
elapsed=4.893415e+02 cycle=14400 time=5.223438e-01 dt=3.403614e-05
elapsed=4.926776e+02 cycle=14500 time=5.257513e-01 dt=3.343764e-05
elapsed=4.960141e+02 cycle=14600 time=5.290232e-01 dt=3.219455e-05
elapsed=4.994657e+02 cycle=14700 time=5.322340e-01 dt=3.192197e-05
elapsed=5.028049e+02 cycle=14800 time=5.354764e-01 dt=3.459571e-05
elapsed=5.061423e+02 cycle=14900 time=5.390641e-01 dt=3.609050e-05
elapsed=5.095939e+02 cycle=15000 time=5.426709e-01 dt=3.624460e-05
elapsed=5.129310e+02 cycle=15100 time=5.463486e-01 dt=3.693576e-05
elapsed=5.162665e+02 cycle=15200 time=5.499858e-01 dt=3.519679e-05
elapsed=5.197153e+02 cycle=15300 time=5.535506e-01 dt=3.682025e-05
elapsed=5.230491e+02 cycle=15400 time=5.571931e-01 dt=3.626345e-05
elapsed=5.264982e+02 cycle=15500 time=5.608262e-01 dt=3.637845e-05
elapsed=5.298324e+02 cycle=15600 time=5.644436e-01 dt=3.588751e-05
elapsed=5.331660e+02 cycle=15700 time=5.680222e-01 dt=3.577096e-05
elapsed=5.366120e+02 cycle=15800 time=5.716060e-01 dt=3.592429e-05
elapsed=5.399445e+02 cycle=15900 time=5.751806e-01 dt=3.542972e-05
elapsed=5.432761e+02 cycle=16000 time=5.787059e-01 dt=3.538812e-05
elapsed=5.467219e+02 cycle=16100 time=5.822244e-01 dt=3.486976e-05
elapsed=5.500554e+02 cycle=16200 time=5.857090e-01 dt=3.465289e-05
elapsed=5.533877e+02 cycle=16300 time=5.891388e-01 dt=3.405596e-05
elapsed=5.568337e+02 cycle=16400 time=5.925301e-01 dt=3.385845e-05
elapsed=5.601650e+02 cycle=16500 time=5.959463e-01 dt=3.430433e-05
elapsed=5.634971e+02 cycle=16600 time=5.993717e-01 dt=3.447627e-05
elapsed=5.669435e+02 cycle=16700 time=6.028271e-01 dt=3.362799e-05
elapsed=5.702785e+02 cycle=16800 time=6.061630e-01 dt=3.361824e-05
elapsed=5.736146e+02 cycle=16900 time=6.096312e-01 dt=3.489098e-05
elapsed=5.770637e+02 cycle=17000 time=6.131220e-01 dt=3.470117e-05
elapsed=5.803991e+02 cycle=17100 time=6.165610e-01 dt=3.431041e-05
elapsed=5.837339e+02 cycle=17200 time=6.199681e-01 dt=3.366949e-05
elapsed=5.871825e+02 cycle=17300 time=6.233242e-01 dt=3.343472e-05
elapsed=5.905168e+02 cycle=17400 time=6.266489e-01 dt=3.307268e-05
elapsed=5.938518e+02 cycle=17500 time=6.299162e-01 dt=3.223517e-05
elapsed=5.973007e+02 cycle=17600 time=6.331016e-01 dt=3.156926e-05
elapsed=6.006356e+02 cycle=17700 time=6.362008e-01 dt=3.060708e-05
elapsed=6.039705e+02 cycle=17800 time=6.392508e-01 dt=3.030034e-05
elapsed=6.074183e+02 cycle=17900 time=6.423762e-01 dt=3.199865e-05
elapsed=6.107522e+02 cycle=18000 time=6.455381e-01 dt=3.131089e-05
elapsed=6.140861e+02 cycle=18100 time=6.486486e-01 dt=3.042936e-05
elapsed=6.175326e+02 cycle=18200 time=6.516935e-01 dt=3.056580e-05
elapsed=6.208651e+02 cycle=18300 time=6.548558e-01 dt=3.218039e-05
elapsed=6.241970e+02 cycle=18400 time=6.581347e-01 dt=3.295062e-05
elapsed=6.276409e+02 cycle=18500 time=6.613924e-01 dt=3.213781e-05
elapsed=6.309707e+02 cycle=18600 time=6.645709e-01 dt=3.125336e-05
elapsed=6.343003e+02 cycle=18700 time=6.676311e-01 dt=2.978911e-05
elapsed=6.377427e+02 cycle=18800 time=6.705016e-01 dt=2.736832e-05
elapsed=6.410721e+02 cycle=18900 time=6.732405e-01 dt=3.001171e-05
elapsed=6.444006e+02 cycle=19000 time=6.765547e-01 dt=3.378728e-05
elapsed=6.477288e+02 cycle=19100 time=6.799352e-01 dt=3.405268e-05
elapsed=6.511699e+02 cycle=19200 time=6.833741e-01 dt=3.418337e-05
elapsed=6.544979e+02 cycle=19300 time=6.866699e-01 dt=3.141751e-05
elapsed=6.578252e+02 cycle=19400 time=6.898654e-01 dt=3.400744e-05
elapsed=6.612652e+02 cycle=19500 time=6.933743e-01 dt=3.579283e-05
elapsed=6.645919e+02 cycle=19600 time=6.969145e-01 dt=3.497067e-05
elapsed=6.680323e+02 cycle=19700 time=7.003804e-01 dt=3.445647e-05
elapsed=6.713576e+02 cycle=19800 time=7.037949e-01 dt=3.398068e-05
elapsed=6.746831e+02 cycle=19900 time=7.071897e-01 dt=3.396770e-05
elapsed=6.781232e+02 cycle=20000 time=7.105824e-01 dt=3.378805e-05
elapsed=6.814484e+02 cycle=20100 time=7.139397e-01 dt=3.347329e-05
elapsed=6.847739e+02 cycle=20200 time=7.172616e-01 dt=3.305246e-05
elapsed=6.882146e+02 cycle=20300 time=7.205432e-01 dt=3.266848e-05
elapsed=6.915396e+02 cycle=20400 time=7.237918e-01 dt=3.228916e-05
elapsed=6.948632e+02 cycle=20500 time=7.269781e-01 dt=3.142430e-05
elapsed=6.983001e+02 cycle=20600 time=7.300596e-01 dt=3.007748e-05
elapsed=7.016232e+02 cycle=20700 time=7.329876e-01 dt=2.850316e-05
elapsed=7.049467e+02 cycle=20800 time=7.357837e-01 dt=2.762044e-05
elapsed=7.082691e+02 cycle=20900 time=7.385341e-01 dt=2.795549e-05
elapsed=7.117039e+02 cycle=21000 time=7.414271e-01 dt=2.945745e-05
elapsed=7.150241e+02 cycle=21100 time=7.443912e-01 dt=3.014138e-05
elapsed=7.183447e+02 cycle=21200 time=7.474366e-01 dt=3.019012e-05
elapsed=7.217793e+02 cycle=21300 time=7.504098e-01 dt=2.922295e-05
elapsed=7.251010e+02 cycle=21400 time=7.532625e-01 dt=2.782324e-05
elapsed=7.284229e+02 cycle=21500 time=7.560003e-01 dt=2.724518e-05
elapsed=7.317439e+02 cycle=21600 time=7.590396e-01 dt=3.288030e-05
elapsed=7.351833e+02 cycle=21700 time=7.625090e-01 dt=3.503478e-05
elapsed=7.385032e+02 cycle=21800 time=7.659606e-01 dt=3.383484e-05
elapsed=7.418235e+02 cycle=21900 time=7.692631e-01 dt=3.250882e-05
elapsed=7.452610e+02 cycle=22000 time=7.724945e-01 dt=3.124274e-05
elapsed=7.485796e+02 cycle=22100 time=7.756835e-01 dt=3.559951e-05
elapsed=7.518973e+02 cycle=22200 time=7.791915e-01 dt=3.547263e-05
elapsed=7.553289e+02 cycle=22300 time=7.827679e-01 dt=3.574888e-05
elapsed=7.586469e+02 cycle=22400 time=7.863400e-01 dt=3.574091e-05
elapsed=7.619645e+02 cycle=22500 time=7.899302e-01 dt=3.609082e-05
elapsed=7.653959e+02 cycle=22600 time=7.935507e-01 dt=3.601969e-05
elapsed=7.687137e+02 cycle=22700 time=7.971210e-01 dt=3.544076e-05
elapsed=7.721483e+02 cycle=22800 time=8.006462e-01 dt=3.513899e-05
elapsed=7.754667e+02 cycle=22900 time=8.041678e-01 dt=3.517706e-05
elapsed=7.787854e+02 cycle=23000 time=8.075896e-01 dt=3.352708e-05
elapsed=7.822189e+02 cycle=23100 time=8.109015e-01 dt=3.295760e-05
elapsed=7.855372e+02 cycle=23200 time=8.141857e-01 dt=3.299793e-05
elapsed=7.888554e+02 cycle=23300 time=8.175018e-01 dt=3.348453e-05
elapsed=7.922883e+02 cycle=23400 time=8.208370e-01 dt=3.332595e-05
elapsed=7.956074e+02 cycle=23500 time=8.242158e-01 dt=3.415527e-05
elapsed=7.989256e+02 cycle=23600 time=8.275364e-01 dt=3.190022e-05
elapsed=8.023585e+02 cycle=23700 time=8.308125e-01 dt=3.258654e-05
elapsed=8.056764e+02 cycle=23800 time=8.340496e-01 dt=3.247007e-05
elapsed=8.089941e+02 cycle=23900 time=8.372944e-01 dt=3.195509e-05
elapsed=8.124259e+02 cycle=24000 time=8.403833e-01 dt=2.959170e-05
elapsed=8.157429e+02 cycle=24100 time=8.432645e-01 dt=2.778054e-05
elapsed=8.190596e+02 cycle=24200 time=8.461123e-01 dt=2.845777e-05
elapsed=8.223767e+02 cycle=24300 time=8.490276e-01 dt=2.921313e-05
elapsed=8.258061e+02 cycle=24400 time=8.519620e-01 dt=2.934868e-05
elapsed=8.291209e+02 cycle=24500 time=8.548704e-01 dt=2.839611e-05
elapsed=8.324337e+02 cycle=24600 time=8.576166e-01 dt=2.665118e-05
elapsed=8.358607e+02 cycle=24700 time=8.606270e-01 dt=3.382115e-05
elapsed=8.391736e+02 cycle=24800 time=8.639534e-01 dt=3.250980e-05
elapsed=8.424863e+02 cycle=24900 time=8.672118e-01 dt=3.399125e-05
elapsed=8.459134e+02 cycle=25000 time=8.705816e-01 dt=3.269028e-05
elapsed=8.492264e+02 cycle=25100 time=8.737126e-01 dt=2.987939e-05
elapsed=8.525398e+02 cycle=25200 time=8.766278e-01 dt=2.953328e-05
elapsed=8.558523e+02 cycle=25300 time=8.795732e-01 dt=2.945800e-05
elapsed=8.592776e+02 cycle=25400 time=8.826519e-01 dt=3.187068e-05
elapsed=8.625885e+02 cycle=25500 time=8.858112e-01 dt=3.105428e-05
elapsed=8.658997e+02 cycle=25600 time=8.889939e-01 dt=3.252823e-05
elapsed=8.693292e+02 cycle=25700 time=8.922092e-01 dt=3.195990e-05
elapsed=8.726387e+02 cycle=25800 time=8.953138e-01 dt=2.976203e-05
elapsed=8.759478e+02 cycle=25900 time=8.982054e-01 dt=2.909522e-05
elapsed=8.793704e+02 cycle=26000 time=9.011370e-01 dt=2.979781e-05
elapsed=8.826786e+02 cycle=26100 time=9.041959e-01 dt=3.028669e-05
elapsed=8.859872e+02 cycle=26200 time=9.071668e-01 dt=2.924599e-05
elapsed=8.894093e+02 cycle=26300 time=9.100310e-01 dt=2.823322e-05
elapsed=8.927163e+02 cycle=26400 time=9.128449e-01 dt=2.827009e-05
elapsed=8.960249e+02 cycle=26500 time=9.157615e-01 dt=3.051041e-05
elapsed=8.993335e+02 cycle=26600 time=9.189193e-01 dt=3.117832e-05
elapsed=9.027554e+02 cycle=26700 time=9.221192e-01 dt=3.332752e-05
elapsed=9.060635e+02 cycle=26800 time=9.254643e-01 dt=3.272470e-05
elapsed=9.093711e+02 cycle=26900 time=9.286487e-01 dt=3.119859e-05
elapsed=9.127909e+02 cycle=27000 time=9.316801e-01 dt=2.944717e-05
elapsed=9.160967e+02 cycle=27100 time=9.346048e-01 dt=3.010290e-05
elapsed=9.194025e+02 cycle=27200 time=9.379002e-01 dt=3.478412e-05
elapsed=9.228222e+02 cycle=27300 time=9.414074e-01 dt=3.531811e-05
elapsed=9.261280e+02 cycle=27400 time=9.449337e-01 dt=3.513453e-05
elapsed=9.294338e+02 cycle=27500 time=9.484373e-01 dt=3.490205e-05
elapsed=9.328513e+02 cycle=27600 time=9.518890e-01 dt=3.408651e-05
elapsed=9.361561e+02 cycle=27700 time=9.552978e-01 dt=3.426246e-05
elapsed=9.394609e+02 cycle=27800 time=9.587577e-01 dt=3.514233e-05
elapsed=9.428792e+02 cycle=27900 time=9.622953e-01 dt=3.526984e-05
elapsed=9.461836e+02 cycle=28000 time=9.658135e-01 dt=3.501207e-05
elapsed=9.494867e+02 cycle=28100 time=9.692944e-01 dt=3.457251e-05
elapsed=9.529031e+02 cycle=28200 time=9.727213e-01 dt=3.399260e-05
elapsed=9.562077e+02 cycle=28300 time=9.761115e-01 dt=3.372718e-05
elapsed=9.595119e+02 cycle=28400 time=9.794734e-01 dt=3.348556e-05
elapsed=9.629287e+02 cycle=28500 time=9.827516e-01 dt=3.181019e-05
elapsed=9.662318e+02 cycle=28600 time=9.860956e-01 dt=3.459858e-05
elapsed=9.695334e+02 cycle=28700 time=9.896346e-01 dt=3.563013e-05
elapsed=9.729491e+02 cycle=28800 time=9.931749e-01 dt=3.538126e-05
elapsed=9.762520e+02 cycle=28900 time=9.966721e-01 dt=3.453922e-05
elapsed=9.797023e+02 cycle=29000 time=1.000095e+00 dt=3.356278e-05
elapsed=9.830043e+02 cycle=29100 time=1.003404e+00 dt=3.391899e-05
elapsed=9.863054e+02 cycle=29200 time=1.006820e+00 dt=3.410018e-05
elapsed=9.897170e+02 cycle=29300 time=1.010218e+00 dt=3.386382e-05
elapsed=9.930162e+02 cycle=29400 time=1.013585e+00 dt=3.369988e-05
elapsed=9.963134e+02 cycle=29500 time=1.016926e+00 dt=3.320686e-05
elapsed=9.997207e+02 cycle=29600 time=1.020224e+00 dt=3.277751e-05
elapsed=1.003015e+03 cycle=29700 time=1.023495e+00 dt=3.259993e-05
elapsed=1.006309e+03 cycle=29800 time=1.026747e+00 dt=3.252928e-05
elapsed=1.009714e+03 cycle=29900 time=1.030003e+00 dt=3.274783e-05
elapsed=1.013006e+03 cycle=30000 time=1.033307e+00 dt=3.335812e-05
elapsed=1.016296e+03 cycle=30100 time=1.036677e+00 dt=3.373843e-05
elapsed=1.019586e+03 cycle=30200 time=1.039983e+00 dt=3.237253e-05
elapsed=1.022990e+03 cycle=30300 time=1.043314e+00 dt=3.453150e-05
elapsed=1.026280e+03 cycle=30400 time=1.046715e+00 dt=3.337200e-05
elapsed=1.029570e+03 cycle=30500 time=1.049991e+00 dt=3.221493e-05
elapsed=1.032973e+03 cycle=30600 time=1.053169e+00 dt=3.139871e-05
elapsed=1.036263e+03 cycle=30700 time=1.056274e+00 dt=3.074763e-05
elapsed=1.039554e+03 cycle=30800 time=1.059326e+00 dt=3.043287e-05
elapsed=1.042958e+03 cycle=30900 time=1.062363e+00 dt=3.018278e-05
elapsed=1.046249e+03 cycle=31000 time=1.065366e+00 dt=3.006726e-05
elapsed=1.049540e+03 cycle=31100 time=1.068406e+00 dt=3.082818e-05
elapsed=1.052946e+03 cycle=31200 time=1.071537e+00 dt=3.200368e-05
elapsed=1.056237e+03 cycle=31300 time=1.074781e+00 dt=3.303428e-05
elapsed=1.059529e+03 cycle=31400 time=1.078214e+00 dt=3.486840e-05
elapsed=1.062940e+03 cycle=31500 time=1.081692e+00 dt=3.415321e-05
elapsed=1.066232e+03 cycle=31600 time=1.085113e+00 dt=3.444913e-05
elapsed=1.069524e+03 cycle=31700 time=1.088527e+00 dt=3.389041e-05
elapsed=1.072928e+03 cycle=31800 time=1.091915e+00 dt=3.380061e-05
elapsed=1.076220e+03 cycle=31900 time=1.095255e+00 dt=3.315889e-05
elapsed=1.079513e+03 cycle=32000 time=1.098600e+00 dt=3.400754e-05
elapsed=1.082919e+03 cycle=32100 time=1.101986e+00 dt=3.357733e-05
elapsed=1.086212e+03 cycle=32200 time=1.105329e+00 dt=3.319507e-05
elapsed=1.089505e+03 cycle=32300 time=1.108649e+00 dt=3.240396e-05
elapsed=1.092909e+03 cycle=32400 time=1.111941e+00 dt=3.270134e-05
elapsed=1.096201e+03 cycle=32500 time=1.115223e+00 dt=3.303521e-05
elapsed=1.099491e+03 cycle=32600 time=1.118493e+00 dt=3.239790e-05
elapsed=1.102894e+03 cycle=32700 time=1.121722e+00 dt=3.208857e-05
elapsed=1.106182e+03 cycle=32800 time=1.124896e+00 dt=3.104550e-05
elapsed=1.109469e+03 cycle=32900 time=1.127956e+00 dt=3.049613e-05
elapsed=1.112868e+03 cycle=33000 time=1.131055e+00 dt=3.171307e-05
elapsed=1.116153e+03 cycle=33100 time=1.134277e+00 dt=3.172105e-05
elapsed=1.119438e+03 cycle=33200 time=1.137360e+00 dt=3.104865e-05
elapsed=1.122835e+03 cycle=33300 time=1.140531e+00 dt=3.292707e-05
elapsed=1.126120e+03 cycle=33400 time=1.143749e+00 dt=3.091592e-05
elapsed=1.129404e+03 cycle=33500 time=1.146715e+00 dt=2.889457e-05
elapsed=1.132687e+03 cycle=33600 time=1.149785e+00 dt=3.331343e-05
elapsed=1.136083e+03 cycle=33700 time=1.153117e+00 dt=3.315303e-05
elapsed=1.139363e+03 cycle=33800 time=1.156423e+00 dt=3.306609e-05
elapsed=1.142643e+03 cycle=33900 time=1.159636e+00 dt=3.147987e-05
elapsed=1.146036e+03 cycle=34000 time=1.162800e+00 dt=3.233739e-05
elapsed=1.149314e+03 cycle=34100 time=1.166107e+00 dt=3.282657e-05
elapsed=1.152589e+03 cycle=34200 time=1.169312e+00 dt=3.120155e-05
elapsed=1.155978e+03 cycle=34300 time=1.172487e+00 dt=3.233354e-05
elapsed=1.159250e+03 cycle=34400 time=1.175693e+00 dt=3.185700e-05
elapsed=1.162522e+03 cycle=34500 time=1.178887e+00 dt=3.213538e-05
elapsed=1.165906e+03 cycle=34600 time=1.182100e+00 dt=3.217918e-05
elapsed=1.169174e+03 cycle=34700 time=1.185326e+00 dt=3.236466e-05
elapsed=1.172442e+03 cycle=34800 time=1.188528e+00 dt=3.137067e-05
elapsed=1.175824e+03 cycle=34900 time=1.191622e+00 dt=3.190222e-05
elapsed=1.179089e+03 cycle=35000 time=1.194883e+00 dt=3.303394e-05
elapsed=1.182350e+03 cycle=35100 time=1.198185e+00 dt=3.298327e-05
elapsed=1.185724e+03 cycle=35200 time=1.201484e+00 dt=3.294789e-05
elapsed=1.188983e+03 cycle=35300 time=1.204777e+00 dt=3.291658e-05
elapsed=1.192241e+03 cycle=35400 time=1.208067e+00 dt=3.286641e-05
elapsed=1.195611e+03 cycle=35500 time=1.211327e+00 dt=3.222535e-05
elapsed=1.198867e+03 cycle=35600 time=1.214494e+00 dt=3.137351e-05
elapsed=1.202121e+03 cycle=35700 time=1.217620e+00 dt=3.130209e-05
elapsed=1.205488e+03 cycle=35800 time=1.220759e+00 dt=3.150696e-05
elapsed=1.208741e+03 cycle=35900 time=1.223923e+00 dt=3.119568e-05
elapsed=1.211993e+03 cycle=36000 time=1.227048e+00 dt=3.154088e-05
elapsed=1.215357e+03 cycle=36100 time=1.230285e+00 dt=3.300933e-05
elapsed=1.218606e+03 cycle=36200 time=1.233597e+00 dt=3.333629e-05
elapsed=1.221853e+03 cycle=36300 time=1.236883e+00 dt=3.279713e-05
elapsed=1.225210e+03 cycle=36400 time=1.240140e+00 dt=3.218613e-05
elapsed=1.228451e+03 cycle=36500 time=1.243309e+00 dt=3.115788e-05
elapsed=1.231692e+03 cycle=36600 time=1.246345e+00 dt=2.920475e-05
elapsed=1.234934e+03 cycle=36700 time=1.249270e+00 dt=3.251948e-05
elapsed=1.238289e+03 cycle=36800 time=1.252548e+00 dt=3.277243e-05
elapsed=1.241528e+03 cycle=36900 time=1.255789e+00 dt=3.160021e-05
elapsed=1.244764e+03 cycle=37000 time=1.258871e+00 dt=3.002227e-05
elapsed=1.248115e+03 cycle=37100 time=1.261793e+00 dt=2.849171e-05
elapsed=1.251348e+03 cycle=37200 time=1.264555e+00 dt=2.653949e-05
elapsed=1.254581e+03 cycle=37300 time=1.267137e+00 dt=2.552109e-05
elapsed=1.257929e+03 cycle=37400 time=1.270174e+00 dt=3.177967e-05
elapsed=1.261159e+03 cycle=37500 time=1.273393e+00 dt=3.409026e-05
elapsed=1.264387e+03 cycle=37600 time=1.276797e+00 dt=3.240212e-05
elapsed=1.267612e+03 cycle=37700 time=1.279959e+00 dt=3.261317e-05
elapsed=1.270949e+03 cycle=37800 time=1.283349e+00 dt=3.416951e-05
elapsed=1.274168e+03 cycle=37900 time=1.286745e+00 dt=3.348886e-05
elapsed=1.277502e+03 cycle=38000 time=1.290043e+00 dt=3.270932e-05
elapsed=1.280720e+03 cycle=38100 time=1.293478e+00 dt=3.450581e-05
elapsed=1.283937e+03 cycle=38200 time=1.296794e+00 dt=3.182793e-05
elapsed=1.287266e+03 cycle=38300 time=1.300013e+00 dt=3.526961e-05
elapsed=1.290479e+03 cycle=38400 time=1.303540e+00 dt=3.414923e-05
elapsed=1.293691e+03 cycle=38500 time=1.306853e+00 dt=3.261736e-05
elapsed=1.297016e+03 cycle=38600 time=1.310122e+00 dt=3.209137e-05
elapsed=1.300224e+03 cycle=38700 time=1.313147e+00 dt=2.979137e-05
elapsed=1.303430e+03 cycle=38800 time=1.316425e+00 dt=3.308984e-05
elapsed=1.306635e+03 cycle=38900 time=1.319743e+00 dt=3.393445e-05
elapsed=1.309952e+03 cycle=39000 time=1.323072e+00 dt=3.247371e-05
elapsed=1.313154e+03 cycle=39100 time=1.326309e+00 dt=3.259508e-05
elapsed=1.316354e+03 cycle=39200 time=1.329535e+00 dt=3.269081e-05
elapsed=1.319667e+03 cycle=39300 time=1.332764e+00 dt=3.146150e-05
elapsed=1.322864e+03 cycle=39400 time=1.335810e+00 dt=2.995239e-05
elapsed=1.326058e+03 cycle=39500 time=1.338995e+00 dt=3.446833e-05
elapsed=1.329366e+03 cycle=39600 time=1.342304e+00 dt=3.175313e-05
elapsed=1.332558e+03 cycle=39700 time=1.345240e+00 dt=2.723513e-05
elapsed=1.335747e+03 cycle=39800 time=1.348170e+00 dt=3.472237e-05
elapsed=1.339049e+03 cycle=39900 time=1.351614e+00 dt=3.433306e-05
elapsed=1.342234e+03 cycle=40000 time=1.355058e+00 dt=3.272962e-05
elapsed=1.345417e+03 cycle=40100 time=1.358155e+00 dt=3.119962e-05
elapsed=1.348714e+03 cycle=40200 time=1.361547e+00 dt=3.381614e-05
elapsed=1.351894e+03 cycle=40300 time=1.364906e+00 dt=3.353782e-05
elapsed=1.355071e+03 cycle=40400 time=1.368241e+00 dt=3.340603e-05
elapsed=1.358361e+03 cycle=40500 time=1.371616e+00 dt=3.393015e-05
elapsed=1.361534e+03 cycle=40600 time=1.375026e+00 dt=3.416070e-05
elapsed=1.364703e+03 cycle=40700 time=1.378416e+00 dt=3.358035e-05
elapsed=1.367988e+03 cycle=40800 time=1.381760e+00 dt=3.286745e-05
elapsed=1.371157e+03 cycle=40900 time=1.384974e+00 dt=3.132335e-05
elapsed=1.374326e+03 cycle=41000 time=1.388168e+00 dt=3.158103e-05
elapsed=1.377610e+03 cycle=41100 time=1.391300e+00 dt=3.117506e-05
elapsed=1.380778e+03 cycle=41200 time=1.394422e+00 dt=3.131003e-05
elapsed=1.383947e+03 cycle=41300 time=1.397568e+00 dt=3.138570e-05
elapsed=1.387231e+03 cycle=41400 time=1.400638e+00 dt=2.994315e-05
elapsed=1.390399e+03 cycle=41500 time=1.403682e+00 dt=3.172334e-05
elapsed=1.393566e+03 cycle=41600 time=1.407062e+00 dt=3.455201e-05
elapsed=1.396848e+03 cycle=41700 time=1.410506e+00 dt=3.401999e-05
elapsed=1.400016e+03 cycle=41800 time=1.413830e+00 dt=3.253361e-05
elapsed=1.403183e+03 cycle=41900 time=1.417014e+00 dt=3.128688e-05
elapsed=1.406463e+03 cycle=42000 time=1.420139e+00 dt=3.079745e-05
elapsed=1.409627e+03 cycle=42100 time=1.423172e+00 dt=3.031298e-05
elapsed=1.412791e+03 cycle=42200 time=1.426403e+00 dt=3.276949e-05
elapsed=1.415955e+03 cycle=42300 time=1.429612e+00 dt=3.066960e-05
elapsed=1.419234e+03 cycle=42400 time=1.432763e+00 dt=3.395933e-05
elapsed=1.422399e+03 cycle=42500 time=1.436065e+00 dt=3.217502e-05
elapsed=1.425563e+03 cycle=42600 time=1.439233e+00 dt=3.182114e-05
elapsed=1.428844e+03 cycle=42700 time=1.442496e+00 dt=3.391645e-05
elapsed=1.432009e+03 cycle=42800 time=1.445876e+00 dt=3.320102e-05
elapsed=1.435175e+03 cycle=42900 time=1.449219e+00 dt=3.438330e-05
elapsed=1.438456e+03 cycle=43000 time=1.452622e+00 dt=3.313839e-05
elapsed=1.441622e+03 cycle=43100 time=1.455814e+00 dt=3.104125e-05
elapsed=1.444789e+03 cycle=43200 time=1.459073e+00 dt=3.304388e-05
elapsed=1.448069e+03 cycle=43300 time=1.462328e+00 dt=3.219948e-05
elapsed=1.451235e+03 cycle=43400 time=1.465490e+00 dt=3.119019e-05
elapsed=1.454401e+03 cycle=43500 time=1.468582e+00 dt=3.044237e-05
elapsed=1.457680e+03 cycle=43600 time=1.471573e+00 dt=2.988347e-05
elapsed=1.460844e+03 cycle=43700 time=1.474740e+00 dt=3.279933e-05
elapsed=1.464008e+03 cycle=43800 time=1.478047e+00 dt=3.345523e-05
elapsed=1.467288e+03 cycle=43900 time=1.481405e+00 dt=3.361796e-05
elapsed=1.470451e+03 cycle=44000 time=1.484781e+00 dt=3.375783e-05
elapsed=1.473615e+03 cycle=44100 time=1.488111e+00 dt=3.275997e-05
elapsed=1.476894e+03 cycle=44200 time=1.491338e+00 dt=3.184604e-05
elapsed=1.480058e+03 cycle=44300 time=1.494480e+00 dt=3.095316e-05
elapsed=1.483221e+03 cycle=44400 time=1.497533e+00 dt=3.003682e-05
elapsed=1.486500e+03 cycle=44500 time=1.500528e+00 dt=3.005916e-05
elapsed=1.489664e+03 cycle=44600 time=1.503668e+00 dt=3.160262e-05
elapsed=1.492829e+03 cycle=44700 time=1.506819e+00 dt=3.156134e-05
elapsed=1.496109e+03 cycle=44800 time=1.510035e+00 dt=3.229090e-05
elapsed=1.499274e+03 cycle=44900 time=1.513246e+00 dt=3.206286e-05
elapsed=1.502440e+03 cycle=45000 time=1.516462e+00 dt=3.239145e-05
elapsed=1.505605e+03 cycle=45100 time=1.519711e+00 dt=3.245532e-05
elapsed=1.508886e+03 cycle=45200 time=1.522948e+00 dt=3.225699e-05
elapsed=1.512052e+03 cycle=45300 time=1.526127e+00 dt=3.129344e-05
elapsed=1.515216e+03 cycle=45400 time=1.529195e+00 dt=3.025085e-05
elapsed=1.518494e+03 cycle=45500 time=1.532183e+00 dt=2.960737e-05
elapsed=1.521656e+03 cycle=45600 time=1.535137e+00 dt=2.961917e-05
elapsed=1.524817e+03 cycle=45700 time=1.538150e+00 dt=3.064021e-05
elapsed=1.528096e+03 cycle=45800 time=1.541199e+00 dt=3.036322e-05
elapsed=1.531257e+03 cycle=45900 time=1.544279e+00 dt=3.169879e-05
elapsed=1.534420e+03 cycle=46000 time=1.547375e+00 dt=2.988997e-05
elapsed=1.537699e+03 cycle=46100 time=1.550493e+00 dt=3.172402e-05
elapsed=1.540866e+03 cycle=46200 time=1.553519e+00 dt=2.914254e-05
elapsed=1.544033e+03 cycle=46300 time=1.556532e+00 dt=3.073347e-05
elapsed=1.547201e+03 cycle=46400 time=1.559551e+00 dt=2.974206e-05
elapsed=1.550485e+03 cycle=46500 time=1.562729e+00 dt=3.269933e-05
elapsed=1.553653e+03 cycle=46600 time=1.565961e+00 dt=3.200745e-05
elapsed=1.556822e+03 cycle=46700 time=1.569156e+00 dt=3.180746e-05
elapsed=1.560106e+03 cycle=46800 time=1.572339e+00 dt=3.195414e-05
elapsed=1.563274e+03 cycle=46900 time=1.575543e+00 dt=3.210852e-05
elapsed=1.566441e+03 cycle=47000 time=1.578755e+00 dt=3.216022e-05
elapsed=1.569723e+03 cycle=47100 time=1.581922e+00 dt=3.089568e-05
elapsed=1.572889e+03 cycle=47200 time=1.585021e+00 dt=3.148911e-05
elapsed=1.576056e+03 cycle=47300 time=1.588157e+00 dt=3.198637e-05
elapsed=1.579338e+03 cycle=47400 time=1.591358e+00 dt=3.180323e-05
elapsed=1.582507e+03 cycle=47500 time=1.594503e+00 dt=3.121013e-05
elapsed=1.585675e+03 cycle=47600 time=1.597606e+00 dt=3.095048e-05
elapsed=1.588959e+03 cycle=47700 time=1.600706e+00 dt=3.101748e-05
elapsed=1.592124e+03 cycle=47800 time=1.603807e+00 dt=3.092491e-05
elapsed=1.595290e+03 cycle=47900 time=1.606884e+00 dt=3.051863e-05
elapsed=1.598456e+03 cycle=48000 time=1.609873e+00 dt=2.882959e-05
elapsed=1.601736e+03 cycle=48100 time=1.612562e+00 dt=2.488680e-05
elapsed=1.604900e+03 cycle=48200 time=1.615504e+00 dt=3.057080e-05
elapsed=1.608064e+03 cycle=48300 time=1.618572e+00 dt=3.062968e-05
elapsed=1.611344e+03 cycle=48400 time=1.621633e+00 dt=3.062172e-05
elapsed=1.614506e+03 cycle=48500 time=1.624705e+00 dt=3.078024e-05
elapsed=1.617671e+03 cycle=48600 time=1.627778e+00 dt=3.040678e-05
elapsed=1.620950e+03 cycle=48700 time=1.630835e+00 dt=3.100230e-05
elapsed=1.624115e+03 cycle=48800 time=1.633955e+00 dt=3.140848e-05
elapsed=1.627281e+03 cycle=48900 time=1.637113e+00 dt=3.168223e-05
elapsed=1.630563e+03 cycle=49000 time=1.640240e+00 dt=3.074296e-05
elapsed=1.633728e+03 cycle=49100 time=1.643287e+00 dt=3.025041e-05
elapsed=1.636893e+03 cycle=49200 time=1.646326e+00 dt=3.061338e-05
elapsed=1.640058e+03 cycle=49300 time=1.649459e+00 dt=3.194970e-05
elapsed=1.643339e+03 cycle=49400 time=1.652652e+00 dt=3.185242e-05
elapsed=1.646503e+03 cycle=49500 time=1.655868e+00 dt=3.283188e-05
elapsed=1.649668e+03 cycle=49600 time=1.659139e+00 dt=3.251263e-05
elapsed=1.652948e+03 cycle=49700 time=1.662355e+00 dt=3.173785e-05
elapsed=1.656112e+03 cycle=49800 time=1.665514e+00 dt=3.166115e-05
elapsed=1.659275e+03 cycle=49900 time=1.668673e+00 dt=3.129477e-05
elapsed=1.662552e+03 cycle=50000 time=1.671774e+00 dt=3.079331e-05
elapsed=1.665713e+03 cycle=50100 time=1.674852e+00 dt=3.084686e-05
elapsed=1.668873e+03 cycle=50200 time=1.677938e+00 dt=3.084623e-05
elapsed=1.672150e+03 cycle=50300 time=1.681005e+00 dt=3.053503e-05
elapsed=1.675309e+03 cycle=50400 time=1.684064e+00 dt=3.065653e-05
elapsed=1.678467e+03 cycle=50500 time=1.687166e+00 dt=3.110164e-05
elapsed=1.681741e+03 cycle=50600 time=1.690264e+00 dt=3.111399e-05
elapsed=1.684900e+03 cycle=50700 time=1.693400e+00 dt=3.149803e-05
elapsed=1.688057e+03 cycle=50800 time=1.696532e+00 dt=3.129866e-05
elapsed=1.691215e+03 cycle=50900 time=1.699690e+00 dt=3.188914e-05
elapsed=1.694491e+03 cycle=51000 time=1.702924e+00 dt=3.221724e-05
elapsed=1.697649e+03 cycle=51100 time=1.706128e+00 dt=3.199532e-05
elapsed=1.700808e+03 cycle=51200 time=1.709335e+00 dt=3.201204e-05
elapsed=1.704081e+03 cycle=51300 time=1.712490e+00 dt=3.093018e-05
elapsed=1.707238e+03 cycle=51400 time=1.715519e+00 dt=2.994537e-05
elapsed=1.710395e+03 cycle=51500 time=1.718643e+00 dt=3.326585e-05
elapsed=1.713669e+03 cycle=51600 time=1.722008e+00 dt=3.405606e-05
elapsed=1.716825e+03 cycle=51700 time=1.725404e+00 dt=3.256896e-05
elapsed=1.719980e+03 cycle=51800 time=1.728708e+00 dt=3.253580e-05
elapsed=1.723248e+03 cycle=51900 time=1.731912e+00 dt=3.145507e-05
elapsed=1.726401e+03 cycle=52000 time=1.735083e+00 dt=3.096631e-05
elapsed=1.729553e+03 cycle=52100 time=1.738228e+00 dt=3.142757e-05
elapsed=1.732822e+03 cycle=52200 time=1.741319e+00 dt=3.033529e-05
elapsed=1.735975e+03 cycle=52300 time=1.744489e+00 dt=3.273783e-05
elapsed=1.739126e+03 cycle=52400 time=1.747732e+00 dt=3.413256e-05
elapsed=1.742391e+03 cycle=52500 time=1.751220e+00 dt=3.485819e-05
elapsed=1.745543e+03 cycle=52600 time=1.754669e+00 dt=3.424380e-05
elapsed=1.748693e+03 cycle=52700 time=1.758076e+00 dt=3.363274e-05
elapsed=1.751959e+03 cycle=52800 time=1.761374e+00 dt=3.233494e-05
elapsed=1.755110e+03 cycle=52900 time=1.764624e+00 dt=3.310362e-05
elapsed=1.758262e+03 cycle=53000 time=1.767959e+00 dt=3.297474e-05
elapsed=1.761531e+03 cycle=53100 time=1.771194e+00 dt=3.184338e-05
elapsed=1.764684e+03 cycle=53200 time=1.774280e+00 dt=3.006861e-05
elapsed=1.767838e+03 cycle=53300 time=1.777247e+00 dt=2.864793e-05
elapsed=1.771107e+03 cycle=53400 time=1.780066e+00 dt=2.780288e-05
elapsed=1.774261e+03 cycle=53500 time=1.782931e+00 dt=3.062849e-05
elapsed=1.777414e+03 cycle=53600 time=1.786209e+00 dt=3.314100e-05
elapsed=1.780568e+03 cycle=53700 time=1.789492e+00 dt=3.255820e-05
elapsed=1.783837e+03 cycle=53800 time=1.792730e+00 dt=3.224740e-05
elapsed=1.786992e+03 cycle=53900 time=1.795893e+00 dt=3.147072e-05
elapsed=1.790147e+03 cycle=54000 time=1.799102e+00 dt=3.239203e-05
elapsed=1.793420e+03 cycle=54100 time=1.802363e+00 dt=3.242384e-05
elapsed=1.796577e+03 cycle=54200 time=1.805531e+00 dt=3.170503e-05
elapsed=1.799733e+03 cycle=54300 time=1.808724e+00 dt=3.176741e-05
elapsed=1.803005e+03 cycle=54400 time=1.811883e+00 dt=3.161310e-05
elapsed=1.806160e+03 cycle=54500 time=1.815064e+00 dt=3.195353e-05
elapsed=1.809315e+03 cycle=54600 time=1.818234e+00 dt=3.145484e-05
elapsed=1.812586e+03 cycle=54700 time=1.821314e+00 dt=3.023992e-05
elapsed=1.815743e+03 cycle=54800 time=1.824332e+00 dt=2.989349e-05
elapsed=1.818900e+03 cycle=54900 time=1.827248e+00 dt=2.839784e-05
elapsed=1.822173e+03 cycle=55000 time=1.830034e+00 dt=2.749685e-05
elapsed=1.825330e+03 cycle=55100 time=1.832791e+00 dt=2.799454e-05
elapsed=1.828488e+03 cycle=55200 time=1.835661e+00 dt=2.868416e-05
elapsed=1.831647e+03 cycle=55300 time=1.838484e+00 dt=2.763440e-05
elapsed=1.834924e+03 cycle=55400 time=1.841156e+00 dt=2.592926e-05
elapsed=1.838085e+03 cycle=55500 time=1.843691e+00 dt=2.497729e-05
elapsed=1.841247e+03 cycle=55600 time=1.846232e+00 dt=2.636786e-05
elapsed=1.844410e+03 cycle=55700 time=1.848841e+00 dt=2.618191e-05
elapsed=1.847686e+03 cycle=55800 time=1.851566e+00 dt=2.846346e-05
elapsed=1.850847e+03 cycle=55900 time=1.854445e+00 dt=2.870982e-05
elapsed=1.854007e+03 cycle=56000 time=1.857307e+00 dt=2.861911e-05
elapsed=1.857283e+03 cycle=56100 time=1.860182e+00 dt=2.872784e-05
elapsed=1.860442e+03 cycle=56200 time=1.863060e+00 dt=2.909014e-05
elapsed=1.863602e+03 cycle=56300 time=1.865929e+00 dt=2.814735e-05
elapsed=1.866759e+03 cycle=56400 time=1.868766e+00 dt=2.799445e-05
elapsed=1.870035e+03 cycle=56500 time=1.871590e+00 dt=2.910661e-05
elapsed=1.873192e+03 cycle=56600 time=1.874576e+00 dt=2.889739e-05
elapsed=1.876349e+03 cycle=56700 time=1.877310e+00 dt=2.631263e-05
elapsed=1.879506e+03 cycle=56800 time=1.879963e+00 dt=2.805491e-05
elapsed=1.882780e+03 cycle=56900 time=1.882904e+00 dt=3.106226e-05
elapsed=1.885938e+03 cycle=57000 time=1.885938e+00 dt=3.006033e-05
elapsed=1.889094e+03 cycle=57100 time=1.888948e+00 dt=2.898381e-05
elapsed=1.892367e+03 cycle=57200 time=1.891850e+00 dt=2.992244e-05
elapsed=1.895523e+03 cycle=57300 time=1.894833e+00 dt=2.945169e-05
elapsed=1.898681e+03 cycle=57400 time=1.897710e+00 dt=2.814101e-05
elapsed=1.901959e+03 cycle=57500 time=1.900504e+00 dt=2.815789e-05
elapsed=1.905116e+03 cycle=57600 time=1.903335e+00 dt=2.799683e-05
elapsed=1.908272e+03 cycle=57700 time=1.906164e+00 dt=2.963227e-05
elapsed=1.911425e+03 cycle=57800 time=1.909144e+00 dt=2.965326e-05
elapsed=1.914696e+03 cycle=57900 time=1.912099e+00 dt=2.966651e-05
elapsed=1.917850e+03 cycle=58000 time=1.915180e+00 dt=3.249952e-05
elapsed=1.921004e+03 cycle=58100 time=1.918365e+00 dt=3.120788e-05
elapsed=1.924272e+03 cycle=58200 time=1.921562e+00 dt=3.271640e-05
elapsed=1.927425e+03 cycle=58300 time=1.924848e+00 dt=3.299029e-05
elapsed=1.930577e+03 cycle=58400 time=1.928140e+00 dt=3.278106e-05
elapsed=1.933843e+03 cycle=58500 time=1.931412e+00 dt=3.274845e-05
elapsed=1.936994e+03 cycle=58600 time=1.934604e+00 dt=3.116752e-05
elapsed=1.940145e+03 cycle=58700 time=1.937691e+00 dt=3.052947e-05
elapsed=1.943413e+03 cycle=58800 time=1.940751e+00 dt=3.058322e-05
elapsed=1.946565e+03 cycle=58900 time=1.943824e+00 dt=3.120709e-05
elapsed=1.949715e+03 cycle=59000 time=1.946907e+00 dt=3.053108e-05
elapsed=1.952866e+03 cycle=59100 time=1.949940e+00 dt=3.017244e-05
elapsed=1.956133e+03 cycle=59200 time=1.952860e+00 dt=2.847919e-05
elapsed=1.959285e+03 cycle=59300 time=1.955665e+00 dt=2.793753e-05
elapsed=1.962436e+03 cycle=59400 time=1.958504e+00 dt=2.955675e-05
elapsed=1.965703e+03 cycle=59500 time=1.961419e+00 dt=2.934644e-05
elapsed=1.968857e+03 cycle=59600 time=1.964399e+00 dt=2.947443e-05
elapsed=1.972011e+03 cycle=59700 time=1.967300e+00 dt=2.914239e-05
elapsed=1.975282e+03 cycle=59800 time=1.970333e+00 dt=3.100044e-05
elapsed=1.978437e+03 cycle=59900 time=1.973523e+00 dt=3.153314e-05
elapsed=1.981592e+03 cycle=60000 time=1.976654e+00 dt=3.149064e-05
elapsed=1.984746e+03 cycle=60100 time=1.979891e+00 dt=3.251488e-05
elapsed=1.988017e+03 cycle=60200 time=1.983089e+00 dt=3.130553e-05
elapsed=1.991174e+03 cycle=60300 time=1.986155e+00 dt=2.996082e-05
elapsed=1.994330e+03 cycle=60400 time=1.989083e+00 dt=2.862285e-05
elapsed=1.997603e+03 cycle=60500 time=1.991889e+00 dt=2.757303e-05
elapsed=2.000760e+03 cycle=60600 time=1.994614e+00 dt=2.710288e-05
elapsed=2.003916e+03 cycle=60700 time=1.997334e+00 dt=2.751340e-05
elapsed=2.007223e+03 cycle=60800 time=2.000120e+00 dt=2.809902e-05
elapsed=2.010382e+03 cycle=60900 time=2.002933e+00 dt=2.818490e-05
elapsed=2.013542e+03 cycle=61000 time=2.005797e+00 dt=2.916795e-05
elapsed=2.016702e+03 cycle=61100 time=2.008771e+00 dt=3.022835e-05
elapsed=2.019977e+03 cycle=61200 time=2.011832e+00 dt=3.059357e-05
elapsed=2.023139e+03 cycle=61300 time=2.014873e+00 dt=3.031471e-05
elapsed=2.026302e+03 cycle=61400 time=2.017891e+00 dt=2.922169e-05
elapsed=2.029581e+03 cycle=61500 time=2.020663e+00 dt=2.647205e-05
elapsed=2.032744e+03 cycle=61600 time=2.023286e+00 dt=2.695746e-05
elapsed=2.035907e+03 cycle=61700 time=2.026064e+00 dt=3.004176e-05
elapsed=2.039070e+03 cycle=61800 time=2.029157e+00 dt=3.054326e-05
elapsed=2.042348e+03 cycle=61900 time=2.032165e+00 dt=2.948534e-05
elapsed=2.045512e+03 cycle=62000 time=2.035035e+00 dt=2.787141e-05
elapsed=2.048674e+03 cycle=62100 time=2.037762e+00 dt=2.685528e-05
elapsed=2.051952e+03 cycle=62200 time=2.040481e+00 dt=2.861312e-05
elapsed=2.055116e+03 cycle=62300 time=2.043420e+00 dt=2.955407e-05
elapsed=2.058277e+03 cycle=62400 time=2.046424e+00 dt=3.051915e-05
elapsed=2.061438e+03 cycle=62500 time=2.049483e+00 dt=3.105995e-05
elapsed=2.064714e+03 cycle=62600 time=2.052575e+00 dt=3.066464e-05
elapsed=2.067876e+03 cycle=62700 time=2.055644e+00 dt=3.053205e-05
elapsed=2.071036e+03 cycle=62800 time=2.058710e+00 dt=3.078553e-05
elapsed=2.074312e+03 cycle=62900 time=2.061812e+00 dt=3.131274e-05
elapsed=2.077471e+03 cycle=63000 time=2.064954e+00 dt=3.165358e-05
elapsed=2.080631e+03 cycle=63100 time=2.068086e+00 dt=3.092753e-05
elapsed=2.083905e+03 cycle=63200 time=2.071226e+00 dt=3.174089e-05
elapsed=2.087063e+03 cycle=63300 time=2.074422e+00 dt=3.177525e-05
elapsed=2.090224e+03 cycle=63400 time=2.077574e+00 dt=3.143562e-05
elapsed=2.093500e+03 cycle=63500 time=2.080741e+00 dt=3.213337e-05
elapsed=2.096662e+03 cycle=63600 time=2.084021e+00 dt=3.344275e-05
elapsed=2.099824e+03 cycle=63700 time=2.087378e+00 dt=3.350058e-05
elapsed=2.103103e+03 cycle=63800 time=2.090699e+00 dt=3.284376e-05
elapsed=2.106266e+03 cycle=63900 time=2.093966e+00 dt=3.252478e-05
elapsed=2.109428e+03 cycle=64000 time=2.097205e+00 dt=3.220515e-05
elapsed=2.112707e+03 cycle=64100 time=2.100415e+00 dt=3.193239e-05
elapsed=2.115868e+03 cycle=64200 time=2.103528e+00 dt=3.015885e-05
elapsed=2.119029e+03 cycle=64300 time=2.106429e+00 dt=2.774064e-05
elapsed=2.122190e+03 cycle=64400 time=2.109120e+00 dt=2.578379e-05
elapsed=2.125466e+03 cycle=64500 time=2.111926e+00 dt=2.935885e-05
elapsed=2.128627e+03 cycle=64600 time=2.114772e+00 dt=2.772169e-05
elapsed=2.131787e+03 cycle=64700 time=2.117433e+00 dt=2.543956e-05
elapsed=2.135064e+03 cycle=64800 time=2.120245e+00 dt=2.998055e-05
elapsed=2.138224e+03 cycle=64900 time=2.123213e+00 dt=2.998363e-05
elapsed=2.141387e+03 cycle=65000 time=2.126274e+00 dt=3.146236e-05
elapsed=2.144550e+03 cycle=65100 time=2.129415e+00 dt=3.060071e-05
elapsed=2.147828e+03 cycle=65200 time=2.132431e+00 dt=3.012997e-05
elapsed=2.150992e+03 cycle=65300 time=2.135477e+00 dt=2.989745e-05
elapsed=2.154155e+03 cycle=65400 time=2.138455e+00 dt=3.065563e-05
elapsed=2.157436e+03 cycle=65500 time=2.141637e+00 dt=3.173900e-05
elapsed=2.160599e+03 cycle=65600 time=2.144801e+00 dt=3.161495e-05
elapsed=2.163763e+03 cycle=65700 time=2.147993e+00 dt=3.209453e-05
elapsed=2.167041e+03 cycle=65800 time=2.151095e+00 dt=3.020445e-05
elapsed=2.170204e+03 cycle=65900 time=2.154138e+00 dt=3.083147e-05
elapsed=2.173368e+03 cycle=66000 time=2.157298e+00 dt=3.235751e-05
elapsed=2.176647e+03 cycle=66100 time=2.160489e+00 dt=3.151380e-05
elapsed=2.179813e+03 cycle=66200 time=2.163631e+00 dt=3.143268e-05
elapsed=2.182979e+03 cycle=66300 time=2.166753e+00 dt=3.112021e-05
elapsed=2.186146e+03 cycle=66400 time=2.169832e+00 dt=2.999833e-05
elapsed=2.189430e+03 cycle=66500 time=2.172729e+00 dt=2.795250e-05
elapsed=2.192600e+03 cycle=66600 time=2.175525e+00 dt=2.916994e-05
elapsed=2.195771e+03 cycle=66700 time=2.178451e+00 dt=2.845342e-05
elapsed=2.199057e+03 cycle=66800 time=2.181247e+00 dt=2.765909e-05
elapsed=2.202228e+03 cycle=66900 time=2.184035e+00 dt=2.815772e-05
elapsed=2.205397e+03 cycle=67000 time=2.186891e+00 dt=2.872054e-05
elapsed=2.208566e+03 cycle=67100 time=2.189839e+00 dt=3.143491e-05
elapsed=2.211851e+03 cycle=67200 time=2.192868e+00 dt=2.979758e-05
elapsed=2.215020e+03 cycle=67300 time=2.195991e+00 dt=3.220598e-05
elapsed=2.218188e+03 cycle=67400 time=2.199224e+00 dt=3.212643e-05
elapsed=2.221472e+03 cycle=67500 time=2.202401e+00 dt=3.116086e-05
elapsed=2.224641e+03 cycle=67600 time=2.205439e+00 dt=2.980060e-05
elapsed=2.227808e+03 cycle=67700 time=2.208308e+00 dt=2.749318e-05
elapsed=2.231089e+03 cycle=67800 time=2.210966e+00 dt=2.644706e-05
elapsed=2.234257e+03 cycle=67900 time=2.213814e+00 dt=2.938695e-05
elapsed=2.237425e+03 cycle=68000 time=2.216986e+00 dt=3.100784e-05
elapsed=2.240707e+03 cycle=68100 time=2.220075e+00 dt=3.219932e-05
elapsed=2.243875e+03 cycle=68200 time=2.223251e+00 dt=3.121731e-05
elapsed=2.247044e+03 cycle=68300 time=2.226347e+00 dt=3.058868e-05
elapsed=2.250213e+03 cycle=68400 time=2.229341e+00 dt=2.933242e-05
elapsed=2.253497e+03 cycle=68500 time=2.232235e+00 dt=2.859740e-05
elapsed=2.256665e+03 cycle=68600 time=2.235024e+00 dt=2.766605e-05
elapsed=2.259833e+03 cycle=68700 time=2.237763e+00 dt=2.662185e-05
elapsed=2.263122e+03 cycle=68800 time=2.240384e+00 dt=2.626476e-05
elapsed=2.266291e+03 cycle=68900 time=2.243129e+00 dt=2.860146e-05
elapsed=2.269459e+03 cycle=69000 time=2.245903e+00 dt=2.699371e-05
elapsed=2.272627e+03 cycle=69100 time=2.248551e+00 dt=2.606317e-05
elapsed=2.275910e+03 cycle=69200 time=2.251242e+00 dt=2.964340e-05
elapsed=2.279077e+03 cycle=69300 time=2.254403e+00 dt=3.234033e-05
elapsed=2.282245e+03 cycle=69400 time=2.257623e+00 dt=3.179664e-05
elapsed=2.285527e+03 cycle=69500 time=2.260687e+00 dt=2.978729e-05
elapsed=2.288696e+03 cycle=69600 time=2.263755e+00 dt=3.098448e-05
elapsed=2.291862e+03 cycle=69700 time=2.266818e+00 dt=2.989444e-05
elapsed=2.295028e+03 cycle=69800 time=2.269753e+00 dt=2.895418e-05
elapsed=2.298311e+03 cycle=69900 time=2.272588e+00 dt=2.786139e-05
elapsed=2.301476e+03 cycle=70000 time=2.275345e+00 dt=2.730115e-05
elapsed=2.304641e+03 cycle=70100 time=2.278073e+00 dt=2.725638e-05
elapsed=2.307922e+03 cycle=70200 time=2.280767e+00 dt=2.663922e-05
elapsed=2.311087e+03 cycle=70300 time=2.283431e+00 dt=2.686560e-05
elapsed=2.314253e+03 cycle=70400 time=2.286179e+00 dt=2.804896e-05
elapsed=2.317419e+03 cycle=70500 time=2.289016e+00 dt=2.836754e-05
elapsed=2.320701e+03 cycle=70600 time=2.291866e+00 dt=2.845487e-05
elapsed=2.323867e+03 cycle=70700 time=2.294689e+00 dt=2.808079e-05
elapsed=2.327034e+03 cycle=70800 time=2.297508e+00 dt=2.862469e-05
elapsed=2.330317e+03 cycle=70900 time=2.300442e+00 dt=2.998098e-05
elapsed=2.333484e+03 cycle=71000 time=2.303538e+00 dt=3.215931e-05
elapsed=2.336650e+03 cycle=71100 time=2.306741e+00 dt=3.159534e-05
elapsed=2.339815e+03 cycle=71200 time=2.309852e+00 dt=3.062886e-05
elapsed=2.343097e+03 cycle=71300 time=2.312881e+00 dt=3.000454e-05
elapsed=2.346263e+03 cycle=71400 time=2.315840e+00 dt=2.922390e-05
elapsed=2.349428e+03 cycle=71500 time=2.318728e+00 dt=2.854604e-05
elapsed=2.352705e+03 cycle=71600 time=2.321554e+00 dt=2.810900e-05
elapsed=2.355866e+03 cycle=71700 time=2.324342e+00 dt=2.772118e-05
elapsed=2.359027e+03 cycle=71800 time=2.327127e+00 dt=2.814475e-05
elapsed=2.362190e+03 cycle=71900 time=2.329969e+00 dt=2.796986e-05
elapsed=2.365467e+03 cycle=72000 time=2.332701e+00 dt=2.643162e-05
elapsed=2.368628e+03 cycle=72100 time=2.335305e+00 dt=2.593060e-05
elapsed=2.371789e+03 cycle=72200 time=2.337934e+00 dt=2.700434e-05
elapsed=2.375065e+03 cycle=72300 time=2.340728e+00 dt=2.943838e-05
elapsed=2.378226e+03 cycle=72400 time=2.343672e+00 dt=2.924880e-05
elapsed=2.381387e+03 cycle=72500 time=2.346556e+00 dt=2.857400e-05
elapsed=2.384548e+03 cycle=72600 time=2.349426e+00 dt=2.836572e-05
elapsed=2.387824e+03 cycle=72700 time=2.352257e+00 dt=2.868369e-05
elapsed=2.390985e+03 cycle=72800 time=2.355173e+00 dt=2.913954e-05
elapsed=2.394146e+03 cycle=72900 time=2.358044e+00 dt=2.828854e-05
elapsed=2.397420e+03 cycle=73000 time=2.360818e+00 dt=2.715744e-05
elapsed=2.400579e+03 cycle=73100 time=2.363492e+00 dt=2.630732e-05
elapsed=2.403737e+03 cycle=73200 time=2.366097e+00 dt=2.583882e-05
elapsed=2.406894e+03 cycle=73300 time=2.368640e+00 dt=2.508989e-05
elapsed=2.410167e+03 cycle=73400 time=2.371237e+00 dt=2.859798e-05
elapsed=2.413323e+03 cycle=73500 time=2.374320e+00 dt=3.072307e-05
elapsed=2.416479e+03 cycle=73600 time=2.377322e+00 dt=2.912834e-05
elapsed=2.419752e+03 cycle=73700 time=2.380159e+00 dt=2.781052e-05
elapsed=2.422909e+03 cycle=73800 time=2.382909e+00 dt=2.736333e-05
elapsed=2.426066e+03 cycle=73900 time=2.385712e+00 dt=2.869456e-05
elapsed=2.429222e+03 cycle=74000 time=2.388658e+00 dt=3.005544e-05
elapsed=2.432493e+03 cycle=74100 time=2.391650e+00 dt=2.979795e-05
elapsed=2.435649e+03 cycle=74200 time=2.394644e+00 dt=3.016557e-05
elapsed=2.438806e+03 cycle=74300 time=2.397652e+00 dt=2.981706e-05
elapsed=2.442080e+03 cycle=74400 time=2.400651e+00 dt=3.070004e-05
elapsed=2.445237e+03 cycle=74500 time=2.403759e+00 dt=3.050602e-05
elapsed=2.448393e+03 cycle=74600 time=2.406699e+00 dt=2.873101e-05
elapsed=2.451549e+03 cycle=74700 time=2.409626e+00 dt=3.116582e-05
elapsed=2.454825e+03 cycle=74800 time=2.412649e+00 dt=3.124609e-05
elapsed=2.457980e+03 cycle=74900 time=2.415749e+00 dt=3.084003e-05
elapsed=2.461136e+03 cycle=75000 time=2.418807e+00 dt=3.027540e-05
elapsed=2.464409e+03 cycle=75100 time=2.421771e+00 dt=2.884214e-05
elapsed=2.467567e+03 cycle=75200 time=2.424626e+00 dt=2.808478e-05
elapsed=2.470725e+03 cycle=75300 time=2.427578e+00 dt=3.112236e-05
elapsed=2.473999e+03 cycle=75400 time=2.430657e+00 dt=3.040480e-05
elapsed=2.477156e+03 cycle=75500 time=2.433696e+00 dt=3.042466e-05
elapsed=2.480313e+03 cycle=75600 time=2.436732e+00 dt=3.014938e-05
elapsed=2.483473e+03 cycle=75700 time=2.439703e+00 dt=2.909176e-05
elapsed=2.486746e+03 cycle=75800 time=2.442564e+00 dt=2.836585e-05
elapsed=2.489908e+03 cycle=75900 time=2.445361e+00 dt=2.757421e-05
elapsed=2.493070e+03 cycle=76000 time=2.448102e+00 dt=2.713924e-05
elapsed=2.496345e+03 cycle=76100 time=2.451012e+00 dt=3.172563e-05
elapsed=2.499505e+03 cycle=76200 time=2.454101e+00 dt=2.979415e-05
elapsed=2.502664e+03 cycle=76300 time=2.456968e+00 dt=2.768220e-05
elapsed=2.505823e+03 cycle=76400 time=2.459663e+00 dt=2.627378e-05
elapsed=2.509097e+03 cycle=76500 time=2.462278e+00 dt=2.617539e-05
elapsed=2.512256e+03 cycle=76600 time=2.464878e+00 dt=2.675540e-05
elapsed=2.515417e+03 cycle=76700 time=2.467785e+00 dt=3.173966e-05
elapsed=2.518693e+03 cycle=76800 time=2.470964e+00 dt=3.169943e-05
elapsed=2.521854e+03 cycle=76900 time=2.474101e+00 dt=3.090845e-05
elapsed=2.525015e+03 cycle=77000 time=2.477230e+00 dt=3.168700e-05
elapsed=2.528293e+03 cycle=77100 time=2.480418e+00 dt=3.196038e-05
elapsed=2.531456e+03 cycle=77200 time=2.483559e+00 dt=3.041856e-05
elapsed=2.534619e+03 cycle=77300 time=2.486618e+00 dt=3.168900e-05
elapsed=2.537783e+03 cycle=77400 time=2.489799e+00 dt=3.108412e-05
elapsed=2.541063e+03 cycle=77500 time=2.492805e+00 dt=2.941533e-05
elapsed=2.544229e+03 cycle=77600 time=2.495858e+00 dt=3.159031e-05
elapsed=2.547394e+03 cycle=77700 time=2.499005e+00 dt=3.122185e-05
elapsed=2.550673e+03 cycle=77800 time=2.502092e+00 dt=3.058315e-05
elapsed=2.553838e+03 cycle=77900 time=2.505205e+00 dt=3.094811e-05
elapsed=2.557003e+03 cycle=78000 time=2.508275e+00 dt=3.007187e-05
elapsed=2.560283e+03 cycle=78100 time=2.511252e+00 dt=2.981716e-05
elapsed=2.563450e+03 cycle=78200 time=2.514241e+00 dt=3.007329e-05
elapsed=2.566616e+03 cycle=78300 time=2.517259e+00 dt=3.022044e-05
elapsed=2.569898e+03 cycle=78400 time=2.520285e+00 dt=3.022508e-05
elapsed=2.573066e+03 cycle=78500 time=2.523294e+00 dt=2.987131e-05
elapsed=2.576232e+03 cycle=78600 time=2.526261e+00 dt=2.967742e-05
elapsed=2.579398e+03 cycle=78700 time=2.529224e+00 dt=2.871563e-05
elapsed=2.582677e+03 cycle=78800 time=2.532036e+00 dt=2.788760e-05
elapsed=2.585842e+03 cycle=78900 time=2.534848e+00 dt=2.834337e-05
elapsed=2.589006e+03 cycle=79000 time=2.537738e+00 dt=2.967223e-05
elapsed=2.592287e+03 cycle=79100 time=2.540691e+00 dt=2.959070e-05
elapsed=2.595453e+03 cycle=79200 time=2.543612e+00 dt=2.922569e-05
elapsed=2.598617e+03 cycle=79300 time=2.546588e+00 dt=2.997327e-05
elapsed=2.601783e+03 cycle=79400 time=2.549561e+00 dt=2.953555e-05
elapsed=2.605063e+03 cycle=79500 time=2.552544e+00 dt=3.057318e-05
elapsed=2.608226e+03 cycle=79600 time=2.555617e+00 dt=3.024747e-05
elapsed=2.611388e+03 cycle=79700 time=2.558575e+00 dt=2.995567e-05
elapsed=2.614666e+03 cycle=79800 time=2.561538e+00 dt=2.955423e-05
elapsed=2.617826e+03 cycle=79900 time=2.564522e+00 dt=3.024839e-05
elapsed=2.620987e+03 cycle=80000 time=2.567598e+00 dt=3.140547e-05
elapsed=2.624268e+03 cycle=80100 time=2.570722e+00 dt=3.102157e-05
elapsed=2.627432e+03 cycle=80200 time=2.573807e+00 dt=3.056196e-05
elapsed=2.630596e+03 cycle=80300 time=2.576835e+00 dt=3.016035e-05
elapsed=2.633758e+03 cycle=80400 time=2.579850e+00 dt=3.014846e-05
elapsed=2.637034e+03 cycle=80500 time=2.582847e+00 dt=2.995537e-05
elapsed=2.640197e+03 cycle=80600 time=2.585826e+00 dt=2.972101e-05
elapsed=2.643361e+03 cycle=80700 time=2.588825e+00 dt=3.025901e-05
elapsed=2.646639e+03 cycle=80800 time=2.591871e+00 dt=3.074453e-05
elapsed=2.649801e+03 cycle=80900 time=2.594907e+00 dt=2.953776e-05
elapsed=2.652963e+03 cycle=81000 time=2.597921e+00 dt=3.099926e-05
elapsed=2.656239e+03 cycle=81100 time=2.601003e+00 dt=3.114913e-05
elapsed=2.659402e+03 cycle=81200 time=2.604066e+00 dt=2.999925e-05
elapsed=2.662564e+03 cycle=81300 time=2.607074e+00 dt=2.986392e-05
elapsed=2.665840e+03 cycle=81400 time=2.610010e+00 dt=2.858674e-05
elapsed=2.668998e+03 cycle=81500 time=2.612782e+00 dt=2.666025e-05
elapsed=2.672156e+03 cycle=81600 time=2.615300e+00 dt=2.420464e-05
elapsed=2.675316e+03 cycle=81700 time=2.617986e+00 dt=2.720035e-05
elapsed=2.678592e+03 cycle=81800 time=2.620641e+00 dt=2.569995e-05
elapsed=2.681753e+03 cycle=81900 time=2.623224e+00 dt=2.815051e-05
elapsed=2.684915e+03 cycle=82000 time=2.626263e+00 dt=3.258372e-05
elapsed=2.688077e+03 cycle=82100 time=2.629563e+00 dt=3.328751e-05
elapsed=2.691355e+03 cycle=82200 time=2.632875e+00 dt=3.249799e-05
elapsed=2.694518e+03 cycle=82300 time=2.636037e+00 dt=3.116894e-05
elapsed=2.697681e+03 cycle=82400 time=2.639167e+00 dt=3.123186e-05
elapsed=2.700961e+03 cycle=82500 time=2.642260e+00 dt=3.053407e-05
elapsed=2.704124e+03 cycle=82600 time=2.645280e+00 dt=2.992222e-05
elapsed=2.707287e+03 cycle=82700 time=2.648258e+00 dt=2.958394e-05
elapsed=2.710566e+03 cycle=82800 time=2.651178e+00 dt=2.911171e-05
elapsed=2.713732e+03 cycle=82900 time=2.654046e+00 dt=2.857345e-05
elapsed=2.716897e+03 cycle=83000 time=2.656929e+00 dt=2.889275e-05
elapsed=2.720061e+03 cycle=83100 time=2.659794e+00 dt=2.810182e-05
elapsed=2.723340e+03 cycle=83200 time=2.662621e+00 dt=2.922320e-05
elapsed=2.726503e+03 cycle=83300 time=2.665576e+00 dt=3.075613e-05
elapsed=2.729665e+03 cycle=83400 time=2.668758e+00 dt=3.258571e-05
elapsed=2.732943e+03 cycle=83500 time=2.671945e+00 dt=3.120898e-05
elapsed=2.736104e+03 cycle=83600 time=2.675002e+00 dt=3.030250e-05
elapsed=2.739266e+03 cycle=83700 time=2.678089e+00 dt=3.121438e-05
elapsed=2.742546e+03 cycle=83800 time=2.681247e+00 dt=3.140017e-05
elapsed=2.745712e+03 cycle=83900 time=2.684398e+00 dt=3.132636e-05
elapsed=2.748877e+03 cycle=84000 time=2.687439e+00 dt=2.949750e-05
elapsed=2.752158e+03 cycle=84100 time=2.690386e+00 dt=2.947034e-05
elapsed=2.755322e+03 cycle=84200 time=2.693299e+00 dt=2.893618e-05
elapsed=2.758488e+03 cycle=84300 time=2.696161e+00 dt=2.809845e-05
elapsed=2.761655e+03 cycle=84400 time=2.698814e+00 dt=2.491582e-05
elapsed=2.764938e+03 cycle=84500 time=2.701466e+00 dt=2.958242e-05
elapsed=2.768104e+03 cycle=84600 time=2.704380e+00 dt=2.919907e-05
elapsed=2.771273e+03 cycle=84700 time=2.707390e+00 dt=2.997705e-05
elapsed=2.774558e+03 cycle=84800 time=2.710363e+00 dt=2.950676e-05
elapsed=2.777728e+03 cycle=84900 time=2.713309e+00 dt=2.950779e-05
elapsed=2.780898e+03 cycle=85000 time=2.716262e+00 dt=2.924879e-05
elapsed=2.784068e+03 cycle=85100 time=2.719160e+00 dt=2.879276e-05
elapsed=2.787351e+03 cycle=85200 time=2.722057e+00 dt=2.889580e-05
elapsed=2.790519e+03 cycle=85300 time=2.724927e+00 dt=2.869295e-05
elapsed=2.793685e+03 cycle=85400 time=2.727866e+00 dt=2.976633e-05
elapsed=2.796965e+03 cycle=85500 time=2.730801e+00 dt=2.878717e-05
elapsed=2.800129e+03 cycle=85600 time=2.733690e+00 dt=2.889798e-05
elapsed=2.803292e+03 cycle=85700 time=2.736550e+00 dt=2.784267e-05
elapsed=2.806456e+03 cycle=85800 time=2.739311e+00 dt=2.720416e-05
elapsed=2.809737e+03 cycle=85900 time=2.741970e+00 dt=2.654551e-05
elapsed=2.812901e+03 cycle=86000 time=2.744893e+00 dt=3.012030e-05
elapsed=2.816065e+03 cycle=86100 time=2.747762e+00 dt=2.800379e-05
elapsed=2.819341e+03 cycle=86200 time=2.750682e+00 dt=2.966970e-05
elapsed=2.822502e+03 cycle=86300 time=2.753728e+00 dt=3.168331e-05
elapsed=2.825664e+03 cycle=86400 time=2.756954e+00 dt=3.071063e-05
elapsed=2.828941e+03 cycle=86500 time=2.760034e+00 dt=2.933626e-05
elapsed=2.832102e+03 cycle=86600 time=2.762949e+00 dt=2.965073e-05
elapsed=2.835263e+03 cycle=86700 time=2.766004e+00 dt=3.148751e-05
elapsed=2.838423e+03 cycle=86800 time=2.769168e+00 dt=3.172960e-05
elapsed=2.841698e+03 cycle=86900 time=2.772278e+00 dt=3.072220e-05
elapsed=2.844859e+03 cycle=87000 time=2.775277e+00 dt=2.963446e-05
elapsed=2.848020e+03 cycle=87100 time=2.778220e+00 dt=2.981430e-05
elapsed=2.851299e+03 cycle=87200 time=2.781337e+00 dt=3.167692e-05
elapsed=2.854462e+03 cycle=87300 time=2.784483e+00 dt=3.112171e-05
elapsed=2.857625e+03 cycle=87400 time=2.787546e+00 dt=2.988061e-05
elapsed=2.860904e+03 cycle=87500 time=2.790404e+00 dt=2.722542e-05
elapsed=2.864066e+03 cycle=87600 time=2.793160e+00 dt=2.982866e-05
elapsed=2.867228e+03 cycle=87700 time=2.796214e+00 dt=2.935892e-05
elapsed=2.870391e+03 cycle=87800 time=2.799275e+00 dt=3.082690e-05
elapsed=2.873668e+03 cycle=87900 time=2.802222e+00 dt=2.759781e-05
elapsed=2.876831e+03 cycle=88000 time=2.804920e+00 dt=2.992503e-05
elapsed=2.879994e+03 cycle=88100 time=2.807947e+00 dt=2.925612e-05
elapsed=2.883271e+03 cycle=88200 time=2.810803e+00 dt=2.850750e-05
elapsed=2.886434e+03 cycle=88300 time=2.813686e+00 dt=2.908185e-05
elapsed=2.889597e+03 cycle=88400 time=2.816602e+00 dt=2.838596e-05
elapsed=2.892760e+03 cycle=88500 time=2.819250e+00 dt=2.549253e-05
elapsed=2.896040e+03 cycle=88600 time=2.821871e+00 dt=2.760411e-05
elapsed=2.899203e+03 cycle=88700 time=2.824643e+00 dt=2.751180e-05
elapsed=2.902367e+03 cycle=88800 time=2.827366e+00 dt=2.721414e-05
elapsed=2.905646e+03 cycle=88900 time=2.830138e+00 dt=2.778508e-05
elapsed=2.908809e+03 cycle=89000 time=2.832974e+00 dt=2.792139e-05
elapsed=2.911972e+03 cycle=89100 time=2.835715e+00 dt=2.670847e-05
elapsed=2.915133e+03 cycle=89200 time=2.838382e+00 dt=2.582388e-05
elapsed=2.918409e+03 cycle=89300 time=2.841087e+00 dt=2.770367e-05
elapsed=2.921570e+03 cycle=89400 time=2.843819e+00 dt=2.740893e-05
elapsed=2.924731e+03 cycle=89500 time=2.846786e+00 dt=3.124834e-05
elapsed=2.927890e+03 cycle=89600 time=2.849954e+00 dt=3.201632e-05
elapsed=2.931164e+03 cycle=89700 time=2.853075e+00 dt=2.986157e-05
elapsed=2.934322e+03 cycle=89800 time=2.855942e+00 dt=2.858120e-05
elapsed=2.937481e+03 cycle=89900 time=2.858748e+00 dt=2.753086e-05
elapsed=2.940758e+03 cycle=90000 time=2.861471e+00 dt=2.739177e-05
elapsed=2.943918e+03 cycle=90100 time=2.864384e+00 dt=3.001767e-05
elapsed=2.947079e+03 cycle=90200 time=2.867326e+00 dt=2.886097e-05
elapsed=2.950355e+03 cycle=90300 time=2.870121e+00 dt=2.682073e-05
elapsed=2.953518e+03 cycle=90400 time=2.872870e+00 dt=2.832358e-05
elapsed=2.956681e+03 cycle=90500 time=2.875663e+00 dt=2.765270e-05
elapsed=2.959845e+03 cycle=90600 time=2.878686e+00 dt=3.100687e-05
elapsed=2.963125e+03 cycle=90700 time=2.881756e+00 dt=3.029570e-05
elapsed=2.966288e+03 cycle=90800 time=2.884732e+00 dt=2.932015e-05
elapsed=2.969451e+03 cycle=90900 time=2.887616e+00 dt=2.839096e-05
elapsed=2.972727e+03 cycle=91000 time=2.890435e+00 dt=2.811193e-05
elapsed=2.975889e+03 cycle=91100 time=2.893221e+00 dt=2.768032e-05
elapsed=2.979050e+03 cycle=91200 time=2.895977e+00 dt=2.775307e-05
elapsed=2.982209e+03 cycle=91300 time=2.898795e+00 dt=2.833398e-05
elapsed=2.985483e+03 cycle=91400 time=2.901639e+00 dt=2.825403e-05
elapsed=2.988642e+03 cycle=91500 time=2.904433e+00 dt=2.774435e-05
elapsed=2.991801e+03 cycle=91600 time=2.907198e+00 dt=2.748950e-05
elapsed=2.994961e+03 cycle=91700 time=2.909940e+00 dt=2.751207e-05
elapsed=2.998237e+03 cycle=91800 time=2.912791e+00 dt=2.932759e-05
elapsed=3.001398e+03 cycle=91900 time=2.915689e+00 dt=2.925814e-05
elapsed=3.004559e+03 cycle=92000 time=2.918571e+00 dt=2.776830e-05
elapsed=3.007833e+03 cycle=92100 time=2.921325e+00 dt=2.746380e-05
elapsed=3.010991e+03 cycle=92200 time=2.924088e+00 dt=2.763066e-05
elapsed=3.014149e+03 cycle=92300 time=2.926835e+00 dt=2.739046e-05
elapsed=3.017307e+03 cycle=92400 time=2.929573e+00 dt=2.739729e-05
elapsed=3.020580e+03 cycle=92500 time=2.932320e+00 dt=2.773058e-05
elapsed=3.023738e+03 cycle=92600 time=2.935159e+00 dt=2.887182e-05
elapsed=3.026895e+03 cycle=92700 time=2.938035e+00 dt=2.867028e-05
elapsed=3.030168e+03 cycle=92800 time=2.940903e+00 dt=2.854696e-05
elapsed=3.033325e+03 cycle=92900 time=2.943740e+00 dt=2.826151e-05
elapsed=3.036485e+03 cycle=93000 time=2.946594e+00 dt=2.901047e-05
elapsed=3.039644e+03 cycle=93100 time=2.949500e+00 dt=2.908855e-05
elapsed=3.042921e+03 cycle=93200 time=2.952278e+00 dt=2.709462e-05
elapsed=3.046081e+03 cycle=93300 time=2.955177e+00 dt=3.079467e-05
elapsed=3.049243e+03 cycle=93400 time=2.958232e+00 dt=3.013360e-05
elapsed=3.052521e+03 cycle=93500 time=2.961249e+00 dt=3.064120e-05
elapsed=3.055681e+03 cycle=93600 time=2.964280e+00 dt=3.011916e-05
elapsed=3.058843e+03 cycle=93700 time=2.967268e+00 dt=2.850849e-05
elapsed=3.062121e+03 cycle=93800 time=2.970118e+00 dt=2.972746e-05
elapsed=3.065281e+03 cycle=93900 time=2.973136e+00 dt=3.044649e-05
elapsed=3.068443e+03 cycle=94000 time=2.976160e+00 dt=3.009299e-05
elapsed=3.071604e+03 cycle=94100 time=2.979190e+00 dt=2.987818e-05
elapsed=3.074883e+03 cycle=94200 time=2.982137e+00 dt=2.919998e-05
elapsed=3.078044e+03 cycle=94300 time=2.985091e+00 dt=3.025268e-05
elapsed=3.081205e+03 cycle=94400 time=2.988086e+00 dt=2.963831e-05
elapsed=3.084480e+03 cycle=94500 time=2.991036e+00 dt=2.938991e-05
elapsed=3.087641e+03 cycle=94600 time=2.994000e+00 dt=3.022276e-05
elapsed=3.090801e+03 cycle=94700 time=2.997063e+00 dt=3.141681e-05
elapsed=3.094113e+03 cycle=94800 time=3.000214e+00 dt=3.143622e-05
elapsed=3.097271e+03 cycle=94900 time=3.003365e+00 dt=3.170015e-05
elapsed=3.100428e+03 cycle=95000 time=3.006507e+00 dt=3.060906e-05
elapsed=3.103584e+03 cycle=95100 time=3.009574e+00 dt=3.115586e-05
elapsed=3.106855e+03 cycle=95200 time=3.012747e+00 dt=3.190564e-05
elapsed=3.110011e+03 cycle=95300 time=3.015942e+00 dt=3.182731e-05
elapsed=3.113166e+03 cycle=95400 time=3.019113e+00 dt=3.175810e-05
elapsed=3.116438e+03 cycle=95500 time=3.022207e+00 dt=2.977493e-05
elapsed=3.119594e+03 cycle=95600 time=3.025313e+00 dt=3.039981e-05
elapsed=3.122749e+03 cycle=95700 time=3.028104e+00 dt=2.648699e-05
elapsed=3.126023e+03 cycle=95800 time=3.030986e+00 dt=2.944457e-05
elapsed=3.129179e+03 cycle=95900 time=3.033889e+00 dt=2.849780e-05
elapsed=3.132336e+03 cycle=96000 time=3.036688e+00 dt=2.728155e-05
elapsed=3.135493e+03 cycle=96100 time=3.039417e+00 dt=2.847839e-05
elapsed=3.138765e+03 cycle=96200 time=3.042269e+00 dt=2.932754e-05
elapsed=3.141921e+03 cycle=96300 time=3.045084e+00 dt=2.686728e-05
elapsed=3.145077e+03 cycle=96400 time=3.047765e+00 dt=2.723522e-05
elapsed=3.148350e+03 cycle=96500 time=3.050517e+00 dt=2.797171e-05
elapsed=3.151506e+03 cycle=96600 time=3.053354e+00 dt=2.880409e-05
elapsed=3.154661e+03 cycle=96700 time=3.056358e+00 dt=3.055822e-05
elapsed=3.157817e+03 cycle=96800 time=3.059453e+00 dt=3.138715e-05
elapsed=3.161092e+03 cycle=96900 time=3.062540e+00 dt=2.997595e-05
elapsed=3.164246e+03 cycle=97000 time=3.065601e+00 dt=3.134358e-05
elapsed=3.167400e+03 cycle=97100 time=3.068711e+00 dt=3.091413e-05
elapsed=3.170673e+03 cycle=97200 time=3.071801e+00 dt=3.076847e-05
elapsed=3.173827e+03 cycle=97300 time=3.074826e+00 dt=2.973731e-05
elapsed=3.176982e+03 cycle=97400 time=3.077864e+00 dt=3.051147e-05
elapsed=3.180254e+03 cycle=97500 time=3.080882e+00 dt=2.984114e-05
elapsed=3.183410e+03 cycle=97600 time=3.083866e+00 dt=2.976948e-05
elapsed=3.186565e+03 cycle=97700 time=3.086823e+00 dt=2.921102e-05
elapsed=3.189720e+03 cycle=97800 time=3.089694e+00 dt=2.859311e-05
elapsed=3.192992e+03 cycle=97900 time=3.092611e+00 dt=2.896119e-05
elapsed=3.196146e+03 cycle=98000 time=3.095406e+00 dt=2.737903e-05
elapsed=3.199300e+03 cycle=98100 time=3.098205e+00 dt=2.768969e-05
elapsed=3.202570e+03 cycle=98200 time=3.100941e+00 dt=2.695612e-05
elapsed=3.205722e+03 cycle=98300 time=3.103599e+00 dt=2.618334e-05
elapsed=3.208874e+03 cycle=98400 time=3.106167e+00 dt=2.511002e-05
elapsed=3.212026e+03 cycle=98500 time=3.108686e+00 dt=2.583629e-05
elapsed=3.215295e+03 cycle=98600 time=3.111429e+00 dt=2.945677e-05
elapsed=3.218445e+03 cycle=98700 time=3.114387e+00 dt=2.974593e-05
elapsed=3.221596e+03 cycle=98800 time=3.117351e+00 dt=2.913742e-05
elapsed=3.224862e+03 cycle=98900 time=3.120231e+00 dt=2.850734e-05
elapsed=3.228011e+03 cycle=99000 time=3.123061e+00 dt=2.815952e-05
elapsed=3.231161e+03 cycle=99100 time=3.125887e+00 dt=2.795365e-05
elapsed=3.234313e+03 cycle=99200 time=3.128615e+00 dt=2.685996e-05
elapsed=3.237583e+03 cycle=99300 time=3.131292e+00 dt=2.683922e-05
elapsed=3.240736e+03 cycle=99400 time=3.133969e+00 dt=2.679486e-05
elapsed=3.243889e+03 cycle=99500 time=3.136647e+00 dt=2.673481e-05
elapsed=3.247042e+03 cycle=99600 time=3.139344e+00 dt=2.696752e-05
elapsed=3.250312e+03 cycle=99700 time=3.142060e+00 dt=2.775236e-05
elapsed=3.253467e+03 cycle=99800 time=3.144992e+00 dt=3.005018e-05
elapsed=3.256620e+03 cycle=99900 time=3.147909e+00 dt=2.876593e-05
elapsed=3.259890e+03 cycle=100000 time=3.150870e+00 dt=3.128552e-05
elapsed=3.263043e+03 cycle=100100 time=3.154007e+00 dt=3.107705e-05
elapsed=3.266196e+03 cycle=100200 time=3.157109e+00 dt=3.111517e-05
elapsed=3.269464e+03 cycle=100300 time=3.160164e+00 dt=3.016011e-05
elapsed=3.272617e+03 cycle=100400 time=3.163206e+00 dt=3.113377e-05
elapsed=3.275770e+03 cycle=100500 time=3.166286e+00 dt=3.024001e-05
elapsed=3.278921e+03 cycle=100600 time=3.169307e+00 dt=2.940419e-05
elapsed=3.282189e+03 cycle=100700 time=3.172195e+00 dt=2.922697e-05
elapsed=3.285338e+03 cycle=100800 time=3.175148e+00 dt=2.994176e-05
elapsed=3.288488e+03 cycle=100900 time=3.178204e+00 dt=3.102920e-05
elapsed=3.291753e+03 cycle=101000 time=3.181262e+00 dt=2.961025e-05
elapsed=3.294903e+03 cycle=101100 time=3.184182e+00 dt=3.180569e-05
elapsed=3.298052e+03 cycle=101200 time=3.187334e+00 dt=3.063070e-05
elapsed=3.301315e+03 cycle=101300 time=3.190304e+00 dt=2.879011e-05
elapsed=3.304465e+03 cycle=101400 time=3.193135e+00 dt=2.815691e-05
elapsed=3.307615e+03 cycle=101500 time=3.195973e+00 dt=2.917160e-05
elapsed=3.310766e+03 cycle=101600 time=3.198970e+00 dt=3.132813e-05
elapsed=3.314031e+03 cycle=101700 time=3.202151e+00 dt=3.184541e-05
elapsed=3.317181e+03 cycle=101800 time=3.205318e+00 dt=3.201903e-05
elapsed=3.320334e+03 cycle=101900 time=3.208543e+00 dt=3.211369e-05
elapsed=3.323604e+03 cycle=102000 time=3.211734e+00 dt=3.191428e-05
elapsed=3.326758e+03 cycle=102100 time=3.214905e+00 dt=3.058918e-05
elapsed=3.329912e+03 cycle=102200 time=3.217979e+00 dt=3.156666e-05
elapsed=3.333182e+03 cycle=102300 time=3.221070e+00 dt=3.049372e-05
elapsed=3.336336e+03 cycle=102400 time=3.224185e+00 dt=3.260382e-05
elapsed=3.339490e+03 cycle=102500 time=3.227447e+00 dt=3.230113e-05
elapsed=3.342759e+03 cycle=102600 time=3.230684e+00 dt=3.240574e-05
elapsed=3.345914e+03 cycle=102700 time=3.233890e+00 dt=3.162852e-05
elapsed=3.349072e+03 cycle=102800 time=3.237033e+00 dt=3.116610e-05
elapsed=3.352344e+03 cycle=102900 time=3.240107e+00 dt=3.031652e-05
elapsed=3.355506e+03 cycle=103000 time=3.243093e+00 dt=2.941226e-05
elapsed=3.358670e+03 cycle=103100 time=3.246011e+00 dt=2.910148e-05
elapsed=3.361837e+03 cycle=103200 time=3.248960e+00 dt=3.061864e-05
elapsed=3.365120e+03 cycle=103300 time=3.252169e+00 dt=3.254918e-05
elapsed=3.368285e+03 cycle=103400 time=3.255361e+00 dt=3.073855e-05
elapsed=3.371450e+03 cycle=103500 time=3.258380e+00 dt=3.035965e-05
elapsed=3.374732e+03 cycle=103600 time=3.261458e+00 dt=3.037138e-05
elapsed=3.377901e+03 cycle=103700 time=3.264460e+00 dt=2.994266e-05
elapsed=3.381069e+03 cycle=103800 time=3.267532e+00 dt=3.240942e-05
elapsed=3.384352e+03 cycle=103900 time=3.270873e+00 dt=3.313991e-05
elapsed=3.387515e+03 cycle=104000 time=3.274194e+00 dt=3.345086e-05
elapsed=3.390678e+03 cycle=104100 time=3.277542e+00 dt=3.379368e-05
elapsed=3.393960e+03 cycle=104200 time=3.280905e+00 dt=3.322054e-05
elapsed=3.397122e+03 cycle=104300 time=3.284196e+00 dt=3.259110e-05
elapsed=3.400284e+03 cycle=104400 time=3.287419e+00 dt=3.190127e-05
elapsed=3.403561e+03 cycle=104500 time=3.290565e+00 dt=3.117738e-05
elapsed=3.406723e+03 cycle=104600 time=3.293645e+00 dt=3.040532e-05
elapsed=3.409884e+03 cycle=104700 time=3.296640e+00 dt=2.956903e-05
elapsed=3.413043e+03 cycle=104800 time=3.299555e+00 dt=2.853958e-05
elapsed=3.416321e+03 cycle=104900 time=3.302345e+00 dt=2.751965e-05
elapsed=3.419483e+03 cycle=105000 time=3.305261e+00 dt=3.238375e-05
elapsed=3.422648e+03 cycle=105100 time=3.308499e+00 dt=3.172750e-05
elapsed=3.425928e+03 cycle=105200 time=3.311610e+00 dt=3.060095e-05
elapsed=3.429090e+03 cycle=105300 time=3.314582e+00 dt=2.913914e-05
elapsed=3.432251e+03 cycle=105400 time=3.317453e+00 dt=2.852536e-05
elapsed=3.435527e+03 cycle=105500 time=3.320341e+00 dt=2.895878e-05
elapsed=3.438687e+03 cycle=105600 time=3.323257e+00 dt=2.916807e-05
elapsed=3.441846e+03 cycle=105700 time=3.326216e+00 dt=3.086880e-05
elapsed=3.445006e+03 cycle=105800 time=3.329299e+00 dt=3.079404e-05
elapsed=3.448282e+03 cycle=105900 time=3.332404e+00 dt=3.099668e-05
elapsed=3.451441e+03 cycle=106000 time=3.335494e+00 dt=3.069450e-05
elapsed=3.454598e+03 cycle=106100 time=3.338572e+00 dt=3.029448e-05
elapsed=3.457870e+03 cycle=106200 time=3.341475e+00 dt=2.741405e-05
elapsed=3.461028e+03 cycle=106300 time=3.344174e+00 dt=2.801948e-05
elapsed=3.464185e+03 cycle=106400 time=3.347156e+00 dt=2.977052e-05
elapsed=3.467454e+03 cycle=106500 time=3.350013e+00 dt=2.735533e-05
elapsed=3.470609e+03 cycle=106600 time=3.352678e+00 dt=2.635039e-05
elapsed=3.473764e+03 cycle=106700 time=3.355365e+00 dt=2.940237e-05
elapsed=3.476918e+03 cycle=106800 time=3.358230e+00 dt=2.775246e-05
elapsed=3.480186e+03 cycle=106900 time=3.361058e+00 dt=2.994079e-05
elapsed=3.483337e+03 cycle=107000 time=3.364183e+00 dt=3.148226e-05
elapsed=3.486488e+03 cycle=107100 time=3.367344e+00 dt=3.265655e-05
elapsed=3.489753e+03 cycle=107200 time=3.370609e+00 dt=3.263474e-05
elapsed=3.492905e+03 cycle=107300 time=3.373854e+00 dt=3.220511e-05
elapsed=3.496056e+03 cycle=107400 time=3.377047e+00 dt=3.177630e-05
elapsed=3.499323e+03 cycle=107500 time=3.380237e+00 dt=3.231767e-05
elapsed=3.502475e+03 cycle=107600 time=3.383512e+00 dt=3.241953e-05
elapsed=3.505627e+03 cycle=107700 time=3.386682e+00 dt=3.100626e-05
elapsed=3.508777e+03 cycle=107800 time=3.389742e+00 dt=3.035007e-05
elapsed=3.512043e+03 cycle=107900 time=3.392761e+00 dt=3.178894e-05
elapsed=3.515193e+03 cycle=108000 time=3.395967e+00 dt=3.156345e-05
elapsed=3.518342e+03 cycle=108100 time=3.399076e+00 dt=3.084286e-05
elapsed=3.521607e+03 cycle=108200 time=3.402096e+00 dt=2.933189e-05
elapsed=3.524754e+03 cycle=108300 time=3.404950e+00 dt=2.761781e-05
elapsed=3.527901e+03 cycle=108400 time=3.407646e+00 dt=2.605566e-05
elapsed=3.531162e+03 cycle=108500 time=3.410114e+00 dt=2.382215e-05
elapsed=3.534307e+03 cycle=108600 time=3.412642e+00 dt=2.851580e-05
elapsed=3.537455e+03 cycle=108700 time=3.415543e+00 dt=2.988724e-05
elapsed=3.540604e+03 cycle=108800 time=3.418539e+00 dt=2.986543e-05
elapsed=3.543871e+03 cycle=108900 time=3.421682e+00 dt=3.229554e-05
elapsed=3.547023e+03 cycle=109000 time=3.424844e+00 dt=3.079086e-05
elapsed=3.550176e+03 cycle=109100 time=3.427879e+00 dt=3.136968e-05
elapsed=3.553443e+03 cycle=109200 time=3.430885e+00 dt=2.889612e-05
elapsed=3.556597e+03 cycle=109300 time=3.433812e+00 dt=2.977664e-05
elapsed=3.559752e+03 cycle=109400 time=3.436963e+00 dt=3.289748e-05
elapsed=3.563031e+03 cycle=109500 time=3.440254e+00 dt=3.272936e-05
elapsed=3.566189e+03 cycle=109600 time=3.443451e+00 dt=3.079536e-05
elapsed=3.569346e+03 cycle=109700 time=3.446527e+00 dt=3.212242e-05
elapsed=3.572505e+03 cycle=109800 time=3.449712e+00 dt=3.145655e-05
elapsed=3.575784e+03 cycle=109900 time=3.452807e+00 dt=3.005758e-05
elapsed=3.578941e+03 cycle=110000 time=3.455748e+00 dt=2.938975e-05
elapsed=3.582098e+03 cycle=110100 time=3.458839e+00 dt=3.153998e-05
elapsed=3.585372e+03 cycle=110200 time=3.461996e+00 dt=3.163326e-05
elapsed=3.588530e+03 cycle=110300 time=3.465165e+00 dt=3.182218e-05
elapsed=3.591688e+03 cycle=110400 time=3.468399e+00 dt=3.282502e-05
elapsed=3.594960e+03 cycle=110500 time=3.471677e+00 dt=3.276704e-05
elapsed=3.598118e+03 cycle=110600 time=3.474949e+00 dt=3.270847e-05
elapsed=3.601276e+03 cycle=110700 time=3.478215e+00 dt=3.256716e-05
elapsed=3.604552e+03 cycle=110800 time=3.481428e+00 dt=3.248568e-05
elapsed=3.607715e+03 cycle=110900 time=3.484678e+00 dt=3.259551e-05
elapsed=3.610876e+03 cycle=111000 time=3.487934e+00 dt=3.260083e-05
elapsed=3.614152e+03 cycle=111100 time=3.491170e+00 dt=3.252258e-05
elapsed=3.617313e+03 cycle=111200 time=3.494416e+00 dt=3.235098e-05
elapsed=3.620474e+03 cycle=111300 time=3.497659e+00 dt=3.264569e-05
elapsed=3.623750e+03 cycle=111400 time=3.500926e+00 dt=3.274920e-05
elapsed=3.626907e+03 cycle=111500 time=3.504166e+00 dt=3.156877e-05
elapsed=3.630065e+03 cycle=111600 time=3.507177e+00 dt=2.957200e-05
elapsed=3.633343e+03 cycle=111700 time=3.510358e+00 dt=3.243242e-05
elapsed=3.636503e+03 cycle=111800 time=3.513551e+00 dt=3.150749e-05
elapsed=3.639663e+03 cycle=111900 time=3.516669e+00 dt=3.091858e-05
elapsed=3.642823e+03 cycle=112000 time=3.519732e+00 dt=3.049778e-05
elapsed=3.646100e+03 cycle=112100 time=3.522851e+00 dt=3.194165e-05
elapsed=3.649261e+03 cycle=112200 time=3.526076e+00 dt=3.259773e-05
elapsed=3.652422e+03 cycle=112300 time=3.529326e+00 dt=3.214914e-05
elapsed=3.655699e+03 cycle=112400 time=3.532555e+00 dt=3.314184e-05
elapsed=3.658862e+03 cycle=112500 time=3.535897e+00 dt=3.318477e-05
elapsed=3.662025e+03 cycle=112600 time=3.539187e+00 dt=3.259444e-05
elapsed=3.665307e+03 cycle=112700 time=3.542422e+00 dt=3.214237e-05
elapsed=3.668474e+03 cycle=112800 time=3.545618e+00 dt=3.185692e-05
elapsed=3.671641e+03 cycle=112900 time=3.548814e+00 dt=3.214773e-05
elapsed=3.674924e+03 cycle=113000 time=3.552041e+00 dt=3.240318e-05
elapsed=3.678094e+03 cycle=113100 time=3.555272e+00 dt=3.212933e-05
elapsed=3.681265e+03 cycle=113200 time=3.558465e+00 dt=3.177953e-05
elapsed=3.684552e+03 cycle=113300 time=3.561658e+00 dt=3.210746e-05
elapsed=3.687721e+03 cycle=113400 time=3.564821e+00 dt=3.131188e-05
elapsed=3.690890e+03 cycle=113500 time=3.567925e+00 dt=3.082934e-05
elapsed=3.694179e+03 cycle=113600 time=3.571005e+00 dt=3.065621e-05
elapsed=3.697346e+03 cycle=113700 time=3.574015e+00 dt=2.947323e-05
elapsed=3.700513e+03 cycle=113800 time=3.576905e+00 dt=2.835495e-05
elapsed=3.703680e+03 cycle=113900 time=3.579733e+00 dt=2.832173e-05
elapsed=3.706965e+03 cycle=114000 time=3.582578e+00 dt=2.818321e-05
elapsed=3.710130e+03 cycle=114100 time=3.585429e+00 dt=2.880176e-05
elapsed=3.713296e+03 cycle=114200 time=3.588481e+00 dt=3.140006e-05
elapsed=3.716578e+03 cycle=114300 time=3.591579e+00 dt=3.044461e-05
elapsed=3.719741e+03 cycle=114400 time=3.594567e+00 dt=2.935670e-05
elapsed=3.722903e+03 cycle=114500 time=3.597518e+00 dt=3.021011e-05
elapsed=3.726179e+03 cycle=114600 time=3.600624e+00 dt=3.183160e-05
elapsed=3.729335e+03 cycle=114700 time=3.603851e+00 dt=3.279058e-05
elapsed=3.732491e+03 cycle=114800 time=3.607151e+00 dt=3.253229e-05
elapsed=3.735761e+03 cycle=114900 time=3.610345e+00 dt=3.153616e-05
elapsed=3.738914e+03 cycle=115000 time=3.613511e+00 dt=3.187774e-05
elapsed=3.742068e+03 cycle=115100 time=3.616659e+00 dt=3.099247e-05
elapsed=3.745222e+03 cycle=115200 time=3.619705e+00 dt=3.001374e-05
elapsed=3.748496e+03 cycle=115300 time=3.622715e+00 dt=3.044364e-05
elapsed=3.751651e+03 cycle=115400 time=3.625780e+00 dt=2.969156e-05
elapsed=3.754808e+03 cycle=115500 time=3.628745e+00 dt=2.944300e-05
elapsed=3.758083e+03 cycle=115600 time=3.631674e+00 dt=2.969715e-05
elapsed=3.761244e+03 cycle=115700 time=3.634664e+00 dt=3.001437e-05
elapsed=3.764404e+03 cycle=115800 time=3.637684e+00 dt=3.038357e-05
elapsed=3.767682e+03 cycle=115900 time=3.640757e+00 dt=3.104365e-05
elapsed=3.770844e+03 cycle=116000 time=3.643870e+00 dt=3.124107e-05
elapsed=3.774009e+03 cycle=116100 time=3.646993e+00 dt=3.085310e-05
elapsed=3.777292e+03 cycle=116200 time=3.650042e+00 dt=3.027723e-05
elapsed=3.780463e+03 cycle=116300 time=3.653089e+00 dt=3.042679e-05
elapsed=3.783634e+03 cycle=116400 time=3.656140e+00 dt=3.139458e-05
elapsed=3.786804e+03 cycle=116500 time=3.659306e+00 dt=3.141932e-05
elapsed=3.790089e+03 cycle=116600 time=3.662412e+00 dt=3.068685e-05
elapsed=3.793258e+03 cycle=116700 time=3.665457e+00 dt=3.020458e-05
elapsed=3.796429e+03 cycle=116800 time=3.668446e+00 dt=2.953896e-05
elapsed=3.799715e+03 cycle=116900 time=3.671388e+00 dt=2.935071e-05
elapsed=3.802887e+03 cycle=117000 time=3.674288e+00 dt=2.864114e-05
elapsed=3.806059e+03 cycle=117100 time=3.677127e+00 dt=2.812668e-05
elapsed=3.809233e+03 cycle=117200 time=3.679906e+00 dt=2.712617e-05
elapsed=3.812524e+03 cycle=117300 time=3.682552e+00 dt=2.646096e-05
elapsed=3.815697e+03 cycle=117400 time=3.685325e+00 dt=2.797977e-05
elapsed=3.818869e+03 cycle=117500 time=3.688094e+00 dt=2.781462e-05
elapsed=3.822159e+03 cycle=117600 time=3.691041e+00 dt=3.085526e-05
elapsed=3.825333e+03 cycle=117700 time=3.694156e+00 dt=3.029498e-05
elapsed=3.828505e+03 cycle=117800 time=3.697138e+00 dt=2.942272e-05
elapsed=3.831794e+03 cycle=117900 time=3.700049e+00 dt=2.940856e-05
elapsed=3.834968e+03 cycle=118000 time=3.702943e+00 dt=2.851780e-05
elapsed=3.838142e+03 cycle=118100 time=3.705771e+00 dt=2.836222e-05
elapsed=3.841317e+03 cycle=118200 time=3.708548e+00 dt=2.726759e-05
elapsed=3.844606e+03 cycle=118300 time=3.711437e+00 dt=3.155531e-05
elapsed=3.847780e+03 cycle=118400 time=3.714551e+00 dt=3.083997e-05
elapsed=3.850953e+03 cycle=118500 time=3.717628e+00 dt=3.075424e-05
elapsed=3.854248e+03 cycle=118600 time=3.720705e+00 dt=3.075894e-05
elapsed=3.857422e+03 cycle=118700 time=3.723762e+00 dt=3.042548e-05
elapsed=3.860597e+03 cycle=118800 time=3.726777e+00 dt=2.983459e-05
elapsed=3.863772e+03 cycle=118900 time=3.729717e+00 dt=2.908963e-05
elapsed=3.867063e+03 cycle=119000 time=3.732654e+00 dt=2.902741e-05
elapsed=3.870238e+03 cycle=119100 time=3.735491e+00 dt=2.789827e-05
elapsed=3.873413e+03 cycle=119200 time=3.738260e+00 dt=2.735083e-05
elapsed=3.876705e+03 cycle=119300 time=3.740967e+00 dt=2.661044e-05
elapsed=3.879879e+03 cycle=119400 time=3.743738e+00 dt=2.958632e-05
elapsed=3.883053e+03 cycle=119500 time=3.746729e+00 dt=2.938138e-05
elapsed=3.886228e+03 cycle=119600 time=3.749622e+00 dt=2.846485e-05
elapsed=3.889518e+03 cycle=119700 time=3.752423e+00 dt=2.741984e-05
elapsed=3.892695e+03 cycle=119800 time=3.755205e+00 dt=2.982844e-05
elapsed=3.895873e+03 cycle=119900 time=3.758194e+00 dt=2.997837e-05
elapsed=3.899167e+03 cycle=120000 time=3.761181e+00 dt=2.981958e-05
elapsed=3.902346e+03 cycle=120100 time=3.764146e+00 dt=2.947027e-05
elapsed=3.905525e+03 cycle=120200 time=3.766977e+00 dt=2.723195e-05
elapsed=3.908703e+03 cycle=120300 time=3.769660e+00 dt=2.691489e-05
elapsed=3.911997e+03 cycle=120400 time=3.772420e+00 dt=2.843348e-05
elapsed=3.915177e+03 cycle=120500 time=3.775372e+00 dt=2.973646e-05
elapsed=3.918358e+03 cycle=120600 time=3.778273e+00 dt=2.844943e-05
elapsed=3.921659e+03 cycle=120700 time=3.781054e+00 dt=2.705801e-05
elapsed=3.924841e+03 cycle=120800 time=3.783647e+00 dt=2.477441e-05
elapsed=3.928022e+03 cycle=120900 time=3.786126e+00 dt=2.578329e-05
elapsed=3.931203e+03 cycle=121000 time=3.788963e+00 dt=2.928355e-05
elapsed=3.934500e+03 cycle=121100 time=3.791930e+00 dt=3.066961e-05
elapsed=3.937682e+03 cycle=121200 time=3.794963e+00 dt=3.060624e-05
elapsed=3.940864e+03 cycle=121300 time=3.798078e+00 dt=3.084115e-05
elapsed=3.944162e+03 cycle=121400 time=3.801147e+00 dt=3.118866e-05
elapsed=3.947343e+03 cycle=121500 time=3.804155e+00 dt=2.958165e-05
elapsed=3.950524e+03 cycle=121600 time=3.807092e+00 dt=2.898536e-05
elapsed=3.953703e+03 cycle=121700 time=3.809959e+00 dt=2.833941e-05
elapsed=3.956997e+03 cycle=121800 time=3.812779e+00 dt=2.806202e-05
elapsed=3.960175e+03 cycle=121900 time=3.815585e+00 dt=2.820024e-05
elapsed=3.963353e+03 cycle=122000 time=3.818418e+00 dt=2.817144e-05
elapsed=3.966646e+03 cycle=122100 time=3.821205e+00 dt=2.775899e-05
elapsed=3.969822e+03 cycle=122200 time=3.823989e+00 dt=2.731248e-05
elapsed=3.972999e+03 cycle=122300 time=3.826662e+00 dt=2.643044e-05
elapsed=3.976176e+03 cycle=122400 time=3.829321e+00 dt=2.673609e-05
elapsed=3.979471e+03 cycle=122500 time=3.832027e+00 dt=2.782056e-05
elapsed=3.982648e+03 cycle=122600 time=3.834863e+00 dt=2.855265e-05
elapsed=3.985825e+03 cycle=122700 time=3.837727e+00 dt=2.906686e-05
elapsed=3.989117e+03 cycle=122800 time=3.840628e+00 dt=2.956303e-05
elapsed=3.992295e+03 cycle=122900 time=3.843610e+00 dt=3.123028e-05
elapsed=3.995474e+03 cycle=123000 time=3.846743e+00 dt=3.121183e-05
elapsed=3.998655e+03 cycle=123100 time=3.849780e+00 dt=3.031070e-05
elapsed=4.001953e+03 cycle=123200 time=3.852803e+00 dt=2.967993e-05
elapsed=4.005138e+03 cycle=123300 time=3.855718e+00 dt=2.883584e-05
elapsed=4.008322e+03 cycle=123400 time=3.858620e+00 dt=2.946112e-05
elapsed=4.011626e+03 cycle=123500 time=3.861631e+00 dt=3.068651e-05
elapsed=4.014813e+03 cycle=123600 time=3.864715e+00 dt=3.059964e-05
elapsed=4.018002e+03 cycle=123700 time=3.867726e+00 dt=2.954929e-05
elapsed=4.021306e+03 cycle=123800 time=3.870605e+00 dt=2.811248e-05
elapsed=4.024496e+03 cycle=123900 time=3.873372e+00 dt=2.699465e-05
elapsed=4.027685e+03 cycle=124000 time=3.876015e+00 dt=2.601523e-05
elapsed=4.030874e+03 cycle=124100 time=3.878623e+00 dt=2.610141e-05
elapsed=4.034179e+03 cycle=124200 time=3.881188e+00 dt=2.514704e-05
elapsed=4.037365e+03 cycle=124300 time=3.883682e+00 dt=2.480745e-05
elapsed=4.040551e+03 cycle=124400 time=3.886195e+00 dt=2.547530e-05
elapsed=4.043737e+03 cycle=124500 time=3.888808e+00 dt=2.672688e-05
elapsed=4.047040e+03 cycle=124600 time=3.891572e+00 dt=2.886625e-05
elapsed=4.050226e+03 cycle=124700 time=3.894425e+00 dt=2.814335e-05
elapsed=4.053412e+03 cycle=124800 time=3.897266e+00 dt=2.904454e-05
elapsed=4.056714e+03 cycle=124900 time=3.900164e+00 dt=2.899210e-05
elapsed=4.059899e+03 cycle=125000 time=3.903092e+00 dt=2.952830e-05
elapsed=4.063088e+03 cycle=125100 time=3.906070e+00 dt=3.030978e-05
elapsed=4.066278e+03 cycle=125200 time=3.909105e+00 dt=3.030098e-05
elapsed=4.069585e+03 cycle=125300 time=3.912112e+00 dt=2.933163e-05
elapsed=4.072777e+03 cycle=125400 time=3.914957e+00 dt=2.773575e-05
elapsed=4.075966e+03 cycle=125500 time=3.917714e+00 dt=2.765447e-05
elapsed=4.079271e+03 cycle=125600 time=3.920520e+00 dt=2.877295e-05
elapsed=4.082458e+03 cycle=125700 time=3.923322e+00 dt=2.732305e-05
elapsed=4.085644e+03 cycle=125800 time=3.926131e+00 dt=2.898787e-05
elapsed=4.088828e+03 cycle=125900 time=3.928963e+00 dt=2.902426e-05
elapsed=4.092129e+03 cycle=126000 time=3.932052e+00 dt=3.124576e-05
elapsed=4.095312e+03 cycle=126100 time=3.935189e+00 dt=3.160101e-05
elapsed=4.098496e+03 cycle=126200 time=3.938338e+00 dt=3.134029e-05
elapsed=4.101796e+03 cycle=126300 time=3.941277e+00 dt=2.744638e-05
elapsed=4.104979e+03 cycle=126400 time=3.943852e+00 dt=2.438562e-05
elapsed=4.108164e+03 cycle=126500 time=3.946571e+00 dt=3.109932e-05
elapsed=4.111350e+03 cycle=126600 time=3.949659e+00 dt=3.090667e-05
elapsed=4.114653e+03 cycle=126700 time=3.952696e+00 dt=2.976660e-05
elapsed=4.117840e+03 cycle=126800 time=3.955614e+00 dt=2.860415e-05
elapsed=4.121024e+03 cycle=126900 time=3.958471e+00 dt=2.872241e-05
elapsed=4.124326e+03 cycle=127000 time=3.961415e+00 dt=2.987972e-05
elapsed=4.127510e+03 cycle=127100 time=3.964379e+00 dt=2.964434e-05
elapsed=4.130694e+03 cycle=127200 time=3.967303e+00 dt=2.905464e-05
elapsed=4.133997e+03 cycle=127300 time=3.970298e+00 dt=2.912321e-05
elapsed=4.137181e+03 cycle=127400 time=3.973076e+00 dt=2.709037e-05
elapsed=4.140363e+03 cycle=127500 time=3.975995e+00 dt=2.953164e-05
elapsed=4.143545e+03 cycle=127600 time=3.978928e+00 dt=2.964079e-05
elapsed=4.146844e+03 cycle=127700 time=3.981766e+00 dt=2.785882e-05
elapsed=4.150026e+03 cycle=127800 time=3.984461e+00 dt=2.608107e-05
elapsed=4.153207e+03 cycle=127900 time=3.987071e+00 dt=2.917119e-05
elapsed=4.156505e+03 cycle=128000 time=3.990009e+00 dt=2.879412e-05
elapsed=4.159685e+03 cycle=128100 time=3.992767e+00 dt=2.648065e-05
elapsed=4.162866e+03 cycle=128200 time=3.995410e+00 dt=2.723204e-05
elapsed=4.166047e+03 cycle=128300 time=3.998131e+00 dt=2.628508e-05
elapsed=4.169379e+03 cycle=128400 time=4.000739e+00 dt=2.763750e-05
elapsed=4.172560e+03 cycle=128500 time=4.003581e+00 dt=2.827828e-05
elapsed=4.175741e+03 cycle=128600 time=4.006311e+00 dt=2.639278e-05
elapsed=4.178921e+03 cycle=128700 time=4.008885e+00 dt=2.518294e-05
elapsed=4.182217e+03 cycle=128800 time=4.011378e+00 dt=2.484832e-05
elapsed=4.185397e+03 cycle=128900 time=4.013871e+00 dt=2.505869e-05
elapsed=4.188578e+03 cycle=129000 time=4.016405e+00 dt=2.522413e-05
elapsed=4.191759e+03 cycle=129100 time=4.018900e+00 dt=2.478429e-05
elapsed=4.195057e+03 cycle=129200 time=4.021410e+00 dt=2.529189e-05
elapsed=4.198235e+03 cycle=129300 time=4.023937e+00 dt=2.552228e-05
elapsed=4.201412e+03 cycle=129400 time=4.026516e+00 dt=2.557344e-05
elapsed=4.204591e+03 cycle=129500 time=4.029085e+00 dt=2.633863e-05
elapsed=4.207885e+03 cycle=129600 time=4.031851e+00 dt=2.799920e-05
elapsed=4.211064e+03 cycle=129700 time=4.034539e+00 dt=2.677340e-05
elapsed=4.214243e+03 cycle=129800 time=4.037344e+00 dt=2.910507e-05
elapsed=4.217537e+03 cycle=129900 time=4.040294e+00 dt=2.991004e-05
elapsed=4.220714e+03 cycle=130000 time=4.043318e+00 dt=3.029252e-05
elapsed=4.223891e+03 cycle=130100 time=4.046334e+00 dt=2.993805e-05
elapsed=4.227068e+03 cycle=130200 time=4.049287e+00 dt=2.911778e-05
elapsed=4.230361e+03 cycle=130300 time=4.052138e+00 dt=2.818556e-05
elapsed=4.233540e+03 cycle=130400 time=4.054889e+00 dt=2.707095e-05
elapsed=4.236720e+03 cycle=130500 time=4.057587e+00 dt=2.711180e-05
elapsed=4.240019e+03 cycle=130600 time=4.060432e+00 dt=2.920793e-05
elapsed=4.243198e+03 cycle=130700 time=4.063321e+00 dt=2.827337e-05
elapsed=4.246377e+03 cycle=130800 time=4.066108e+00 dt=2.776188e-05
elapsed=4.249555e+03 cycle=130900 time=4.069016e+00 dt=3.033019e-05
elapsed=4.252847e+03 cycle=131000 time=4.071950e+00 dt=2.841438e-05
elapsed=4.256022e+03 cycle=131100 time=4.074699e+00 dt=2.658466e-05
elapsed=4.259196e+03 cycle=131200 time=4.077399e+00 dt=2.761744e-05
elapsed=4.262487e+03 cycle=131300 time=4.080099e+00 dt=2.672300e-05
elapsed=4.265662e+03 cycle=131400 time=4.082757e+00 dt=2.672186e-05
elapsed=4.268839e+03 cycle=131500 time=4.085403e+00 dt=2.669776e-05
elapsed=4.272017e+03 cycle=131600 time=4.088183e+00 dt=2.811504e-05
elapsed=4.275312e+03 cycle=131700 time=4.090918e+00 dt=2.682758e-05
elapsed=4.278493e+03 cycle=131800 time=4.093592e+00 dt=2.711746e-05
elapsed=4.281674e+03 cycle=131900 time=4.096292e+00 dt=2.679272e-05
elapsed=4.284855e+03 cycle=132000 time=4.099177e+00 dt=3.079503e-05
elapsed=4.288152e+03 cycle=132100 time=4.102181e+00 dt=3.097414e-05
elapsed=4.291330e+03 cycle=132200 time=4.105283e+00 dt=3.093648e-05
elapsed=4.294510e+03 cycle=132300 time=4.108373e+00 dt=3.073475e-05
elapsed=4.297806e+03 cycle=132400 time=4.111405e+00 dt=3.026570e-05
elapsed=4.300986e+03 cycle=132500 time=4.114417e+00 dt=3.010849e-05
elapsed=4.304167e+03 cycle=132600 time=4.117442e+00 dt=3.033037e-05
elapsed=4.307465e+03 cycle=132700 time=4.120495e+00 dt=3.057595e-05
elapsed=4.310643e+03 cycle=132800 time=4.123567e+00 dt=3.101535e-05
elapsed=4.313821e+03 cycle=132900 time=4.126591e+00 dt=3.067503e-05
elapsed=4.316999e+03 cycle=133000 time=4.129633e+00 dt=2.997081e-05
elapsed=4.320290e+03 cycle=133100 time=4.132615e+00 dt=2.944379e-05
elapsed=4.323462e+03 cycle=133200 time=4.135493e+00 dt=2.832080e-05
elapsed=4.326630e+03 cycle=133300 time=4.138381e+00 dt=2.928337e-05
elapsed=4.329912e+03 cycle=133400 time=4.141287e+00 dt=2.836716e-05
elapsed=4.333078e+03 cycle=133500 time=4.144039e+00 dt=2.672029e-05
elapsed=4.336244e+03 cycle=133600 time=4.146678e+00 dt=2.698816e-05
elapsed=4.339410e+03 cycle=133700 time=4.149546e+00 dt=2.888600e-05
elapsed=4.342694e+03 cycle=133800 time=4.152564e+00 dt=3.016720e-05
elapsed=4.345863e+03 cycle=133900 time=4.155518e+00 dt=2.900758e-05
elapsed=4.349033e+03 cycle=134000 time=4.158391e+00 dt=2.860115e-05
elapsed=4.352319e+03 cycle=134100 time=4.161263e+00 dt=2.890899e-05
elapsed=4.355488e+03 cycle=134200 time=4.164170e+00 dt=2.945215e-05
elapsed=4.358656e+03 cycle=134300 time=4.167173e+00 dt=3.105872e-05
elapsed=4.361943e+03 cycle=134400 time=4.170343e+00 dt=3.132169e-05
elapsed=4.365111e+03 cycle=134500 time=4.173419e+00 dt=3.016262e-05
elapsed=4.368279e+03 cycle=134600 time=4.176403e+00 dt=2.892459e-05
elapsed=4.371449e+03 cycle=134700 time=4.179326e+00 dt=2.924708e-05
elapsed=4.374737e+03 cycle=134800 time=4.182226e+00 dt=2.900501e-05
elapsed=4.377907e+03 cycle=134900 time=4.185148e+00 dt=2.941967e-05
elapsed=4.381078e+03 cycle=135000 time=4.188038e+00 dt=2.756131e-05
elapsed=4.384366e+03 cycle=135100 time=4.190896e+00 dt=2.890217e-05
elapsed=4.387538e+03 cycle=135200 time=4.193791e+00 dt=2.892978e-05
elapsed=4.390709e+03 cycle=135300 time=4.196640e+00 dt=2.739191e-05
elapsed=4.393881e+03 cycle=135400 time=4.199338e+00 dt=2.786712e-05
elapsed=4.397171e+03 cycle=135500 time=4.202308e+00 dt=3.089331e-05
elapsed=4.400343e+03 cycle=135600 time=4.205375e+00 dt=3.050079e-05
elapsed=4.403516e+03 cycle=135700 time=4.208380e+00 dt=2.960469e-05
elapsed=4.406806e+03 cycle=135800 time=4.211317e+00 dt=2.907221e-05
elapsed=4.409977e+03 cycle=135900 time=4.214184e+00 dt=2.823403e-05
elapsed=4.413149e+03 cycle=136000 time=4.216988e+00 dt=2.808324e-05
elapsed=4.416319e+03 cycle=136100 time=4.219816e+00 dt=2.827981e-05
elapsed=4.419607e+03 cycle=136200 time=4.222653e+00 dt=2.811383e-05
elapsed=4.422777e+03 cycle=136300 time=4.225434e+00 dt=2.741266e-05
elapsed=4.425946e+03 cycle=136400 time=4.228185e+00 dt=2.759325e-05
elapsed=4.429229e+03 cycle=136500 time=4.230946e+00 dt=2.801803e-05
elapsed=4.432395e+03 cycle=136600 time=4.233766e+00 dt=2.788978e-05
elapsed=4.435559e+03 cycle=136700 time=4.236479e+00 dt=2.650565e-05
elapsed=4.438724e+03 cycle=136800 time=4.239107e+00 dt=2.636782e-05
elapsed=4.442007e+03 cycle=136900 time=4.241830e+00 dt=2.764088e-05
elapsed=4.445172e+03 cycle=137000 time=4.244555e+00 dt=2.739541e-05
elapsed=4.448337e+03 cycle=137100 time=4.247402e+00 dt=2.900586e-05
elapsed=4.451618e+03 cycle=137200 time=4.250313e+00 dt=2.923367e-05
elapsed=4.454783e+03 cycle=137300 time=4.253249e+00 dt=2.963337e-05
elapsed=4.457949e+03 cycle=137400 time=4.256278e+00 dt=3.133490e-05
elapsed=4.461114e+03 cycle=137500 time=4.259388e+00 dt=3.132036e-05
elapsed=4.464399e+03 cycle=137600 time=4.262511e+00 dt=3.098111e-05
elapsed=4.467567e+03 cycle=137700 time=4.265573e+00 dt=3.033106e-05
elapsed=4.470737e+03 cycle=137800 time=4.268611e+00 dt=3.038118e-05
elapsed=4.474026e+03 cycle=137900 time=4.271635e+00 dt=2.952382e-05
elapsed=4.477198e+03 cycle=138000 time=4.274596e+00 dt=3.022558e-05
elapsed=4.480371e+03 cycle=138100 time=4.277625e+00 dt=3.052975e-05
elapsed=4.483660e+03 cycle=138200 time=4.280697e+00 dt=3.069230e-05
elapsed=4.486830e+03 cycle=138300 time=4.283733e+00 dt=3.005160e-05
elapsed=4.490002e+03 cycle=138400 time=4.286724e+00 dt=3.000399e-05
elapsed=4.493174e+03 cycle=138500 time=4.289728e+00 dt=3.004313e-05
elapsed=4.496463e+03 cycle=138600 time=4.292697e+00 dt=2.971564e-05
elapsed=4.499637e+03 cycle=138700 time=4.295604e+00 dt=2.826352e-05
elapsed=4.502812e+03 cycle=138800 time=4.298377e+00 dt=2.746607e-05
elapsed=4.506102e+03 cycle=138900 time=4.301182e+00 dt=2.847556e-05
elapsed=4.509277e+03 cycle=139000 time=4.304069e+00 dt=2.887666e-05
elapsed=4.512450e+03 cycle=139100 time=4.306943e+00 dt=2.896086e-05
elapsed=4.515620e+03 cycle=139200 time=4.309817e+00 dt=2.815493e-05
elapsed=4.518907e+03 cycle=139300 time=4.312626e+00 dt=2.826644e-05
elapsed=4.522079e+03 cycle=139400 time=4.315481e+00 dt=2.825167e-05
elapsed=4.525249e+03 cycle=139500 time=4.318261e+00 dt=2.823437e-05
elapsed=4.528534e+03 cycle=139600 time=4.321023e+00 dt=2.642968e-05
elapsed=4.531703e+03 cycle=139700 time=4.323662e+00 dt=2.681009e-05
elapsed=4.534872e+03 cycle=139800 time=4.326335e+00 dt=2.683863e-05
elapsed=4.538043e+03 cycle=139900 time=4.329071e+00 dt=2.798976e-05
elapsed=4.541330e+03 cycle=140000 time=4.331886e+00 dt=2.793606e-05
elapsed=4.544503e+03 cycle=140100 time=4.334790e+00 dt=2.974149e-05
elapsed=4.547676e+03 cycle=140200 time=4.337738e+00 dt=2.959913e-05
elapsed=4.550966e+03 cycle=140300 time=4.340722e+00 dt=3.005505e-05
elapsed=4.554138e+03 cycle=140400 time=4.343729e+00 dt=2.953823e-05
elapsed=4.557309e+03 cycle=140500 time=4.346737e+00 dt=3.105396e-05
elapsed=4.560479e+03 cycle=140600 time=4.349769e+00 dt=3.169242e-05
elapsed=4.563766e+03 cycle=140700 time=4.353005e+00 dt=3.226017e-05
elapsed=4.566938e+03 cycle=140800 time=4.356095e+00 dt=2.983350e-05
elapsed=4.570110e+03 cycle=140900 time=4.359096e+00 dt=3.034937e-05
elapsed=4.573397e+03 cycle=141000 time=4.362167e+00 dt=3.134638e-05
elapsed=4.576567e+03 cycle=141100 time=4.365290e+00 dt=3.057361e-05
elapsed=4.579737e+03 cycle=141200 time=4.368255e+00 dt=2.898059e-05
elapsed=4.583024e+03 cycle=141300 time=4.371075e+00 dt=2.722136e-05
elapsed=4.586196e+03 cycle=141400 time=4.373756e+00 dt=2.700366e-05
elapsed=4.589367e+03 cycle=141500 time=4.376552e+00 dt=2.758136e-05
elapsed=4.592538e+03 cycle=141600 time=4.379147e+00 dt=2.490180e-05
elapsed=4.595824e+03 cycle=141700 time=4.382096e+00 dt=3.126920e-05
elapsed=4.598993e+03 cycle=141800 time=4.385125e+00 dt=2.978077e-05
elapsed=4.602160e+03 cycle=141900 time=4.388141e+00 dt=3.082023e-05
elapsed=4.605439e+03 cycle=142000 time=4.391251e+00 dt=3.076995e-05
elapsed=4.608602e+03 cycle=142100 time=4.394227e+00 dt=2.831586e-05
elapsed=4.611764e+03 cycle=142200 time=4.396871e+00 dt=2.579797e-05
elapsed=4.614926e+03 cycle=142300 time=4.399796e+00 dt=3.065454e-05
elapsed=4.618206e+03 cycle=142400 time=4.402820e+00 dt=2.989190e-05
elapsed=4.621368e+03 cycle=142500 time=4.405794e+00 dt=2.957566e-05
elapsed=4.624531e+03 cycle=142600 time=4.408739e+00 dt=2.941817e-05
elapsed=4.627815e+03 cycle=142700 time=4.411716e+00 dt=3.015042e-05
elapsed=4.630981e+03 cycle=142800 time=4.414763e+00 dt=3.061474e-05
elapsed=4.634146e+03 cycle=142900 time=4.417805e+00 dt=3.027811e-05
elapsed=4.637429e+03 cycle=143000 time=4.420810e+00 dt=2.987563e-05
elapsed=4.640593e+03 cycle=143100 time=4.423800e+00 dt=3.011518e-05
elapsed=4.643757e+03 cycle=143200 time=4.426856e+00 dt=3.097100e-05
elapsed=4.646920e+03 cycle=143300 time=4.429962e+00 dt=3.115213e-05
elapsed=4.650199e+03 cycle=143400 time=4.433079e+00 dt=3.112460e-05
elapsed=4.653360e+03 cycle=143500 time=4.436172e+00 dt=3.054145e-05
elapsed=4.656519e+03 cycle=143600 time=4.439171e+00 dt=2.942761e-05
elapsed=4.659796e+03 cycle=143700 time=4.442092e+00 dt=2.918570e-05
elapsed=4.662953e+03 cycle=143800 time=4.444939e+00 dt=2.732825e-05
elapsed=4.666111e+03 cycle=143900 time=4.447720e+00 dt=2.927085e-05
elapsed=4.669384e+03 cycle=144000 time=4.450647e+00 dt=2.863930e-05
elapsed=4.672543e+03 cycle=144100 time=4.453458e+00 dt=2.777244e-05
elapsed=4.675701e+03 cycle=144200 time=4.456181e+00 dt=2.684633e-05
elapsed=4.678858e+03 cycle=144300 time=4.458886e+00 dt=2.764048e-05
elapsed=4.682130e+03 cycle=144400 time=4.461607e+00 dt=2.592029e-05
elapsed=4.685285e+03 cycle=144500 time=4.464123e+00 dt=2.500796e-05
elapsed=4.688442e+03 cycle=144600 time=4.467004e+00 dt=3.154492e-05
elapsed=4.691714e+03 cycle=144700 time=4.470071e+00 dt=2.969079e-05
elapsed=4.694868e+03 cycle=144800 time=4.472973e+00 dt=2.851823e-05
elapsed=4.698020e+03 cycle=144900 time=4.475795e+00 dt=2.769154e-05
elapsed=4.701172e+03 cycle=145000 time=4.478530e+00 dt=2.808561e-05
elapsed=4.704440e+03 cycle=145100 time=4.481456e+00 dt=2.934067e-05
elapsed=4.707592e+03 cycle=145200 time=4.484432e+00 dt=3.066407e-05
elapsed=4.710743e+03 cycle=145300 time=4.487573e+00 dt=3.164840e-05
elapsed=4.714007e+03 cycle=145400 time=4.490736e+00 dt=3.124221e-05
elapsed=4.717156e+03 cycle=145500 time=4.493897e+00 dt=3.140540e-05
elapsed=4.720306e+03 cycle=145600 time=4.497020e+00 dt=3.108034e-05
elapsed=4.723571e+03 cycle=145700 time=4.500114e+00 dt=3.094911e-05
elapsed=4.726720e+03 cycle=145800 time=4.503200e+00 dt=3.070754e-05
elapsed=4.729869e+03 cycle=145900 time=4.506263e+00 dt=3.069230e-05
elapsed=4.733020e+03 cycle=146000 time=4.509343e+00 dt=3.097540e-05
elapsed=4.736288e+03 cycle=146100 time=4.512440e+00 dt=3.096030e-05
elapsed=4.739439e+03 cycle=146200 time=4.515547e+00 dt=3.085546e-05
elapsed=4.742592e+03 cycle=146300 time=4.518539e+00 dt=2.902679e-05
elapsed=4.745860e+03 cycle=146400 time=4.521369e+00 dt=2.747599e-05
elapsed=4.749012e+03 cycle=146500 time=4.524072e+00 dt=2.706690e-05
elapsed=4.752164e+03 cycle=146600 time=4.526867e+00 dt=2.903970e-05
elapsed=4.755315e+03 cycle=146700 time=4.529583e+00 dt=2.578904e-05
elapsed=4.758582e+03 cycle=146800 time=4.532423e+00 dt=3.040269e-05
elapsed=4.761733e+03 cycle=146900 time=4.535396e+00 dt=2.856313e-05
elapsed=4.764885e+03 cycle=147000 time=4.538114e+00 dt=2.655405e-05
elapsed=4.768153e+03 cycle=147100 time=4.540860e+00 dt=2.714022e-05
elapsed=4.771305e+03 cycle=147200 time=4.543548e+00 dt=2.667855e-05
elapsed=4.774456e+03 cycle=147300 time=4.546213e+00 dt=2.649865e-05
elapsed=4.777607e+03 cycle=147400 time=4.548831e+00 dt=2.585411e-05
elapsed=4.780874e+03 cycle=147500 time=4.551407e+00 dt=2.579528e-05
elapsed=4.784024e+03 cycle=147600 time=4.554010e+00 dt=2.674558e-05
elapsed=4.787173e+03 cycle=147700 time=4.556935e+00 dt=3.271501e-05
elapsed=4.790437e+03 cycle=147800 time=4.560107e+00 dt=2.999218e-05
elapsed=4.793588e+03 cycle=147900 time=4.563177e+00 dt=3.131535e-05
elapsed=4.796738e+03 cycle=148000 time=4.566248e+00 dt=3.009720e-05
elapsed=4.799887e+03 cycle=148100 time=4.569203e+00 dt=2.918373e-05
elapsed=4.803151e+03 cycle=148200 time=4.572113e+00 dt=2.915001e-05
elapsed=4.806298e+03 cycle=148300 time=4.575032e+00 dt=2.927765e-05
elapsed=4.809447e+03 cycle=148400 time=4.577996e+00 dt=2.954654e-05
elapsed=4.812712e+03 cycle=148500 time=4.580961e+00 dt=2.948086e-05
elapsed=4.815862e+03 cycle=148600 time=4.583944e+00 dt=3.070591e-05
elapsed=4.819012e+03 cycle=148700 time=4.587051e+00 dt=3.078698e-05
elapsed=4.822280e+03 cycle=148800 time=4.590070e+00 dt=2.953609e-05
elapsed=4.825432e+03 cycle=148900 time=4.592966e+00 dt=2.833750e-05
elapsed=4.828583e+03 cycle=149000 time=4.595781e+00 dt=2.780888e-05
elapsed=4.831734e+03 cycle=149100 time=4.598551e+00 dt=2.753250e-05
elapsed=4.835001e+03 cycle=149200 time=4.601273e+00 dt=2.711195e-05
elapsed=4.838152e+03 cycle=149300 time=4.603944e+00 dt=2.624488e-05
elapsed=4.841303e+03 cycle=149400 time=4.606552e+00 dt=2.567319e-05
elapsed=4.844453e+03 cycle=149500 time=4.609126e+00 dt=2.550161e-05
elapsed=4.847720e+03 cycle=149600 time=4.611683e+00 dt=2.535088e-05
elapsed=4.850871e+03 cycle=149700 time=4.614246e+00 dt=2.586170e-05
elapsed=4.854023e+03 cycle=149800 time=4.616825e+00 dt=2.664513e-05
elapsed=4.857176e+03 cycle=149900 time=4.619562e+00 dt=2.816958e-05
elapsed=4.860445e+03 cycle=150000 time=4.622437e+00 dt=2.854847e-05
elapsed=4.863598e+03 cycle=150100 time=4.625364e+00 dt=3.211506e-05
elapsed=4.866752e+03 cycle=150200 time=4.628587e+00 dt=3.199145e-05
elapsed=4.870023e+03 cycle=150300 time=4.631910e+00 dt=3.306216e-05
elapsed=4.873179e+03 cycle=150400 time=4.635122e+00 dt=3.130296e-05
elapsed=4.876334e+03 cycle=150500 time=4.638218e+00 dt=3.047467e-05
elapsed=4.879604e+03 cycle=150600 time=4.641187e+00 dt=2.891518e-05
elapsed=4.882760e+03 cycle=150700 time=4.644017e+00 dt=2.722620e-05
elapsed=4.885914e+03 cycle=150800 time=4.646763e+00 dt=2.870763e-05
elapsed=4.889069e+03 cycle=150900 time=4.649668e+00 dt=2.870125e-05
elapsed=4.892343e+03 cycle=151000 time=4.652520e+00 dt=2.846144e-05
elapsed=4.895499e+03 cycle=151100 time=4.655391e+00 dt=2.830066e-05
elapsed=4.898655e+03 cycle=151200 time=4.658113e+00 dt=2.603194e-05
elapsed=4.901927e+03 cycle=151300 time=4.660651e+00 dt=2.483720e-05
elapsed=4.905085e+03 cycle=151400 time=4.663133e+00 dt=2.523410e-05
elapsed=4.908244e+03 cycle=151500 time=4.665736e+00 dt=2.693793e-05
elapsed=4.911403e+03 cycle=151600 time=4.668606e+00 dt=3.006626e-05
elapsed=4.914679e+03 cycle=151700 time=4.671748e+00 dt=3.161740e-05
elapsed=4.917839e+03 cycle=151800 time=4.674780e+00 dt=2.929477e-05
elapsed=4.920999e+03 cycle=151900 time=4.677851e+00 dt=3.136374e-05
elapsed=4.924274e+03 cycle=152000 time=4.680844e+00 dt=2.900778e-05
elapsed=4.927434e+03 cycle=152100 time=4.683818e+00 dt=3.009054e-05
elapsed=4.930594e+03 cycle=152200 time=4.686832e+00 dt=3.066987e-05
elapsed=4.933754e+03 cycle=152300 time=4.689874e+00 dt=3.021972e-05
elapsed=4.937032e+03 cycle=152400 time=4.692870e+00 dt=2.998363e-05
elapsed=4.940192e+03 cycle=152500 time=4.695875e+00 dt=3.014572e-05
elapsed=4.943353e+03 cycle=152600 time=4.698898e+00 dt=2.962607e-05
elapsed=4.946630e+03 cycle=152700 time=4.701806e+00 dt=2.895975e-05
elapsed=4.949790e+03 cycle=152800 time=4.704756e+00 dt=3.019107e-05
elapsed=4.952950e+03 cycle=152900 time=4.707748e+00 dt=2.944267e-05
elapsed=4.956224e+03 cycle=153000 time=4.710622e+00 dt=2.813682e-05
elapsed=4.959383e+03 cycle=153100 time=4.713408e+00 dt=2.768872e-05
elapsed=4.962540e+03 cycle=153200 time=4.716204e+00 dt=2.844681e-05
elapsed=4.965695e+03 cycle=153300 time=4.719092e+00 dt=2.984222e-05
elapsed=4.968966e+03 cycle=153400 time=4.722196e+00 dt=3.103533e-05
elapsed=4.972124e+03 cycle=153500 time=4.725334e+00 dt=3.144740e-05
elapsed=4.975282e+03 cycle=153600 time=4.728490e+00 dt=3.204007e-05
elapsed=4.978558e+03 cycle=153700 time=4.731588e+00 dt=3.005996e-05
elapsed=4.981718e+03 cycle=153800 time=4.734556e+00 dt=3.000191e-05
elapsed=4.984877e+03 cycle=153900 time=4.737537e+00 dt=3.042091e-05
elapsed=4.988154e+03 cycle=154000 time=4.740790e+00 dt=3.364395e-05
elapsed=4.991314e+03 cycle=154100 time=4.744105e+00 dt=3.203068e-05
elapsed=4.994476e+03 cycle=154200 time=4.747231e+00 dt=3.236916e-05
elapsed=4.997754e+03 cycle=154300 time=4.750463e+00 dt=3.324045e-05
elapsed=5.000915e+03 cycle=154400 time=4.753773e+00 dt=3.300237e-05
elapsed=5.004077e+03 cycle=154500 time=4.757065e+00 dt=3.276857e-05
elapsed=5.007356e+03 cycle=154600 time=4.760333e+00 dt=3.267375e-05
elapsed=5.010520e+03 cycle=154700 time=4.763596e+00 dt=3.239369e-05
elapsed=5.013684e+03 cycle=154800 time=4.766799e+00 dt=3.167742e-05
elapsed=5.016849e+03 cycle=154900 time=4.769911e+00 dt=3.059359e-05
elapsed=5.020128e+03 cycle=155000 time=4.772938e+00 dt=3.004080e-05
elapsed=5.023292e+03 cycle=155100 time=4.775975e+00 dt=3.076126e-05
elapsed=5.026454e+03 cycle=155200 time=4.779070e+00 dt=3.091666e-05
elapsed=5.029734e+03 cycle=155300 time=4.782158e+00 dt=3.015907e-05
elapsed=5.032896e+03 cycle=155400 time=4.785142e+00 dt=3.033443e-05
elapsed=5.036060e+03 cycle=155500 time=4.788166e+00 dt=3.039813e-05
elapsed=5.039340e+03 cycle=155600 time=4.791250e+00 dt=3.180907e-05
elapsed=5.042505e+03 cycle=155700 time=4.794422e+00 dt=3.128177e-05
elapsed=5.045670e+03 cycle=155800 time=4.797546e+00 dt=3.145483e-05
elapsed=5.048953e+03 cycle=155900 time=4.800711e+00 dt=3.143565e-05
elapsed=5.052121e+03 cycle=156000 time=4.803836e+00 dt=3.172239e-05
elapsed=5.055290e+03 cycle=156100 time=4.807035e+00 dt=3.207325e-05
elapsed=5.058574e+03 cycle=156200 time=4.810216e+00 dt=3.087619e-05
elapsed=5.061741e+03 cycle=156300 time=4.813191e+00 dt=2.919935e-05
elapsed=5.064910e+03 cycle=156400 time=4.816318e+00 dt=3.233786e-05
elapsed=5.068082e+03 cycle=156500 time=4.819524e+00 dt=3.168826e-05
elapsed=5.071369e+03 cycle=156600 time=4.822686e+00 dt=3.165870e-05
elapsed=5.074545e+03 cycle=156700 time=4.825841e+00 dt=3.129592e-05
elapsed=5.077722e+03 cycle=156800 time=4.828947e+00 dt=3.099182e-05
elapsed=5.081015e+03 cycle=156900 time=4.832047e+00 dt=3.088324e-05
elapsed=5.084195e+03 cycle=157000 time=4.835116e+00 dt=3.059609e-05
elapsed=5.087374e+03 cycle=157100 time=4.838157e+00 dt=3.077852e-05
elapsed=5.090668e+03 cycle=157200 time=4.841239e+00 dt=3.085317e-05
elapsed=5.093844e+03 cycle=157300 time=4.844242e+00 dt=2.865072e-05
elapsed=5.097020e+03 cycle=157400 time=4.847091e+00 dt=2.772803e-05
elapsed=5.100196e+03 cycle=157500 time=4.849880e+00 dt=3.041052e-05
elapsed=5.103489e+03 cycle=157600 time=4.852922e+00 dt=2.974631e-05
elapsed=5.106667e+03 cycle=157700 time=4.855841e+00 dt=2.919963e-05
elapsed=5.109845e+03 cycle=157800 time=4.858838e+00 dt=3.143362e-05
elapsed=5.113137e+03 cycle=157900 time=4.862055e+00 dt=3.214059e-05
elapsed=5.116314e+03 cycle=158000 time=4.865260e+00 dt=3.231206e-05
elapsed=5.119490e+03 cycle=158100 time=4.868450e+00 dt=3.097121e-05
elapsed=5.122781e+03 cycle=158200 time=4.871409e+00 dt=2.792747e-05
elapsed=5.125959e+03 cycle=158300 time=4.874290e+00 dt=3.100007e-05
elapsed=5.129136e+03 cycle=158400 time=4.877300e+00 dt=2.894981e-05
elapsed=5.132429e+03 cycle=158500 time=4.880352e+00 dt=3.158703e-05
elapsed=5.135606e+03 cycle=158600 time=4.883540e+00 dt=3.209294e-05
elapsed=5.138780e+03 cycle=158700 time=4.886717e+00 dt=3.121779e-05
elapsed=5.141956e+03 cycle=158800 time=4.889760e+00 dt=2.948880e-05
elapsed=5.145251e+03 cycle=158900 time=4.892615e+00 dt=2.763529e-05
elapsed=5.148429e+03 cycle=159000 time=4.895318e+00 dt=2.700556e-05
elapsed=5.151606e+03 cycle=159100 time=4.898135e+00 dt=2.919896e-05
elapsed=5.154902e+03 cycle=159200 time=4.901194e+00 dt=3.108481e-05
elapsed=5.158080e+03 cycle=159300 time=4.904289e+00 dt=3.075068e-05
elapsed=5.161256e+03 cycle=159400 time=4.907335e+00 dt=3.037667e-05
elapsed=5.164547e+03 cycle=159500 time=4.910370e+00 dt=3.009340e-05
elapsed=5.167722e+03 cycle=159600 time=4.913342e+00 dt=2.908171e-05
elapsed=5.170895e+03 cycle=159700 time=4.916191e+00 dt=2.768679e-05
elapsed=5.174068e+03 cycle=159800 time=4.918887e+00 dt=2.659742e-05
elapsed=5.177357e+03 cycle=159900 time=4.921648e+00 dt=2.895647e-05
elapsed=5.180530e+03 cycle=160000 time=4.924482e+00 dt=2.801267e-05
elapsed=5.183702e+03 cycle=160100 time=4.927288e+00 dt=2.814633e-05
elapsed=5.186989e+03 cycle=160200 time=4.930204e+00 dt=3.035227e-05
elapsed=5.190157e+03 cycle=160300 time=4.933188e+00 dt=2.890438e-05
elapsed=5.193325e+03 cycle=160400 time=4.936028e+00 dt=2.721829e-05
elapsed=5.196493e+03 cycle=160500 time=4.938825e+00 dt=3.128132e-05
elapsed=5.199777e+03 cycle=160600 time=4.941996e+00 dt=3.174754e-05
elapsed=5.202945e+03 cycle=160700 time=4.945147e+00 dt=3.086665e-05
elapsed=5.206112e+03 cycle=160800 time=4.948196e+00 dt=3.023049e-05
elapsed=5.209395e+03 cycle=160900 time=4.951242e+00 dt=3.198820e-05
elapsed=5.212560e+03 cycle=161000 time=4.954445e+00 dt=3.175111e-05
elapsed=5.215726e+03 cycle=161100 time=4.957611e+00 dt=3.181761e-05
elapsed=5.219006e+03 cycle=161200 time=4.960760e+00 dt=3.129694e-05
elapsed=5.222171e+03 cycle=161300 time=4.963915e+00 dt=3.206112e-05
elapsed=5.225335e+03 cycle=161400 time=4.967147e+00 dt=3.236550e-05
elapsed=5.228614e+03 cycle=161500 time=4.970364e+00 dt=3.148700e-05
elapsed=5.231777e+03 cycle=161600 time=4.973489e+00 dt=3.125898e-05
elapsed=5.234941e+03 cycle=161700 time=4.976632e+00 dt=3.164461e-05
elapsed=5.238104e+03 cycle=161800 time=4.979841e+00 dt=3.240921e-05
elapsed=5.241383e+03 cycle=161900 time=4.983047e+00 dt=3.117598e-05
elapsed=5.244545e+03 cycle=162000 time=4.986171e+00 dt=3.139817e-05
elapsed=5.247706e+03 cycle=162100 time=4.989208e+00 dt=2.942698e-05
elapsed=5.250987e+03 cycle=162200 time=4.992058e+00 dt=2.770132e-05
elapsed=5.254151e+03 cycle=162300 time=4.994719e+00 dt=2.606720e-05
elapsed=5.257317e+03 cycle=162400 time=4.997644e+00 dt=2.920458e-05
elapsed=5.260633e+03 cycle=162500 time=5.000718e+00 dt=3.181176e-05
elapsed=5.263797e+03 cycle=162600 time=5.003842e+00 dt=3.071403e-05
elapsed=5.266961e+03 cycle=162700 time=5.006910e+00 dt=3.155482e-05
elapsed=5.270242e+03 cycle=162800 time=5.010138e+00 dt=3.235928e-05
elapsed=5.273408e+03 cycle=162900 time=5.013375e+00 dt=3.254685e-05
elapsed=5.276573e+03 cycle=163000 time=5.016676e+00 dt=3.339943e-05
elapsed=5.279853e+03 cycle=163100 time=5.020000e+00 dt=3.298556e-05
elapsed=5.283017e+03 cycle=163200 time=5.023269e+00 dt=3.240629e-05
elapsed=5.286178e+03 cycle=163300 time=5.026510e+00 dt=3.245262e-05
elapsed=5.289338e+03 cycle=163400 time=5.029751e+00 dt=3.225712e-05
elapsed=5.292614e+03 cycle=163500 time=5.032931e+00 dt=3.135838e-05
elapsed=5.295774e+03 cycle=163600 time=5.036053e+00 dt=3.115327e-05
elapsed=5.298932e+03 cycle=163700 time=5.039190e+00 dt=3.164932e-05
elapsed=5.302206e+03 cycle=163800 time=5.042366e+00 dt=3.180515e-05
elapsed=5.305365e+03 cycle=163900 time=5.045565e+00 dt=3.220065e-05
elapsed=5.308524e+03 cycle=164000 time=5.048805e+00 dt=3.206659e-05
elapsed=5.311797e+03 cycle=164100 time=5.051986e+00 dt=3.171879e-05
elapsed=5.314956e+03 cycle=164200 time=5.055146e+00 dt=3.169380e-05
elapsed=5.318113e+03 cycle=164300 time=5.058325e+00 dt=3.186471e-05
elapsed=5.321385e+03 cycle=164400 time=5.061537e+00 dt=3.242056e-05
elapsed=5.324543e+03 cycle=164500 time=5.064731e+00 dt=3.018364e-05
elapsed=5.327701e+03 cycle=164600 time=5.067690e+00 dt=3.208736e-05
elapsed=5.330975e+03 cycle=164700 time=5.070842e+00 dt=3.088013e-05
elapsed=5.334138e+03 cycle=164800 time=5.073902e+00 dt=3.118016e-05
elapsed=5.337301e+03 cycle=164900 time=5.077065e+00 dt=3.241866e-05
elapsed=5.340578e+03 cycle=165000 time=5.080255e+00 dt=3.095777e-05
elapsed=5.343738e+03 cycle=165100 time=5.083277e+00 dt=2.979921e-05
elapsed=5.346899e+03 cycle=165200 time=5.086277e+00 dt=3.122055e-05
elapsed=5.350060e+03 cycle=165300 time=5.089341e+00 dt=2.944113e-05
elapsed=5.353335e+03 cycle=165400 time=5.092259e+00 dt=2.918190e-05
elapsed=5.356493e+03 cycle=165500 time=5.095202e+00 dt=2.938420e-05
elapsed=5.359649e+03 cycle=165600 time=5.098084e+00 dt=2.825503e-05
elapsed=5.362927e+03 cycle=165700 time=5.100886e+00 dt=2.755469e-05
elapsed=5.366087e+03 cycle=165800 time=5.103671e+00 dt=2.829438e-05
elapsed=5.369247e+03 cycle=165900 time=5.106661e+00 dt=3.091397e-05
elapsed=5.372405e+03 cycle=166000 time=5.109844e+00 dt=3.194727e-05
elapsed=5.375680e+03 cycle=166100 time=5.113021e+00 dt=3.155125e-05
elapsed=5.378840e+03 cycle=166200 time=5.116176e+00 dt=3.161731e-05
elapsed=5.381997e+03 cycle=166300 time=5.119267e+00 dt=3.050451e-05
elapsed=5.385268e+03 cycle=166400 time=5.122306e+00 dt=2.997686e-05
elapsed=5.388425e+03 cycle=166500 time=5.125351e+00 dt=3.147406e-05
elapsed=5.391582e+03 cycle=166600 time=5.128619e+00 dt=3.297415e-05
elapsed=5.394856e+03 cycle=166700 time=5.131884e+00 dt=3.194784e-05
elapsed=5.398014e+03 cycle=166800 time=5.134990e+00 dt=3.055365e-05
elapsed=5.401173e+03 cycle=166900 time=5.138084e+00 dt=3.067075e-05
elapsed=5.404446e+03 cycle=167000 time=5.141140e+00 dt=3.036779e-05
elapsed=5.407603e+03 cycle=167100 time=5.144114e+00 dt=2.912497e-05
elapsed=5.410759e+03 cycle=167200 time=5.146945e+00 dt=2.737832e-05
elapsed=5.413916e+03 cycle=167300 time=5.149670e+00 dt=2.890475e-05
elapsed=5.417190e+03 cycle=167400 time=5.152743e+00 dt=3.142898e-05
elapsed=5.420351e+03 cycle=167500 time=5.155860e+00 dt=3.100994e-05
elapsed=5.423511e+03 cycle=167600 time=5.158952e+00 dt=3.075765e-05
elapsed=5.426789e+03 cycle=167700 time=5.161957e+00 dt=2.882551e-05
elapsed=5.429953e+03 cycle=167800 time=5.164879e+00 dt=3.010640e-05
elapsed=5.433116e+03 cycle=167900 time=5.167897e+00 dt=3.015204e-05
elapsed=5.436395e+03 cycle=168000 time=5.170914e+00 dt=3.033559e-05
elapsed=5.439559e+03 cycle=168100 time=5.173993e+00 dt=3.080914e-05
elapsed=5.442724e+03 cycle=168200 time=5.177005e+00 dt=3.075741e-05
elapsed=5.446004e+03 cycle=168300 time=5.180064e+00 dt=2.968624e-05
elapsed=5.449172e+03 cycle=168400 time=5.182912e+00 dt=2.713040e-05
elapsed=5.452339e+03 cycle=168500 time=5.185526e+00 dt=2.682644e-05
elapsed=5.455508e+03 cycle=168600 time=5.188640e+00 dt=3.254992e-05
elapsed=5.458792e+03 cycle=168700 time=5.191870e+00 dt=3.136762e-05
elapsed=5.461960e+03 cycle=168800 time=5.195041e+00 dt=3.124552e-05
elapsed=5.465128e+03 cycle=168900 time=5.198127e+00 dt=3.085842e-05
elapsed=5.468414e+03 cycle=169000 time=5.201237e+00 dt=3.117261e-05
elapsed=5.471587e+03 cycle=169100 time=5.204203e+00 dt=2.830546e-05
elapsed=5.474758e+03 cycle=169200 time=5.206942e+00 dt=2.630579e-05
elapsed=5.477930e+03 cycle=169300 time=5.209596e+00 dt=2.729029e-05
elapsed=5.481217e+03 cycle=169400 time=5.212671e+00 dt=3.371019e-05
elapsed=5.484391e+03 cycle=169500 time=5.215953e+00 dt=3.386323e-05
elapsed=5.487566e+03 cycle=169600 time=5.219381e+00 dt=3.472693e-05
elapsed=5.490857e+03 cycle=169700 time=5.222779e+00 dt=3.283430e-05
elapsed=5.494034e+03 cycle=169800 time=5.226041e+00 dt=3.380204e-05
elapsed=5.497213e+03 cycle=169900 time=5.229330e+00 dt=3.227021e-05
elapsed=5.500507e+03 cycle=170000 time=5.232525e+00 dt=3.189961e-05
elapsed=5.503681e+03 cycle=170100 time=5.235803e+00 dt=3.243280e-05
elapsed=5.506855e+03 cycle=170200 time=5.239075e+00 dt=3.302674e-05
elapsed=5.510144e+03 cycle=170300 time=5.242342e+00 dt=3.198808e-05
elapsed=5.513318e+03 cycle=170400 time=5.245461e+00 dt=3.055508e-05
elapsed=5.516493e+03 cycle=170500 time=5.248532e+00 dt=3.156337e-05
elapsed=5.519783e+03 cycle=170600 time=5.251782e+00 dt=3.315944e-05
elapsed=5.522959e+03 cycle=170700 time=5.255141e+00 dt=3.340190e-05
elapsed=5.526134e+03 cycle=170800 time=5.258451e+00 dt=3.283214e-05
elapsed=5.529424e+03 cycle=170900 time=5.261704e+00 dt=3.234447e-05
elapsed=5.532599e+03 cycle=171000 time=5.264921e+00 dt=3.207727e-05
elapsed=5.535772e+03 cycle=171100 time=5.268140e+00 dt=3.234566e-05
elapsed=5.539060e+03 cycle=171200 time=5.271376e+00 dt=3.194059e-05
elapsed=5.542230e+03 cycle=171300 time=5.274364e+00 dt=2.762621e-05
elapsed=5.545398e+03 cycle=171400 time=5.277293e+00 dt=3.173103e-05
elapsed=5.548683e+03 cycle=171500 time=5.280470e+00 dt=3.179841e-05
elapsed=5.551851e+03 cycle=171600 time=5.283644e+00 dt=3.175163e-05
elapsed=5.555018e+03 cycle=171700 time=5.286811e+00 dt=3.151910e-05
elapsed=5.558187e+03 cycle=171800 time=5.289972e+00 dt=3.192921e-05
elapsed=5.561470e+03 cycle=171900 time=5.293199e+00 dt=3.257866e-05
elapsed=5.564633e+03 cycle=172000 time=5.296469e+00 dt=3.214798e-05
elapsed=5.567795e+03 cycle=172100 time=5.299577e+00 dt=3.056001e-05
elapsed=5.571073e+03 cycle=172200 time=5.302595e+00 dt=2.979168e-05
elapsed=5.574235e+03 cycle=172300 time=5.305637e+00 dt=3.227192e-05
elapsed=5.577396e+03 cycle=172400 time=5.308830e+00 dt=3.131666e-05
elapsed=5.580673e+03 cycle=172500 time=5.311915e+00 dt=3.073169e-05
elapsed=5.583834e+03 cycle=172600 time=5.314934e+00 dt=2.905919e-05
elapsed=5.586995e+03 cycle=172700 time=5.317848e+00 dt=2.938506e-05
elapsed=5.590276e+03 cycle=172800 time=5.320752e+00 dt=2.833938e-05
elapsed=5.593441e+03 cycle=172900 time=5.323464e+00 dt=2.607172e-05
elapsed=5.596603e+03 cycle=173000 time=5.326368e+00 dt=3.000099e-05
elapsed=5.599764e+03 cycle=173100 time=5.329354e+00 dt=2.965911e-05
elapsed=5.603044e+03 cycle=173200 time=5.332309e+00 dt=2.946873e-05
elapsed=5.606204e+03 cycle=173300 time=5.335221e+00 dt=2.894109e-05
elapsed=5.609366e+03 cycle=173400 time=5.338078e+00 dt=2.835021e-05
elapsed=5.612644e+03 cycle=173500 time=5.340925e+00 dt=2.866979e-05
elapsed=5.615803e+03 cycle=173600 time=5.343873e+00 dt=3.001040e-05
elapsed=5.618961e+03 cycle=173700 time=5.346887e+00 dt=3.030368e-05
elapsed=5.622117e+03 cycle=173800 time=5.349885e+00 dt=2.960650e-05
elapsed=5.625392e+03 cycle=173900 time=5.352850e+00 dt=2.988894e-05
elapsed=5.628551e+03 cycle=174000 time=5.355853e+00 dt=2.941377e-05
elapsed=5.631711e+03 cycle=174100 time=5.358702e+00 dt=2.776575e-05
elapsed=5.634990e+03 cycle=174200 time=5.361467e+00 dt=2.862778e-05
elapsed=5.638150e+03 cycle=174300 time=5.364466e+00 dt=2.892428e-05
elapsed=5.641310e+03 cycle=174400 time=5.367346e+00 dt=3.100687e-05
elapsed=5.644587e+03 cycle=174500 time=5.370416e+00 dt=3.063002e-05
elapsed=5.647747e+03 cycle=174600 time=5.373580e+00 dt=3.313219e-05
elapsed=5.650908e+03 cycle=174700 time=5.376766e+00 dt=3.294074e-05
elapsed=5.654184e+03 cycle=174800 time=5.380031e+00 dt=3.240952e-05
elapsed=5.657347e+03 cycle=174900 time=5.383204e+00 dt=3.042194e-05
elapsed=5.660510e+03 cycle=175000 time=5.386236e+00 dt=3.044426e-05
elapsed=5.663672e+03 cycle=175100 time=5.389289e+00 dt=3.023371e-05
elapsed=5.666949e+03 cycle=175200 time=5.392285e+00 dt=2.975801e-05
elapsed=5.670109e+03 cycle=175300 time=5.395239e+00 dt=2.952327e-05
elapsed=5.673272e+03 cycle=175400 time=5.398172e+00 dt=2.907872e-05
elapsed=5.676552e+03 cycle=175500 time=5.401045e+00 dt=2.843627e-05
elapsed=5.679719e+03 cycle=175600 time=5.403842e+00 dt=2.730485e-05
elapsed=5.682887e+03 cycle=175700 time=5.406542e+00 dt=2.786573e-05
elapsed=5.686053e+03 cycle=175800 time=5.409586e+00 dt=3.157361e-05
elapsed=5.689339e+03 cycle=175900 time=5.412676e+00 dt=3.059400e-05
elapsed=5.692512e+03 cycle=176000 time=5.415818e+00 dt=3.255464e-05
elapsed=5.695686e+03 cycle=176100 time=5.418999e+00 dt=3.085060e-05
elapsed=5.698974e+03 cycle=176200 time=5.422180e+00 dt=3.236302e-05
elapsed=5.702147e+03 cycle=176300 time=5.425322e+00 dt=3.059174e-05
elapsed=5.705319e+03 cycle=176400 time=5.428329e+00 dt=2.966365e-05
elapsed=5.708613e+03 cycle=176500 time=5.431274e+00 dt=2.928305e-05
elapsed=5.711787e+03 cycle=176600 time=5.434238e+00 dt=3.051118e-05
elapsed=5.714963e+03 cycle=176700 time=5.437327e+00 dt=3.057143e-05
elapsed=5.718256e+03 cycle=176800 time=5.440296e+00 dt=2.869562e-05
elapsed=5.721434e+03 cycle=176900 time=5.443097e+00 dt=2.790413e-05
elapsed=5.724608e+03 cycle=177000 time=5.445955e+00 dt=2.846048e-05
elapsed=5.727780e+03 cycle=177100 time=5.448757e+00 dt=2.744579e-05
elapsed=5.731074e+03 cycle=177200 time=5.451474e+00 dt=2.739314e-05
elapsed=5.734253e+03 cycle=177300 time=5.454434e+00 dt=3.010191e-05
elapsed=5.737433e+03 cycle=177400 time=5.457441e+00 dt=3.021874e-05
elapsed=5.740731e+03 cycle=177500 time=5.460518e+00 dt=3.108963e-05
elapsed=5.743915e+03 cycle=177600 time=5.463634e+00 dt=3.120777e-05
elapsed=5.747098e+03 cycle=177700 time=5.466726e+00 dt=3.046704e-05
elapsed=5.750279e+03 cycle=177800 time=5.469695e+00 dt=2.887361e-05
elapsed=5.753577e+03 cycle=177900 time=5.472525e+00 dt=2.774088e-05
elapsed=5.756755e+03 cycle=178000 time=5.475254e+00 dt=2.758618e-05
elapsed=5.759932e+03 cycle=178100 time=5.477970e+00 dt=2.665980e-05
elapsed=5.763227e+03 cycle=178200 time=5.480587e+00 dt=2.560294e-05
elapsed=5.766405e+03 cycle=178300 time=5.483098e+00 dt=2.460209e-05
elapsed=5.769582e+03 cycle=178400 time=5.485513e+00 dt=2.377816e-05
elapsed=5.772758e+03 cycle=178500 time=5.487875e+00 dt=2.354104e-05
elapsed=5.776050e+03 cycle=178600 time=5.490234e+00 dt=2.368100e-05
elapsed=5.779225e+03 cycle=178700 time=5.492621e+00 dt=2.411397e-05
elapsed=5.782400e+03 cycle=178800 time=5.495065e+00 dt=2.487961e-05
elapsed=5.785571e+03 cycle=178900 time=5.497636e+00 dt=2.703251e-05
elapsed=5.788858e+03 cycle=179000 time=5.500462e+00 dt=2.949034e-05
elapsed=5.792029e+03 cycle=179100 time=5.503436e+00 dt=2.960190e-05
elapsed=5.795202e+03 cycle=179200 time=5.506362e+00 dt=2.885449e-05
elapsed=5.798376e+03 cycle=179300 time=5.509174e+00 dt=2.717888e-05
elapsed=5.801663e+03 cycle=179400 time=5.511988e+00 dt=2.985468e-05
elapsed=5.804834e+03 cycle=179500 time=5.515043e+00 dt=3.081278e-05
elapsed=5.808006e+03 cycle=179600 time=5.518013e+00 dt=2.887254e-05
elapsed=5.811299e+03 cycle=179700 time=5.520837e+00 dt=2.783902e-05
elapsed=5.814476e+03 cycle=179800 time=5.523592e+00 dt=2.674269e-05
elapsed=5.817652e+03 cycle=179900 time=5.526196e+00 dt=2.524114e-05
elapsed=5.820828e+03 cycle=180000 time=5.528663e+00 dt=2.473316e-05
elapsed=5.824118e+03 cycle=180100 time=5.531486e+00 dt=3.080173e-05
elapsed=5.827294e+03 cycle=180200 time=5.534424e+00 dt=2.837708e-05
elapsed=5.830472e+03 cycle=180300 time=5.537208e+00 dt=2.745327e-05
elapsed=5.833653e+03 cycle=180400 time=5.539918e+00 dt=2.656430e-05
elapsed=5.836954e+03 cycle=180500 time=5.542579e+00 dt=2.674719e-05
elapsed=5.840139e+03 cycle=180600 time=5.545216e+00 dt=2.612677e-05
elapsed=5.843322e+03 cycle=180700 time=5.548062e+00 dt=3.026499e-05
elapsed=5.846620e+03 cycle=180800 time=5.551048e+00 dt=2.891730e-05
elapsed=5.849801e+03 cycle=180900 time=5.553957e+00 dt=2.985990e-05
elapsed=5.852988e+03 cycle=181000 time=5.556861e+00 dt=2.904357e-05
elapsed=5.856178e+03 cycle=181100 time=5.559815e+00 dt=3.051362e-05
elapsed=5.859485e+03 cycle=181200 time=5.562858e+00 dt=3.076594e-05
elapsed=5.862673e+03 cycle=181300 time=5.565904e+00 dt=3.024018e-05
elapsed=5.865862e+03 cycle=181400 time=5.568953e+00 dt=3.080082e-05
elapsed=5.869168e+03 cycle=181500 time=5.571989e+00 dt=2.960875e-05
elapsed=5.872361e+03 cycle=181600 time=5.574863e+00 dt=2.780929e-05
elapsed=5.875554e+03 cycle=181700 time=5.577623e+00 dt=2.816578e-05
elapsed=5.878863e+03 cycle=181800 time=5.580511e+00 dt=2.989353e-05
elapsed=5.882055e+03 cycle=181900 time=5.583490e+00 dt=2.978418e-05
elapsed=5.885246e+03 cycle=182000 time=5.586499e+00 dt=2.989958e-05
elapsed=5.888438e+03 cycle=182100 time=5.589457e+00 dt=2.955328e-05
elapsed=5.891743e+03 cycle=182200 time=5.592391e+00 dt=2.995763e-05
elapsed=5.894932e+03 cycle=182300 time=5.595407e+00 dt=3.143077e-05
elapsed=5.898118e+03 cycle=182400 time=5.598558e+00 dt=3.127223e-05
elapsed=5.901419e+03 cycle=182500 time=5.601615e+00 dt=2.975103e-05
elapsed=5.904599e+03 cycle=182600 time=5.604496e+00 dt=2.781867e-05
elapsed=5.907782e+03 cycle=182700 time=5.607170e+00 dt=2.582218e-05
elapsed=5.910966e+03 cycle=182800 time=5.609802e+00 dt=2.781335e-05
elapsed=5.914264e+03 cycle=182900 time=5.612749e+00 dt=2.979293e-05
elapsed=5.917448e+03 cycle=183000 time=5.615718e+00 dt=2.969196e-05
elapsed=5.920633e+03 cycle=183100 time=5.618697e+00 dt=2.992519e-05
elapsed=5.923933e+03 cycle=183200 time=5.621697e+00 dt=2.972350e-05
elapsed=5.927120e+03 cycle=183300 time=5.624582e+00 dt=2.824490e-05
elapsed=5.930307e+03 cycle=183400 time=5.627326e+00 dt=2.702645e-05
elapsed=5.933613e+03 cycle=183500 time=5.630127e+00 dt=2.911840e-05
elapsed=5.936801e+03 cycle=183600 time=5.633056e+00 dt=2.953893e-05
elapsed=5.939988e+03 cycle=183700 time=5.635999e+00 dt=2.929926e-05
elapsed=5.943177e+03 cycle=183800 time=5.638918e+00 dt=2.904959e-05
elapsed=5.946480e+03 cycle=183900 time=5.641802e+00 dt=2.861190e-05
elapsed=5.949669e+03 cycle=184000 time=5.644658e+00 dt=2.814233e-05
elapsed=5.952861e+03 cycle=184100 time=5.647418e+00 dt=2.733154e-05
elapsed=5.956165e+03 cycle=184200 time=5.650149e+00 dt=2.707189e-05
elapsed=5.959355e+03 cycle=184300 time=5.652881e+00 dt=2.747527e-05
elapsed=5.962545e+03 cycle=184400 time=5.655637e+00 dt=2.788636e-05
elapsed=5.965735e+03 cycle=184500 time=5.658507e+00 dt=2.946508e-05
elapsed=5.969040e+03 cycle=184600 time=5.661426e+00 dt=2.858632e-05
elapsed=5.972231e+03 cycle=184700 time=5.664251e+00 dt=2.760956e-05
elapsed=5.975421e+03 cycle=184800 time=5.666997e+00 dt=2.743555e-05
elapsed=5.978611e+03 cycle=184900 time=5.669856e+00 dt=3.022238e-05
elapsed=5.981915e+03 cycle=185000 time=5.672864e+00 dt=2.952831e-05
elapsed=5.985103e+03 cycle=185100 time=5.675753e+00 dt=2.830575e-05
elapsed=5.988293e+03 cycle=185200 time=5.678453e+00 dt=2.528731e-05
elapsed=5.991599e+03 cycle=185300 time=5.680959e+00 dt=2.708009e-05
elapsed=5.994789e+03 cycle=185400 time=5.683713e+00 dt=2.845651e-05
elapsed=5.997979e+03 cycle=185500 time=5.686536e+00 dt=2.799196e-05
elapsed=6.001167e+03 cycle=185600 time=5.689313e+00 dt=2.733813e-05
elapsed=6.004469e+03 cycle=185700 time=5.692000e+00 dt=2.637463e-05
elapsed=6.007658e+03 cycle=185800 time=5.694545e+00 dt=2.430395e-05
elapsed=6.010847e+03 cycle=185900 time=5.696909e+00 dt=2.350941e-05
elapsed=6.014038e+03 cycle=186000 time=5.699440e+00 dt=2.727491e-05
elapsed=6.017341e+03 cycle=186100 time=5.702194e+00 dt=2.780536e-05
elapsed=6.020533e+03 cycle=186200 time=5.705012e+00 dt=2.874943e-05
elapsed=6.023725e+03 cycle=186300 time=5.707927e+00 dt=2.921063e-05
elapsed=6.027035e+03 cycle=186400 time=5.710829e+00 dt=2.889723e-05
elapsed=6.030232e+03 cycle=186500 time=5.713747e+00 dt=2.982138e-05
elapsed=6.033430e+03 cycle=186600 time=5.716757e+00 dt=3.036349e-05
elapsed=6.036626e+03 cycle=186700 time=5.719770e+00 dt=2.979225e-05
elapsed=6.039938e+03 cycle=186800 time=5.722665e+00 dt=2.796383e-05
elapsed=6.043135e+03 cycle=186900 time=5.725371e+00 dt=2.691867e-05
elapsed=6.046332e+03 cycle=187000 time=5.728188e+00 dt=2.884321e-05
elapsed=6.049644e+03 cycle=187100 time=5.731187e+00 dt=3.018662e-05
elapsed=6.052839e+03 cycle=187200 time=5.734213e+00 dt=3.040535e-05
elapsed=6.056034e+03 cycle=187300 time=5.737247e+00 dt=3.011845e-05
elapsed=6.059344e+03 cycle=187400 time=5.740240e+00 dt=2.965465e-05
elapsed=6.062538e+03 cycle=187500 time=5.743171e+00 dt=2.879418e-05
elapsed=6.065730e+03 cycle=187600 time=5.746002e+00 dt=2.799953e-05
elapsed=6.068922e+03 cycle=187700 time=5.748804e+00 dt=2.833118e-05
elapsed=6.072229e+03 cycle=187800 time=5.751647e+00 dt=2.812823e-05
elapsed=6.075419e+03 cycle=187900 time=5.754436e+00 dt=2.780964e-05
elapsed=6.078608e+03 cycle=188000 time=5.757252e+00 dt=2.808529e-05
elapsed=6.081910e+03 cycle=188100 time=5.760017e+00 dt=2.769139e-05
elapsed=6.085097e+03 cycle=188200 time=5.762787e+00 dt=2.773741e-05
elapsed=6.088284e+03 cycle=188300 time=5.765601e+00 dt=2.786073e-05
elapsed=6.091470e+03 cycle=188400 time=5.768326e+00 dt=2.638921e-05
elapsed=6.094770e+03 cycle=188500 time=5.770922e+00 dt=2.553702e-05
elapsed=6.097956e+03 cycle=188600 time=5.773487e+00 dt=2.684460e-05
elapsed=6.101142e+03 cycle=188700 time=5.776386e+00 dt=2.878618e-05
elapsed=6.104327e+03 cycle=188800 time=5.779099e+00 dt=2.564436e-05
elapsed=6.107626e+03 cycle=188900 time=5.781597e+00 dt=2.479718e-05
elapsed=6.110810e+03 cycle=189000 time=5.784345e+00 dt=2.909958e-05
elapsed=6.113994e+03 cycle=189100 time=5.787242e+00 dt=2.857758e-05
elapsed=6.117291e+03 cycle=189200 time=5.790013e+00 dt=2.753769e-05
elapsed=6.120471e+03 cycle=189300 time=5.792745e+00 dt=2.695454e-05
elapsed=6.123649e+03 cycle=189400 time=5.795485e+00 dt=2.809374e-05
elapsed=6.126823e+03 cycle=189500 time=5.798268e+00 dt=2.756563e-05
elapsed=6.130109e+03 cycle=189600 time=5.801045e+00 dt=2.773954e-05
elapsed=6.133279e+03 cycle=189700 time=5.803811e+00 dt=2.774210e-05
elapsed=6.136447e+03 cycle=189800 time=5.806622e+00 dt=2.859739e-05
elapsed=6.139613e+03 cycle=189900 time=5.809488e+00 dt=2.846352e-05
elapsed=6.142890e+03 cycle=190000 time=5.812340e+00 dt=2.819007e-05
elapsed=6.146051e+03 cycle=190100 time=5.815118e+00 dt=2.766054e-05
elapsed=6.149210e+03 cycle=190200 time=5.817812e+00 dt=2.741815e-05
elapsed=6.152481e+03 cycle=190300 time=5.820608e+00 dt=2.790403e-05
elapsed=6.155636e+03 cycle=190400 time=5.823277e+00 dt=2.610482e-05
elapsed=6.158791e+03 cycle=190500 time=5.825782e+00 dt=2.417710e-05
elapsed=6.161945e+03 cycle=190600 time=5.828195e+00 dt=2.586427e-05
elapsed=6.165214e+03 cycle=190700 time=5.830893e+00 dt=2.772146e-05
elapsed=6.168367e+03 cycle=190800 time=5.833548e+00 dt=2.599393e-05
elapsed=6.171520e+03 cycle=190900 time=5.836312e+00 dt=2.813191e-05
elapsed=6.174674e+03 cycle=191000 time=5.839148e+00 dt=2.952384e-05
elapsed=6.177940e+03 cycle=191100 time=5.842165e+00 dt=3.023923e-05
elapsed=6.181094e+03 cycle=191200 time=5.845207e+00 dt=3.008231e-05
elapsed=6.184250e+03 cycle=191300 time=5.848116e+00 dt=2.839177e-05
elapsed=6.187526e+03 cycle=191400 time=5.850894e+00 dt=2.763348e-05
elapsed=6.190688e+03 cycle=191500 time=5.853592e+00 dt=2.685643e-05
elapsed=6.193851e+03 cycle=191600 time=5.856430e+00 dt=2.950728e-05
elapsed=6.197011e+03 cycle=191700 time=5.859343e+00 dt=2.879727e-05
elapsed=6.200287e+03 cycle=191800 time=5.862285e+00 dt=3.014661e-05
elapsed=6.203450e+03 cycle=191900 time=5.865289e+00 dt=2.990736e-05
elapsed=6.206613e+03 cycle=192000 time=5.868285e+00 dt=3.000783e-05
elapsed=6.209890e+03 cycle=192100 time=5.871288e+00 dt=3.006691e-05
elapsed=6.213050e+03 cycle=192200 time=5.874297e+00 dt=3.020532e-05
elapsed=6.216210e+03 cycle=192300 time=5.877317e+00 dt=2.988688e-05
elapsed=6.219486e+03 cycle=192400 time=5.880292e+00 dt=3.015272e-05
elapsed=6.222646e+03 cycle=192500 time=5.883327e+00 dt=3.025271e-05
elapsed=6.225805e+03 cycle=192600 time=5.886356e+00 dt=3.019638e-05
elapsed=6.228966e+03 cycle=192700 time=5.889386e+00 dt=3.035738e-05
elapsed=6.232242e+03 cycle=192800 time=5.892406e+00 dt=3.005444e-05
elapsed=6.235405e+03 cycle=192900 time=5.895379e+00 dt=2.941818e-05
elapsed=6.238571e+03 cycle=193000 time=5.898294e+00 dt=2.888233e-05
elapsed=6.241852e+03 cycle=193100 time=5.901071e+00 dt=2.661614e-05
elapsed=6.245016e+03 cycle=193200 time=5.903782e+00 dt=2.714689e-05
elapsed=6.248181e+03 cycle=193300 time=5.906446e+00 dt=2.611372e-05
elapsed=6.251345e+03 cycle=193400 time=5.909016e+00 dt=2.541588e-05
elapsed=6.254624e+03 cycle=193500 time=5.911553e+00 dt=2.532975e-05
elapsed=6.257792e+03 cycle=193600 time=5.914073e+00 dt=2.498634e-05
elapsed=6.260960e+03 cycle=193700 time=5.916580e+00 dt=2.510258e-05
elapsed=6.264129e+03 cycle=193800 time=5.919118e+00 dt=2.592488e-05
elapsed=6.267412e+03 cycle=193900 time=5.921754e+00 dt=2.676982e-05
elapsed=6.270582e+03 cycle=194000 time=5.924454e+00 dt=2.664101e-05
elapsed=6.273749e+03 cycle=194100 time=5.927138e+00 dt=2.723377e-05
elapsed=6.276916e+03 cycle=194200 time=5.929948e+00 dt=2.937505e-05
elapsed=6.280199e+03 cycle=194300 time=5.932987e+00 dt=3.078008e-05
elapsed=6.283367e+03 cycle=194400 time=5.935989e+00 dt=2.955050e-05
elapsed=6.286532e+03 cycle=194500 time=5.938978e+00 dt=3.033338e-05
elapsed=6.289810e+03 cycle=194600 time=5.942076e+00 dt=3.110077e-05
elapsed=6.292972e+03 cycle=194700 time=5.945164e+00 dt=3.066154e-05
elapsed=6.296135e+03 cycle=194800 time=5.948268e+00 dt=3.095632e-05
elapsed=6.299414e+03 cycle=194900 time=5.951332e+00 dt=2.985021e-05
elapsed=6.302579e+03 cycle=195000 time=5.954220e+00 dt=2.785917e-05
elapsed=6.305743e+03 cycle=195100 time=5.956968e+00 dt=2.757904e-05
elapsed=6.308907e+03 cycle=195200 time=5.959953e+00 dt=3.196220e-05
elapsed=6.312189e+03 cycle=195300 time=5.963095e+00 dt=3.071428e-05
elapsed=6.315356e+03 cycle=195400 time=5.966124e+00 dt=3.001086e-05
elapsed=6.318521e+03 cycle=195500 time=5.969119e+00 dt=2.885697e-05
elapsed=6.321801e+03 cycle=195600 time=5.971919e+00 dt=2.863308e-05
elapsed=6.324965e+03 cycle=195700 time=5.974804e+00 dt=2.953047e-05
elapsed=6.328132e+03 cycle=195800 time=5.977911e+00 dt=3.159372e-05
elapsed=6.331413e+03 cycle=195900 time=5.981032e+00 dt=3.005102e-05
elapsed=6.334578e+03 cycle=196000 time=5.984016e+00 dt=2.953366e-05
elapsed=6.337744e+03 cycle=196100 time=5.986931e+00 dt=2.840422e-05
elapsed=6.340909e+03 cycle=196200 time=5.989654e+00 dt=2.609013e-05
elapsed=6.344189e+03 cycle=196300 time=5.992196e+00 dt=2.488154e-05
elapsed=6.347356e+03 cycle=196400 time=5.994668e+00 dt=2.495329e-05
elapsed=6.350525e+03 cycle=196500 time=5.997271e+00 dt=2.722215e-05
elapsed=6.353692e+03 cycle=196600 time=5.999994e+00 dt=2.649968e-05
elapsed=6.357012e+03 cycle=196700 time=6.002551e+00 dt=2.459850e-05
elapsed=6.360184e+03 cycle=196800 time=6.004936e+00 dt=2.376588e-05
elapsed=6.363358e+03 cycle=196900 time=6.007336e+00 dt=2.470624e-05
elapsed=6.366534e+03 cycle=197000 time=6.009999e+00 dt=2.961322e-05
elapsed=6.369824e+03 cycle=197100 time=6.012925e+00 dt=2.884100e-05
elapsed=6.373000e+03 cycle=197200 time=6.015774e+00 dt=2.813817e-05
elapsed=6.376175e+03 cycle=197300 time=6.018576e+00 dt=2.827390e-05
elapsed=6.379461e+03 cycle=197400 time=6.021410e+00 dt=2.804231e-05
elapsed=6.382636e+03 cycle=197500 time=6.024290e+00 dt=3.006823e-05
elapsed=6.385808e+03 cycle=197600 time=6.027364e+00 dt=3.100014e-05
elapsed=6.389095e+03 cycle=197700 time=6.030410e+00 dt=2.978636e-05
elapsed=6.392270e+03 cycle=197800 time=6.033325e+00 dt=2.855933e-05
elapsed=6.395441e+03 cycle=197900 time=6.036131e+00 dt=2.759091e-05
elapsed=6.398610e+03 cycle=198000 time=6.038910e+00 dt=2.860773e-05
elapsed=6.401894e+03 cycle=198100 time=6.041890e+00 dt=2.917726e-05
elapsed=6.405067e+03 cycle=198200 time=6.044711e+00 dt=2.748546e-05
elapsed=6.408238e+03 cycle=198300 time=6.047409e+00 dt=2.661401e-05
elapsed=6.411525e+03 cycle=198400 time=6.050216e+00 dt=2.887263e-05
elapsed=6.414701e+03 cycle=198500 time=6.053028e+00 dt=2.751737e-05
elapsed=6.417878e+03 cycle=198600 time=6.055766e+00 dt=2.738559e-05
elapsed=6.421055e+03 cycle=198700 time=6.058519e+00 dt=2.786130e-05
elapsed=6.424345e+03 cycle=198800 time=6.061274e+00 dt=2.715845e-05
elapsed=6.427523e+03 cycle=198900 time=6.063989e+00 dt=2.732792e-05
elapsed=6.430700e+03 cycle=199000 time=6.066822e+00 dt=2.985262e-05
elapsed=6.433877e+03 cycle=199100 time=6.069908e+00 dt=3.118412e-05
elapsed=6.437168e+03 cycle=199200 time=6.073119e+00 dt=3.167186e-05
elapsed=6.440345e+03 cycle=199300 time=6.076265e+00 dt=3.122778e-05
elapsed=6.443522e+03 cycle=199400 time=6.079345e+00 dt=3.071217e-05
elapsed=6.446813e+03 cycle=199500 time=6.082401e+00 dt=3.024697e-05
elapsed=6.449987e+03 cycle=199600 time=6.085379e+00 dt=2.937212e-05
elapsed=6.453159e+03 cycle=199700 time=6.088306e+00 dt=2.922374e-05
elapsed=6.456446e+03 cycle=199800 time=6.091249e+00 dt=2.963145e-05
elapsed=6.459618e+03 cycle=199900 time=6.094209e+00 dt=2.902714e-05
elapsed=6.462789e+03 cycle=200000 time=6.097069e+00 dt=2.823789e-05
elapsed=6.465962e+03 cycle=200100 time=6.099878e+00 dt=2.862315e-05
elapsed=6.469248e+03 cycle=200200 time=6.102880e+00 dt=3.114198e-05
elapsed=6.472419e+03 cycle=200300 time=6.105943e+00 dt=3.015512e-05
elapsed=6.475590e+03 cycle=200400 time=6.108919e+00 dt=2.950444e-05
elapsed=6.478877e+03 cycle=200500 time=6.111880e+00 dt=2.975582e-05
elapsed=6.482052e+03 cycle=200600 time=6.114880e+00 dt=2.993006e-05
elapsed=6.485226e+03 cycle=200700 time=6.117839e+00 dt=2.963537e-05
elapsed=6.488519e+03 cycle=200800 time=6.120792e+00 dt=2.936239e-05
elapsed=6.491697e+03 cycle=200900 time=6.123712e+00 dt=2.878048e-05
elapsed=6.494874e+03 cycle=201000 time=6.126536e+00 dt=2.768184e-05
elapsed=6.498052e+03 cycle=201100 time=6.129231e+00 dt=2.636818e-05
elapsed=6.501345e+03 cycle=201200 time=6.131820e+00 dt=2.547230e-05
elapsed=6.504524e+03 cycle=201300 time=6.134334e+00 dt=2.484304e-05
elapsed=6.507703e+03 cycle=201400 time=6.137041e+00 dt=2.942943e-05
elapsed=6.510883e+03 cycle=201500 time=6.139926e+00 dt=2.825967e-05
elapsed=6.514178e+03 cycle=201600 time=6.142701e+00 dt=2.720884e-05
elapsed=6.517359e+03 cycle=201700 time=6.145374e+00 dt=2.636642e-05
elapsed=6.520541e+03 cycle=201800 time=6.148102e+00 dt=2.736318e-05
elapsed=6.523838e+03 cycle=201900 time=6.150811e+00 dt=2.740795e-05
elapsed=6.527022e+03 cycle=202000 time=6.153602e+00 dt=2.825561e-05
elapsed=6.530206e+03 cycle=202100 time=6.156429e+00 dt=2.837458e-05
elapsed=6.533390e+03 cycle=202200 time=6.159296e+00 dt=2.895848e-05
elapsed=6.536690e+03 cycle=202300 time=6.162228e+00 dt=2.933615e-05
elapsed=6.539876e+03 cycle=202400 time=6.165092e+00 dt=2.826021e-05
elapsed=6.543061e+03 cycle=202500 time=6.167926e+00 dt=2.898582e-05
elapsed=6.546358e+03 cycle=202600 time=6.170836e+00 dt=2.930156e-05
elapsed=6.549541e+03 cycle=202700 time=6.173725e+00 dt=2.857257e-05
elapsed=6.552723e+03 cycle=202800 time=6.176559e+00 dt=2.785868e-05
elapsed=6.555906e+03 cycle=202900 time=6.179302e+00 dt=2.689399e-05
elapsed=6.559204e+03 cycle=203000 time=6.181929e+00 dt=2.545544e-05
elapsed=6.562388e+03 cycle=203100 time=6.184423e+00 dt=2.480446e-05
elapsed=6.565571e+03 cycle=203200 time=6.186936e+00 dt=2.636255e-05
elapsed=6.568754e+03 cycle=203300 time=6.189702e+00 dt=2.734318e-05
elapsed=6.572051e+03 cycle=203400 time=6.192457e+00 dt=2.840777e-05
elapsed=6.575233e+03 cycle=203500 time=6.195347e+00 dt=2.935117e-05
elapsed=6.578412e+03 cycle=203600 time=6.198204e+00 dt=2.786800e-05
elapsed=6.581704e+03 cycle=203700 time=6.201020e+00 dt=2.910237e-05
elapsed=6.584885e+03 cycle=203800 time=6.203805e+00 dt=2.713426e-05
elapsed=6.588065e+03 cycle=203900 time=6.206793e+00 dt=3.025556e-05
elapsed=6.591244e+03 cycle=204000 time=6.209822e+00 dt=3.004026e-05
elapsed=6.594538e+03 cycle=204100 time=6.212694e+00 dt=2.901317e-05
elapsed=6.597718e+03 cycle=204200 time=6.215670e+00 dt=3.021894e-05
elapsed=6.600897e+03 cycle=204300 time=6.218693e+00 dt=2.990492e-05
elapsed=6.604189e+03 cycle=204400 time=6.221625e+00 dt=2.865030e-05
elapsed=6.607368e+03 cycle=204500 time=6.224403e+00 dt=2.696525e-05
elapsed=6.610545e+03 cycle=204600 time=6.227028e+00 dt=2.561458e-05
elapsed=6.613724e+03 cycle=204700 time=6.229530e+00 dt=2.444046e-05
elapsed=6.617016e+03 cycle=204800 time=6.232163e+00 dt=2.825027e-05
elapsed=6.620191e+03 cycle=204900 time=6.235006e+00 dt=2.859513e-05
elapsed=6.623367e+03 cycle=205000 time=6.237895e+00 dt=2.901416e-05
elapsed=6.626658e+03 cycle=205100 time=6.240760e+00 dt=2.922787e-05
elapsed=6.629834e+03 cycle=205200 time=6.243701e+00 dt=2.971530e-05
elapsed=6.633009e+03 cycle=205300 time=6.246673e+00 dt=2.977291e-05
elapsed=6.636183e+03 cycle=205400 time=6.249599e+00 dt=2.869028e-05
elapsed=6.639471e+03 cycle=205500 time=6.252415e+00 dt=2.766366e-05
elapsed=6.642645e+03 cycle=205600 time=6.255144e+00 dt=2.706076e-05
elapsed=6.645818e+03 cycle=205700 time=6.257988e+00 dt=3.029818e-05
elapsed=6.649106e+03 cycle=205800 time=6.261005e+00 dt=3.000363e-05
elapsed=6.652282e+03 cycle=205900 time=6.263968e+00 dt=2.928980e-05
elapsed=6.655459e+03 cycle=206000 time=6.266896e+00 dt=2.947186e-05
elapsed=6.658636e+03 cycle=206100 time=6.269870e+00 dt=2.978278e-05
elapsed=6.661930e+03 cycle=206200 time=6.272834e+00 dt=2.938131e-05
elapsed=6.665109e+03 cycle=206300 time=6.275748e+00 dt=2.896061e-05
elapsed=6.668288e+03 cycle=206400 time=6.278656e+00 dt=2.923468e-05
elapsed=6.671581e+03 cycle=206500 time=6.281539e+00 dt=2.865431e-05
elapsed=6.674759e+03 cycle=206600 time=6.284449e+00 dt=2.956786e-05
elapsed=6.677939e+03 cycle=206700 time=6.287410e+00 dt=2.955228e-05
elapsed=6.681233e+03 cycle=206800 time=6.290321e+00 dt=2.842640e-05
elapsed=6.684411e+03 cycle=206900 time=6.293099e+00 dt=2.734439e-05
elapsed=6.687590e+03 cycle=207000 time=6.295912e+00 dt=2.892080e-05
elapsed=6.690766e+03 cycle=207100 time=6.298772e+00 dt=2.853509e-05
elapsed=6.694056e+03 cycle=207200 time=6.301629e+00 dt=2.916069e-05
elapsed=6.697231e+03 cycle=207300 time=6.304552e+00 dt=2.877488e-05
elapsed=6.700406e+03 cycle=207400 time=6.307404e+00 dt=2.849367e-05
elapsed=6.703695e+03 cycle=207500 time=6.310271e+00 dt=2.886969e-05
elapsed=6.706867e+03 cycle=207600 time=6.313180e+00 dt=2.934626e-05
elapsed=6.710039e+03 cycle=207700 time=6.316133e+00 dt=2.949142e-05
elapsed=6.713209e+03 cycle=207800 time=6.319055e+00 dt=2.890289e-05
elapsed=6.716493e+03 cycle=207900 time=6.321932e+00 dt=2.870286e-05
elapsed=6.719663e+03 cycle=208000 time=6.324785e+00 dt=2.861933e-05
elapsed=6.722832e+03 cycle=208100 time=6.327624e+00 dt=2.843758e-05
elapsed=6.726115e+03 cycle=208200 time=6.330476e+00 dt=2.872942e-05
elapsed=6.729283e+03 cycle=208300 time=6.333346e+00 dt=2.883784e-05
elapsed=6.732452e+03 cycle=208400 time=6.336181e+00 dt=2.787615e-05
elapsed=6.735621e+03 cycle=208500 time=6.338856e+00 dt=2.557464e-05
elapsed=6.738902e+03 cycle=208600 time=6.341552e+00 dt=2.752133e-05
elapsed=6.742067e+03 cycle=208700 time=6.344330e+00 dt=2.809339e-05
elapsed=6.745231e+03 cycle=208800 time=6.347157e+00 dt=2.848052e-05
elapsed=6.748396e+03 cycle=208900 time=6.349984e+00 dt=2.771218e-05
elapsed=6.751676e+03 cycle=209000 time=6.352666e+00 dt=2.581546e-05
elapsed=6.754839e+03 cycle=209100 time=6.355131e+00 dt=2.368396e-05
elapsed=6.758002e+03 cycle=209200 time=6.357528e+00 dt=2.488740e-05
elapsed=6.761278e+03 cycle=209300 time=6.360230e+00 dt=2.749370e-05
elapsed=6.764440e+03 cycle=209400 time=6.362961e+00 dt=2.710341e-05
elapsed=6.767602e+03 cycle=209500 time=6.365645e+00 dt=2.654898e-05
elapsed=6.770764e+03 cycle=209600 time=6.368285e+00 dt=2.623386e-05
elapsed=6.774048e+03 cycle=209700 time=6.370914e+00 dt=2.649008e-05
elapsed=6.777211e+03 cycle=209800 time=6.373593e+00 dt=2.651619e-05
elapsed=6.780374e+03 cycle=209900 time=6.376202e+00 dt=2.571326e-05
elapsed=6.783535e+03 cycle=210000 time=6.378748e+00 dt=2.541308e-05
elapsed=6.786810e+03 cycle=210100 time=6.381334e+00 dt=2.633560e-05
elapsed=6.789971e+03 cycle=210200 time=6.384002e+00 dt=2.689126e-05
elapsed=6.793132e+03 cycle=210300 time=6.386692e+00 dt=2.684506e-05
elapsed=6.796296e+03 cycle=210400 time=6.389365e+00 dt=2.668374e-05
elapsed=6.799572e+03 cycle=210500 time=6.392035e+00 dt=2.671356e-05
elapsed=6.802736e+03 cycle=210600 time=6.394672e+00 dt=2.616010e-05
elapsed=6.805901e+03 cycle=210700 time=6.397312e+00 dt=2.681159e-05
elapsed=6.809181e+03 cycle=210800 time=6.400007e+00 dt=2.703563e-05
elapsed=6.812347e+03 cycle=210900 time=6.402707e+00 dt=2.700272e-05
elapsed=6.815513e+03 cycle=211000 time=6.405371e+00 dt=2.612886e-05
elapsed=6.818681e+03 cycle=211100 time=6.407942e+00 dt=2.542229e-05
elapsed=6.821967e+03 cycle=211200 time=6.410482e+00 dt=2.519575e-05
elapsed=6.825139e+03 cycle=211300 time=6.412973e+00 dt=2.474354e-05
elapsed=6.828311e+03 cycle=211400 time=6.415436e+00 dt=2.415658e-05
elapsed=6.831483e+03 cycle=211500 time=6.417822e+00 dt=2.402427e-05
elapsed=6.834767e+03 cycle=211600 time=6.420298e+00 dt=2.542386e-05
elapsed=6.837939e+03 cycle=211700 time=6.422728e+00 dt=2.418372e-05
elapsed=6.841109e+03 cycle=211800 time=6.425327e+00 dt=2.685811e-05
elapsed=6.844278e+03 cycle=211900 time=6.428021e+00 dt=2.701214e-05
elapsed=6.847562e+03 cycle=212000 time=6.430720e+00 dt=2.694026e-05
elapsed=6.850733e+03 cycle=212100 time=6.433389e+00 dt=2.646797e-05
elapsed=6.853904e+03 cycle=212200 time=6.436024e+00 dt=2.631257e-05
elapsed=6.857075e+03 cycle=212300 time=6.438649e+00 dt=2.617999e-05
elapsed=6.860384e+03 cycle=212400 time=6.441223e+00 dt=2.518149e-05
elapsed=6.863555e+03 cycle=212500 time=6.443691e+00 dt=2.442660e-05
elapsed=6.866727e+03 cycle=212600 time=6.446212e+00 dt=2.601081e-05
elapsed=6.869900e+03 cycle=212700 time=6.448818e+00 dt=2.598799e-05
elapsed=6.873192e+03 cycle=212800 time=6.451408e+00 dt=2.566297e-05
elapsed=6.876367e+03 cycle=212900 time=6.453987e+00 dt=2.609622e-05
elapsed=6.879541e+03 cycle=213000 time=6.456589e+00 dt=2.612652e-05
elapsed=6.882716e+03 cycle=213100 time=6.459153e+00 dt=2.532370e-05
elapsed=6.886006e+03 cycle=213200 time=6.461681e+00 dt=2.512892e-05
elapsed=6.889182e+03 cycle=213300 time=6.464197e+00 dt=2.504553e-05
elapsed=6.892358e+03 cycle=213400 time=6.466700e+00 dt=2.498418e-05
elapsed=6.895533e+03 cycle=213500 time=6.469192e+00 dt=2.483293e-05
elapsed=6.898823e+03 cycle=213600 time=6.471679e+00 dt=2.505975e-05
elapsed=6.901995e+03 cycle=213700 time=6.474263e+00 dt=2.656740e-05
elapsed=6.905166e+03 cycle=213800 time=6.476899e+00 dt=2.595259e-05
elapsed=6.908337e+03 cycle=213900 time=6.479406e+00 dt=2.449003e-05
elapsed=6.911622e+03 cycle=214000 time=6.481846e+00 dt=2.442813e-05
elapsed=6.914790e+03 cycle=214100 time=6.484314e+00 dt=2.516997e-05
elapsed=6.917958e+03 cycle=214200 time=6.486822e+00 dt=2.537955e-05
elapsed=6.921126e+03 cycle=214300 time=6.489388e+00 dt=2.558975e-05
elapsed=6.924413e+03 cycle=214400 time=6.491875e+00 dt=2.416713e-05
elapsed=6.927585e+03 cycle=214500 time=6.494287e+00 dt=2.435053e-05
elapsed=6.930757e+03 cycle=214600 time=6.496751e+00 dt=2.441973e-05
elapsed=6.933930e+03 cycle=214700 time=6.499119e+00 dt=2.310893e-05
elapsed=6.937219e+03 cycle=214800 time=6.501404e+00 dt=2.271898e-05
elapsed=6.940393e+03 cycle=214900 time=6.503723e+00 dt=2.397089e-05
elapsed=6.943566e+03 cycle=215000 time=6.506183e+00 dt=2.502838e-05
elapsed=6.946739e+03 cycle=215100 time=6.508660e+00 dt=2.456290e-05
elapsed=6.950029e+03 cycle=215200 time=6.511093e+00 dt=2.404707e-05
elapsed=6.953204e+03 cycle=215300 time=6.513487e+00 dt=2.361765e-05
elapsed=6.956380e+03 cycle=215400 time=6.515792e+00 dt=2.288641e-05
elapsed=6.959554e+03 cycle=215500 time=6.518007e+00 dt=2.248049e-05
elapsed=6.962846e+03 cycle=215600 time=6.520331e+00 dt=2.410007e-05
elapsed=6.966024e+03 cycle=215700 time=6.522937e+00 dt=2.729753e-05
elapsed=6.969204e+03 cycle=215800 time=6.525645e+00 dt=2.673211e-05
elapsed=6.972385e+03 cycle=215900 time=6.528269e+00 dt=2.574249e-05
elapsed=6.975683e+03 cycle=216000 time=6.530840e+00 dt=2.502695e-05
elapsed=6.978864e+03 cycle=216100 time=6.533225e+00 dt=2.288956e-05
elapsed=6.982044e+03 cycle=216200 time=6.535560e+00 dt=2.485807e-05
elapsed=6.985225e+03 cycle=216300 time=6.538131e+00 dt=2.565847e-05
elapsed=6.988523e+03 cycle=216400 time=6.540687e+00 dt=2.558555e-05
elapsed=6.991706e+03 cycle=216500 time=6.543229e+00 dt=2.548120e-05
elapsed=6.994887e+03 cycle=216600 time=6.545779e+00 dt=2.537439e-05
elapsed=6.998068e+03 cycle=216700 time=6.548373e+00 dt=2.630180e-05
elapsed=7.001362e+03 cycle=216800 time=6.550936e+00 dt=2.494221e-05
elapsed=7.004540e+03 cycle=216900 time=6.553417e+00 dt=2.434203e-05
elapsed=7.007717e+03 cycle=217000 time=6.555858e+00 dt=2.505973e-05
elapsed=7.010894e+03 cycle=217100 time=6.558429e+00 dt=2.579900e-05
elapsed=7.014191e+03 cycle=217200 time=6.560974e+00 dt=2.535310e-05
elapsed=7.017370e+03 cycle=217300 time=6.563552e+00 dt=2.696251e-05
elapsed=7.020552e+03 cycle=217400 time=6.566335e+00 dt=2.772476e-05
elapsed=7.023732e+03 cycle=217500 time=6.569168e+00 dt=2.868936e-05
elapsed=7.027029e+03 cycle=217600 time=6.572035e+00 dt=2.878971e-05
elapsed=7.030208e+03 cycle=217700 time=6.574895e+00 dt=2.803446e-05
elapsed=7.033384e+03 cycle=217800 time=6.577629e+00 dt=2.678907e-05
elapsed=7.036678e+03 cycle=217900 time=6.580288e+00 dt=2.656213e-05
elapsed=7.039856e+03 cycle=218000 time=6.582916e+00 dt=2.614843e-05
elapsed=7.043036e+03 cycle=218100 time=6.585573e+00 dt=2.691157e-05
elapsed=7.046217e+03 cycle=218200 time=6.588289e+00 dt=2.741946e-05
elapsed=7.049518e+03 cycle=218300 time=6.590998e+00 dt=2.680097e-05
elapsed=7.052701e+03 cycle=218400 time=6.593666e+00 dt=2.654639e-05
elapsed=7.055885e+03 cycle=218500 time=6.596250e+00 dt=2.536949e-05
elapsed=7.059068e+03 cycle=218600 time=6.598717e+00 dt=2.483980e-05
elapsed=7.062367e+03 cycle=218700 time=6.601321e+00 dt=2.642972e-05
elapsed=7.065547e+03 cycle=218800 time=6.604008e+00 dt=2.708556e-05
elapsed=7.068725e+03 cycle=218900 time=6.606697e+00 dt=2.653837e-05
elapsed=7.071901e+03 cycle=219000 time=6.609361e+00 dt=2.729468e-05
elapsed=7.075193e+03 cycle=219100 time=6.612084e+00 dt=2.698685e-05
elapsed=7.078368e+03 cycle=219200 time=6.614740e+00 dt=2.620478e-05
elapsed=7.081543e+03 cycle=219300 time=6.617322e+00 dt=2.545442e-05
elapsed=7.084718e+03 cycle=219400 time=6.619820e+00 dt=2.431473e-05
elapsed=7.088006e+03 cycle=219500 time=6.622217e+00 dt=2.359387e-05
elapsed=7.091180e+03 cycle=219600 time=6.624579e+00 dt=2.602583e-05
elapsed=7.094354e+03 cycle=219700 time=6.627200e+00 dt=2.623771e-05
elapsed=7.097526e+03 cycle=219800 time=6.629812e+00 dt=2.612680e-05
elapsed=7.100815e+03 cycle=219900 time=6.632419e+00 dt=2.577361e-05
elapsed=7.103988e+03 cycle=220000 time=6.635008e+00 dt=2.631891e-05
elapsed=7.107161e+03 cycle=220100 time=6.637745e+00 dt=2.789653e-05
elapsed=7.110449e+03 cycle=220200 time=6.640462e+00 dt=2.679761e-05
elapsed=7.113621e+03 cycle=220300 time=6.643138e+00 dt=2.605412e-05
elapsed=7.116793e+03 cycle=220400 time=6.645682e+00 dt=2.520123e-05
elapsed=7.119966e+03 cycle=220500 time=6.648235e+00 dt=2.621312e-05
elapsed=7.123254e+03 cycle=220600 time=6.650921e+00 dt=2.676046e-05
elapsed=7.126424e+03 cycle=220700 time=6.653675e+00 dt=2.849659e-05
elapsed=7.129596e+03 cycle=220800 time=6.656503e+00 dt=2.748936e-05
elapsed=7.132766e+03 cycle=220900 time=6.659142e+00 dt=2.674970e-05
elapsed=7.136052e+03 cycle=221000 time=6.662152e+00 dt=3.040642e-05
elapsed=7.139221e+03 cycle=221100 time=6.665167e+00 dt=2.986364e-05
elapsed=7.142390e+03 cycle=221200 time=6.668116e+00 dt=2.912672e-05
elapsed=7.145674e+03 cycle=221300 time=6.671017e+00 dt=2.902251e-05
elapsed=7.148844e+03 cycle=221400 time=6.673903e+00 dt=2.857278e-05
elapsed=7.152014e+03 cycle=221500 time=6.676685e+00 dt=2.703642e-05
elapsed=7.155182e+03 cycle=221600 time=6.679319e+00 dt=2.588135e-05
elapsed=7.158465e+03 cycle=221700 time=6.681858e+00 dt=2.472460e-05
elapsed=7.161632e+03 cycle=221800 time=6.684325e+00 dt=2.489769e-05
elapsed=7.164799e+03 cycle=221900 time=6.686773e+00 dt=2.408336e-05
elapsed=7.167968e+03 cycle=222000 time=6.689162e+00 dt=2.365609e-05
elapsed=7.171253e+03 cycle=222100 time=6.691538e+00 dt=2.444032e-05
elapsed=7.174421e+03 cycle=222200 time=6.693995e+00 dt=2.460166e-05
elapsed=7.177587e+03 cycle=222300 time=6.696519e+00 dt=2.670541e-05
elapsed=7.180753e+03 cycle=222400 time=6.699329e+00 dt=2.890106e-05
elapsed=7.184033e+03 cycle=222500 time=6.702178e+00 dt=2.815042e-05
elapsed=7.187197e+03 cycle=222600 time=6.704974e+00 dt=2.792462e-05
elapsed=7.190359e+03 cycle=222700 time=6.707771e+00 dt=2.691029e-05
elapsed=7.193638e+03 cycle=222800 time=6.710345e+00 dt=2.500025e-05
elapsed=7.196800e+03 cycle=222900 time=6.712859e+00 dt=2.461338e-05
elapsed=7.199962e+03 cycle=223000 time=6.715269e+00 dt=2.401785e-05
elapsed=7.203122e+03 cycle=223100 time=6.717727e+00 dt=2.559613e-05
elapsed=7.206395e+03 cycle=223200 time=6.720443e+00 dt=2.771050e-05
elapsed=7.209555e+03 cycle=223300 time=6.723100e+00 dt=2.591846e-05
elapsed=7.212715e+03 cycle=223400 time=6.725770e+00 dt=2.760162e-05
elapsed=7.215874e+03 cycle=223500 time=6.728449e+00 dt=2.763148e-05
elapsed=7.219149e+03 cycle=223600 time=6.731253e+00 dt=2.819978e-05
elapsed=7.222308e+03 cycle=223700 time=6.734068e+00 dt=2.758947e-05
elapsed=7.225465e+03 cycle=223800 time=6.736821e+00 dt=2.765963e-05
elapsed=7.228624e+03 cycle=223900 time=6.739591e+00 dt=2.747240e-05
elapsed=7.231899e+03 cycle=224000 time=6.742384e+00 dt=2.791595e-05
elapsed=7.235058e+03 cycle=224100 time=6.745154e+00 dt=2.754975e-05
elapsed=7.238216e+03 cycle=224200 time=6.747889e+00 dt=2.719720e-05
elapsed=7.241492e+03 cycle=224300 time=6.750598e+00 dt=2.694377e-05
elapsed=7.244653e+03 cycle=224400 time=6.753273e+00 dt=2.632519e-05
elapsed=7.247814e+03 cycle=224500 time=6.755870e+00 dt=2.588595e-05
elapsed=7.250974e+03 cycle=224600 time=6.758507e+00 dt=2.659413e-05
elapsed=7.254253e+03 cycle=224700 time=6.761172e+00 dt=2.675946e-05
elapsed=7.257416e+03 cycle=224800 time=6.763846e+00 dt=2.668521e-05
elapsed=7.260577e+03 cycle=224900 time=6.766492e+00 dt=2.635334e-05
elapsed=7.263736e+03 cycle=225000 time=6.769123e+00 dt=2.636242e-05
elapsed=7.267012e+03 cycle=225100 time=6.771755e+00 dt=2.572916e-05
elapsed=7.270172e+03 cycle=225200 time=6.774250e+00 dt=2.400249e-05
elapsed=7.273332e+03 cycle=225300 time=6.776518e+00 dt=2.143808e-05
elapsed=7.276491e+03 cycle=225400 time=6.778846e+00 dt=2.680371e-05
elapsed=7.279764e+03 cycle=225500 time=6.781657e+00 dt=2.792873e-05
elapsed=7.282922e+03 cycle=225600 time=6.784177e+00 dt=2.391474e-05
elapsed=7.286079e+03 cycle=225700 time=6.786728e+00 dt=2.633106e-05
elapsed=7.289235e+03 cycle=225800 time=6.789320e+00 dt=2.586325e-05
elapsed=7.292506e+03 cycle=225900 time=6.791892e+00 dt=2.502144e-05
elapsed=7.295661e+03 cycle=226000 time=6.794564e+00 dt=2.759960e-05
elapsed=7.298813e+03 cycle=226100 time=6.797352e+00 dt=2.860684e-05
elapsed=7.302082e+03 cycle=226200 time=6.800212e+00 dt=2.859854e-05
elapsed=7.305234e+03 cycle=226300 time=6.803071e+00 dt=2.818406e-05
elapsed=7.308386e+03 cycle=226400 time=6.805874e+00 dt=2.843853e-05
elapsed=7.311540e+03 cycle=226500 time=6.808685e+00 dt=2.773225e-05
elapsed=7.314811e+03 cycle=226600 time=6.811433e+00 dt=2.731548e-05
elapsed=7.317966e+03 cycle=226700 time=6.814166e+00 dt=2.737852e-05
elapsed=7.321121e+03 cycle=226800 time=6.816904e+00 dt=2.740167e-05
elapsed=7.324277e+03 cycle=226900 time=6.819647e+00 dt=2.737830e-05
elapsed=7.327551e+03 cycle=227000 time=6.822379e+00 dt=2.724475e-05
elapsed=7.330709e+03 cycle=227100 time=6.825102e+00 dt=2.725127e-05
elapsed=7.333868e+03 cycle=227200 time=6.827838e+00 dt=2.750788e-05
elapsed=7.337143e+03 cycle=227300 time=6.830602e+00 dt=2.775772e-05
elapsed=7.340304e+03 cycle=227400 time=6.833397e+00 dt=2.819028e-05
elapsed=7.343464e+03 cycle=227500 time=6.836227e+00 dt=2.837752e-05
elapsed=7.346625e+03 cycle=227600 time=6.839060e+00 dt=2.835933e-05
elapsed=7.349904e+03 cycle=227700 time=6.841894e+00 dt=2.824772e-05
elapsed=7.353066e+03 cycle=227800 time=6.844700e+00 dt=2.790936e-05
elapsed=7.356229e+03 cycle=227900 time=6.847476e+00 dt=2.759776e-05
elapsed=7.359506e+03 cycle=228000 time=6.850232e+00 dt=2.751976e-05
elapsed=7.362671e+03 cycle=228100 time=6.852971e+00 dt=2.726313e-05
elapsed=7.365834e+03 cycle=228200 time=6.855728e+00 dt=2.789321e-05
elapsed=7.368997e+03 cycle=228300 time=6.858529e+00 dt=2.819368e-05
elapsed=7.372275e+03 cycle=228400 time=6.861371e+00 dt=2.817817e-05
elapsed=7.375437e+03 cycle=228500 time=6.864135e+00 dt=2.726040e-05
elapsed=7.378600e+03 cycle=228600 time=6.866945e+00 dt=2.857776e-05
elapsed=7.381765e+03 cycle=228700 time=6.869853e+00 dt=2.856848e-05
elapsed=7.385045e+03 cycle=228800 time=6.872653e+00 dt=2.725974e-05
elapsed=7.388210e+03 cycle=228900 time=6.875274e+00 dt=2.493482e-05
elapsed=7.391375e+03 cycle=229000 time=6.877718e+00 dt=2.622256e-05
elapsed=7.394655e+03 cycle=229100 time=6.880512e+00 dt=2.805887e-05
elapsed=7.397820e+03 cycle=229200 time=6.883307e+00 dt=2.770123e-05
elapsed=7.400985e+03 cycle=229300 time=6.886083e+00 dt=2.809600e-05
elapsed=7.404148e+03 cycle=229400 time=6.888885e+00 dt=2.738272e-05
elapsed=7.407428e+03 cycle=229500 time=6.891532e+00 dt=2.608520e-05
elapsed=7.410592e+03 cycle=229600 time=6.894166e+00 dt=2.682019e-05
elapsed=7.413756e+03 cycle=229700 time=6.896948e+00 dt=2.794005e-05
elapsed=7.416918e+03 cycle=229800 time=6.899821e+00 dt=2.970374e-05
elapsed=7.420195e+03 cycle=229900 time=6.902887e+00 dt=3.139484e-05
elapsed=7.423356e+03 cycle=230000 time=6.906013e+00 dt=3.098869e-05
elapsed=7.426515e+03 cycle=230100 time=6.909076e+00 dt=3.035765e-05
elapsed=7.429790e+03 cycle=230200 time=6.912041e+00 dt=2.904604e-05
elapsed=7.432950e+03 cycle=230300 time=6.914999e+00 dt=3.006499e-05
elapsed=7.436110e+03 cycle=230400 time=6.917967e+00 dt=2.917985e-05
elapsed=7.439388e+03 cycle=230500 time=6.920848e+00 dt=2.842706e-05
elapsed=7.442548e+03 cycle=230600 time=6.923664e+00 dt=2.804180e-05
elapsed=7.445707e+03 cycle=230700 time=6.926459e+00 dt=2.779349e-05
elapsed=7.448866e+03 cycle=230800 time=6.929209e+00 dt=2.705541e-05
elapsed=7.452142e+03 cycle=230900 time=6.931845e+00 dt=2.561561e-05
elapsed=7.455301e+03 cycle=231000 time=6.934367e+00 dt=2.522796e-05
elapsed=7.458460e+03 cycle=231100 time=6.936983e+00 dt=2.750355e-05
elapsed=7.461620e+03 cycle=231200 time=6.939875e+00 dt=3.024943e-05
elapsed=7.464894e+03 cycle=231300 time=6.942953e+00 dt=3.085682e-05
elapsed=7.468053e+03 cycle=231400 time=6.945965e+00 dt=2.952365e-05
elapsed=7.471211e+03 cycle=231500 time=6.948867e+00 dt=2.893325e-05
elapsed=7.474485e+03 cycle=231600 time=6.951676e+00 dt=2.743785e-05
elapsed=7.477645e+03 cycle=231700 time=6.954595e+00 dt=3.052203e-05
elapsed=7.480806e+03 cycle=231800 time=6.957653e+00 dt=3.010646e-05
elapsed=7.484081e+03 cycle=231900 time=6.960784e+00 dt=3.171269e-05
elapsed=7.487243e+03 cycle=232000 time=6.963863e+00 dt=3.012033e-05
elapsed=7.490404e+03 cycle=232100 time=6.966830e+00 dt=2.916355e-05
elapsed=7.493566e+03 cycle=232200 time=6.969702e+00 dt=2.826474e-05
elapsed=7.496844e+03 cycle=232300 time=6.972502e+00 dt=2.782140e-05
elapsed=7.500007e+03 cycle=232400 time=6.975337e+00 dt=2.928586e-05
elapsed=7.503172e+03 cycle=232500 time=6.978336e+00 dt=3.080527e-05
elapsed=7.506451e+03 cycle=232600 time=6.981346e+00 dt=2.910657e-05
elapsed=7.509615e+03 cycle=232700 time=6.984164e+00 dt=2.723755e-05
elapsed=7.512777e+03 cycle=232800 time=6.986911e+00 dt=2.928124e-05
elapsed=7.515940e+03 cycle=232900 time=6.989818e+00 dt=2.844763e-05
elapsed=7.519219e+03 cycle=233000 time=6.992676e+00 dt=2.882749e-05
elapsed=7.522384e+03 cycle=233100 time=6.995499e+00 dt=2.774737e-05
elapsed=7.525550e+03 cycle=233200 time=6.998243e+00 dt=2.696633e-05
elapsed=7.528867e+03 cycle=233300 time=7.000902e+00 dt=2.646803e-05
elapsed=7.532034e+03 cycle=233400 time=7.003571e+00 dt=2.682616e-05
elapsed=7.535199e+03 cycle=233500 time=7.006304e+00 dt=2.803899e-05
elapsed=7.538364e+03 cycle=233600 time=7.009130e+00 dt=2.832435e-05
elapsed=7.541645e+03 cycle=233700 time=7.011959e+00 dt=2.746881e-05
elapsed=7.544811e+03 cycle=233800 time=7.014798e+00 dt=2.977314e-05
elapsed=7.547978e+03 cycle=233900 time=7.017794e+00 dt=2.989042e-05
elapsed=7.551260e+03 cycle=234000 time=7.020755e+00 dt=2.925526e-05
elapsed=7.554426e+03 cycle=234100 time=7.023593e+00 dt=2.773122e-05
elapsed=7.557591e+03 cycle=234200 time=7.026429e+00 dt=2.909092e-05
elapsed=7.560755e+03 cycle=234300 time=7.029291e+00 dt=2.791311e-05
elapsed=7.564036e+03 cycle=234400 time=7.032024e+00 dt=2.697979e-05
elapsed=7.567200e+03 cycle=234500 time=7.034801e+00 dt=2.838506e-05
elapsed=7.570365e+03 cycle=234600 time=7.037678e+00 dt=2.839467e-05
elapsed=7.573644e+03 cycle=234700 time=7.040507e+00 dt=2.824426e-05
elapsed=7.576808e+03 cycle=234800 time=7.043353e+00 dt=2.865059e-05
elapsed=7.579972e+03 cycle=234900 time=7.046268e+00 dt=2.968993e-05
elapsed=7.583135e+03 cycle=235000 time=7.049240e+00 dt=2.963015e-05
elapsed=7.586414e+03 cycle=235100 time=7.052154e+00 dt=2.876159e-05
elapsed=7.589576e+03 cycle=235200 time=7.055037e+00 dt=2.960117e-05
elapsed=7.592738e+03 cycle=235300 time=7.057996e+00 dt=2.960225e-05
elapsed=7.596013e+03 cycle=235400 time=7.060885e+00 dt=2.819268e-05
elapsed=7.599173e+03 cycle=235500 time=7.063702e+00 dt=2.812789e-05
elapsed=7.602332e+03 cycle=235600 time=7.066596e+00 dt=2.994503e-05
elapsed=7.605490e+03 cycle=235700 time=7.069639e+00 dt=3.046873e-05
elapsed=7.608763e+03 cycle=235800 time=7.072679e+00 dt=3.036141e-05
elapsed=7.611925e+03 cycle=235900 time=7.075661e+00 dt=2.896818e-05
elapsed=7.615086e+03 cycle=236000 time=7.078508e+00 dt=2.808575e-05
elapsed=7.618362e+03 cycle=236100 time=7.081262e+00 dt=2.691930e-05
elapsed=7.621522e+03 cycle=236200 time=7.084001e+00 dt=2.773425e-05
elapsed=7.624683e+03 cycle=236300 time=7.086848e+00 dt=2.873918e-05
elapsed=7.627847e+03 cycle=236400 time=7.089711e+00 dt=2.815570e-05
elapsed=7.631126e+03 cycle=236500 time=7.092537e+00 dt=2.839639e-05
elapsed=7.634291e+03 cycle=236600 time=7.095310e+00 dt=2.688307e-05
elapsed=7.637457e+03 cycle=236700 time=7.097945e+00 dt=2.577516e-05
elapsed=7.640736e+03 cycle=236800 time=7.100491e+00 dt=2.570708e-05
elapsed=7.643900e+03 cycle=236900 time=7.103128e+00 dt=2.734985e-05
elapsed=7.647063e+03 cycle=237000 time=7.106047e+00 dt=3.044411e-05
elapsed=7.650224e+03 cycle=237100 time=7.109086e+00 dt=3.000792e-05
elapsed=7.653498e+03 cycle=237200 time=7.112054e+00 dt=2.933739e-05
elapsed=7.656659e+03 cycle=237300 time=7.114981e+00 dt=2.960354e-05
elapsed=7.659819e+03 cycle=237400 time=7.117942e+00 dt=2.926637e-05
elapsed=7.663097e+03 cycle=237500 time=7.120752e+00 dt=2.742103e-05
elapsed=7.666259e+03 cycle=237600 time=7.123498e+00 dt=2.757302e-05
elapsed=7.669421e+03 cycle=237700 time=7.126352e+00 dt=3.066703e-05
elapsed=7.672584e+03 cycle=237800 time=7.129378e+00 dt=3.118221e-05
elapsed=7.675860e+03 cycle=237900 time=7.132453e+00 dt=3.142345e-05
elapsed=7.679019e+03 cycle=238000 time=7.135584e+00 dt=3.098010e-05
elapsed=7.682178e+03 cycle=238100 time=7.138600e+00 dt=2.941576e-05
elapsed=7.685452e+03 cycle=238200 time=7.141533e+00 dt=2.920169e-05
elapsed=7.688609e+03 cycle=238300 time=7.144458e+00 dt=2.996094e-05
elapsed=7.691768e+03 cycle=238400 time=7.147464e+00 dt=2.945277e-05
elapsed=7.695043e+03 cycle=238500 time=7.150379e+00 dt=2.912902e-05
elapsed=7.698201e+03 cycle=238600 time=7.153316e+00 dt=2.986293e-05
elapsed=7.701359e+03 cycle=238700 time=7.156355e+00 dt=3.102197e-05
elapsed=7.704516e+03 cycle=238800 time=7.159387e+00 dt=2.986259e-05
elapsed=7.707786e+03 cycle=238900 time=7.162410e+00 dt=3.062279e-05
elapsed=7.710942e+03 cycle=239000 time=7.165517e+00 dt=3.130058e-05
elapsed=7.714099e+03 cycle=239100 time=7.168654e+00 dt=3.119796e-05
elapsed=7.717372e+03 cycle=239200 time=7.171795e+00 dt=3.139045e-05
elapsed=7.720529e+03 cycle=239300 time=7.174915e+00 dt=3.104957e-05
elapsed=7.723686e+03 cycle=239400 time=7.178009e+00 dt=3.081194e-05
elapsed=7.726957e+03 cycle=239500 time=7.181089e+00 dt=3.066028e-05
elapsed=7.730112e+03 cycle=239600 time=7.184150e+00 dt=3.066099e-05
elapsed=7.733267e+03 cycle=239700 time=7.187236e+00 dt=3.113383e-05
elapsed=7.736537e+03 cycle=239800 time=7.190352e+00 dt=3.121048e-05
elapsed=7.739691e+03 cycle=239900 time=7.193392e+00 dt=3.074616e-05
elapsed=7.742846e+03 cycle=240000 time=7.196462e+00 dt=2.935824e-05
elapsed=7.746003e+03 cycle=240100 time=7.199475e+00 dt=3.096610e-05
elapsed=7.749275e+03 cycle=240200 time=7.202551e+00 dt=3.089407e-05
elapsed=7.752431e+03 cycle=240300 time=7.205661e+00 dt=3.108226e-05
elapsed=7.755587e+03 cycle=240400 time=7.208746e+00 dt=3.076032e-05
elapsed=7.758858e+03 cycle=240500 time=7.211831e+00 dt=3.051380e-05
elapsed=7.762015e+03 cycle=240600 time=7.214867e+00 dt=3.036269e-05
elapsed=7.765172e+03 cycle=240700 time=7.217924e+00 dt=3.081457e-05
elapsed=7.768444e+03 cycle=240800 time=7.220952e+00 dt=2.947176e-05
elapsed=7.771602e+03 cycle=240900 time=7.223852e+00 dt=2.906683e-05
elapsed=7.774759e+03 cycle=241000 time=7.226733e+00 dt=2.811379e-05
elapsed=7.777917e+03 cycle=241100 time=7.229569e+00 dt=2.977911e-05
elapsed=7.781191e+03 cycle=241200 time=7.232646e+00 dt=3.120986e-05
elapsed=7.784348e+03 cycle=241300 time=7.235739e+00 dt=3.065372e-05
elapsed=7.787508e+03 cycle=241400 time=7.238790e+00 dt=3.023145e-05
elapsed=7.790782e+03 cycle=241500 time=7.241774e+00 dt=2.936371e-05
elapsed=7.793941e+03 cycle=241600 time=7.244664e+00 dt=2.871460e-05
elapsed=7.797101e+03 cycle=241700 time=7.247635e+00 dt=2.990672e-05
elapsed=7.800376e+03 cycle=241800 time=7.250577e+00 dt=2.907555e-05
elapsed=7.803536e+03 cycle=241900 time=7.253404e+00 dt=2.743011e-05
elapsed=7.806696e+03 cycle=242000 time=7.256131e+00 dt=2.674101e-05
elapsed=7.809857e+03 cycle=242100 time=7.258717e+00 dt=2.541419e-05
elapsed=7.813133e+03 cycle=242200 time=7.261379e+00 dt=2.812345e-05
elapsed=7.816293e+03 cycle=242300 time=7.264381e+00 dt=3.173227e-05
elapsed=7.819455e+03 cycle=242400 time=7.267526e+00 dt=3.115904e-05
elapsed=7.822732e+03 cycle=242500 time=7.270618e+00 dt=3.097387e-05
elapsed=7.825893e+03 cycle=242600 time=7.273758e+00 dt=3.170879e-05
elapsed=7.829053e+03 cycle=242700 time=7.276819e+00 dt=2.964512e-05
elapsed=7.832214e+03 cycle=242800 time=7.279722e+00 dt=2.849073e-05
elapsed=7.835490e+03 cycle=242900 time=7.282538e+00 dt=2.770140e-05
elapsed=7.838649e+03 cycle=243000 time=7.285258e+00 dt=2.667385e-05
elapsed=7.841808e+03 cycle=243100 time=7.287926e+00 dt=2.684452e-05
elapsed=7.845084e+03 cycle=243200 time=7.290645e+00 dt=2.770812e-05
elapsed=7.848242e+03 cycle=243300 time=7.293436e+00 dt=2.789774e-05
elapsed=7.851402e+03 cycle=243400 time=7.296264e+00 dt=2.896131e-05
elapsed=7.854563e+03 cycle=243500 time=7.299203e+00 dt=2.934239e-05
elapsed=7.857839e+03 cycle=243600 time=7.302151e+00 dt=2.930885e-05
elapsed=7.860998e+03 cycle=243700 time=7.305063e+00 dt=2.872827e-05
elapsed=7.864159e+03 cycle=243800 time=7.307949e+00 dt=2.871551e-05
elapsed=7.867436e+03 cycle=243900 time=7.310792e+00 dt=2.828585e-05
elapsed=7.870598e+03 cycle=244000 time=7.313706e+00 dt=2.936480e-05
elapsed=7.873760e+03 cycle=244100 time=7.316594e+00 dt=2.845424e-05
elapsed=7.876922e+03 cycle=244200 time=7.319519e+00 dt=2.924571e-05
elapsed=7.880197e+03 cycle=244300 time=7.322420e+00 dt=2.938179e-05
elapsed=7.883356e+03 cycle=244400 time=7.325441e+00 dt=3.062693e-05
elapsed=7.886514e+03 cycle=244500 time=7.328595e+00 dt=3.126637e-05
elapsed=7.889786e+03 cycle=244600 time=7.331608e+00 dt=2.978291e-05
elapsed=7.892945e+03 cycle=244700 time=7.334619e+00 dt=3.077174e-05
elapsed=7.896103e+03 cycle=244800 time=7.337706e+00 dt=3.064024e-05
elapsed=7.899377e+03 cycle=244900 time=7.340594e+00 dt=2.664934e-05
elapsed=7.902537e+03 cycle=245000 time=7.343161e+00 dt=2.576479e-05
elapsed=7.905697e+03 cycle=245100 time=7.346090e+00 dt=3.208676e-05
elapsed=7.908858e+03 cycle=245200 time=7.349280e+00 dt=3.147758e-05
elapsed=7.912137e+03 cycle=245300 time=7.352409e+00 dt=3.101690e-05
elapsed=7.915299e+03 cycle=245400 time=7.355481e+00 dt=3.062145e-05
elapsed=7.918460e+03 cycle=245500 time=7.358526e+00 dt=3.019876e-05
elapsed=7.921737e+03 cycle=245600 time=7.361545e+00 dt=3.048682e-05
elapsed=7.924897e+03 cycle=245700 time=7.364617e+00 dt=3.072478e-05
elapsed=7.928058e+03 cycle=245800 time=7.367657e+00 dt=3.007501e-05
elapsed=7.931336e+03 cycle=245900 time=7.370646e+00 dt=2.977085e-05
elapsed=7.934497e+03 cycle=246000 time=7.373621e+00 dt=2.982249e-05
elapsed=7.937658e+03 cycle=246100 time=7.376614e+00 dt=2.984434e-05
elapsed=7.940819e+03 cycle=246200 time=7.379637e+00 dt=3.042356e-05
elapsed=7.944095e+03 cycle=246300 time=7.382621e+00 dt=2.918423e-05
elapsed=7.947256e+03 cycle=246400 time=7.385458e+00 dt=2.790789e-05
elapsed=7.950417e+03 cycle=246500 time=7.388236e+00 dt=2.767305e-05
elapsed=7.953694e+03 cycle=246600 time=7.390978e+00 dt=2.720665e-05
elapsed=7.956852e+03 cycle=246700 time=7.393673e+00 dt=2.679031e-05
elapsed=7.960009e+03 cycle=246800 time=7.396340e+00 dt=2.666296e-05
elapsed=7.963166e+03 cycle=246900 time=7.399006e+00 dt=2.667779e-05
elapsed=7.966438e+03 cycle=247000 time=7.401710e+00 dt=2.726861e-05
elapsed=7.969594e+03 cycle=247100 time=7.404475e+00 dt=2.786770e-05
elapsed=7.972750e+03 cycle=247200 time=7.407309e+00 dt=2.839631e-05
elapsed=7.976021e+03 cycle=247300 time=7.410102e+00 dt=2.750906e-05
elapsed=7.979176e+03 cycle=247400 time=7.412786e+00 dt=2.607322e-05
elapsed=7.982330e+03 cycle=247500 time=7.415331e+00 dt=2.558227e-05
elapsed=7.985484e+03 cycle=247600 time=7.417957e+00 dt=2.582918e-05
elapsed=7.988753e+03 cycle=247700 time=7.420578e+00 dt=2.660401e-05
elapsed=7.991907e+03 cycle=247800 time=7.423233e+00 dt=2.603053e-05
elapsed=7.995061e+03 cycle=247900 time=7.425789e+00 dt=2.611017e-05
elapsed=7.998215e+03 cycle=248000 time=7.428532e+00 dt=2.758794e-05
elapsed=8.001483e+03 cycle=248100 time=7.431320e+00 dt=2.983280e-05
elapsed=8.004636e+03 cycle=248200 time=7.434403e+00 dt=3.104275e-05
elapsed=8.007788e+03 cycle=248300 time=7.437424e+00 dt=2.932642e-05
elapsed=8.011057e+03 cycle=248400 time=7.440262e+00 dt=2.756394e-05
elapsed=8.014210e+03 cycle=248500 time=7.443004e+00 dt=2.760467e-05
elapsed=8.017363e+03 cycle=248600 time=7.445779e+00 dt=2.807824e-05
elapsed=8.020517e+03 cycle=248700 time=7.448667e+00 dt=2.996284e-05
elapsed=8.023786e+03 cycle=248800 time=7.451662e+00 dt=2.989445e-05
elapsed=8.026940e+03 cycle=248900 time=7.454632e+00 dt=2.947755e-05
elapsed=8.030093e+03 cycle=249000 time=7.457559e+00 dt=2.896918e-05
elapsed=8.033361e+03 cycle=249100 time=7.460442e+00 dt=2.898160e-05
elapsed=8.036514e+03 cycle=249200 time=7.463397e+00 dt=2.975507e-05
elapsed=8.039667e+03 cycle=249300 time=7.466394e+00 dt=3.010534e-05
elapsed=8.042820e+03 cycle=249400 time=7.469421e+00 dt=2.988540e-05
elapsed=8.046087e+03 cycle=249500 time=7.472448e+00 dt=3.033791e-05
elapsed=8.049239e+03 cycle=249600 time=7.475516e+00 dt=3.103181e-05
elapsed=8.052393e+03 cycle=249700 time=7.478637e+00 dt=3.135633e-05
elapsed=8.055660e+03 cycle=249800 time=7.481797e+00 dt=3.109887e-05
elapsed=8.058814e+03 cycle=249900 time=7.484842e+00 dt=2.974890e-05
elapsed=8.061967e+03 cycle=250000 time=7.487739e+00 dt=2.820958e-05
elapsed=8.065236e+03 cycle=250100 time=7.490519e+00 dt=2.753618e-05
elapsed=8.068386e+03 cycle=250200 time=7.493293e+00 dt=2.763868e-05
elapsed=8.071534e+03 cycle=250300 time=7.496056e+00 dt=2.759687e-05
elapsed=8.074682e+03 cycle=250400 time=7.498822e+00 dt=2.765625e-05
elapsed=8.077945e+03 cycle=250500 time=7.501607e+00 dt=2.808657e-05
elapsed=8.081091e+03 cycle=250600 time=7.504460e+00 dt=2.858992e-05
elapsed=8.084237e+03 cycle=250700 time=7.507264e+00 dt=2.756501e-05
elapsed=8.087500e+03 cycle=250800 time=7.510007e+00 dt=2.756226e-05
elapsed=8.090645e+03 cycle=250900 time=7.512732e+00 dt=2.689238e-05
elapsed=8.093789e+03 cycle=251000 time=7.515393e+00 dt=2.642487e-05
elapsed=8.096932e+03 cycle=251100 time=7.518077e+00 dt=2.739508e-05
elapsed=8.100191e+03 cycle=251200 time=7.520752e+00 dt=2.604770e-05
elapsed=8.103336e+03 cycle=251300 time=7.523403e+00 dt=2.703991e-05
elapsed=8.106482e+03 cycle=251400 time=7.526034e+00 dt=2.568503e-05
elapsed=8.109628e+03 cycle=251500 time=7.528557e+00 dt=2.578269e-05
elapsed=8.112888e+03 cycle=251600 time=7.531324e+00 dt=2.795439e-05
elapsed=8.116031e+03 cycle=251700 time=7.534122e+00 dt=2.803321e-05
elapsed=8.119175e+03 cycle=251800 time=7.536858e+00 dt=2.668866e-05
elapsed=8.122320e+03 cycle=251900 time=7.539494e+00 dt=2.614399e-05
elapsed=8.125581e+03 cycle=252000 time=7.542241e+00 dt=2.719798e-05
elapsed=8.128725e+03 cycle=252100 time=7.544846e+00 dt=2.531510e-05
elapsed=8.131870e+03 cycle=252200 time=7.547366e+00 dt=2.529663e-05
elapsed=8.135015e+03 cycle=252300 time=7.549975e+00 dt=2.790551e-05
elapsed=8.138276e+03 cycle=252400 time=7.552847e+00 dt=2.878675e-05
elapsed=8.141420e+03 cycle=252500 time=7.555734e+00 dt=2.909753e-05
elapsed=8.144565e+03 cycle=252600 time=7.558662e+00 dt=2.958297e-05
elapsed=8.147826e+03 cycle=252700 time=7.561632e+00 dt=2.983969e-05
elapsed=8.150972e+03 cycle=252800 time=7.564600e+00 dt=2.920653e-05
elapsed=8.154117e+03 cycle=252900 time=7.567441e+00 dt=2.765041e-05
elapsed=8.157380e+03 cycle=253000 time=7.570221e+00 dt=2.813297e-05
elapsed=8.160526e+03 cycle=253100 time=7.573101e+00 dt=2.961286e-05
elapsed=8.163671e+03 cycle=253200 time=7.576024e+00 dt=2.856111e-05
elapsed=8.166816e+03 cycle=253300 time=7.578785e+00 dt=2.653324e-05
elapsed=8.170076e+03 cycle=253400 time=7.581350e+00 dt=2.507729e-05
elapsed=8.173223e+03 cycle=253500 time=7.583897e+00 dt=2.650144e-05
elapsed=8.176369e+03 cycle=253600 time=7.586571e+00 dt=2.614334e-05
elapsed=8.179515e+03 cycle=253700 time=7.589248e+00 dt=2.869981e-05
elapsed=8.182780e+03 cycle=253800 time=7.592294e+00 dt=3.034671e-05
elapsed=8.185929e+03 cycle=253900 time=7.595316e+00 dt=3.023790e-05
elapsed=8.189079e+03 cycle=254000 time=7.598335e+00 dt=3.019654e-05
elapsed=8.192345e+03 cycle=254100 time=7.601348e+00 dt=3.000495e-05
elapsed=8.195496e+03 cycle=254200 time=7.604274e+00 dt=2.627543e-05
elapsed=8.198647e+03 cycle=254300 time=7.606858e+00 dt=2.795092e-05
elapsed=8.201797e+03 cycle=254400 time=7.609942e+00 dt=3.111155e-05
elapsed=8.205066e+03 cycle=254500 time=7.612943e+00 dt=2.963418e-05
elapsed=8.208216e+03 cycle=254600 time=7.615947e+00 dt=3.085532e-05
elapsed=8.211366e+03 cycle=254700 time=7.619015e+00 dt=3.059372e-05
elapsed=8.214630e+03 cycle=254800 time=7.622033e+00 dt=3.007135e-05
elapsed=8.217778e+03 cycle=254900 time=7.625046e+00 dt=2.963658e-05
elapsed=8.220926e+03 cycle=255000 time=7.628021e+00 dt=3.009148e-05
elapsed=8.224190e+03 cycle=255100 time=7.631046e+00 dt=3.023511e-05
elapsed=8.227337e+03 cycle=255200 time=7.634017e+00 dt=2.872522e-05
elapsed=8.230484e+03 cycle=255300 time=7.636934e+00 dt=2.987635e-05
elapsed=8.233630e+03 cycle=255400 time=7.639912e+00 dt=2.970184e-05
elapsed=8.236893e+03 cycle=255500 time=7.642878e+00 dt=2.972434e-05
elapsed=8.240041e+03 cycle=255600 time=7.645883e+00 dt=3.043316e-05
elapsed=8.243189e+03 cycle=255700 time=7.648964e+00 dt=3.136009e-05
elapsed=8.246452e+03 cycle=255800 time=7.652071e+00 dt=3.059175e-05
elapsed=8.249599e+03 cycle=255900 time=7.655096e+00 dt=3.001587e-05
elapsed=8.252746e+03 cycle=256000 time=7.658053e+00 dt=2.900066e-05
elapsed=8.256009e+03 cycle=256100 time=7.660901e+00 dt=2.800270e-05
elapsed=8.259158e+03 cycle=256200 time=7.663681e+00 dt=2.749895e-05
elapsed=8.262306e+03 cycle=256300 time=7.666380e+00 dt=2.683732e-05
elapsed=8.265455e+03 cycle=256400 time=7.669073e+00 dt=2.728390e-05
elapsed=8.268720e+03 cycle=256500 time=7.671878e+00 dt=2.880698e-05
elapsed=8.271869e+03 cycle=256600 time=7.674875e+00 dt=3.136662e-05
elapsed=8.275019e+03 cycle=256700 time=7.677991e+00 dt=3.089461e-05
elapsed=8.278282e+03 cycle=256800 time=7.681032e+00 dt=2.995196e-05
elapsed=8.281432e+03 cycle=256900 time=7.684012e+00 dt=2.984655e-05
elapsed=8.284581e+03 cycle=257000 time=7.687002e+00 dt=2.972059e-05
elapsed=8.287730e+03 cycle=257100 time=7.689921e+00 dt=2.857946e-05
elapsed=8.290997e+03 cycle=257200 time=7.692740e+00 dt=2.784680e-05
elapsed=8.294146e+03 cycle=257300 time=7.695494e+00 dt=2.698821e-05
elapsed=8.297296e+03 cycle=257400 time=7.698239e+00 dt=2.941022e-05
elapsed=8.300559e+03 cycle=257500 time=7.701256e+00 dt=3.055930e-05
elapsed=8.303709e+03 cycle=257600 time=7.704310e+00 dt=3.081249e-05
elapsed=8.306860e+03 cycle=257700 time=7.707264e+00 dt=2.744642e-05
elapsed=8.310012e+03 cycle=257800 time=7.709955e+00 dt=3.184371e-05
elapsed=8.313281e+03 cycle=257900 time=7.713233e+00 dt=3.238592e-05
elapsed=8.316436e+03 cycle=258000 time=7.716435e+00 dt=3.187624e-05
elapsed=8.319591e+03 cycle=258100 time=7.719646e+00 dt=3.259419e-05
elapsed=8.322863e+03 cycle=258200 time=7.722904e+00 dt=3.205819e-05
elapsed=8.326020e+03 cycle=258300 time=7.726078e+00 dt=3.150688e-05
elapsed=8.329177e+03 cycle=258400 time=7.729201e+00 dt=3.102365e-05
elapsed=8.332454e+03 cycle=258500 time=7.732229e+00 dt=2.960785e-05
elapsed=8.335613e+03 cycle=258600 time=7.735235e+00 dt=3.058602e-05
elapsed=8.338771e+03 cycle=258700 time=7.738278e+00 dt=3.048158e-05
elapsed=8.342046e+03 cycle=258800 time=7.741327e+00 dt=3.016093e-05
elapsed=8.345204e+03 cycle=258900 time=7.744243e+00 dt=2.837732e-05
elapsed=8.348361e+03 cycle=259000 time=7.747089e+00 dt=2.908563e-05
elapsed=8.351634e+03 cycle=259100 time=7.750105e+00 dt=3.104946e-05
elapsed=8.354792e+03 cycle=259200 time=7.753199e+00 dt=3.078777e-05
elapsed=8.357949e+03 cycle=259300 time=7.756259e+00 dt=3.035372e-05
elapsed=8.361107e+03 cycle=259400 time=7.759270e+00 dt=2.966053e-05
elapsed=8.364380e+03 cycle=259500 time=7.762183e+00 dt=2.872152e-05
elapsed=8.367536e+03 cycle=259600 time=7.765008e+00 dt=2.744225e-05
elapsed=8.370693e+03 cycle=259700 time=7.767815e+00 dt=2.863795e-05
elapsed=8.373967e+03 cycle=259800 time=7.770656e+00 dt=2.809392e-05
elapsed=8.377124e+03 cycle=259900 time=7.773437e+00 dt=2.751717e-05
elapsed=8.380280e+03 cycle=260000 time=7.776114e+00 dt=2.569078e-05
elapsed=8.383438e+03 cycle=260100 time=7.778656e+00 dt=2.534524e-05
elapsed=8.386715e+03 cycle=260200 time=7.781238e+00 dt=2.675612e-05
elapsed=8.389874e+03 cycle=260300 time=7.784045e+00 dt=2.954394e-05
elapsed=8.393032e+03 cycle=260400 time=7.787036e+00 dt=2.975640e-05
elapsed=8.396189e+03 cycle=260500 time=7.789982e+00 dt=2.910184e-05
elapsed=8.399464e+03 cycle=260600 time=7.792863e+00 dt=2.845317e-05
elapsed=8.402621e+03 cycle=260700 time=7.795688e+00 dt=2.808088e-05
elapsed=8.405778e+03 cycle=260800 time=7.798511e+00 dt=2.830044e-05
elapsed=8.409049e+03 cycle=260900 time=7.801397e+00 dt=2.960302e-05
elapsed=8.412205e+03 cycle=261000 time=7.804405e+00 dt=3.012816e-05
elapsed=8.415362e+03 cycle=261100 time=7.807375e+00 dt=2.868987e-05
elapsed=8.418638e+03 cycle=261200 time=7.810254e+00 dt=2.897515e-05
elapsed=8.421798e+03 cycle=261300 time=7.813093e+00 dt=2.779438e-05
elapsed=8.424957e+03 cycle=261400 time=7.815849e+00 dt=2.745802e-05
elapsed=8.428114e+03 cycle=261500 time=7.818595e+00 dt=2.764036e-05
elapsed=8.431386e+03 cycle=261600 time=7.821445e+00 dt=2.934216e-05
elapsed=8.434545e+03 cycle=261700 time=7.824479e+00 dt=3.065402e-05
elapsed=8.437704e+03 cycle=261800 time=7.827530e+00 dt=3.005572e-05
elapsed=8.440982e+03 cycle=261900 time=7.830412e+00 dt=2.780138e-05
elapsed=8.444142e+03 cycle=262000 time=7.833176e+00 dt=2.788566e-05
elapsed=8.447301e+03 cycle=262100 time=7.836066e+00 dt=3.052208e-05
elapsed=8.450460e+03 cycle=262200 time=7.839070e+00 dt=2.960799e-05
elapsed=8.453734e+03 cycle=262300 time=7.841991e+00 dt=2.904810e-05
elapsed=8.456891e+03 cycle=262400 time=7.844964e+00 dt=3.022584e-05
elapsed=8.460049e+03 cycle=262500 time=7.847971e+00 dt=2.959856e-05
elapsed=8.463319e+03 cycle=262600 time=7.850868e+00 dt=2.820303e-05
elapsed=8.466474e+03 cycle=262700 time=7.853600e+00 dt=2.662048e-05
elapsed=8.469629e+03 cycle=262800 time=7.856225e+00 dt=2.589169e-05
elapsed=8.472784e+03 cycle=262900 time=7.858796e+00 dt=2.578818e-05
elapsed=8.476054e+03 cycle=263000 time=7.861428e+00 dt=2.711601e-05
elapsed=8.479207e+03 cycle=263100 time=7.864055e+00 dt=2.537534e-05
elapsed=8.482360e+03 cycle=263200 time=7.866536e+00 dt=2.397793e-05
elapsed=8.485511e+03 cycle=263300 time=7.868873e+00 dt=2.304144e-05
elapsed=8.488779e+03 cycle=263400 time=7.871175e+00 dt=2.314824e-05
elapsed=8.491930e+03 cycle=263500 time=7.873505e+00 dt=2.344242e-05
elapsed=8.495079e+03 cycle=263600 time=7.875854e+00 dt=2.401894e-05
elapsed=8.498230e+03 cycle=263700 time=7.878404e+00 dt=2.662035e-05
elapsed=8.501495e+03 cycle=263800 time=7.881157e+00 dt=2.805882e-05
elapsed=8.504647e+03 cycle=263900 time=7.884015e+00 dt=2.905399e-05
elapsed=8.507797e+03 cycle=264000 time=7.886879e+00 dt=2.817390e-05
elapsed=8.510948e+03 cycle=264100 time=7.889794e+00 dt=2.995379e-05
elapsed=8.514213e+03 cycle=264200 time=7.892745e+00 dt=2.876451e-05
elapsed=8.517365e+03 cycle=264300 time=7.895565e+00 dt=2.777562e-05
elapsed=8.520515e+03 cycle=264400 time=7.898327e+00 dt=2.714058e-05
elapsed=8.523782e+03 cycle=264500 time=7.900970e+00 dt=2.558585e-05
elapsed=8.526930e+03 cycle=264600 time=7.903560e+00 dt=2.580541e-05
elapsed=8.530079e+03 cycle=264700 time=7.906088e+00 dt=2.493483e-05
elapsed=8.533227e+03 cycle=264800 time=7.908738e+00 dt=2.806905e-05
elapsed=8.536491e+03 cycle=264900 time=7.911570e+00 dt=2.790119e-05
elapsed=8.539637e+03 cycle=265000 time=7.914341e+00 dt=2.742620e-05
elapsed=8.542783e+03 cycle=265100 time=7.917099e+00 dt=2.760934e-05
elapsed=8.545931e+03 cycle=265200 time=7.919764e+00 dt=2.576945e-05
elapsed=8.549193e+03 cycle=265300 time=7.922304e+00 dt=2.511524e-05
elapsed=8.552338e+03 cycle=265400 time=7.924800e+00 dt=2.486450e-05
elapsed=8.555484e+03 cycle=265500 time=7.927293e+00 dt=2.516121e-05
elapsed=8.558630e+03 cycle=265600 time=7.929963e+00 dt=2.719277e-05
elapsed=8.561893e+03 cycle=265700 time=7.932944e+00 dt=3.160724e-05
elapsed=8.565039e+03 cycle=265800 time=7.936173e+00 dt=3.186796e-05
elapsed=8.568186e+03 cycle=265900 time=7.939229e+00 dt=2.926027e-05
elapsed=8.571451e+03 cycle=266000 time=7.942043e+00 dt=2.720392e-05
elapsed=8.574600e+03 cycle=266100 time=7.944742e+00 dt=2.718402e-05
elapsed=8.577747e+03 cycle=266200 time=7.947618e+00 dt=3.040077e-05
elapsed=8.581010e+03 cycle=266300 time=7.950687e+00 dt=3.021470e-05
elapsed=8.584157e+03 cycle=266400 time=7.953655e+00 dt=2.932924e-05
elapsed=8.587304e+03 cycle=266500 time=7.956519e+00 dt=2.808734e-05
elapsed=8.590450e+03 cycle=266600 time=7.959276e+00 dt=2.706593e-05
elapsed=8.593712e+03 cycle=266700 time=7.961931e+00 dt=2.613763e-05
elapsed=8.596861e+03 cycle=266800 time=7.964513e+00 dt=2.581875e-05
elapsed=8.600012e+03 cycle=266900 time=7.967123e+00 dt=2.658247e-05
elapsed=8.603162e+03 cycle=267000 time=7.969871e+00 dt=2.825671e-05
elapsed=8.606431e+03 cycle=267100 time=7.972677e+00 dt=2.779422e-05
elapsed=8.609583e+03 cycle=267200 time=7.975419e+00 dt=2.695939e-05
elapsed=8.612735e+03 cycle=267300 time=7.978133e+00 dt=2.782178e-05
elapsed=8.616002e+03 cycle=267400 time=7.981060e+00 dt=3.040530e-05
elapsed=8.619155e+03 cycle=267500 time=7.984097e+00 dt=3.003379e-05
elapsed=8.622309e+03 cycle=267600 time=7.987069e+00 dt=2.895463e-05
elapsed=8.625578e+03 cycle=267700 time=7.990126e+00 dt=3.114425e-05
elapsed=8.628735e+03 cycle=267800 time=7.993193e+00 dt=2.959424e-05
elapsed=8.631891e+03 cycle=267900 time=7.996093e+00 dt=2.893013e-05
elapsed=8.635046e+03 cycle=268000 time=7.998988e+00 dt=2.929819e-05
elapsed=8.638351e+03 cycle=268100 time=8.001918e+00 dt=2.966272e-05
elapsed=8.641505e+03 cycle=268200 time=8.004934e+00 dt=3.033814e-05
elapsed=8.644659e+03 cycle=268300 time=8.007994e+00 dt=3.050456e-05
elapsed=8.647945e+03 cycle=268400 time=8.010955e+00 dt=2.861619e-05
elapsed=8.651098e+03 cycle=268500 time=8.013792e+00 dt=2.931865e-05
elapsed=8.654249e+03 cycle=268600 time=8.016820e+00 dt=3.122697e-05
elapsed=8.657399e+03 cycle=268700 time=8.019850e+00 dt=2.854602e-05
elapsed=8.660663e+03 cycle=268800 time=8.022650e+00 dt=2.779904e-05
elapsed=8.663811e+03 cycle=268900 time=8.025393e+00 dt=2.725273e-05
elapsed=8.666958e+03 cycle=269000 time=8.028023e+00 dt=2.610031e-05
elapsed=8.670216e+03 cycle=269100 time=8.030740e+00 dt=2.748703e-05
elapsed=8.673360e+03 cycle=269200 time=8.033546e+00 dt=2.875397e-05
elapsed=8.676505e+03 cycle=269300 time=8.036524e+00 dt=3.048090e-05
elapsed=8.679651e+03 cycle=269400 time=8.039519e+00 dt=2.932840e-05
elapsed=8.682911e+03 cycle=269500 time=8.042405e+00 dt=2.883387e-05
elapsed=8.686057e+03 cycle=269600 time=8.045325e+00 dt=2.883207e-05
elapsed=8.689203e+03 cycle=269700 time=8.048293e+00 dt=3.032392e-05
elapsed=8.692463e+03 cycle=269800 time=8.051265e+00 dt=2.875317e-05
elapsed=8.695608e+03 cycle=269900 time=8.054172e+00 dt=2.950900e-05
elapsed=8.698753e+03 cycle=270000 time=8.057084e+00 dt=2.855669e-05
elapsed=8.701897e+03 cycle=270100 time=8.059893e+00 dt=2.777847e-05
elapsed=8.705156e+03 cycle=270200 time=8.062662e+00 dt=2.756438e-05
elapsed=8.708300e+03 cycle=270300 time=8.065378e+00 dt=2.672234e-05
elapsed=8.711442e+03 cycle=270400 time=8.068008e+00 dt=2.614931e-05
elapsed=8.714702e+03 cycle=270500 time=8.070798e+00 dt=3.022186e-05
elapsed=8.717845e+03 cycle=270600 time=8.073881e+00 dt=3.074111e-05
elapsed=8.720987e+03 cycle=270700 time=8.076867e+00 dt=2.896395e-05
elapsed=8.724130e+03 cycle=270800 time=8.079705e+00 dt=2.780755e-05
elapsed=8.727387e+03 cycle=270900 time=8.082453e+00 dt=2.727415e-05
elapsed=8.730528e+03 cycle=271000 time=8.085222e+00 dt=2.868473e-05
elapsed=8.733668e+03 cycle=271100 time=8.088139e+00 dt=2.939788e-05
elapsed=8.736923e+03 cycle=271200 time=8.091231e+00 dt=3.237718e-05
elapsed=8.740064e+03 cycle=271300 time=8.094458e+00 dt=3.206061e-05
elapsed=8.743206e+03 cycle=271400 time=8.097633e+00 dt=3.161027e-05
elapsed=8.746465e+03 cycle=271500 time=8.100766e+00 dt=3.104296e-05
elapsed=8.749607e+03 cycle=271600 time=8.103840e+00 dt=3.050260e-05
elapsed=8.752750e+03 cycle=271700 time=8.106864e+00 dt=2.966885e-05
elapsed=8.755893e+03 cycle=271800 time=8.109750e+00 dt=2.798006e-05
elapsed=8.759152e+03 cycle=271900 time=8.112382e+00 dt=2.449634e-05
elapsed=8.762297e+03 cycle=272000 time=8.115146e+00 dt=3.014944e-05
elapsed=8.765444e+03 cycle=272100 time=8.118150e+00 dt=2.986662e-05
elapsed=8.768707e+03 cycle=272200 time=8.121153e+00 dt=3.037218e-05
elapsed=8.771855e+03 cycle=272300 time=8.124181e+00 dt=2.960725e-05
elapsed=8.775005e+03 cycle=272400 time=8.127167e+00 dt=3.038357e-05
elapsed=8.778273e+03 cycle=272500 time=8.130176e+00 dt=2.916995e-05
elapsed=8.781427e+03 cycle=272600 time=8.133078e+00 dt=2.970209e-05
elapsed=8.784584e+03 cycle=272700 time=8.135980e+00 dt=2.799287e-05
elapsed=8.787743e+03 cycle=272800 time=8.138749e+00 dt=2.815535e-05
elapsed=8.791022e+03 cycle=272900 time=8.141539e+00 dt=2.727987e-05
elapsed=8.794184e+03 cycle=273000 time=8.144232e+00 dt=2.671538e-05
elapsed=8.797346e+03 cycle=273100 time=8.146898e+00 dt=2.659163e-05
elapsed=8.800508e+03 cycle=273200 time=8.149530e+00 dt=2.638743e-05
elapsed=8.803786e+03 cycle=273300 time=8.152320e+00 dt=2.953883e-05
elapsed=8.806948e+03 cycle=273400 time=8.155246e+00 dt=2.889677e-05
elapsed=8.810111e+03 cycle=273500 time=8.158110e+00 dt=2.841977e-05
elapsed=8.813391e+03 cycle=273600 time=8.160933e+00 dt=2.781050e-05
elapsed=8.816555e+03 cycle=273700 time=8.163609e+00 dt=2.556548e-05
elapsed=8.819719e+03 cycle=273800 time=8.166056e+00 dt=2.341967e-05
elapsed=8.822884e+03 cycle=273900 time=8.168347e+00 dt=2.342084e-05
elapsed=8.826163e+03 cycle=274000 time=8.171136e+00 dt=3.128614e-05
elapsed=8.829327e+03 cycle=274100 time=8.174214e+00 dt=3.048339e-05
elapsed=8.832490e+03 cycle=274200 time=8.177254e+00 dt=2.999729e-05
elapsed=8.835768e+03 cycle=274300 time=8.180222e+00 dt=2.942426e-05
elapsed=8.838929e+03 cycle=274400 time=8.183158e+00 dt=2.936631e-05
elapsed=8.842087e+03 cycle=274500 time=8.186103e+00 dt=2.958162e-05
elapsed=8.845245e+03 cycle=274600 time=8.189025e+00 dt=2.892600e-05
elapsed=8.848521e+03 cycle=274700 time=8.191884e+00 dt=2.851031e-05
elapsed=8.851684e+03 cycle=274800 time=8.194719e+00 dt=2.816791e-05
elapsed=8.854848e+03 cycle=274900 time=8.197508e+00 dt=2.772678e-05
elapsed=8.858128e+03 cycle=275000 time=8.200260e+00 dt=2.736581e-05
elapsed=8.861294e+03 cycle=275100 time=8.202984e+00 dt=2.687305e-05
elapsed=8.864459e+03 cycle=275200 time=8.205647e+00 dt=2.652606e-05
elapsed=8.867624e+03 cycle=275300 time=8.208315e+00 dt=2.683131e-05
elapsed=8.870904e+03 cycle=275400 time=8.211000e+00 dt=2.725202e-05
elapsed=8.874070e+03 cycle=275500 time=8.213741e+00 dt=2.767106e-05
elapsed=8.877237e+03 cycle=275600 time=8.216478e+00 dt=2.724635e-05
elapsed=8.880404e+03 cycle=275700 time=8.219249e+00 dt=2.860990e-05
elapsed=8.883688e+03 cycle=275800 time=8.222195e+00 dt=2.977184e-05
elapsed=8.886854e+03 cycle=275900 time=8.225109e+00 dt=2.805446e-05
elapsed=8.890020e+03 cycle=276000 time=8.227937e+00 dt=2.961948e-05
elapsed=8.893303e+03 cycle=276100 time=8.230855e+00 dt=2.940500e-05
elapsed=8.896471e+03 cycle=276200 time=8.233849e+00 dt=3.136348e-05
elapsed=8.899638e+03 cycle=276300 time=8.236995e+00 dt=3.201091e-05
elapsed=8.902924e+03 cycle=276400 time=8.240115e+00 dt=3.035325e-05
elapsed=8.906093e+03 cycle=276500 time=8.243021e+00 dt=2.760814e-05
elapsed=8.909264e+03 cycle=276600 time=8.245657e+00 dt=2.530615e-05
elapsed=8.912435e+03 cycle=276700 time=8.248198e+00 dt=2.630733e-05
elapsed=8.915723e+03 cycle=276800 time=8.251200e+00 dt=3.259409e-05
elapsed=8.918893e+03 cycle=276900 time=8.254383e+00 dt=3.100518e-05
elapsed=8.922064e+03 cycle=277000 time=8.257369e+00 dt=2.862048e-05
elapsed=8.925354e+03 cycle=277100 time=8.260160e+00 dt=2.778102e-05
elapsed=8.928528e+03 cycle=277200 time=8.263002e+00 dt=2.875564e-05
elapsed=8.931701e+03 cycle=277300 time=8.265915e+00 dt=2.980112e-05
elapsed=8.934874e+03 cycle=277400 time=8.268885e+00 dt=2.928015e-05
elapsed=8.938165e+03 cycle=277500 time=8.271877e+00 dt=2.969248e-05
elapsed=8.941339e+03 cycle=277600 time=8.274811e+00 dt=2.939928e-05
elapsed=8.944512e+03 cycle=277700 time=8.277863e+00 dt=3.170565e-05
elapsed=8.947802e+03 cycle=277800 time=8.281051e+00 dt=3.169816e-05
elapsed=8.950973e+03 cycle=277900 time=8.284156e+00 dt=3.111244e-05
elapsed=8.954144e+03 cycle=278000 time=8.287404e+00 dt=3.339865e-05
elapsed=8.957431e+03 cycle=278100 time=8.290732e+00 dt=3.328667e-05
elapsed=8.960602e+03 cycle=278200 time=8.294029e+00 dt=3.227362e-05
elapsed=8.963773e+03 cycle=278300 time=8.297129e+00 dt=3.017312e-05
elapsed=8.967059e+03 cycle=278400 time=8.300278e+00 dt=3.204068e-05
elapsed=8.970228e+03 cycle=278500 time=8.303450e+00 dt=3.117601e-05
elapsed=8.973396e+03 cycle=278600 time=8.306548e+00 dt=3.060288e-05
elapsed=8.976565e+03 cycle=278700 time=8.309602e+00 dt=3.036615e-05
elapsed=8.979853e+03 cycle=278800 time=8.312626e+00 dt=3.005088e-05
elapsed=8.983021e+03 cycle=278900 time=8.315650e+00 dt=3.062125e-05
elapsed=8.986190e+03 cycle=279000 time=8.318700e+00 dt=3.049117e-05
elapsed=8.989475e+03 cycle=279100 time=8.321715e+00 dt=2.990590e-05
elapsed=8.992645e+03 cycle=279200 time=8.324667e+00 dt=2.903648e-05
elapsed=8.995816e+03 cycle=279300 time=8.327551e+00 dt=2.845086e-05
elapsed=8.999100e+03 cycle=279400 time=8.330373e+00 dt=2.815276e-05
elapsed=9.002270e+03 cycle=279500 time=8.333228e+00 dt=2.890026e-05
elapsed=9.005440e+03 cycle=279600 time=8.336154e+00 dt=2.976060e-05
elapsed=9.008608e+03 cycle=279700 time=8.339140e+00 dt=3.004202e-05
elapsed=9.011889e+03 cycle=279800 time=8.342177e+00 dt=3.018543e-05
elapsed=9.015052e+03 cycle=279900 time=8.345148e+00 dt=2.920654e-05
elapsed=9.018213e+03 cycle=280000 time=8.348104e+00 dt=3.059991e-05
elapsed=9.021492e+03 cycle=280100 time=8.351105e+00 dt=2.950976e-05
elapsed=9.024653e+03 cycle=280200 time=8.353968e+00 dt=2.727799e-05
elapsed=9.027816e+03 cycle=280300 time=8.356779e+00 dt=2.834157e-05
elapsed=9.030976e+03 cycle=280400 time=8.359782e+00 dt=3.278483e-05
elapsed=9.034251e+03 cycle=280500 time=8.362974e+00 dt=3.042552e-05
elapsed=9.037410e+03 cycle=280600 time=8.365853e+00 dt=2.876834e-05
elapsed=9.040569e+03 cycle=280700 time=8.368865e+00 dt=3.049498e-05
elapsed=9.043849e+03 cycle=280800 time=8.371820e+00 dt=2.844397e-05
elapsed=9.047012e+03 cycle=280900 time=8.374691e+00 dt=2.996429e-05
elapsed=9.050175e+03 cycle=281000 time=8.377913e+00 dt=3.266798e-05
elapsed=9.053458e+03 cycle=281100 time=8.381023e+00 dt=3.170255e-05
elapsed=9.056624e+03 cycle=281200 time=8.384153e+00 dt=3.112227e-05
elapsed=9.059789e+03 cycle=281300 time=8.387255e+00 dt=3.103818e-05
elapsed=9.063071e+03 cycle=281400 time=8.390327e+00 dt=2.981968e-05
elapsed=9.066234e+03 cycle=281500 time=8.393242e+00 dt=3.025211e-05
elapsed=9.069396e+03 cycle=281600 time=8.396219e+00 dt=2.941187e-05
elapsed=9.072559e+03 cycle=281700 time=8.399155e+00 dt=2.933492e-05
elapsed=9.075840e+03 cycle=281800 time=8.402098e+00 dt=2.947793e-05
elapsed=9.079004e+03 cycle=281900 time=8.405005e+00 dt=2.853656e-05
elapsed=9.082168e+03 cycle=282000 time=8.407815e+00 dt=2.768250e-05
elapsed=9.085449e+03 cycle=282100 time=8.410556e+00 dt=2.732666e-05
elapsed=9.088612e+03 cycle=282200 time=8.413285e+00 dt=2.746853e-05
elapsed=9.091773e+03 cycle=282300 time=8.416032e+00 dt=2.720453e-05
elapsed=9.094933e+03 cycle=282400 time=8.418702e+00 dt=2.591965e-05
elapsed=9.098207e+03 cycle=282500 time=8.421236e+00 dt=2.486293e-05
elapsed=9.101366e+03 cycle=282600 time=8.423723e+00 dt=2.524865e-05
elapsed=9.104526e+03 cycle=282700 time=8.426360e+00 dt=2.774266e-05
elapsed=9.107687e+03 cycle=282800 time=8.429172e+00 dt=2.784048e-05
elapsed=9.110964e+03 cycle=282900 time=8.431902e+00 dt=2.629661e-05
elapsed=9.114122e+03 cycle=283000 time=8.434656e+00 dt=2.893817e-05
elapsed=9.117280e+03 cycle=283100 time=8.437636e+00 dt=2.986442e-05
elapsed=9.120555e+03 cycle=283200 time=8.440618e+00 dt=2.966191e-05
elapsed=9.123715e+03 cycle=283300 time=8.443566e+00 dt=2.957084e-05
elapsed=9.126873e+03 cycle=283400 time=8.446490e+00 dt=2.866661e-05
elapsed=9.130031e+03 cycle=283500 time=8.449350e+00 dt=2.887084e-05
elapsed=9.133305e+03 cycle=283600 time=8.452277e+00 dt=2.875287e-05
elapsed=9.136462e+03 cycle=283700 time=8.455105e+00 dt=2.978951e-05
elapsed=9.139619e+03 cycle=283800 time=8.458083e+00 dt=3.001399e-05
elapsed=9.142892e+03 cycle=283900 time=8.461104e+00 dt=3.021326e-05
elapsed=9.146052e+03 cycle=284000 time=8.464078e+00 dt=2.931686e-05
elapsed=9.149213e+03 cycle=284100 time=8.466970e+00 dt=2.860875e-05
elapsed=9.152375e+03 cycle=284200 time=8.469799e+00 dt=2.795497e-05
elapsed=9.155657e+03 cycle=284300 time=8.472561e+00 dt=2.720933e-05
elapsed=9.158821e+03 cycle=284400 time=8.475231e+00 dt=2.613105e-05
elapsed=9.161984e+03 cycle=284500 time=8.477810e+00 dt=2.526205e-05
elapsed=9.165265e+03 cycle=284600 time=8.480318e+00 dt=2.510526e-05
elapsed=9.168431e+03 cycle=284700 time=8.482807e+00 dt=2.417689e-05
elapsed=9.171594e+03 cycle=284800 time=8.485133e+00 dt=2.275136e-05
elapsed=9.174757e+03 cycle=284900 time=8.487412e+00 dt=2.283131e-05
elapsed=9.177919e+03 cycle=285000 time=8.489760e+00 dt=2.444663e-05
elapsed=9.181198e+03 cycle=285100 time=8.492375e+00 dt=2.775304e-05
elapsed=9.184359e+03 cycle=285200 time=8.495207e+00 dt=2.846224e-05
elapsed=9.187520e+03 cycle=285300 time=8.498010e+00 dt=2.732902e-05
elapsed=9.190799e+03 cycle=285400 time=8.500697e+00 dt=2.645335e-05
elapsed=9.193960e+03 cycle=285500 time=8.503229e+00 dt=2.424724e-05
elapsed=9.197120e+03 cycle=285600 time=8.505583e+00 dt=2.310772e-05
elapsed=9.200281e+03 cycle=285700 time=8.507880e+00 dt=2.327417e-05
elapsed=9.203561e+03 cycle=285800 time=8.510278e+00 dt=2.451147e-05
elapsed=9.206722e+03 cycle=285900 time=8.512784e+00 dt=2.474889e-05
elapsed=9.209884e+03 cycle=286000 time=8.515303e+00 dt=2.548897e-05
elapsed=9.213046e+03 cycle=286100 time=8.518031e+00 dt=2.784957e-05
elapsed=9.216325e+03 cycle=286200 time=8.520750e+00 dt=2.635711e-05
elapsed=9.219487e+03 cycle=286300 time=8.523312e+00 dt=2.479253e-05
elapsed=9.222648e+03 cycle=286400 time=8.525773e+00 dt=2.716746e-05
elapsed=9.225812e+03 cycle=286500 time=8.528637e+00 dt=2.970082e-05
elapsed=9.229093e+03 cycle=286600 time=8.531589e+00 dt=2.951980e-05
elapsed=9.232255e+03 cycle=286700 time=8.534553e+00 dt=2.978237e-05
elapsed=9.235416e+03 cycle=286800 time=8.537548e+00 dt=2.953437e-05
elapsed=9.238690e+03 cycle=286900 time=8.540431e+00 dt=2.825927e-05
elapsed=9.241850e+03 cycle=287000 time=8.543218e+00 dt=2.755581e-05
elapsed=9.245010e+03 cycle=287100 time=8.545951e+00 dt=2.629096e-05
elapsed=9.248169e+03 cycle=287200 time=8.548607e+00 dt=2.742205e-05
elapsed=9.251443e+03 cycle=287300 time=8.551289e+00 dt=2.651298e-05
elapsed=9.254602e+03 cycle=287400 time=8.553909e+00 dt=2.608448e-05
elapsed=9.257759e+03 cycle=287500 time=8.556522e+00 dt=2.618300e-05
elapsed=9.260914e+03 cycle=287600 time=8.559162e+00 dt=2.680153e-05
elapsed=9.264185e+03 cycle=287700 time=8.561885e+00 dt=2.750066e-05
elapsed=9.267337e+03 cycle=287800 time=8.564656e+00 dt=2.790504e-05
elapsed=9.270491e+03 cycle=287900 time=8.567430e+00 dt=2.772113e-05
elapsed=9.273762e+03 cycle=288000 time=8.570245e+00 dt=2.910184e-05
elapsed=9.276917e+03 cycle=288100 time=8.573169e+00 dt=2.893575e-05
elapsed=9.280073e+03 cycle=288200 time=8.575968e+00 dt=2.701451e-05
elapsed=9.283231e+03 cycle=288300 time=8.578589e+00 dt=2.551246e-05
elapsed=9.286507e+03 cycle=288400 time=8.581046e+00 dt=2.351506e-05
elapsed=9.289667e+03 cycle=288500 time=8.583359e+00 dt=2.325530e-05
elapsed=9.292827e+03 cycle=288600 time=8.585739e+00 dt=2.555748e-05
elapsed=9.295987e+03 cycle=288700 time=8.588492e+00 dt=2.818552e-05
elapsed=9.299267e+03 cycle=288800 time=8.591364e+00 dt=3.001614e-05
elapsed=9.302431e+03 cycle=288900 time=8.594330e+00 dt=2.936769e-05
elapsed=9.305597e+03 cycle=289000 time=8.597288e+00 dt=3.028709e-05
elapsed=9.308879e+03 cycle=289100 time=8.600320e+00 dt=3.040531e-05
elapsed=9.312043e+03 cycle=289200 time=8.603371e+00 dt=3.062099e-05
elapsed=9.315210e+03 cycle=289300 time=8.606407e+00 dt=2.995508e-05
elapsed=9.318379e+03 cycle=289400 time=8.609318e+00 dt=2.806838e-05
elapsed=9.321663e+03 cycle=289500 time=8.612097e+00 dt=2.815501e-05
elapsed=9.324832e+03 cycle=289600 time=8.614899e+00 dt=2.771639e-05
elapsed=9.328003e+03 cycle=289700 time=8.617635e+00 dt=2.744834e-05
elapsed=9.331287e+03 cycle=289800 time=8.620411e+00 dt=2.841187e-05
elapsed=9.334458e+03 cycle=289900 time=8.623415e+00 dt=3.097275e-05
elapsed=9.337630e+03 cycle=290000 time=8.626453e+00 dt=3.003505e-05
elapsed=9.340799e+03 cycle=290100 time=8.629434e+00 dt=2.941217e-05
elapsed=9.344086e+03 cycle=290200 time=8.632376e+00 dt=2.953726e-05
elapsed=9.347256e+03 cycle=290300 time=8.635344e+00 dt=2.995387e-05
elapsed=9.350425e+03 cycle=290400 time=8.638381e+00 dt=3.074196e-05
elapsed=9.353710e+03 cycle=290500 time=8.641483e+00 dt=3.128190e-05
elapsed=9.356878e+03 cycle=290600 time=8.644661e+00 dt=3.227601e-05
elapsed=9.360047e+03 cycle=290700 time=8.647918e+00 dt=3.292193e-05
elapsed=9.363332e+03 cycle=290800 time=8.651231e+00 dt=3.256167e-05
elapsed=9.366496e+03 cycle=290900 time=8.654419e+00 dt=3.135577e-05
elapsed=9.369662e+03 cycle=291000 time=8.657535e+00 dt=3.110118e-05
elapsed=9.372945e+03 cycle=291100 time=8.660703e+00 dt=3.266916e-05
elapsed=9.376112e+03 cycle=291200 time=8.664078e+00 dt=3.442175e-05
elapsed=9.379276e+03 cycle=291300 time=8.667430e+00 dt=3.225294e-05
elapsed=9.382557e+03 cycle=291400 time=8.670537e+00 dt=3.024522e-05
elapsed=9.385721e+03 cycle=291500 time=8.673580e+00 dt=3.125481e-05
elapsed=9.388883e+03 cycle=291600 time=8.676768e+00 dt=3.152677e-05
elapsed=9.392043e+03 cycle=291700 time=8.679915e+00 dt=3.189808e-05
elapsed=9.395317e+03 cycle=291800 time=8.683192e+00 dt=3.368534e-05
elapsed=9.398477e+03 cycle=291900 time=8.686523e+00 dt=3.297468e-05
elapsed=9.401636e+03 cycle=292000 time=8.689804e+00 dt=3.261663e-05
elapsed=9.404913e+03 cycle=292100 time=8.693051e+00 dt=3.239829e-05
elapsed=9.408074e+03 cycle=292200 time=8.696300e+00 dt=3.242305e-05
elapsed=9.411236e+03 cycle=292300 time=8.699512e+00 dt=3.166216e-05
elapsed=9.414514e+03 cycle=292400 time=8.702628e+00 dt=3.060831e-05
elapsed=9.417677e+03 cycle=292500 time=8.705653e+00 dt=2.998490e-05
elapsed=9.420840e+03 cycle=292600 time=8.708632e+00 dt=2.986175e-05
elapsed=9.424120e+03 cycle=292700 time=8.711593e+00 dt=2.982486e-05
elapsed=9.427284e+03 cycle=292800 time=8.714574e+00 dt=3.035490e-05
elapsed=9.430448e+03 cycle=292900 time=8.717660e+00 dt=3.149904e-05
elapsed=9.433726e+03 cycle=293000 time=8.720922e+00 dt=3.426551e-05
elapsed=9.436889e+03 cycle=293100 time=8.724287e+00 dt=3.312334e-05
elapsed=9.440050e+03 cycle=293200 time=8.727571e+00 dt=3.260371e-05
elapsed=9.443327e+03 cycle=293300 time=8.730811e+00 dt=3.218937e-05
elapsed=9.446487e+03 cycle=293400 time=8.734042e+00 dt=3.246787e-05
elapsed=9.449647e+03 cycle=293500 time=8.737318e+00 dt=3.313654e-05
elapsed=9.452923e+03 cycle=293600 time=8.740623e+00 dt=3.294067e-05
elapsed=9.456084e+03 cycle=293700 time=8.743906e+00 dt=3.251057e-05
elapsed=9.459245e+03 cycle=293800 time=8.747099e+00 dt=3.091888e-05
elapsed=9.462522e+03 cycle=293900 time=8.750028e+00 dt=2.791932e-05
elapsed=9.465683e+03 cycle=294000 time=8.753024e+00 dt=3.187085e-05
elapsed=9.468842e+03 cycle=294100 time=8.756267e+00 dt=3.255346e-05
elapsed=9.472002e+03 cycle=294200 time=8.759500e+00 dt=3.211772e-05
elapsed=9.475279e+03 cycle=294300 time=8.762693e+00 dt=3.185920e-05
elapsed=9.478440e+03 cycle=294400 time=8.765892e+00 dt=3.210936e-05
elapsed=9.481601e+03 cycle=294500 time=8.769097e+00 dt=3.197887e-05
elapsed=9.484880e+03 cycle=294600 time=8.772292e+00 dt=3.190658e-05
elapsed=9.488040e+03 cycle=294700 time=8.775449e+00 dt=3.075226e-05
elapsed=9.491198e+03 cycle=294800 time=8.778449e+00 dt=2.999672e-05
elapsed=9.494472e+03 cycle=294900 time=8.781487e+00 dt=3.014245e-05
elapsed=9.497632e+03 cycle=295000 time=8.784488e+00 dt=3.017208e-05
elapsed=9.500792e+03 cycle=295100 time=8.787577e+00 dt=3.098074e-05
elapsed=9.504069e+03 cycle=295200 time=8.790701e+00 dt=3.315297e-05
elapsed=9.507231e+03 cycle=295300 time=8.794018e+00 dt=3.294050e-05
elapsed=9.510393e+03 cycle=295400 time=8.797228e+00 dt=3.041065e-05
elapsed=9.513668e+03 cycle=295500 time=8.800301e+00 dt=3.187310e-05
elapsed=9.516828e+03 cycle=295600 time=8.803420e+00 dt=3.057911e-05
elapsed=9.519988e+03 cycle=295700 time=8.806443e+00 dt=2.987059e-05
elapsed=9.523149e+03 cycle=295800 time=8.809411e+00 dt=2.965638e-05
elapsed=9.526425e+03 cycle=295900 time=8.812434e+00 dt=3.138472e-05
elapsed=9.529585e+03 cycle=296000 time=8.815653e+00 dt=3.221561e-05
elapsed=9.532744e+03 cycle=296100 time=8.818865e+00 dt=3.177374e-05
elapsed=9.536018e+03 cycle=296200 time=8.822015e+00 dt=3.108791e-05
elapsed=9.539174e+03 cycle=296300 time=8.825041e+00 dt=2.952914e-05
elapsed=9.542330e+03 cycle=296400 time=8.827956e+00 dt=2.933837e-05
elapsed=9.545602e+03 cycle=296500 time=8.831049e+00 dt=3.303832e-05
elapsed=9.548756e+03 cycle=296600 time=8.834390e+00 dt=3.351817e-05
elapsed=9.551911e+03 cycle=296700 time=8.837716e+00 dt=3.309899e-05
elapsed=9.555183e+03 cycle=296800 time=8.840962e+00 dt=3.252637e-05
elapsed=9.558339e+03 cycle=296900 time=8.844227e+00 dt=3.250821e-05
elapsed=9.561497e+03 cycle=297000 time=8.847455e+00 dt=3.196311e-05
elapsed=9.564773e+03 cycle=297100 time=8.850464e+00 dt=2.787362e-05
elapsed=9.567928e+03 cycle=297200 time=8.853459e+00 dt=3.104482e-05
elapsed=9.571082e+03 cycle=297300 time=8.856562e+00 dt=3.092919e-05
elapsed=9.574238e+03 cycle=297400 time=8.859633e+00 dt=3.041678e-05
elapsed=9.577508e+03 cycle=297500 time=8.862659e+00 dt=3.005079e-05
elapsed=9.580659e+03 cycle=297600 time=8.865654e+00 dt=2.988595e-05
elapsed=9.583810e+03 cycle=297700 time=8.868497e+00 dt=2.698732e-05
elapsed=9.587078e+03 cycle=297800 time=8.871199e+00 dt=2.747170e-05
elapsed=9.590232e+03 cycle=297900 time=8.874252e+00 dt=3.154695e-05
elapsed=9.593384e+03 cycle=298000 time=8.877479e+00 dt=3.251894e-05
elapsed=9.596653e+03 cycle=298100 time=8.880715e+00 dt=3.218921e-05
elapsed=9.599807e+03 cycle=298200 time=8.883874e+00 dt=3.082647e-05
elapsed=9.602960e+03 cycle=298300 time=8.886926e+00 dt=3.078914e-05
elapsed=9.606112e+03 cycle=298400 time=8.889934e+00 dt=2.876872e-05
elapsed=9.609382e+03 cycle=298500 time=8.892862e+00 dt=2.889826e-05
elapsed=9.612536e+03 cycle=298600 time=8.895711e+00 dt=2.833263e-05
elapsed=9.615688e+03 cycle=298700 time=8.898612e+00 dt=3.041679e-05
elapsed=9.618956e+03 cycle=298800 time=8.901636e+00 dt=2.910279e-05
elapsed=9.622106e+03 cycle=298900 time=8.904410e+00 dt=2.673229e-05
elapsed=9.625257e+03 cycle=299000 time=8.907104e+00 dt=2.804619e-05
elapsed=9.628525e+03 cycle=299100 time=8.910153e+00 dt=3.272744e-05
elapsed=9.631676e+03 cycle=299200 time=8.913371e+00 dt=3.067500e-05
elapsed=9.634828e+03 cycle=299300 time=8.916409e+00 dt=3.211614e-05
elapsed=9.637978e+03 cycle=299400 time=8.919572e+00 dt=3.054808e-05
elapsed=9.641241e+03 cycle=299500 time=8.922480e+00 dt=2.766961e-05
elapsed=9.644390e+03 cycle=299600 time=8.925452e+00 dt=3.068096e-05
elapsed=9.647540e+03 cycle=299700 time=8.928539e+00 dt=3.113764e-05
elapsed=9.650809e+03 cycle=299800 time=8.931607e+00 dt=3.029826e-05
elapsed=9.653961e+03 cycle=299900 time=8.934657e+00 dt=2.997664e-05
elapsed=9.657116e+03 cycle=300000 time=8.937668e+00 dt=2.994681e-05
elapsed=9.660387e+03 cycle=300100 time=8.940652e+00 dt=2.992216e-05
elapsed=9.663543e+03 cycle=300200 time=8.943701e+00 dt=3.096457e-05
elapsed=9.666701e+03 cycle=300300 time=8.946786e+00 dt=3.064518e-05
elapsed=9.669860e+03 cycle=300400 time=8.949692e+00 dt=2.740252e-05
elapsed=9.673133e+03 cycle=300500 time=8.952452e+00 dt=2.986098e-05
elapsed=9.676289e+03 cycle=300600 time=8.955456e+00 dt=2.948927e-05
elapsed=9.679443e+03 cycle=300700 time=8.958399e+00 dt=2.937277e-05
elapsed=9.682715e+03 cycle=300800 time=8.961351e+00 dt=2.960008e-05
elapsed=9.685869e+03 cycle=300900 time=8.964280e+00 dt=2.952193e-05
elapsed=9.689023e+03 cycle=301000 time=8.967075e+00 dt=2.801531e-05
elapsed=9.692299e+03 cycle=301100 time=8.970030e+00 dt=2.905508e-05
elapsed=9.695455e+03 cycle=301200 time=8.972883e+00 dt=2.861548e-05
elapsed=9.698611e+03 cycle=301300 time=8.975800e+00 dt=2.942681e-05
elapsed=9.701766e+03 cycle=301400 time=8.978794e+00 dt=2.986988e-05
elapsed=9.705038e+03 cycle=301500 time=8.981737e+00 dt=2.936647e-05
elapsed=9.708195e+03 cycle=301600 time=8.984550e+00 dt=2.638836e-05
elapsed=9.711353e+03 cycle=301700 time=8.987131e+00 dt=2.616578e-05
elapsed=9.714626e+03 cycle=301800 time=8.990011e+00 dt=3.180002e-05
elapsed=9.717781e+03 cycle=301900 time=8.993141e+00 dt=3.087477e-05
elapsed=9.720939e+03 cycle=302000 time=8.996216e+00 dt=3.069056e-05
elapsed=9.724098e+03 cycle=302100 time=8.999278e+00 dt=3.046772e-05
elapsed=9.727407e+03 cycle=302200 time=9.002312e+00 dt=3.045826e-05
elapsed=9.730565e+03 cycle=302300 time=9.005406e+00 dt=3.147736e-05
elapsed=9.733724e+03 cycle=302400 time=9.008584e+00 dt=3.158573e-05
elapsed=9.736997e+03 cycle=302500 time=9.011687e+00 dt=3.025685e-05
elapsed=9.740153e+03 cycle=302600 time=9.014642e+00 dt=2.884490e-05
elapsed=9.743307e+03 cycle=302700 time=9.017482e+00 dt=2.819055e-05
elapsed=9.746582e+03 cycle=302800 time=9.020338e+00 dt=2.934737e-05
elapsed=9.749740e+03 cycle=302900 time=9.023375e+00 dt=3.189241e-05
elapsed=9.752901e+03 cycle=303000 time=9.026566e+00 dt=3.193426e-05
elapsed=9.756063e+03 cycle=303100 time=9.029761e+00 dt=3.202293e-05
elapsed=9.759336e+03 cycle=303200 time=9.032894e+00 dt=3.056797e-05
elapsed=9.762496e+03 cycle=303300 time=9.035988e+00 dt=3.209496e-05
elapsed=9.765657e+03 cycle=303400 time=9.039197e+00 dt=3.269035e-05
elapsed=9.768934e+03 cycle=303500 time=9.042437e+00 dt=3.179562e-05
elapsed=9.772092e+03 cycle=303600 time=9.045580e+00 dt=3.118450e-05
elapsed=9.775250e+03 cycle=303700 time=9.048694e+00 dt=3.123003e-05
elapsed=9.778527e+03 cycle=303800 time=9.051807e+00 dt=3.152384e-05
elapsed=9.781682e+03 cycle=303900 time=9.054940e+00 dt=3.094371e-05
elapsed=9.784836e+03 cycle=304000 time=9.058062e+00 dt=3.143313e-05
elapsed=9.788107e+03 cycle=304100 time=9.061171e+00 dt=2.944056e-05
elapsed=9.791263e+03 cycle=304200 time=9.064188e+00 dt=3.058856e-05
elapsed=9.794419e+03 cycle=304300 time=9.067326e+00 dt=3.087650e-05
elapsed=9.797691e+03 cycle=304400 time=9.070244e+00 dt=2.848684e-05
elapsed=9.800847e+03 cycle=304500 time=9.073224e+00 dt=3.111799e-05
elapsed=9.804004e+03 cycle=304600 time=9.076273e+00 dt=2.907539e-05
elapsed=9.807161e+03 cycle=304700 time=9.079086e+00 dt=2.949492e-05
elapsed=9.810433e+03 cycle=304800 time=9.082085e+00 dt=2.996093e-05
elapsed=9.813589e+03 cycle=304900 time=9.085064e+00 dt=2.982902e-05
elapsed=9.816747e+03 cycle=305000 time=9.088072e+00 dt=3.041531e-05
elapsed=9.820022e+03 cycle=305100 time=9.091124e+00 dt=2.999020e-05
elapsed=9.823181e+03 cycle=305200 time=9.094144e+00 dt=3.116195e-05
elapsed=9.826341e+03 cycle=305300 time=9.097328e+00 dt=3.210971e-05
elapsed=9.829620e+03 cycle=305400 time=9.100403e+00 dt=2.934168e-05
elapsed=9.832779e+03 cycle=305500 time=9.103439e+00 dt=3.177845e-05
elapsed=9.835938e+03 cycle=305600 time=9.106604e+00 dt=3.240391e-05
elapsed=9.839095e+03 cycle=305700 time=9.109826e+00 dt=3.208878e-05
elapsed=9.842368e+03 cycle=305800 time=9.113017e+00 dt=3.175654e-05
elapsed=9.845525e+03 cycle=305900 time=9.116188e+00 dt=3.171698e-05
elapsed=9.848680e+03 cycle=306000 time=9.119356e+00 dt=3.151674e-05
elapsed=9.851951e+03 cycle=306100 time=9.122439e+00 dt=3.008840e-05
elapsed=9.855105e+03 cycle=306200 time=9.125358e+00 dt=2.806147e-05
elapsed=9.858260e+03 cycle=306300 time=9.128142e+00 dt=2.723100e-05
elapsed=9.861531e+03 cycle=306400 time=9.130889e+00 dt=2.842289e-05
elapsed=9.864687e+03 cycle=306500 time=9.133908e+00 dt=3.044474e-05
elapsed=9.867842e+03 cycle=306600 time=9.136918e+00 dt=2.983895e-05
elapsed=9.870997e+03 cycle=306700 time=9.139882e+00 dt=2.943900e-05
elapsed=9.874270e+03 cycle=306800 time=9.142726e+00 dt=2.656559e-05
elapsed=9.877425e+03 cycle=306900 time=9.145293e+00 dt=2.815016e-05
elapsed=9.880579e+03 cycle=307000 time=9.148183e+00 dt=2.883177e-05
elapsed=9.883850e+03 cycle=307100 time=9.151013e+00 dt=2.849343e-05
elapsed=9.887004e+03 cycle=307200 time=9.153818e+00 dt=2.775517e-05
elapsed=9.890156e+03 cycle=307300 time=9.156614e+00 dt=2.834416e-05
elapsed=9.893308e+03 cycle=307400 time=9.159523e+00 dt=2.984948e-05
elapsed=9.896577e+03 cycle=307500 time=9.162501e+00 dt=2.966351e-05
elapsed=9.899728e+03 cycle=307600 time=9.165455e+00 dt=2.959547e-05
elapsed=9.902880e+03 cycle=307700 time=9.168429e+00 dt=2.951406e-05
elapsed=9.906147e+03 cycle=307800 time=9.171318e+00 dt=2.768192e-05
elapsed=9.909299e+03 cycle=307900 time=9.174017e+00 dt=2.673182e-05
elapsed=9.912450e+03 cycle=308000 time=9.176826e+00 dt=2.938447e-05
elapsed=9.915602e+03 cycle=308100 time=9.179726e+00 dt=2.814484e-05
elapsed=9.918872e+03 cycle=308200 time=9.182458e+00 dt=2.644850e-05
elapsed=9.922027e+03 cycle=308300 time=9.185204e+00 dt=2.925891e-05
elapsed=9.925184e+03 cycle=308400 time=9.188191e+00 dt=2.938540e-05
elapsed=9.928456e+03 cycle=308500 time=9.191064e+00 dt=2.811546e-05
elapsed=9.931612e+03 cycle=308600 time=9.193884e+00 dt=2.920709e-05
elapsed=9.934771e+03 cycle=308700 time=9.196835e+00 dt=2.942843e-05
elapsed=9.937931e+03 cycle=308800 time=9.199775e+00 dt=2.936097e-05
elapsed=9.941208e+03 cycle=308900 time=9.202705e+00 dt=2.921347e-05
elapsed=9.944368e+03 cycle=309000 time=9.205608e+00 dt=2.843319e-05
elapsed=9.947528e+03 cycle=309100 time=9.208420e+00 dt=2.846361e-05
elapsed=9.950809e+03 cycle=309200 time=9.211304e+00 dt=2.875781e-05
elapsed=9.953975e+03 cycle=309300 time=9.214284e+00 dt=3.026272e-05
elapsed=9.957139e+03 cycle=309400 time=9.217299e+00 dt=3.007959e-05
elapsed=9.960421e+03 cycle=309500 time=9.220325e+00 dt=3.018826e-05
elapsed=9.963587e+03 cycle=309600 time=9.223348e+00 dt=3.020340e-05
elapsed=9.966753e+03 cycle=309700 time=9.226352e+00 dt=3.004805e-05
elapsed=9.969920e+03 cycle=309800 time=9.229372e+00 dt=3.011671e-05
elapsed=9.973203e+03 cycle=309900 time=9.232341e+00 dt=2.913950e-05
elapsed=9.976368e+03 cycle=310000 time=9.235226e+00 dt=2.863551e-05
elapsed=9.979535e+03 cycle=310100 time=9.238049e+00 dt=2.796107e-05
elapsed=9.982820e+03 cycle=310200 time=9.240839e+00 dt=2.762612e-05
elapsed=9.985989e+03 cycle=310300 time=9.243578e+00 dt=2.724985e-05
elapsed=9.989157e+03 cycle=310400 time=9.246294e+00 dt=2.709864e-05
elapsed=9.992324e+03 cycle=310500 time=9.249021e+00 dt=2.721421e-05
elapsed=9.995611e+03 cycle=310600 time=9.251735e+00 dt=2.688569e-05
elapsed=9.998779e+03 cycle=310700 time=9.254473e+00 dt=2.776907e-05
elapsed=1.000195e+04 cycle=310800 time=9.257315e+00 dt=2.941912e-05
elapsed=1.000523e+04 cycle=310900 time=9.260253e+00 dt=2.946147e-05
elapsed=1.000840e+04 cycle=311000 time=9.263219e+00 dt=3.014368e-05
elapsed=1.001157e+04 cycle=311100 time=9.266320e+00 dt=3.136394e-05
elapsed=1.001474e+04 cycle=311200 time=9.269413e+00 dt=2.988218e-05
elapsed=1.001802e+04 cycle=311300 time=9.272309e+00 dt=2.827922e-05
elapsed=1.002118e+04 cycle=311400 time=9.275148e+00 dt=2.900755e-05
elapsed=1.002435e+04 cycle=311500 time=9.278045e+00 dt=2.871273e-05
elapsed=1.002763e+04 cycle=311600 time=9.280909e+00 dt=2.848137e-05
elapsed=1.003080e+04 cycle=311700 time=9.283778e+00 dt=3.031508e-05
elapsed=1.003396e+04 cycle=311800 time=9.286856e+00 dt=3.097232e-05
elapsed=1.003713e+04 cycle=311900 time=9.289957e+00 dt=3.103951e-05
elapsed=1.004041e+04 cycle=312000 time=9.293051e+00 dt=3.081279e-05
elapsed=1.004357e+04 cycle=312100 time=9.296126e+00 dt=3.058448e-05
elapsed=1.004674e+04 cycle=312200 time=9.299077e+00 dt=2.802414e-05
elapsed=1.005002e+04 cycle=312300 time=9.301819e+00 dt=2.644172e-05
elapsed=1.005319e+04 cycle=312400 time=9.304453e+00 dt=2.677918e-05
elapsed=1.005635e+04 cycle=312500 time=9.307136e+00 dt=2.644309e-05
elapsed=1.005952e+04 cycle=312600 time=9.309801e+00 dt=2.759879e-05
elapsed=1.006280e+04 cycle=312700 time=9.312710e+00 dt=2.958907e-05
elapsed=1.006597e+04 cycle=312800 time=9.315625e+00 dt=2.888483e-05
elapsed=1.006913e+04 cycle=312900 time=9.318501e+00 dt=2.846261e-05
elapsed=1.007241e+04 cycle=313000 time=9.321328e+00 dt=2.822422e-05
elapsed=1.007558e+04 cycle=313100 time=9.324159e+00 dt=2.815029e-05
elapsed=1.007874e+04 cycle=313200 time=9.326879e+00 dt=2.555856e-05
elapsed=1.008191e+04 cycle=313300 time=9.329456e+00 dt=2.628653e-05
elapsed=1.008519e+04 cycle=313400 time=9.332037e+00 dt=2.599631e-05
elapsed=1.008836e+04 cycle=313500 time=9.334780e+00 dt=2.820460e-05
elapsed=1.009153e+04 cycle=313600 time=9.337593e+00 dt=2.775705e-05
elapsed=1.009482e+04 cycle=313700 time=9.340389e+00 dt=2.784994e-05
elapsed=1.009799e+04 cycle=313800 time=9.343217e+00 dt=2.897722e-05
elapsed=1.010117e+04 cycle=313900 time=9.346112e+00 dt=2.871834e-05
elapsed=1.010434e+04 cycle=314000 time=9.348919e+00 dt=2.735920e-05
elapsed=1.010764e+04 cycle=314100 time=9.351594e+00 dt=2.622226e-05
elapsed=1.011081e+04 cycle=314200 time=9.354167e+00 dt=2.556878e-05
elapsed=1.011399e+04 cycle=314300 time=9.356712e+00 dt=2.543479e-05
elapsed=1.011717e+04 cycle=314400 time=9.359415e+00 dt=2.867862e-05
elapsed=1.012046e+04 cycle=314500 time=9.362366e+00 dt=2.970307e-05
elapsed=1.012364e+04 cycle=314600 time=9.365285e+00 dt=2.877615e-05
elapsed=1.012682e+04 cycle=314700 time=9.368156e+00 dt=2.926499e-05
elapsed=1.013012e+04 cycle=314800 time=9.371248e+00 dt=3.166571e-05
elapsed=1.013330e+04 cycle=314900 time=9.374378e+00 dt=3.100943e-05
elapsed=1.013648e+04 cycle=315000 time=9.377458e+00 dt=3.050170e-05
elapsed=1.013978e+04 cycle=315100 time=9.380465e+00 dt=2.989895e-05
elapsed=1.014297e+04 cycle=315200 time=9.383432e+00 dt=2.903399e-05
elapsed=1.014615e+04 cycle=315300 time=9.386225e+00 dt=2.592286e-05
elapsed=1.014934e+04 cycle=315400 time=9.388796e+00 dt=2.540166e-05
elapsed=1.015264e+04 cycle=315500 time=9.391336e+00 dt=2.501537e-05
elapsed=1.015582e+04 cycle=315600 time=9.393750e+00 dt=2.303926e-05
elapsed=1.015901e+04 cycle=315700 time=9.395993e+00 dt=2.313208e-05
elapsed=1.016219e+04 cycle=315800 time=9.398597e+00 dt=2.746945e-05
elapsed=1.016550e+04 cycle=315900 time=9.401268e+00 dt=2.627666e-05
elapsed=1.016868e+04 cycle=316000 time=9.403956e+00 dt=2.657116e-05
elapsed=1.017187e+04 cycle=316100 time=9.406529e+00 dt=2.488130e-05
elapsed=1.017505e+04 cycle=316200 time=9.408937e+00 dt=2.332049e-05
elapsed=1.017835e+04 cycle=316300 time=9.411287e+00 dt=2.460529e-05
elapsed=1.018153e+04 cycle=316400 time=9.413973e+00 dt=2.915301e-05
elapsed=1.018471e+04 cycle=316500 time=9.416881e+00 dt=2.957283e-05
elapsed=1.018789e+04 cycle=316600 time=9.419786e+00 dt=2.842781e-05
elapsed=1.019119e+04 cycle=316700 time=9.422593e+00 dt=2.767822e-05
elapsed=1.019437e+04 cycle=316800 time=9.425397e+00 dt=2.890879e-05
elapsed=1.019754e+04 cycle=316900 time=9.428334e+00 dt=2.952366e-05
elapsed=1.020084e+04 cycle=317000 time=9.431299e+00 dt=2.991949e-05
elapsed=1.020401e+04 cycle=317100 time=9.434231e+00 dt=2.864795e-05
elapsed=1.020719e+04 cycle=317200 time=9.437067e+00 dt=2.837224e-05
elapsed=1.021036e+04 cycle=317300 time=9.439898e+00 dt=2.819964e-05
elapsed=1.021365e+04 cycle=317400 time=9.442710e+00 dt=2.816915e-05
elapsed=1.021683e+04 cycle=317500 time=9.445569e+00 dt=2.910537e-05
elapsed=1.022000e+04 cycle=317600 time=9.448501e+00 dt=2.948597e-05
elapsed=1.022329e+04 cycle=317700 time=9.451487e+00 dt=3.016167e-05
elapsed=1.022647e+04 cycle=317800 time=9.454505e+00 dt=3.014535e-05
elapsed=1.022964e+04 cycle=317900 time=9.457479e+00 dt=2.909089e-05
elapsed=1.023294e+04 cycle=318000 time=9.460319e+00 dt=2.778374e-05
elapsed=1.023611e+04 cycle=318100 time=9.463070e+00 dt=2.754803e-05
elapsed=1.023929e+04 cycle=318200 time=9.465902e+00 dt=2.984453e-05
elapsed=1.024246e+04 cycle=318300 time=9.468914e+00 dt=3.030803e-05
elapsed=1.024576e+04 cycle=318400 time=9.471968e+00 dt=3.088901e-05
elapsed=1.024893e+04 cycle=318500 time=9.475038e+00 dt=3.037700e-05
elapsed=1.025210e+04 cycle=318600 time=9.478096e+00 dt=3.088749e-05
elapsed=1.025540e+04 cycle=318700 time=9.481126e+00 dt=2.957325e-05
elapsed=1.025857e+04 cycle=318800 time=9.484022e+00 dt=2.869289e-05
elapsed=1.026174e+04 cycle=318900 time=9.486967e+00 dt=2.934992e-05
elapsed=1.026491e+04 cycle=319000 time=9.489857e+00 dt=2.898713e-05
elapsed=1.026820e+04 cycle=319100 time=9.492707e+00 dt=2.757918e-05
elapsed=1.027137e+04 cycle=319200 time=9.495385e+00 dt=2.614693e-05
elapsed=1.027454e+04 cycle=319300 time=9.498003e+00 dt=2.660335e-05
elapsed=1.027783e+04 cycle=319400 time=9.500748e+00 dt=2.853148e-05
elapsed=1.028100e+04 cycle=319500 time=9.503514e+00 dt=2.620155e-05
elapsed=1.028417e+04 cycle=319600 time=9.506040e+00 dt=2.507309e-05
elapsed=1.028735e+04 cycle=319700 time=9.508552e+00 dt=2.516080e-05
elapsed=1.029064e+04 cycle=319800 time=9.511373e+00 dt=2.863380e-05
elapsed=1.029381e+04 cycle=319900 time=9.514296e+00 dt=2.962672e-05
elapsed=1.029699e+04 cycle=320000 time=9.517283e+00 dt=2.959638e-05
elapsed=1.030028e+04 cycle=320100 time=9.520187e+00 dt=2.863819e-05
elapsed=1.030346e+04 cycle=320200 time=9.523034e+00 dt=2.848733e-05
elapsed=1.030664e+04 cycle=320300 time=9.525897e+00 dt=2.835869e-05
elapsed=1.030981e+04 cycle=320400 time=9.528741e+00 dt=2.861273e-05
elapsed=1.031310e+04 cycle=320500 time=9.531571e+00 dt=2.804792e-05
elapsed=1.031628e+04 cycle=320600 time=9.534351e+00 dt=2.747777e-05
elapsed=1.031946e+04 cycle=320700 time=9.537060e+00 dt=2.677129e-05
elapsed=1.032264e+04 cycle=320800 time=9.539720e+00 dt=2.656910e-05
elapsed=1.032593e+04 cycle=320900 time=9.542378e+00 dt=2.617537e-05
elapsed=1.032911e+04 cycle=321000 time=9.544952e+00 dt=2.576641e-05
elapsed=1.033230e+04 cycle=321100 time=9.547535e+00 dt=2.574773e-05
elapsed=1.033559e+04 cycle=321200 time=9.550069e+00 dt=2.499749e-05
elapsed=1.033878e+04 cycle=321300 time=9.552562e+00 dt=2.486958e-05
elapsed=1.034196e+04 cycle=321400 time=9.555063e+00 dt=2.498704e-05
elapsed=1.034514e+04 cycle=321500 time=9.557625e+00 dt=2.584417e-05
elapsed=1.034845e+04 cycle=321600 time=9.560163e+00 dt=2.501461e-05
elapsed=1.035163e+04 cycle=321700 time=9.562650e+00 dt=2.491780e-05
elapsed=1.035481e+04 cycle=321800 time=9.565179e+00 dt=2.553819e-05
elapsed=1.035799e+04 cycle=321900 time=9.567714e+00 dt=2.508683e-05
elapsed=1.036129e+04 cycle=322000 time=9.570176e+00 dt=2.455858e-05
elapsed=1.036448e+04 cycle=322100 time=9.572644e+00 dt=2.502612e-05
elapsed=1.036766e+04 cycle=322200 time=9.575191e+00 dt=2.628094e-05
elapsed=1.037085e+04 cycle=322300 time=9.577918e+00 dt=2.795743e-05
elapsed=1.037415e+04 cycle=322400 time=9.580750e+00 dt=2.844729e-05
elapsed=1.037734e+04 cycle=322500 time=9.583543e+00 dt=2.735943e-05
elapsed=1.038053e+04 cycle=322600 time=9.586297e+00 dt=2.735822e-05
elapsed=1.038371e+04 cycle=322700 time=9.589007e+00 dt=2.676300e-05
elapsed=1.038702e+04 cycle=322800 time=9.591692e+00 dt=2.742939e-05
elapsed=1.039020e+04 cycle=322900 time=9.594431e+00 dt=2.762376e-05
elapsed=1.039339e+04 cycle=323000 time=9.597319e+00 dt=3.050127e-05
elapsed=1.039669e+04 cycle=323100 time=9.600372e+00 dt=3.015920e-05
elapsed=1.039988e+04 cycle=323200 time=9.603362e+00 dt=2.988121e-05
elapsed=1.040306e+04 cycle=323300 time=9.606242e+00 dt=2.804764e-05
elapsed=1.040625e+04 cycle=323400 time=9.609090e+00 dt=3.010712e-05
elapsed=1.040956e+04 cycle=323500 time=9.612083e+00 dt=2.983969e-05
elapsed=1.041275e+04 cycle=323600 time=9.614956e+00 dt=2.770898e-05
elapsed=1.041594e+04 cycle=323700 time=9.617648e+00 dt=2.622236e-05
elapsed=1.041925e+04 cycle=323800 time=9.620246e+00 dt=2.579796e-05
elapsed=1.042244e+04 cycle=323900 time=9.622842e+00 dt=2.615831e-05
elapsed=1.042564e+04 cycle=324000 time=9.625397e+00 dt=2.521933e-05
elapsed=1.042883e+04 cycle=324100 time=9.627884e+00 dt=2.504220e-05
elapsed=1.043215e+04 cycle=324200 time=9.630401e+00 dt=2.585241e-05
elapsed=1.043534e+04 cycle=324300 time=9.632965e+00 dt=2.509664e-05
elapsed=1.043854e+04 cycle=324400 time=9.635434e+00 dt=2.443802e-05
elapsed=1.044173e+04 cycle=324500 time=9.637875e+00 dt=2.444642e-05
elapsed=1.044503e+04 cycle=324600 time=9.640342e+00 dt=2.501997e-05
elapsed=1.044822e+04 cycle=324700 time=9.642898e+00 dt=2.625596e-05
elapsed=1.045141e+04 cycle=324800 time=9.645560e+00 dt=2.635897e-05
elapsed=1.045459e+04 cycle=324900 time=9.648131e+00 dt=2.581551e-05
elapsed=1.045789e+04 cycle=325000 time=9.650858e+00 dt=2.943082e-05
elapsed=1.046107e+04 cycle=325100 time=9.653806e+00 dt=2.935880e-05
elapsed=1.046425e+04 cycle=325200 time=9.656697e+00 dt=2.836941e-05
elapsed=1.046743e+04 cycle=325300 time=9.659492e+00 dt=2.784560e-05
elapsed=1.047073e+04 cycle=325400 time=9.662240e+00 dt=2.708832e-05
elapsed=1.047391e+04 cycle=325500 time=9.664918e+00 dt=2.652044e-05
elapsed=1.047709e+04 cycle=325600 time=9.667556e+00 dt=2.628524e-05
elapsed=1.048039e+04 cycle=325700 time=9.670175e+00 dt=2.610831e-05
elapsed=1.048357e+04 cycle=325800 time=9.672775e+00 dt=2.589290e-05
elapsed=1.048675e+04 cycle=325900 time=9.675333e+00 dt=2.524341e-05
elapsed=1.048993e+04 cycle=326000 time=9.677844e+00 dt=2.508316e-05
elapsed=1.049322e+04 cycle=326100 time=9.680372e+00 dt=2.527031e-05
elapsed=1.049640e+04 cycle=326200 time=9.682833e+00 dt=2.430921e-05
elapsed=1.049958e+04 cycle=326300 time=9.685254e+00 dt=2.421201e-05
elapsed=1.050275e+04 cycle=326400 time=9.687710e+00 dt=2.476227e-05
elapsed=1.050604e+04 cycle=326500 time=9.690136e+00 dt=2.341946e-05
elapsed=1.050921e+04 cycle=326600 time=9.692518e+00 dt=2.461514e-05
elapsed=1.051238e+04 cycle=326700 time=9.695040e+00 dt=2.487918e-05
elapsed=1.051555e+04 cycle=326800 time=9.697540e+00 dt=2.519022e-05
elapsed=1.051883e+04 cycle=326900 time=9.700032e+00 dt=2.499818e-05
elapsed=1.052199e+04 cycle=327000 time=9.702522e+00 dt=2.459408e-05
elapsed=1.052516e+04 cycle=327100 time=9.705020e+00 dt=2.560163e-05
elapsed=1.052833e+04 cycle=327200 time=9.707573e+00 dt=2.517658e-05
elapsed=1.053162e+04 cycle=327300 time=9.710061e+00 dt=2.459572e-05
elapsed=1.053478e+04 cycle=327400 time=9.712497e+00 dt=2.410514e-05
elapsed=1.053795e+04 cycle=327500 time=9.714896e+00 dt=2.393939e-05
elapsed=1.054112e+04 cycle=327600 time=9.717299e+00 dt=2.417168e-05
elapsed=1.054429e+04 cycle=327700 time=9.719735e+00 dt=2.456252e-05
elapsed=1.054757e+04 cycle=327800 time=9.722211e+00 dt=2.489697e-05
elapsed=1.055075e+04 cycle=327900 time=9.724659e+00 dt=2.407606e-05
elapsed=1.055392e+04 cycle=328000 time=9.727020e+00 dt=2.315814e-05
elapsed=1.055709e+04 cycle=328100 time=9.729317e+00 dt=2.297548e-05
elapsed=1.056038e+04 cycle=328200 time=9.731672e+00 dt=2.425261e-05
elapsed=1.056355e+04 cycle=328300 time=9.734090e+00 dt=2.376981e-05
elapsed=1.056672e+04 cycle=328400 time=9.736468e+00 dt=2.398412e-05
elapsed=1.056989e+04 cycle=328500 time=9.738896e+00 dt=2.454372e-05
elapsed=1.057318e+04 cycle=328600 time=9.741347e+00 dt=2.448578e-05
elapsed=1.057635e+04 cycle=328700 time=9.743860e+00 dt=2.634657e-05
elapsed=1.057952e+04 cycle=328800 time=9.746551e+00 dt=2.686252e-05
elapsed=1.058269e+04 cycle=328900 time=9.749179e+00 dt=2.567103e-05
elapsed=1.058598e+04 cycle=329000 time=9.751692e+00 dt=2.462905e-05
elapsed=1.058916e+04 cycle=329100 time=9.754114e+00 dt=2.385611e-05
elapsed=1.059233e+04 cycle=329200 time=9.756495e+00 dt=2.431583e-05
elapsed=1.059551e+04 cycle=329300 time=9.758994e+00 dt=2.512300e-05
elapsed=1.059880e+04 cycle=329400 time=9.761567e+00 dt=2.631509e-05
elapsed=1.060197e+04 cycle=329500 time=9.764251e+00 dt=2.702839e-05
elapsed=1.060514e+04 cycle=329600 time=9.766994e+00 dt=2.742890e-05
elapsed=1.060831e+04 cycle=329700 time=9.769730e+00 dt=2.742851e-05
elapsed=1.061160e+04 cycle=329800 time=9.772474e+00 dt=2.748823e-05
elapsed=1.061477e+04 cycle=329900 time=9.775190e+00 dt=2.675697e-05
elapsed=1.061794e+04 cycle=330000 time=9.777813e+00 dt=2.551468e-05
elapsed=1.062123e+04 cycle=330100 time=9.780300e+00 dt=2.522645e-05
elapsed=1.062440e+04 cycle=330200 time=9.783119e+00 dt=2.930501e-05
elapsed=1.062757e+04 cycle=330300 time=9.786076e+00 dt=2.928547e-05
elapsed=1.063074e+04 cycle=330400 time=9.788950e+00 dt=2.820234e-05
elapsed=1.063403e+04 cycle=330500 time=9.791690e+00 dt=2.660217e-05
elapsed=1.063720e+04 cycle=330600 time=9.794292e+00 dt=2.525927e-05
elapsed=1.064037e+04 cycle=330700 time=9.796773e+00 dt=2.433344e-05
elapsed=1.064353e+04 cycle=330800 time=9.799152e+00 dt=2.336004e-05
elapsed=1.064682e+04 cycle=330900 time=9.801482e+00 dt=2.311165e-05
elapsed=1.064999e+04 cycle=331000 time=9.803785e+00 dt=2.337984e-05
elapsed=1.065315e+04 cycle=331100 time=9.806268e+00 dt=2.581607e-05
elapsed=1.065632e+04 cycle=331200 time=9.808935e+00 dt=2.716277e-05
elapsed=1.065961e+04 cycle=331300 time=9.811777e+00 dt=2.910267e-05
elapsed=1.066278e+04 cycle=331400 time=9.814671e+00 dt=2.800112e-05
elapsed=1.066595e+04 cycle=331500 time=9.817379e+00 dt=2.690576e-05
elapsed=1.066923e+04 cycle=331600 time=9.820180e+00 dt=2.957590e-05
elapsed=1.067240e+04 cycle=331700 time=9.823122e+00 dt=2.934589e-05
elapsed=1.067557e+04 cycle=331800 time=9.826012e+00 dt=2.825366e-05
elapsed=1.067873e+04 cycle=331900 time=9.828808e+00 dt=2.656681e-05
elapsed=1.068202e+04 cycle=332000 time=9.831342e+00 dt=2.475188e-05
elapsed=1.068518e+04 cycle=332100 time=9.833853e+00 dt=2.537615e-05
elapsed=1.068834e+04 cycle=332200 time=9.836440e+00 dt=2.609125e-05
elapsed=1.069151e+04 cycle=332300 time=9.839012e+00 dt=2.504217e-05
elapsed=1.069479e+04 cycle=332400 time=9.841570e+00 dt=2.801962e-05
elapsed=1.069795e+04 cycle=332500 time=9.844415e+00 dt=2.871234e-05
elapsed=1.070112e+04 cycle=332600 time=9.847334e+00 dt=2.978588e-05
elapsed=1.070441e+04 cycle=332700 time=9.850284e+00 dt=2.938127e-05
elapsed=1.070758e+04 cycle=332800 time=9.853254e+00 dt=2.999274e-05
elapsed=1.071075e+04 cycle=332900 time=9.856133e+00 dt=2.786622e-05
elapsed=1.071392e+04 cycle=333000 time=9.858997e+00 dt=2.887966e-05
elapsed=1.071721e+04 cycle=333100 time=9.861880e+00 dt=2.867390e-05
elapsed=1.072038e+04 cycle=333200 time=9.864726e+00 dt=2.817617e-05
elapsed=1.072354e+04 cycle=333300 time=9.867518e+00 dt=2.761276e-05
elapsed=1.072683e+04 cycle=333400 time=9.870227e+00 dt=2.613706e-05
elapsed=1.073000e+04 cycle=333500 time=9.872834e+00 dt=2.659879e-05
elapsed=1.073317e+04 cycle=333600 time=9.875446e+00 dt=2.565060e-05
elapsed=1.073633e+04 cycle=333700 time=9.877981e+00 dt=2.498209e-05
elapsed=1.073961e+04 cycle=333800 time=9.880430e+00 dt=2.397265e-05
elapsed=1.074278e+04 cycle=333900 time=9.882772e+00 dt=2.294274e-05
elapsed=1.074594e+04 cycle=334000 time=9.885014e+00 dt=2.179979e-05
elapsed=1.074910e+04 cycle=334100 time=9.887140e+00 dt=2.107939e-05
elapsed=1.075226e+04 cycle=334200 time=9.889358e+00 dt=2.519301e-05
elapsed=1.075553e+04 cycle=334300 time=9.891910e+00 dt=2.554964e-05
elapsed=1.075869e+04 cycle=334400 time=9.894482e+00 dt=2.579235e-05
elapsed=1.076185e+04 cycle=334500 time=9.897000e+00 dt=2.494203e-05
elapsed=1.076500e+04 cycle=334600 time=9.899523e+00 dt=2.530423e-05
elapsed=1.076828e+04 cycle=334700 time=9.902085e+00 dt=2.621263e-05
elapsed=1.077143e+04 cycle=334800 time=9.904763e+00 dt=2.744887e-05
elapsed=1.077459e+04 cycle=334900 time=9.907378e+00 dt=2.473250e-05
elapsed=1.077774e+04 cycle=335000 time=9.909772e+00 dt=2.461845e-05
elapsed=1.078101e+04 cycle=335100 time=9.912460e+00 dt=2.760929e-05
elapsed=1.078417e+04 cycle=335200 time=9.915184e+00 dt=2.672915e-05
elapsed=1.078732e+04 cycle=335300 time=9.917814e+00 dt=2.594611e-05
elapsed=1.079059e+04 cycle=335400 time=9.920385e+00 dt=2.547216e-05
elapsed=1.079374e+04 cycle=335500 time=9.922901e+00 dt=2.492221e-05
elapsed=1.079690e+04 cycle=335600 time=9.925371e+00 dt=2.455045e-05
elapsed=1.080005e+04 cycle=335700 time=9.927810e+00 dt=2.414323e-05
elapsed=1.080332e+04 cycle=335800 time=9.930208e+00 dt=2.373823e-05
elapsed=1.080647e+04 cycle=335900 time=9.932559e+00 dt=2.359254e-05
elapsed=1.080963e+04 cycle=336000 time=9.934910e+00 dt=2.360734e-05
elapsed=1.081278e+04 cycle=336100 time=9.937284e+00 dt=2.400288e-05
elapsed=1.081594e+04 cycle=336200 time=9.939652e+00 dt=2.368934e-05
elapsed=1.081924e+04 cycle=336300 time=9.942012e+00 dt=2.370896e-05
elapsed=1.082240e+04 cycle=336400 time=9.944366e+00 dt=2.329170e-05
elapsed=1.082556e+04 cycle=336500 time=9.946688e+00 dt=2.303285e-05
elapsed=1.082872e+04 cycle=336600 time=9.949020e+00 dt=2.395956e-05
elapsed=1.083199e+04 cycle=336700 time=9.951566e+00 dt=2.630169e-05
elapsed=1.083515e+04 cycle=336800 time=9.954199e+00 dt=2.626491e-05
elapsed=1.083830e+04 cycle=336900 time=9.956849e+00 dt=2.674101e-05
elapsed=1.084146e+04 cycle=337000 time=9.959552e+00 dt=2.732452e-05
elapsed=1.084473e+04 cycle=337100 time=9.962298e+00 dt=2.787800e-05
elapsed=1.084788e+04 cycle=337200 time=9.965077e+00 dt=2.736058e-05
elapsed=1.085103e+04 cycle=337300 time=9.967793e+00 dt=2.699926e-05
elapsed=1.085430e+04 cycle=337400 time=9.970504e+00 dt=2.782397e-05
elapsed=1.085745e+04 cycle=337500 time=9.973422e+00 dt=2.941196e-05
elapsed=1.086061e+04 cycle=337600 time=9.976304e+00 dt=2.823100e-05
elapsed=1.086376e+04 cycle=337700 time=9.979109e+00 dt=2.808223e-05
elapsed=1.086703e+04 cycle=337800 time=9.981839e+00 dt=2.632556e-05
elapsed=1.087019e+04 cycle=337900 time=9.984491e+00 dt=2.727873e-05
elapsed=1.087334e+04 cycle=338000 time=9.987370e+00 dt=2.997228e-05
elapsed=1.087661e+04 cycle=338100 time=9.990284e+00 dt=2.823334e-05
elapsed=1.087977e+04 cycle=338200 time=9.992987e+00 dt=2.625261e-05
elapsed=1.088293e+04 cycle=338300 time=9.995787e+00 dt=2.826356e-05
elapsed=1.088609e+04 cycle=338400 time=9.998578e+00 dt=2.807892e-05

Terminating on time limit
time=1.000000e+01 cycle=338451
tlim=1.000000e+01 nlim=-1

MeshBlock-cycles = 10830432
cpu time used  = 1.088763e+04
zone-cycles/cpu_second = 6.519172e+07
particle-updates/cpu_second = 0.000000e+00
