Authorization required, but no authorization protocol specified
Authorization required, but no authorization protocol specified

Root grid = 4 x 8 x 1 MeshBlocks
Total number of MeshBlocks = 32
Number of logical  levels of refinement = 3 (4 levels total)
Number of physical levels of refinement = 0 (1 levels total)
Number of parallel ranks = 16
  Rank = 0: 2 MeshBlocks, cost = 2
  Rank = 1: 2 MeshBlocks, cost = 2
  Rank = 2: 2 MeshBlocks, cost = 2
  Rank = 3: 2 MeshBlocks, cost = 2
  Rank = 4: 2 MeshBlocks, cost = 2
  Rank = 5: 2 MeshBlocks, cost = 2
  Rank = 6: 2 MeshBlocks, cost = 2
  Rank = 7: 2 MeshBlocks, cost = 2
  Rank = 8: 2 MeshBlocks, cost = 2
  Rank = 9: 2 MeshBlocks, cost = 2
  Rank = 10: 2 MeshBlocks, cost = 2
  Rank = 11: 2 MeshBlocks, cost = 2
  Rank = 12: 2 MeshBlocks, cost = 2
  Rank = 13: 2 MeshBlocks, cost = 2
  Rank = 14: 2 MeshBlocks, cost = 2
  Rank = 15: 2 MeshBlocks, cost = 2
Load Balancing:
  Maximum normalized cost = 1, Average = 1

Setup complete, executing task list(s)...

elapsed=5.893907e-02 cycle=0 time=0.000000e+00 dt=4.325644e-05
elapsed=5.786488e+00 cycle=100 time=4.322337e-03 dt=4.323057e-05
elapsed=1.152603e+01 cycle=200 time=8.646466e-03 dt=4.324756e-05
elapsed=1.721625e+01 cycle=300 time=1.297147e-02 dt=4.325158e-05
elapsed=2.288591e+01 cycle=400 time=1.729672e-02 dt=4.325330e-05
elapsed=2.903607e+01 cycle=500 time=2.162210e-02 dt=4.325442e-05
elapsed=3.622294e+01 cycle=600 time=2.594490e-02 dt=4.316275e-05
elapsed=4.195769e+01 cycle=700 time=3.025900e-02 dt=4.311827e-05
elapsed=4.761617e+01 cycle=800 time=3.457086e-02 dt=4.308305e-05
elapsed=5.326399e+01 cycle=900 time=3.887454e-02 dt=4.301557e-05
elapsed=5.892903e+01 cycle=1000 time=4.317535e-02 dt=4.300907e-05
elapsed=6.457446e+01 cycle=1100 time=4.747376e-02 dt=4.292740e-05
elapsed=7.192898e+01 cycle=1200 time=5.175523e-02 dt=4.269973e-05
elapsed=7.809270e+01 cycle=1300 time=5.601618e-02 dt=4.250035e-05
elapsed=8.376371e+01 cycle=1400 time=6.025368e-02 dt=4.222559e-05
elapsed=8.941756e+01 cycle=1500 time=6.444843e-02 dt=4.165163e-05
elapsed=9.507037e+01 cycle=1600 time=6.860484e-02 dt=4.145817e-05
elapsed=1.007475e+02 cycle=1700 time=7.273683e-02 dt=4.113549e-05
elapsed=1.076295e+02 cycle=1800 time=7.686279e-02 dt=4.126873e-05
elapsed=1.142766e+02 cycle=1900 time=8.098756e-02 dt=4.106339e-05
elapsed=1.199280e+02 cycle=2000 time=8.508722e-02 dt=4.093360e-05
elapsed=1.255813e+02 cycle=2100 time=8.917786e-02 dt=4.082684e-05
elapsed=1.312551e+02 cycle=2200 time=9.326582e-02 dt=4.086646e-05
elapsed=1.369083e+02 cycle=2300 time=9.735766e-02 dt=4.094295e-05
elapsed=1.433578e+02 cycle=2400 time=1.014398e-01 dt=4.080018e-05
elapsed=1.504439e+02 cycle=2500 time=1.055154e-01 dt=4.066408e-05
elapsed=1.560992e+02 cycle=2600 time=1.095791e-01 dt=4.061528e-05
elapsed=1.617742e+02 cycle=2700 time=1.136370e-01 dt=4.048101e-05
elapsed=1.674302e+02 cycle=2800 time=1.176827e-01 dt=4.034153e-05
elapsed=1.731063e+02 cycle=2900 time=1.217060e-01 dt=4.017522e-05
elapsed=1.787709e+02 cycle=3000 time=1.257243e-01 dt=4.013573e-05
elapsed=1.861393e+02 cycle=3100 time=1.297172e-01 dt=3.955273e-05
elapsed=1.923187e+02 cycle=3200 time=1.336454e-01 dt=3.906617e-05
elapsed=1.979842e+02 cycle=3300 time=1.374637e-01 dt=3.761624e-05
elapsed=2.036746e+02 cycle=3400 time=1.412262e-01 dt=3.782417e-05
elapsed=2.093418e+02 cycle=3500 time=1.450677e-01 dt=3.835259e-05
elapsed=2.150118e+02 cycle=3600 time=1.489183e-01 dt=3.872839e-05
elapsed=2.216595e+02 cycle=3700 time=1.527993e-01 dt=3.894604e-05
elapsed=2.285776e+02 cycle=3800 time=1.567045e-01 dt=3.912800e-05
elapsed=2.342700e+02 cycle=3900 time=1.606186e-01 dt=3.907985e-05
elapsed=2.399360e+02 cycle=4000 time=1.645407e-01 dt=3.916055e-05
elapsed=2.455996e+02 cycle=4100 time=1.684469e-01 dt=3.910969e-05
elapsed=2.512855e+02 cycle=4200 time=1.723517e-01 dt=3.896262e-05
elapsed=2.574700e+02 cycle=4300 time=1.762342e-01 dt=3.866472e-05
elapsed=2.648359e+02 cycle=4400 time=1.800795e-01 dt=3.819589e-05
elapsed=2.705073e+02 cycle=4500 time=1.839040e-01 dt=3.819186e-05
elapsed=2.761686e+02 cycle=4600 time=1.877306e-01 dt=3.840600e-05
elapsed=2.818486e+02 cycle=4700 time=1.915718e-01 dt=3.856293e-05
elapsed=2.875067e+02 cycle=4800 time=1.954337e-01 dt=3.877803e-05
elapsed=2.935563e+02 cycle=4900 time=1.993147e-01 dt=3.873505e-05
elapsed=3.009347e+02 cycle=5000 time=2.031700e-01 dt=3.827334e-05
elapsed=3.067197e+02 cycle=5100 time=2.069884e-01 dt=3.789812e-05
elapsed=3.124107e+02 cycle=5200 time=2.107605e-01 dt=3.750716e-05
elapsed=3.180807e+02 cycle=5300 time=2.144751e-01 dt=3.683704e-05
elapsed=3.237511e+02 cycle=5400 time=2.181647e-01 dt=3.695649e-05
elapsed=3.294419e+02 cycle=5500 time=2.218646e-01 dt=3.618797e-05
elapsed=3.367496e+02 cycle=5600 time=2.255555e-01 dt=3.744039e-05
elapsed=3.429594e+02 cycle=5700 time=2.292729e-01 dt=3.699872e-05
elapsed=3.486424e+02 cycle=5800 time=2.329560e-01 dt=3.665579e-05
elapsed=3.543035e+02 cycle=5900 time=2.366375e-01 dt=3.696137e-05
elapsed=3.599848e+02 cycle=6000 time=2.403479e-01 dt=3.723828e-05
elapsed=3.656439e+02 cycle=6100 time=2.440686e-01 dt=3.711339e-05
elapsed=3.721746e+02 cycle=6200 time=2.477679e-01 dt=3.684021e-05
elapsed=3.791239e+02 cycle=6300 time=2.514455e-01 dt=3.673640e-05
elapsed=3.846883e+02 cycle=6400 time=2.549535e-01 dt=3.515739e-05
elapsed=3.902023e+02 cycle=6500 time=2.586487e-01 dt=3.732988e-05
elapsed=3.956754e+02 cycle=6600 time=2.623906e-01 dt=3.758569e-05
elapsed=4.010645e+02 cycle=6700 time=2.661589e-01 dt=3.777588e-05
elapsed=4.071145e+02 cycle=6800 time=2.699380e-01 dt=3.777524e-05
elapsed=4.138336e+02 cycle=6900 time=2.737100e-01 dt=3.778271e-05
elapsed=4.189992e+02 cycle=7000 time=2.774653e-01 dt=3.674845e-05
elapsed=4.241070e+02 cycle=7100 time=2.811633e-01 dt=3.727642e-05
elapsed=4.291166e+02 cycle=7200 time=2.849949e-01 dt=3.878598e-05
elapsed=4.340382e+02 cycle=7300 time=2.888646e-01 dt=3.869692e-05
elapsed=4.388940e+02 cycle=7400 time=2.927219e-01 dt=3.852277e-05
elapsed=4.442468e+02 cycle=7500 time=2.965614e-01 dt=3.836019e-05
elapsed=4.503346e+02 cycle=7600 time=3.003948e-01 dt=3.832360e-05
elapsed=4.551165e+02 cycle=7700 time=3.041966e-01 dt=3.778199e-05
elapsed=4.596211e+02 cycle=7800 time=3.079803e-01 dt=3.758074e-05
elapsed=4.640605e+02 cycle=7900 time=3.117088e-01 dt=3.659789e-05
elapsed=4.683960e+02 cycle=8000 time=3.153179e-01 dt=3.557836e-05
elapsed=4.726549e+02 cycle=8100 time=3.189278e-01 dt=3.800690e-05
elapsed=4.768499e+02 cycle=8200 time=3.227015e-01 dt=3.739968e-05
elapsed=4.820481e+02 cycle=8300 time=3.264026e-01 dt=3.648558e-05
elapsed=4.871600e+02 cycle=8400 time=3.299851e-01 dt=3.524049e-05
elapsed=4.911315e+02 cycle=8500 time=3.334580e-01 dt=3.400197e-05
elapsed=4.950104e+02 cycle=8600 time=3.367811e-01 dt=3.315286e-05
elapsed=4.988366e+02 cycle=8700 time=3.402362e-01 dt=3.645374e-05
elapsed=5.025722e+02 cycle=8800 time=3.438896e-01 dt=3.586631e-05
elapsed=5.062402e+02 cycle=8900 time=3.476339e-01 dt=3.836917e-05
elapsed=5.098582e+02 cycle=9000 time=3.514454e-01 dt=3.764952e-05
elapsed=5.133944e+02 cycle=9100 time=3.550906e-01 dt=3.622796e-05
elapsed=5.174286e+02 cycle=9200 time=3.589270e-01 dt=3.887163e-05
elapsed=5.217497e+02 cycle=9300 time=3.627902e-01 dt=3.839622e-05
elapsed=5.254036e+02 cycle=9400 time=3.666235e-01 dt=3.808212e-05
elapsed=5.277301e+02 cycle=9500 time=3.704393e-01 dt=3.825848e-05
elapsed=5.297541e+02 cycle=9600 time=3.742671e-01 dt=3.843159e-05
elapsed=5.317788e+02 cycle=9700 time=3.781054e-01 dt=3.857842e-05
elapsed=5.338198e+02 cycle=9800 time=3.819685e-01 dt=3.848689e-05
elapsed=5.358406e+02 cycle=9900 time=3.857531e-01 dt=3.653447e-05
elapsed=5.378629e+02 cycle=10000 time=3.893407e-01 dt=3.632779e-05
elapsed=5.399029e+02 cycle=10100 time=3.929964e-01 dt=3.718377e-05
elapsed=5.419248e+02 cycle=10200 time=3.967985e-01 dt=3.814562e-05
elapsed=5.439656e+02 cycle=10300 time=4.006217e-01 dt=3.812768e-05
elapsed=5.459873e+02 cycle=10400 time=4.043839e-01 dt=3.724940e-05
elapsed=5.480104e+02 cycle=10500 time=4.080781e-01 dt=3.677420e-05
elapsed=5.500512e+02 cycle=10600 time=4.117580e-01 dt=3.681823e-05
elapsed=5.521966e+02 cycle=10700 time=4.154238e-01 dt=3.660011e-05
elapsed=5.547482e+02 cycle=10800 time=4.190793e-01 dt=3.669755e-05
elapsed=5.593371e+02 cycle=10900 time=4.227567e-01 dt=3.691660e-05
elapsed=5.635729e+02 cycle=11000 time=4.264392e-01 dt=3.687118e-05
elapsed=5.657864e+02 cycle=11100 time=4.301356e-01 dt=3.753897e-05
elapsed=5.678255e+02 cycle=11200 time=4.339485e-01 dt=3.842852e-05
elapsed=5.698550e+02 cycle=11300 time=4.377992e-01 dt=3.855739e-05
elapsed=5.719046e+02 cycle=11400 time=4.416550e-01 dt=3.874404e-05
elapsed=5.739394e+02 cycle=11500 time=4.455296e-01 dt=3.918969e-05
elapsed=5.759729e+02 cycle=11600 time=4.494326e-01 dt=3.879072e-05
elapsed=5.780245e+02 cycle=11700 time=4.533101e-01 dt=3.870264e-05
elapsed=5.800591e+02 cycle=11800 time=4.571582e-01 dt=3.847335e-05
elapsed=5.821084e+02 cycle=11900 time=4.609908e-01 dt=3.762157e-05
elapsed=5.841396e+02 cycle=12000 time=4.647461e-01 dt=3.754858e-05
elapsed=5.861725e+02 cycle=12100 time=4.684589e-01 dt=3.661647e-05
elapsed=5.882217e+02 cycle=12200 time=4.720935e-01 dt=3.616385e-05
elapsed=5.902549e+02 cycle=12300 time=4.756960e-01 dt=3.580770e-05
elapsed=5.925161e+02 cycle=12400 time=4.792642e-01 dt=3.566597e-05
elapsed=5.950887e+02 cycle=12500 time=4.828460e-01 dt=3.596991e-05
elapsed=5.976393e+02 cycle=12600 time=4.864468e-01 dt=3.602387e-05
elapsed=6.003093e+02 cycle=12700 time=4.900425e-01 dt=3.596514e-05
elapsed=6.024785e+02 cycle=12800 time=4.936646e-01 dt=3.637204e-05
elapsed=6.051304e+02 cycle=12900 time=4.973116e-01 dt=3.698115e-05
elapsed=6.080388e+02 cycle=13000 time=5.010193e-01 dt=3.791849e-05
elapsed=6.108397e+02 cycle=13100 time=5.048490e-01 dt=3.834831e-05
elapsed=6.135654e+02 cycle=13200 time=5.086773e-01 dt=3.846011e-05
elapsed=6.162331e+02 cycle=13300 time=5.125320e-01 dt=3.848587e-05
elapsed=6.188247e+02 cycle=13400 time=5.163756e-01 dt=3.837253e-05
elapsed=6.213901e+02 cycle=13500 time=5.201714e-01 dt=3.701112e-05
elapsed=6.239018e+02 cycle=13600 time=5.238047e-01 dt=3.580702e-05
elapsed=6.263921e+02 cycle=13700 time=5.273986e-01 dt=3.676498e-05
elapsed=6.289150e+02 cycle=13800 time=5.310873e-01 dt=3.692795e-05
elapsed=6.317386e+02 cycle=13900 time=5.347842e-01 dt=3.716254e-05
elapsed=6.348307e+02 cycle=14000 time=5.384937e-01 dt=3.721550e-05
elapsed=6.378239e+02 cycle=14100 time=5.422617e-01 dt=3.781023e-05
elapsed=6.402762e+02 cycle=14200 time=5.460640e-01 dt=3.837598e-05
elapsed=6.423510e+02 cycle=14300 time=5.499601e-01 dt=3.934044e-05
elapsed=6.444706e+02 cycle=14400 time=5.538395e-01 dt=3.759891e-05
elapsed=6.465932e+02 cycle=14500 time=5.573633e-01 dt=3.307167e-05
elapsed=6.487502e+02 cycle=14600 time=5.609771e-01 dt=3.739659e-05
elapsed=6.509065e+02 cycle=14700 time=5.647104e-01 dt=3.736772e-05
elapsed=6.530739e+02 cycle=14800 time=5.684584e-01 dt=3.754467e-05
elapsed=6.552669e+02 cycle=14900 time=5.722024e-01 dt=3.735506e-05
elapsed=6.574890e+02 cycle=15000 time=5.759617e-01 dt=3.751386e-05
elapsed=6.597147e+02 cycle=15100 time=5.796844e-01 dt=3.713053e-05
elapsed=6.619688e+02 cycle=15200 time=5.834125e-01 dt=3.732277e-05
elapsed=6.642114e+02 cycle=15300 time=5.871311e-01 dt=3.712020e-05
elapsed=6.664696e+02 cycle=15400 time=5.908507e-01 dt=3.725655e-05
elapsed=6.686859e+02 cycle=15500 time=5.945854e-01 dt=3.740177e-05
elapsed=6.711867e+02 cycle=15600 time=5.983372e-01 dt=3.751469e-05
elapsed=6.740563e+02 cycle=15700 time=6.020930e-01 dt=3.767506e-05
elapsed=6.768223e+02 cycle=15800 time=6.057671e-01 dt=3.641233e-05
elapsed=6.795569e+02 cycle=15900 time=6.094427e-01 dt=3.718181e-05
elapsed=6.817268e+02 cycle=16000 time=6.131685e-01 dt=3.718966e-05
elapsed=6.838684e+02 cycle=16100 time=6.168695e-01 dt=3.685391e-05
elapsed=6.860213e+02 cycle=16200 time=6.205601e-01 dt=3.700255e-05
elapsed=6.881524e+02 cycle=16300 time=6.242540e-01 dt=3.649609e-05
elapsed=6.902783e+02 cycle=16400 time=6.278798e-01 dt=3.617807e-05
elapsed=6.924210e+02 cycle=16500 time=6.314654e-01 dt=3.556871e-05
elapsed=6.945512e+02 cycle=16600 time=6.350126e-01 dt=3.543077e-05
elapsed=6.966788e+02 cycle=16700 time=6.385304e-01 dt=3.490886e-05
elapsed=6.988221e+02 cycle=16800 time=6.419919e-01 dt=3.437016e-05
elapsed=7.009480e+02 cycle=16900 time=6.454044e-01 dt=3.400402e-05
elapsed=7.030754e+02 cycle=17000 time=6.487906e-01 dt=3.370717e-05
elapsed=7.052225e+02 cycle=17100 time=6.521514e-01 dt=3.353452e-05
elapsed=7.073482e+02 cycle=17200 time=6.555124e-01 dt=3.369651e-05
elapsed=7.099763e+02 cycle=17300 time=6.588907e-01 dt=3.384737e-05
elapsed=7.127047e+02 cycle=17400 time=6.622879e-01 dt=3.411994e-05
elapsed=7.154087e+02 cycle=17500 time=6.657150e-01 dt=3.450945e-05
elapsed=7.179164e+02 cycle=17600 time=6.691690e-01 dt=3.464409e-05
elapsed=7.200571e+02 cycle=17700 time=6.726520e-01 dt=3.479669e-05
elapsed=7.221788e+02 cycle=17800 time=6.761217e-01 dt=3.454085e-05
elapsed=7.243012e+02 cycle=17900 time=6.795660e-01 dt=3.425002e-05
elapsed=7.264435e+02 cycle=18000 time=6.830018e-01 dt=3.461650e-05
elapsed=7.285919e+02 cycle=18100 time=6.864929e-01 dt=3.530783e-05
elapsed=7.308009e+02 cycle=18200 time=6.900111e-01 dt=3.483440e-05
elapsed=7.329954e+02 cycle=18300 time=6.934462e-01 dt=3.382568e-05
elapsed=7.351931e+02 cycle=18400 time=6.967780e-01 dt=3.287077e-05
elapsed=7.374167e+02 cycle=18500 time=7.000267e-01 dt=3.217568e-05
elapsed=7.396276e+02 cycle=18600 time=7.032202e-01 dt=3.173377e-05
elapsed=7.418412e+02 cycle=18700 time=7.063882e-01 dt=3.164275e-05
elapsed=7.442776e+02 cycle=18800 time=7.095518e-01 dt=3.166058e-05
elapsed=7.471400e+02 cycle=18900 time=7.126978e-01 dt=3.116841e-05
elapsed=7.499844e+02 cycle=19000 time=7.157664e-01 dt=3.027515e-05
elapsed=7.528140e+02 cycle=19100 time=7.187925e-01 dt=3.064540e-05
elapsed=7.550621e+02 cycle=19200 time=7.220346e-01 dt=3.498204e-05
elapsed=7.572807e+02 cycle=19300 time=7.255528e-01 dt=3.610085e-05
elapsed=7.595004e+02 cycle=19400 time=7.291862e-01 dt=3.617603e-05
elapsed=7.617419e+02 cycle=19500 time=7.328037e-01 dt=3.604452e-05
elapsed=7.639678e+02 cycle=19600 time=7.364123e-01 dt=3.618154e-05
elapsed=7.662074e+02 cycle=19700 time=7.400309e-01 dt=3.622803e-05
elapsed=7.684288e+02 cycle=19800 time=7.436621e-01 dt=3.651483e-05
elapsed=7.706594e+02 cycle=19900 time=7.473487e-01 dt=3.728901e-05
elapsed=7.729095e+02 cycle=20000 time=7.510844e-01 dt=3.618754e-05
elapsed=7.751442e+02 cycle=20100 time=7.546690e-01 dt=3.817321e-05
elapsed=7.773794e+02 cycle=20200 time=7.584723e-01 dt=3.824619e-05
elapsed=7.796346e+02 cycle=20300 time=7.622999e-01 dt=3.723899e-05
elapsed=7.823453e+02 cycle=20400 time=7.659479e-01 dt=3.783354e-05
elapsed=7.851246e+02 cycle=20500 time=7.696799e-01 dt=3.646482e-05
elapsed=7.879168e+02 cycle=20600 time=7.732326e-01 dt=3.443856e-05
elapsed=7.904158e+02 cycle=20700 time=7.765670e-01 dt=3.238068e-05
elapsed=7.925624e+02 cycle=20800 time=7.797003e-01 dt=3.034182e-05
elapsed=7.947250e+02 cycle=20900 time=7.829320e-01 dt=3.718159e-05
elapsed=7.968600e+02 cycle=21000 time=7.866417e-01 dt=3.711361e-05
elapsed=7.990086e+02 cycle=21100 time=7.903404e-01 dt=3.696188e-05
elapsed=8.011346e+02 cycle=21200 time=7.940457e-01 dt=3.710495e-05
elapsed=8.032568e+02 cycle=21300 time=7.977459e-01 dt=3.678197e-05
elapsed=8.053945e+02 cycle=21400 time=8.014235e-01 dt=3.682631e-05
elapsed=8.075132e+02 cycle=21500 time=8.050757e-01 dt=3.638885e-05
elapsed=8.096345e+02 cycle=21600 time=8.087319e-01 dt=3.663783e-05
elapsed=8.117743e+02 cycle=21700 time=8.123932e-01 dt=3.652861e-05
elapsed=8.138948e+02 cycle=21800 time=8.160071e-01 dt=3.580553e-05
elapsed=8.160326e+02 cycle=21900 time=8.195953e-01 dt=3.604176e-05
elapsed=8.183622e+02 cycle=22000 time=8.232136e-01 dt=3.645080e-05
elapsed=8.211021e+02 cycle=22100 time=8.268891e-01 dt=3.711841e-05
elapsed=8.238712e+02 cycle=22200 time=8.306194e-01 dt=3.755551e-05
elapsed=8.266231e+02 cycle=22300 time=8.344044e-01 dt=3.785666e-05
elapsed=8.289144e+02 cycle=22400 time=8.381841e-01 dt=3.778490e-05
elapsed=8.311141e+02 cycle=22500 time=8.419604e-01 dt=3.783468e-05
elapsed=8.333042e+02 cycle=22600 time=8.457065e-01 dt=3.705680e-05
elapsed=8.355025e+02 cycle=22700 time=8.493885e-01 dt=3.642698e-05
elapsed=8.377308e+02 cycle=22800 time=8.530382e-01 dt=3.661534e-05
elapsed=8.399488e+02 cycle=22900 time=8.566775e-01 dt=3.625913e-05
elapsed=8.422013e+02 cycle=23000 time=8.602971e-01 dt=3.621668e-05
elapsed=8.444411e+02 cycle=23100 time=8.638904e-01 dt=3.543082e-05
elapsed=8.466874e+02 cycle=23200 time=8.674081e-01 dt=3.491899e-05
elapsed=8.489527e+02 cycle=23300 time=8.708882e-01 dt=3.477085e-05
elapsed=8.509930e+02 cycle=23400 time=8.743494e-01 dt=3.524948e-05
elapsed=8.530370e+02 cycle=23500 time=8.779805e-01 dt=3.643892e-05
elapsed=8.550984e+02 cycle=23600 time=8.816118e-01 dt=3.491057e-05
elapsed=8.571396e+02 cycle=23700 time=8.848424e-01 dt=3.074565e-05
elapsed=8.593735e+02 cycle=23800 time=8.882291e-01 dt=3.508855e-05
elapsed=8.619769e+02 cycle=23900 time=8.916961e-01 dt=3.422741e-05
elapsed=8.645636e+02 cycle=24000 time=8.950475e-01 dt=3.281830e-05
elapsed=8.671638e+02 cycle=24100 time=8.982322e-01 dt=3.086374e-05
elapsed=8.694365e+02 cycle=24200 time=9.012377e-01 dt=2.928823e-05
elapsed=8.715119e+02 cycle=24300 time=9.040802e-01 dt=2.796337e-05
elapsed=8.738543e+02 cycle=24400 time=9.071530e-01 dt=3.521772e-05
elapsed=8.762578e+02 cycle=24500 time=9.107184e-01 dt=3.539350e-05
elapsed=8.786437e+02 cycle=24600 time=9.141972e-01 dt=3.385796e-05
elapsed=8.810325e+02 cycle=24700 time=9.175377e-01 dt=3.304366e-05
elapsed=8.834425e+02 cycle=24800 time=9.208551e-01 dt=3.351001e-05
elapsed=8.857273e+02 cycle=24900 time=9.243568e-01 dt=3.534824e-05
elapsed=8.878500e+02 cycle=25000 time=9.279509e-01 dt=3.587698e-05
elapsed=8.899756e+02 cycle=25100 time=9.315959e-01 dt=3.717029e-05
elapsed=8.920873e+02 cycle=25200 time=9.352930e-01 dt=3.638739e-05
elapsed=8.941993e+02 cycle=25300 time=9.389089e-01 dt=3.580879e-05
elapsed=8.963344e+02 cycle=25400 time=9.424556e-01 dt=3.508841e-05
elapsed=8.984523e+02 cycle=25500 time=9.459322e-01 dt=3.439758e-05
elapsed=9.009208e+02 cycle=25600 time=9.493134e-01 dt=3.357972e-05
elapsed=9.036495e+02 cycle=25700 time=9.527232e-01 dt=3.445828e-05
elapsed=9.063710e+02 cycle=25800 time=9.561713e-01 dt=3.459332e-05
elapsed=9.090495e+02 cycle=25900 time=9.596314e-01 dt=3.442261e-05
elapsed=9.112254e+02 cycle=26000 time=9.630341e-01 dt=3.352603e-05
elapsed=9.133838e+02 cycle=26100 time=9.663561e-01 dt=3.280794e-05
elapsed=9.155423e+02 cycle=26200 time=9.696270e-01 dt=3.237684e-05
elapsed=9.177264e+02 cycle=26300 time=9.728893e-01 dt=3.520224e-05
elapsed=9.198992e+02 cycle=26400 time=9.764808e-01 dt=3.512005e-05
elapsed=9.220795e+02 cycle=26500 time=9.799848e-01 dt=3.531225e-05
elapsed=9.242825e+02 cycle=26600 time=9.836026e-01 dt=3.728315e-05
elapsed=9.264715e+02 cycle=26700 time=9.873051e-01 dt=3.578355e-05
elapsed=9.286782e+02 cycle=26800 time=9.907063e-01 dt=3.444644e-05
elapsed=9.308700e+02 cycle=26900 time=9.943938e-01 dt=3.728618e-05
elapsed=9.330867e+02 cycle=27000 time=9.981568e-01 dt=3.775519e-05
elapsed=9.353129e+02 cycle=27100 time=1.001916e+00 dt=3.737314e-05
elapsed=9.375008e+02 cycle=27200 time=1.005619e+00 dt=3.670819e-05
elapsed=9.401398e+02 cycle=27300 time=1.009280e+00 dt=3.582828e-05
elapsed=9.429409e+02 cycle=27400 time=1.012743e+00 dt=3.385908e-05
elapsed=9.457241e+02 cycle=27500 time=1.016090e+00 dt=3.285117e-05
elapsed=9.485101e+02 cycle=27600 time=1.019314e+00 dt=3.174652e-05
elapsed=9.507490e+02 cycle=27700 time=1.022492e+00 dt=3.370530e-05
elapsed=9.529345e+02 cycle=27800 time=1.025933e+00 dt=3.462915e-05
elapsed=9.551179e+02 cycle=27900 time=1.029457e+00 dt=3.551607e-05
elapsed=9.573209e+02 cycle=28000 time=1.032997e+00 dt=3.533410e-05
elapsed=9.595114e+02 cycle=28100 time=1.036505e+00 dt=3.490145e-05
elapsed=9.617023e+02 cycle=28200 time=1.039963e+00 dt=3.347958e-05
elapsed=9.639131e+02 cycle=28300 time=1.043223e+00 dt=3.241751e-05
elapsed=9.661132e+02 cycle=28400 time=1.046554e+00 dt=3.416308e-05
elapsed=9.683809e+02 cycle=28500 time=1.049960e+00 dt=3.414811e-05
elapsed=9.706753e+02 cycle=28600 time=1.053359e+00 dt=3.302727e-05
elapsed=9.728715e+02 cycle=28700 time=1.056735e+00 dt=3.440275e-05
elapsed=9.750828e+02 cycle=28800 time=1.060171e+00 dt=3.438427e-05
elapsed=9.772747e+02 cycle=28900 time=1.063527e+00 dt=3.258603e-05
elapsed=9.796210e+02 cycle=29000 time=1.066690e+00 dt=3.075587e-05
elapsed=9.824080e+02 cycle=29100 time=1.069697e+00 dt=3.007482e-05
elapsed=9.852087e+02 cycle=29200 time=1.072882e+00 dt=3.337037e-05
elapsed=9.879967e+02 cycle=29300 time=1.076204e+00 dt=3.323203e-05
elapsed=9.902912e+02 cycle=29400 time=1.079542e+00 dt=3.365085e-05
elapsed=9.925060e+02 cycle=29500 time=1.082954e+00 dt=3.457850e-05
elapsed=9.947002e+02 cycle=29600 time=1.086425e+00 dt=3.461289e-05
elapsed=9.968927e+02 cycle=29700 time=1.089888e+00 dt=3.435227e-05
elapsed=9.991035e+02 cycle=29800 time=1.093235e+00 dt=3.390638e-05
elapsed=1.001296e+03 cycle=29900 time=1.096600e+00 dt=3.354505e-05
elapsed=1.003487e+03 cycle=30000 time=1.099956e+00 dt=3.387691e-05
elapsed=1.005700e+03 cycle=30100 time=1.103208e+00 dt=3.100189e-05
elapsed=1.007897e+03 cycle=30200 time=1.106296e+00 dt=3.098773e-05
elapsed=1.010117e+03 cycle=30300 time=1.109601e+00 dt=3.399782e-05
elapsed=1.012334e+03 cycle=30400 time=1.113000e+00 dt=3.412898e-05
elapsed=1.014531e+03 cycle=30500 time=1.116424e+00 dt=3.434918e-05
elapsed=1.016726e+03 cycle=30600 time=1.119877e+00 dt=3.470751e-05
elapsed=1.019009e+03 cycle=30700 time=1.123355e+00 dt=3.476697e-05
elapsed=1.021812e+03 cycle=30800 time=1.126843e+00 dt=3.484090e-05
elapsed=1.024630e+03 cycle=30900 time=1.130271e+00 dt=3.360931e-05
elapsed=1.027428e+03 cycle=31000 time=1.133623e+00 dt=3.302317e-05
elapsed=1.029801e+03 cycle=31100 time=1.136805e+00 dt=3.026165e-05
elapsed=1.031997e+03 cycle=31200 time=1.139619e+00 dt=2.586172e-05
elapsed=1.034205e+03 cycle=31300 time=1.142314e+00 dt=3.113017e-05
elapsed=1.036398e+03 cycle=31400 time=1.145782e+00 dt=3.524993e-05
elapsed=1.038592e+03 cycle=31500 time=1.149043e+00 dt=3.173141e-05
elapsed=1.040802e+03 cycle=31600 time=1.152592e+00 dt=3.585935e-05
elapsed=1.042994e+03 cycle=31700 time=1.156154e+00 dt=3.519844e-05
elapsed=1.045181e+03 cycle=31800 time=1.159677e+00 dt=3.539438e-05
elapsed=1.047382e+03 cycle=31900 time=1.163189e+00 dt=3.479500e-05
elapsed=1.049569e+03 cycle=32000 time=1.166676e+00 dt=3.476893e-05
elapsed=1.051780e+03 cycle=32100 time=1.170145e+00 dt=3.365807e-05
elapsed=1.053972e+03 cycle=32200 time=1.173261e+00 dt=3.226152e-05
elapsed=1.056166e+03 cycle=32300 time=1.176724e+00 dt=3.439256e-05
elapsed=1.058632e+03 cycle=32400 time=1.180113e+00 dt=3.339227e-05
elapsed=1.061430e+03 cycle=32500 time=1.183394e+00 dt=3.207198e-05
elapsed=1.064228e+03 cycle=32600 time=1.186516e+00 dt=3.045207e-05
elapsed=1.067005e+03 cycle=32700 time=1.189510e+00 dt=2.954070e-05
elapsed=1.069290e+03 cycle=32800 time=1.192480e+00 dt=3.004333e-05
elapsed=1.071535e+03 cycle=32900 time=1.195524e+00 dt=3.030501e-05
elapsed=1.073775e+03 cycle=33000 time=1.198598e+00 dt=3.122301e-05
elapsed=1.076032e+03 cycle=33100 time=1.201945e+00 dt=3.548272e-05
elapsed=1.078267e+03 cycle=33200 time=1.205502e+00 dt=3.581618e-05
elapsed=1.080501e+03 cycle=33300 time=1.209086e+00 dt=3.562561e-05
elapsed=1.082750e+03 cycle=33400 time=1.212641e+00 dt=3.547102e-05
elapsed=1.084979e+03 cycle=33500 time=1.216200e+00 dt=3.595621e-05
elapsed=1.087214e+03 cycle=33600 time=1.219821e+00 dt=3.659036e-05
elapsed=1.089470e+03 cycle=33700 time=1.223515e+00 dt=3.713364e-05
elapsed=1.091709e+03 cycle=33800 time=1.227224e+00 dt=3.658787e-05
elapsed=1.094042e+03 cycle=33900 time=1.230858e+00 dt=3.615036e-05
elapsed=1.096420e+03 cycle=34000 time=1.234456e+00 dt=3.536663e-05
elapsed=1.099427e+03 cycle=34100 time=1.237981e+00 dt=3.512099e-05
elapsed=1.102456e+03 cycle=34200 time=1.241535e+00 dt=3.602862e-05
elapsed=1.105449e+03 cycle=34300 time=1.245231e+00 dt=3.745735e-05
elapsed=1.108088e+03 cycle=34400 time=1.248963e+00 dt=3.716240e-05
elapsed=1.110436e+03 cycle=34500 time=1.252652e+00 dt=3.664075e-05
elapsed=1.112746e+03 cycle=34600 time=1.256301e+00 dt=3.634228e-05
elapsed=1.115045e+03 cycle=34700 time=1.259920e+00 dt=3.614510e-05
elapsed=1.117354e+03 cycle=34800 time=1.263527e+00 dt=3.598528e-05
elapsed=1.119654e+03 cycle=34900 time=1.267128e+00 dt=3.619736e-05
elapsed=1.121960e+03 cycle=35000 time=1.270772e+00 dt=3.643047e-05
elapsed=1.124217e+03 cycle=35100 time=1.274397e+00 dt=3.590935e-05
elapsed=1.126488e+03 cycle=35200 time=1.277957e+00 dt=3.558619e-05
elapsed=1.128791e+03 cycle=35300 time=1.281498e+00 dt=3.529774e-05
elapsed=1.131089e+03 cycle=35400 time=1.285008e+00 dt=3.432675e-05
elapsed=1.133407e+03 cycle=35500 time=1.288465e+00 dt=3.596706e-05
elapsed=1.135771e+03 cycle=35600 time=1.292112e+00 dt=3.669467e-05
elapsed=1.138472e+03 cycle=35700 time=1.295794e+00 dt=3.693662e-05
elapsed=1.141553e+03 cycle=35800 time=1.299458e+00 dt=3.640642e-05
elapsed=1.144698e+03 cycle=35900 time=1.303093e+00 dt=3.626276e-05
elapsed=1.147594e+03 cycle=36000 time=1.306719e+00 dt=3.623259e-05
elapsed=1.150125e+03 cycle=36100 time=1.310283e+00 dt=3.462334e-05
elapsed=1.152665e+03 cycle=36200 time=1.313729e+00 dt=3.469671e-05
elapsed=1.155239e+03 cycle=36300 time=1.317287e+00 dt=3.594994e-05
elapsed=1.157859e+03 cycle=36400 time=1.320735e+00 dt=3.403630e-05
elapsed=1.160492e+03 cycle=36500 time=1.324281e+00 dt=3.569834e-05
elapsed=1.163155e+03 cycle=36600 time=1.327876e+00 dt=3.618771e-05
elapsed=1.165867e+03 cycle=36700 time=1.331494e+00 dt=3.604859e-05
elapsed=1.168601e+03 cycle=36800 time=1.335105e+00 dt=3.571294e-05
elapsed=1.171379e+03 cycle=36900 time=1.338647e+00 dt=3.513353e-05
elapsed=1.174223e+03 cycle=37000 time=1.342127e+00 dt=3.473879e-05
elapsed=1.177480e+03 cycle=37100 time=1.345599e+00 dt=3.469967e-05
elapsed=1.181259e+03 cycle=37200 time=1.349132e+00 dt=3.565590e-05
elapsed=1.185130e+03 cycle=37300 time=1.352721e+00 dt=3.584766e-05
elapsed=1.188244e+03 cycle=37400 time=1.356298e+00 dt=3.573365e-05
elapsed=1.191374e+03 cycle=37500 time=1.359840e+00 dt=3.508602e-05
elapsed=1.194582e+03 cycle=37600 time=1.363334e+00 dt=3.471970e-05
elapsed=1.197836e+03 cycle=37700 time=1.366774e+00 dt=3.435935e-05
elapsed=1.201173e+03 cycle=37800 time=1.370193e+00 dt=3.382982e-05
elapsed=1.204558e+03 cycle=37900 time=1.373469e+00 dt=3.104816e-05
elapsed=1.207999e+03 cycle=38000 time=1.376636e+00 dt=3.425185e-05
elapsed=1.211522e+03 cycle=38100 time=1.380048e+00 dt=3.377655e-05
elapsed=1.215552e+03 cycle=38200 time=1.383395e+00 dt=3.325965e-05
elapsed=1.220232e+03 cycle=38300 time=1.386737e+00 dt=3.351509e-05
elapsed=1.224793e+03 cycle=38400 time=1.390103e+00 dt=3.383913e-05
elapsed=1.228509e+03 cycle=38500 time=1.393514e+00 dt=3.443459e-05
elapsed=1.232278e+03 cycle=38600 time=1.397004e+00 dt=3.530182e-05
elapsed=1.236114e+03 cycle=38700 time=1.400542e+00 dt=3.533316e-05
elapsed=1.239979e+03 cycle=38800 time=1.404042e+00 dt=3.471539e-05
elapsed=1.243886e+03 cycle=38900 time=1.407492e+00 dt=3.417336e-05
elapsed=1.247858e+03 cycle=39000 time=1.410878e+00 dt=3.358465e-05
elapsed=1.251857e+03 cycle=39100 time=1.414210e+00 dt=3.305769e-05
elapsed=1.256679e+03 cycle=39200 time=1.417478e+00 dt=3.197295e-05
elapsed=1.262012e+03 cycle=39300 time=1.420582e+00 dt=3.000351e-05
elapsed=1.266346e+03 cycle=39400 time=1.423479e+00 dt=2.787143e-05
elapsed=1.270536e+03 cycle=39500 time=1.426139e+00 dt=2.612662e-05
elapsed=1.274763e+03 cycle=39600 time=1.429105e+00 dt=3.288580e-05
elapsed=1.279049e+03 cycle=39700 time=1.432359e+00 dt=3.222951e-05
elapsed=1.283342e+03 cycle=39800 time=1.435543e+00 dt=3.153650e-05
elapsed=1.287657e+03 cycle=39900 time=1.438683e+00 dt=3.129619e-05
elapsed=1.292925e+03 cycle=40000 time=1.441785e+00 dt=3.074152e-05
elapsed=1.298533e+03 cycle=40100 time=1.444834e+00 dt=3.023741e-05
elapsed=1.302920e+03 cycle=40200 time=1.447832e+00 dt=2.986700e-05
elapsed=1.307356e+03 cycle=40300 time=1.450848e+00 dt=3.136139e-05
elapsed=1.311815e+03 cycle=40400 time=1.453960e+00 dt=2.922067e-05
elapsed=1.316304e+03 cycle=40500 time=1.456997e+00 dt=3.271611e-05
elapsed=1.320833e+03 cycle=40600 time=1.460281e+00 dt=3.303436e-05
elapsed=1.325366e+03 cycle=40700 time=1.463579e+00 dt=3.292740e-05
elapsed=1.331209e+03 cycle=40800 time=1.466858e+00 dt=3.238600e-05
elapsed=1.336685e+03 cycle=40900 time=1.470052e+00 dt=3.157944e-05
elapsed=1.341271e+03 cycle=41000 time=1.473215e+00 dt=3.186366e-05
elapsed=1.345869e+03 cycle=41100 time=1.476441e+00 dt=3.259856e-05
elapsed=1.350473e+03 cycle=41200 time=1.479687e+00 dt=3.217502e-05
elapsed=1.355097e+03 cycle=41300 time=1.482855e+00 dt=3.115804e-05
elapsed=1.359689e+03 cycle=41400 time=1.485925e+00 dt=3.021936e-05
elapsed=1.364573e+03 cycle=41500 time=1.488928e+00 dt=3.013596e-05
elapsed=1.370492e+03 cycle=41600 time=1.492048e+00 dt=3.301157e-05
elapsed=1.375549e+03 cycle=41700 time=1.495456e+00 dt=3.370216e-05
elapsed=1.380051e+03 cycle=41800 time=1.498754e+00 dt=3.176643e-05
elapsed=1.384528e+03 cycle=41900 time=1.501842e+00 dt=3.050521e-05
elapsed=1.388943e+03 cycle=42000 time=1.504802e+00 dt=2.878963e-05
elapsed=1.393345e+03 cycle=42100 time=1.507631e+00 dt=2.798470e-05
elapsed=1.397736e+03 cycle=42200 time=1.510438e+00 dt=2.818328e-05
elapsed=1.402455e+03 cycle=42300 time=1.513237e+00 dt=2.840109e-05
elapsed=1.408115e+03 cycle=42400 time=1.516164e+00 dt=3.040388e-05
elapsed=1.413016e+03 cycle=42500 time=1.519447e+00 dt=3.383298e-05
elapsed=1.417378e+03 cycle=42600 time=1.522755e+00 dt=3.241768e-05
elapsed=1.421716e+03 cycle=42700 time=1.525955e+00 dt=3.164015e-05
elapsed=1.426053e+03 cycle=42800 time=1.529176e+00 dt=3.353896e-05
elapsed=1.430410e+03 cycle=42900 time=1.532537e+00 dt=3.371251e-05
elapsed=1.434757e+03 cycle=43000 time=1.535859e+00 dt=3.267074e-05
elapsed=1.439536e+03 cycle=43100 time=1.539089e+00 dt=3.212505e-05
elapsed=1.445165e+03 cycle=43200 time=1.542342e+00 dt=3.294850e-05
elapsed=1.449925e+03 cycle=43300 time=1.545637e+00 dt=3.231717e-05
elapsed=1.454197e+03 cycle=43400 time=1.548841e+00 dt=3.210638e-05
elapsed=1.458445e+03 cycle=43500 time=1.552038e+00 dt=3.182622e-05
elapsed=1.462639e+03 cycle=43600 time=1.555217e+00 dt=3.181226e-05
elapsed=1.466802e+03 cycle=43700 time=1.558471e+00 dt=3.263881e-05
elapsed=1.470948e+03 cycle=43800 time=1.561674e+00 dt=3.188181e-05
elapsed=1.475276e+03 cycle=43900 time=1.564968e+00 dt=3.441671e-05
elapsed=1.480552e+03 cycle=44000 time=1.568363e+00 dt=3.423400e-05
elapsed=1.485346e+03 cycle=44100 time=1.571850e+00 dt=3.476540e-05
elapsed=1.489334e+03 cycle=44200 time=1.575272e+00 dt=3.355179e-05
elapsed=1.493293e+03 cycle=44300 time=1.578570e+00 dt=3.212633e-05
elapsed=1.497241e+03 cycle=44400 time=1.581675e+00 dt=2.977930e-05
elapsed=1.501140e+03 cycle=44500 time=1.584486e+00 dt=2.657566e-05
elapsed=1.505017e+03 cycle=44600 time=1.587113e+00 dt=2.651227e-05
elapsed=1.508896e+03 cycle=44700 time=1.590019e+00 dt=2.969119e-05
elapsed=1.512729e+03 cycle=44800 time=1.592979e+00 dt=2.920173e-05
elapsed=1.517584e+03 cycle=44900 time=1.595821e+00 dt=2.765150e-05
elapsed=1.522487e+03 cycle=45000 time=1.598530e+00 dt=2.632717e-05
elapsed=1.526296e+03 cycle=45100 time=1.601318e+00 dt=2.975500e-05
elapsed=1.530047e+03 cycle=45200 time=1.604246e+00 dt=2.895976e-05
elapsed=1.533779e+03 cycle=45300 time=1.607166e+00 dt=2.999667e-05
elapsed=1.537513e+03 cycle=45400 time=1.610163e+00 dt=2.864430e-05
elapsed=1.541207e+03 cycle=45500 time=1.612935e+00 dt=2.767006e-05
elapsed=1.544888e+03 cycle=45600 time=1.615797e+00 dt=2.889804e-05
elapsed=1.548553e+03 cycle=45700 time=1.618711e+00 dt=2.966788e-05
elapsed=1.552369e+03 cycle=45800 time=1.621685e+00 dt=2.974030e-05
elapsed=1.557090e+03 cycle=45900 time=1.624538e+00 dt=2.803274e-05
elapsed=1.561683e+03 cycle=46000 time=1.627456e+00 dt=2.981449e-05
elapsed=1.565326e+03 cycle=46100 time=1.630596e+00 dt=3.227509e-05
elapsed=1.568939e+03 cycle=46200 time=1.633819e+00 dt=3.207145e-05
elapsed=1.572539e+03 cycle=46300 time=1.637011e+00 dt=3.150753e-05
elapsed=1.576154e+03 cycle=46400 time=1.640112e+00 dt=3.031030e-05
elapsed=1.579744e+03 cycle=46500 time=1.643101e+00 dt=2.995335e-05
elapsed=1.583337e+03 cycle=46600 time=1.646170e+00 dt=3.162852e-05
elapsed=1.586927e+03 cycle=46700 time=1.649241e+00 dt=3.006026e-05
elapsed=1.590853e+03 cycle=46800 time=1.652265e+00 dt=3.065723e-05
elapsed=1.595491e+03 cycle=46900 time=1.655367e+00 dt=3.078082e-05
elapsed=1.599867e+03 cycle=47000 time=1.658504e+00 dt=3.285022e-05
elapsed=1.603467e+03 cycle=47100 time=1.661809e+00 dt=3.332615e-05
elapsed=1.607046e+03 cycle=47200 time=1.665115e+00 dt=3.257563e-05
elapsed=1.610623e+03 cycle=47300 time=1.668349e+00 dt=3.230321e-05
elapsed=1.614213e+03 cycle=47400 time=1.671563e+00 dt=3.187361e-05
elapsed=1.617781e+03 cycle=47500 time=1.674753e+00 dt=3.183400e-05
elapsed=1.621350e+03 cycle=47600 time=1.677963e+00 dt=3.250014e-05
elapsed=1.624933e+03 cycle=47700 time=1.681291e+00 dt=3.431471e-05
elapsed=1.628558e+03 cycle=47800 time=1.684623e+00 dt=3.101085e-05
elapsed=1.633103e+03 cycle=47900 time=1.687959e+00 dt=3.522812e-05
elapsed=1.637619e+03 cycle=48000 time=1.691551e+00 dt=3.688612e-05
elapsed=1.641092e+03 cycle=48100 time=1.695219e+00 dt=3.653916e-05
elapsed=1.644519e+03 cycle=48200 time=1.698916e+00 dt=3.729818e-05
elapsed=1.647954e+03 cycle=48300 time=1.702646e+00 dt=3.724863e-05
elapsed=1.651365e+03 cycle=48400 time=1.706282e+00 dt=3.529248e-05
elapsed=1.654748e+03 cycle=48500 time=1.709809e+00 dt=3.670059e-05
elapsed=1.658127e+03 cycle=48600 time=1.713606e+00 dt=3.825887e-05
elapsed=1.661462e+03 cycle=48700 time=1.717416e+00 dt=3.785490e-05
elapsed=1.664784e+03 cycle=48800 time=1.721202e+00 dt=3.763525e-05
elapsed=1.669018e+03 cycle=48900 time=1.724948e+00 dt=3.719831e-05
elapsed=1.673253e+03 cycle=49000 time=1.728650e+00 dt=3.680377e-05
elapsed=1.676778e+03 cycle=49100 time=1.732305e+00 dt=3.620060e-05
elapsed=1.680011e+03 cycle=49200 time=1.735892e+00 dt=3.615429e-05
elapsed=1.683219e+03 cycle=49300 time=1.739465e+00 dt=3.456293e-05
elapsed=1.686419e+03 cycle=49400 time=1.742907e+00 dt=3.584435e-05
elapsed=1.689565e+03 cycle=49500 time=1.746516e+00 dt=3.544091e-05
elapsed=1.692678e+03 cycle=49600 time=1.749933e+00 dt=3.258174e-05
elapsed=1.695774e+03 cycle=49700 time=1.753114e+00 dt=3.449538e-05
elapsed=1.698816e+03 cycle=49800 time=1.756632e+00 dt=3.486204e-05
elapsed=1.701830e+03 cycle=49900 time=1.760076e+00 dt=3.404859e-05
elapsed=1.705437e+03 cycle=50000 time=1.763465e+00 dt=3.388053e-05
elapsed=1.709189e+03 cycle=50100 time=1.766866e+00 dt=3.426428e-05
elapsed=1.712712e+03 cycle=50200 time=1.770320e+00 dt=3.474438e-05
elapsed=1.715519e+03 cycle=50300 time=1.773781e+00 dt=3.387927e-05
elapsed=1.718275e+03 cycle=50400 time=1.777139e+00 dt=3.381105e-05
elapsed=1.721001e+03 cycle=50500 time=1.780609e+00 dt=3.492568e-05
elapsed=1.723668e+03 cycle=50600 time=1.784098e+00 dt=3.484909e-05
elapsed=1.726300e+03 cycle=50700 time=1.787591e+00 dt=3.513303e-05
elapsed=1.728911e+03 cycle=50800 time=1.791128e+00 dt=3.546116e-05
elapsed=1.731468e+03 cycle=50900 time=1.794686e+00 dt=3.548488e-05
elapsed=1.733992e+03 cycle=51000 time=1.798209e+00 dt=3.494570e-05
elapsed=1.736503e+03 cycle=51100 time=1.801613e+00 dt=3.305007e-05
elapsed=1.738979e+03 cycle=51200 time=1.804965e+00 dt=3.455504e-05
elapsed=1.741424e+03 cycle=51300 time=1.808419e+00 dt=3.444244e-05
elapsed=1.744277e+03 cycle=51400 time=1.811889e+00 dt=3.458853e-05
elapsed=1.747317e+03 cycle=51500 time=1.815298e+00 dt=3.385403e-05
elapsed=1.750329e+03 cycle=51600 time=1.818712e+00 dt=3.419574e-05
elapsed=1.753038e+03 cycle=51700 time=1.822144e+00 dt=3.452714e-05
elapsed=1.755402e+03 cycle=51800 time=1.825601e+00 dt=3.452735e-05
elapsed=1.757747e+03 cycle=51900 time=1.829032e+00 dt=3.387575e-05
elapsed=1.760095e+03 cycle=52000 time=1.832383e+00 dt=3.344292e-05
elapsed=1.762409e+03 cycle=52100 time=1.835752e+00 dt=3.396738e-05
elapsed=1.764719e+03 cycle=52200 time=1.839183e+00 dt=3.467549e-05
elapsed=1.767040e+03 cycle=52300 time=1.842647e+00 dt=3.411198e-05
elapsed=1.769326e+03 cycle=52400 time=1.845982e+00 dt=3.260155e-05
elapsed=1.771603e+03 cycle=52500 time=1.849223e+00 dt=3.233200e-05
elapsed=1.773891e+03 cycle=52600 time=1.852487e+00 dt=3.313337e-05
elapsed=1.776159e+03 cycle=52700 time=1.855930e+00 dt=3.515555e-05
elapsed=1.778429e+03 cycle=52800 time=1.859460e+00 dt=3.542612e-05
elapsed=1.780716e+03 cycle=52900 time=1.862992e+00 dt=3.487247e-05
elapsed=1.783513e+03 cycle=53000 time=1.866461e+00 dt=3.471921e-05
elapsed=1.786405e+03 cycle=53100 time=1.869919e+00 dt=3.445461e-05
elapsed=1.789333e+03 cycle=53200 time=1.873367e+00 dt=3.467128e-05
elapsed=1.791879e+03 cycle=53300 time=1.876827e+00 dt=3.450164e-05
elapsed=1.794153e+03 cycle=53400 time=1.880267e+00 dt=3.424558e-05
elapsed=1.796414e+03 cycle=53500 time=1.883609e+00 dt=3.211879e-05
elapsed=1.798666e+03 cycle=53600 time=1.886685e+00 dt=3.306451e-05
elapsed=1.800935e+03 cycle=53700 time=1.890346e+00 dt=3.723085e-05
elapsed=1.803190e+03 cycle=53800 time=1.894037e+00 dt=3.649249e-05
elapsed=1.805443e+03 cycle=53900 time=1.897705e+00 dt=3.670905e-05
elapsed=1.807718e+03 cycle=54000 time=1.901318e+00 dt=3.559762e-05
elapsed=1.809970e+03 cycle=54100 time=1.904860e+00 dt=3.513735e-05
elapsed=1.812224e+03 cycle=54200 time=1.908340e+00 dt=3.412723e-05
elapsed=1.814498e+03 cycle=54300 time=1.911720e+00 dt=3.381370e-05
elapsed=1.816755e+03 cycle=54400 time=1.915162e+00 dt=3.580802e-05
elapsed=1.819071e+03 cycle=54500 time=1.918713e+00 dt=3.528307e-05
elapsed=1.821976e+03 cycle=54600 time=1.922234e+00 dt=3.523205e-05
elapsed=1.824850e+03 cycle=54700 time=1.925771e+00 dt=3.577398e-05
elapsed=1.827722e+03 cycle=54800 time=1.929312e+00 dt=3.558591e-05
elapsed=1.830126e+03 cycle=54900 time=1.932861e+00 dt=3.524954e-05
elapsed=1.832379e+03 cycle=55000 time=1.936351e+00 dt=3.450159e-05
elapsed=1.834628e+03 cycle=55100 time=1.939743e+00 dt=3.333320e-05
elapsed=1.836883e+03 cycle=55200 time=1.943022e+00 dt=3.219327e-05
elapsed=1.839130e+03 cycle=55300 time=1.946179e+00 dt=3.074447e-05
elapsed=1.841371e+03 cycle=55400 time=1.949155e+00 dt=2.869535e-05
elapsed=1.843636e+03 cycle=55500 time=1.952069e+00 dt=3.087689e-05
elapsed=1.845882e+03 cycle=55600 time=1.955426e+00 dt=3.537696e-05
elapsed=1.848111e+03 cycle=55700 time=1.958994e+00 dt=3.574501e-05
elapsed=1.850350e+03 cycle=55800 time=1.962553e+00 dt=3.538975e-05
elapsed=1.852562e+03 cycle=55900 time=1.966080e+00 dt=3.520268e-05
elapsed=1.854771e+03 cycle=56000 time=1.969615e+00 dt=3.561005e-05
elapsed=1.857135e+03 cycle=56100 time=1.973166e+00 dt=3.513077e-05
elapsed=1.859918e+03 cycle=56200 time=1.976657e+00 dt=3.457085e-05
elapsed=1.862708e+03 cycle=56300 time=1.980098e+00 dt=3.404921e-05
elapsed=1.865469e+03 cycle=56400 time=1.983507e+00 dt=3.401396e-05
elapsed=1.867754e+03 cycle=56500 time=1.986881e+00 dt=3.360557e-05
elapsed=1.869926e+03 cycle=56600 time=1.990230e+00 dt=3.336171e-05
elapsed=1.872075e+03 cycle=56700 time=1.993562e+00 dt=3.322623e-05
elapsed=1.874227e+03 cycle=56800 time=1.996873e+00 dt=3.288391e-05
elapsed=1.876410e+03 cycle=56900 time=2.000151e+00 dt=3.287611e-05
elapsed=1.878559e+03 cycle=57000 time=2.003459e+00 dt=3.289533e-05
elapsed=1.880708e+03 cycle=57100 time=2.006694e+00 dt=3.210596e-05
elapsed=1.882859e+03 cycle=57200 time=2.009895e+00 dt=3.183328e-05
elapsed=1.885025e+03 cycle=57300 time=2.013059e+00 dt=3.139618e-05
elapsed=1.887159e+03 cycle=57400 time=2.016190e+00 dt=3.122749e-05
elapsed=1.889311e+03 cycle=57500 time=2.019316e+00 dt=3.174579e-05
elapsed=1.891497e+03 cycle=57600 time=2.022515e+00 dt=3.209178e-05
elapsed=1.893808e+03 cycle=57700 time=2.025753e+00 dt=3.255010e-05
elapsed=1.896561e+03 cycle=57800 time=2.029029e+00 dt=3.279145e-05
elapsed=1.899326e+03 cycle=57900 time=2.032277e+00 dt=3.199973e-05
elapsed=1.902062e+03 cycle=58000 time=2.035412e+00 dt=3.079245e-05
elapsed=1.904339e+03 cycle=58100 time=2.038540e+00 dt=3.366804e-05
elapsed=1.906493e+03 cycle=58200 time=2.041777e+00 dt=3.296250e-05
elapsed=1.908624e+03 cycle=58300 time=2.045167e+00 dt=3.403160e-05
elapsed=1.910757e+03 cycle=58400 time=2.048584e+00 dt=3.408361e-05
elapsed=1.912908e+03 cycle=58500 time=2.052009e+00 dt=3.394753e-05
elapsed=1.915037e+03 cycle=58600 time=2.055411e+00 dt=3.402766e-05
elapsed=1.917171e+03 cycle=58700 time=2.058793e+00 dt=3.327248e-05
elapsed=1.919341e+03 cycle=58800 time=2.062031e+00 dt=3.146113e-05
elapsed=1.921490e+03 cycle=58900 time=2.065260e+00 dt=3.468377e-05
elapsed=1.923637e+03 cycle=59000 time=2.068728e+00 dt=3.449347e-05
elapsed=1.925804e+03 cycle=59100 time=2.072113e+00 dt=3.268461e-05
elapsed=1.927953e+03 cycle=59200 time=2.075405e+00 dt=3.412393e-05
elapsed=1.930100e+03 cycle=59300 time=2.078721e+00 dt=3.235831e-05
elapsed=1.932376e+03 cycle=59400 time=2.082028e+00 dt=3.318951e-05
elapsed=1.935114e+03 cycle=59500 time=2.085336e+00 dt=3.298101e-05
elapsed=1.937857e+03 cycle=59600 time=2.088619e+00 dt=3.236896e-05
elapsed=1.940593e+03 cycle=59700 time=2.091873e+00 dt=3.394987e-05
elapsed=1.942905e+03 cycle=59800 time=2.095332e+00 dt=3.501253e-05
elapsed=1.945072e+03 cycle=59900 time=2.098748e+00 dt=3.339976e-05
elapsed=1.947288e+03 cycle=60000 time=2.101990e+00 dt=3.146386e-05
elapsed=1.949495e+03 cycle=60100 time=2.105073e+00 dt=3.054870e-05
elapsed=1.951705e+03 cycle=60200 time=2.108318e+00 dt=3.422487e-05
elapsed=1.953939e+03 cycle=60300 time=2.111690e+00 dt=3.261711e-05
elapsed=1.956168e+03 cycle=60400 time=2.114836e+00 dt=3.059806e-05
elapsed=1.958408e+03 cycle=60500 time=2.117781e+00 dt=2.849307e-05
elapsed=1.960672e+03 cycle=60600 time=2.120551e+00 dt=2.688136e-05
elapsed=1.962920e+03 cycle=60700 time=2.123228e+00 dt=2.696177e-05
elapsed=1.965170e+03 cycle=60800 time=2.126173e+00 dt=3.444066e-05
elapsed=1.967426e+03 cycle=60900 time=2.129588e+00 dt=3.396480e-05
elapsed=1.970034e+03 cycle=61000 time=2.132945e+00 dt=3.211668e-05
elapsed=1.972918e+03 cycle=61100 time=2.136054e+00 dt=3.311042e-05
elapsed=1.975803e+03 cycle=61200 time=2.139332e+00 dt=3.253357e-05
elapsed=1.978576e+03 cycle=61300 time=2.142588e+00 dt=3.240029e-05
elapsed=1.980851e+03 cycle=61400 time=2.145827e+00 dt=3.308087e-05
elapsed=1.983131e+03 cycle=61500 time=2.149354e+00 dt=3.682676e-05
elapsed=1.985440e+03 cycle=61600 time=2.152966e+00 dt=3.492939e-05
elapsed=1.987722e+03 cycle=61700 time=2.156548e+00 dt=3.702904e-05
elapsed=1.990011e+03 cycle=61800 time=2.160183e+00 dt=3.578175e-05
elapsed=1.992276e+03 cycle=61900 time=2.163674e+00 dt=3.418453e-05
elapsed=1.994540e+03 cycle=62000 time=2.167101e+00 dt=3.357025e-05
elapsed=1.996822e+03 cycle=62100 time=2.170554e+00 dt=3.459290e-05
elapsed=1.999086e+03 cycle=62200 time=2.173975e+00 dt=3.398718e-05
elapsed=2.001350e+03 cycle=62300 time=2.177355e+00 dt=3.349336e-05
elapsed=2.003628e+03 cycle=62400 time=2.180627e+00 dt=3.212669e-05
elapsed=2.005884e+03 cycle=62500 time=2.183995e+00 dt=3.494748e-05
elapsed=2.008669e+03 cycle=62600 time=2.187431e+00 dt=3.320084e-05
elapsed=2.011565e+03 cycle=62700 time=2.190870e+00 dt=3.530682e-05
elapsed=2.014425e+03 cycle=62800 time=2.194383e+00 dt=3.507955e-05
elapsed=2.016959e+03 cycle=62900 time=2.197855e+00 dt=3.450518e-05
elapsed=2.019210e+03 cycle=63000 time=2.201335e+00 dt=3.408495e-05
elapsed=2.021451e+03 cycle=63100 time=2.204546e+00 dt=3.127007e-05
elapsed=2.023694e+03 cycle=63200 time=2.207677e+00 dt=3.190615e-05
elapsed=2.025957e+03 cycle=63300 time=2.211006e+00 dt=3.415616e-05
elapsed=2.028198e+03 cycle=63400 time=2.214380e+00 dt=3.337817e-05
elapsed=2.030432e+03 cycle=63500 time=2.217677e+00 dt=3.248351e-05
elapsed=2.032684e+03 cycle=63600 time=2.220889e+00 dt=3.172232e-05
elapsed=2.034918e+03 cycle=63700 time=2.224046e+00 dt=3.128336e-05
elapsed=2.037150e+03 cycle=63800 time=2.227137e+00 dt=3.067020e-05
elapsed=2.039396e+03 cycle=63900 time=2.230214e+00 dt=3.080737e-05
elapsed=2.041624e+03 cycle=64000 time=2.233296e+00 dt=3.074584e-05
elapsed=2.044121e+03 cycle=64100 time=2.236381e+00 dt=3.097491e-05
elapsed=2.046964e+03 cycle=64200 time=2.239507e+00 dt=3.158502e-05
elapsed=2.049823e+03 cycle=64300 time=2.242672e+00 dt=3.094606e-05
elapsed=2.052606e+03 cycle=64400 time=2.245725e+00 dt=3.057502e-05
elapsed=2.054829e+03 cycle=64500 time=2.248840e+00 dt=3.158639e-05
elapsed=2.057064e+03 cycle=64600 time=2.251984e+00 dt=3.122313e-05
elapsed=2.059280e+03 cycle=64700 time=2.255078e+00 dt=3.064202e-05
elapsed=2.061498e+03 cycle=64800 time=2.258121e+00 dt=3.031815e-05
elapsed=2.063741e+03 cycle=64900 time=2.261133e+00 dt=2.974037e-05
elapsed=2.065974e+03 cycle=65000 time=2.264067e+00 dt=2.898493e-05
elapsed=2.068221e+03 cycle=65100 time=2.266976e+00 dt=2.916759e-05
elapsed=2.070477e+03 cycle=65200 time=2.269915e+00 dt=3.083589e-05
elapsed=2.072758e+03 cycle=65300 time=2.273094e+00 dt=3.213960e-05
elapsed=2.075028e+03 cycle=65400 time=2.276333e+00 dt=3.274575e-05
elapsed=2.077311e+03 cycle=65500 time=2.279575e+00 dt=3.266953e-05
elapsed=2.079622e+03 cycle=65600 time=2.282765e+00 dt=3.111308e-05
elapsed=2.082301e+03 cycle=65700 time=2.285883e+00 dt=3.156053e-05
elapsed=2.085245e+03 cycle=65800 time=2.288936e+00 dt=2.953064e-05
elapsed=2.088214e+03 cycle=65900 time=2.291845e+00 dt=2.848098e-05
elapsed=2.090948e+03 cycle=66000 time=2.294717e+00 dt=2.911994e-05
elapsed=2.093280e+03 cycle=66100 time=2.297788e+00 dt=3.217101e-05
elapsed=2.095631e+03 cycle=66200 time=2.301024e+00 dt=3.244977e-05
elapsed=2.097955e+03 cycle=66300 time=2.304272e+00 dt=3.296756e-05
elapsed=2.100277e+03 cycle=66400 time=2.307710e+00 dt=3.437428e-05
elapsed=2.102625e+03 cycle=66500 time=2.311123e+00 dt=3.419511e-05
elapsed=2.104967e+03 cycle=66600 time=2.314462e+00 dt=3.242163e-05
elapsed=2.107316e+03 cycle=66700 time=2.317780e+00 dt=3.339437e-05
elapsed=2.109684e+03 cycle=66800 time=2.321150e+00 dt=3.367411e-05
elapsed=2.112031e+03 cycle=66900 time=2.324514e+00 dt=3.383186e-05
elapsed=2.114380e+03 cycle=67000 time=2.327924e+00 dt=3.393896e-05
elapsed=2.116752e+03 cycle=67100 time=2.331295e+00 dt=3.361077e-05
elapsed=2.119104e+03 cycle=67200 time=2.334611e+00 dt=3.228196e-05
elapsed=2.121764e+03 cycle=67300 time=2.337754e+00 dt=3.031910e-05
elapsed=2.124811e+03 cycle=67400 time=2.340695e+00 dt=2.837381e-05
elapsed=2.127840e+03 cycle=67500 time=2.343446e+00 dt=2.682186e-05
elapsed=2.130867e+03 cycle=67600 time=2.346083e+00 dt=2.593568e-05
elapsed=2.133266e+03 cycle=67700 time=2.348676e+00 dt=2.578056e-05
elapsed=2.135655e+03 cycle=67800 time=2.351274e+00 dt=2.636480e-05
elapsed=2.138028e+03 cycle=67900 time=2.353997e+00 dt=2.959948e-05
elapsed=2.140399e+03 cycle=68000 time=2.357007e+00 dt=2.988682e-05
elapsed=2.142767e+03 cycle=68100 time=2.359948e+00 dt=2.917789e-05
elapsed=2.145153e+03 cycle=68200 time=2.363276e+00 dt=3.459412e-05
elapsed=2.147525e+03 cycle=68300 time=2.366774e+00 dt=3.524621e-05
elapsed=2.149922e+03 cycle=68400 time=2.370208e+00 dt=3.346590e-05
elapsed=2.152310e+03 cycle=68500 time=2.373495e+00 dt=3.178099e-05
elapsed=2.154715e+03 cycle=68600 time=2.376603e+00 dt=3.079112e-05
elapsed=2.157122e+03 cycle=68700 time=2.379700e+00 dt=3.152107e-05
elapsed=2.159666e+03 cycle=68800 time=2.382955e+00 dt=3.320986e-05
elapsed=2.162755e+03 cycle=68900 time=2.386313e+00 dt=3.381517e-05
elapsed=2.165855e+03 cycle=69000 time=2.389697e+00 dt=3.238168e-05
elapsed=2.168918e+03 cycle=69100 time=2.393027e+00 dt=3.452640e-05
elapsed=2.171350e+03 cycle=69200 time=2.396471e+00 dt=3.403448e-05
elapsed=2.173782e+03 cycle=69300 time=2.399821e+00 dt=3.310129e-05
elapsed=2.176234e+03 cycle=69400 time=2.403179e+00 dt=3.478541e-05
elapsed=2.178670e+03 cycle=69500 time=2.406699e+00 dt=3.546315e-05
elapsed=2.181128e+03 cycle=69600 time=2.410208e+00 dt=3.445472e-05
elapsed=2.183565e+03 cycle=69700 time=2.413553e+00 dt=3.256283e-05
elapsed=2.186000e+03 cycle=69800 time=2.416721e+00 dt=3.099010e-05
elapsed=2.188434e+03 cycle=69900 time=2.419994e+00 dt=3.411395e-05
elapsed=2.190888e+03 cycle=70000 time=2.423357e+00 dt=3.318027e-05
elapsed=2.193325e+03 cycle=70100 time=2.426626e+00 dt=3.272132e-05
elapsed=2.195766e+03 cycle=70200 time=2.429920e+00 dt=3.316601e-05
elapsed=2.198230e+03 cycle=70300 time=2.433185e+00 dt=3.205834e-05
elapsed=2.201172e+03 cycle=70400 time=2.436338e+00 dt=3.095183e-05
elapsed=2.204314e+03 cycle=70500 time=2.439349e+00 dt=2.909479e-05
elapsed=2.207495e+03 cycle=70600 time=2.442268e+00 dt=3.032114e-05
elapsed=2.210187e+03 cycle=70700 time=2.445623e+00 dt=3.491245e-05
elapsed=2.212659e+03 cycle=70800 time=2.449069e+00 dt=3.383845e-05
elapsed=2.215144e+03 cycle=70900 time=2.452396e+00 dt=3.275513e-05
elapsed=2.217587e+03 cycle=71000 time=2.455661e+00 dt=3.273567e-05
elapsed=2.220004e+03 cycle=71100 time=2.458925e+00 dt=3.239445e-05
elapsed=2.222440e+03 cycle=71200 time=2.462107e+00 dt=3.085058e-05
elapsed=2.224862e+03 cycle=71300 time=2.465059e+00 dt=2.812710e-05
elapsed=2.227287e+03 cycle=71400 time=2.467707e+00 dt=2.472362e-05
elapsed=2.229737e+03 cycle=71500 time=2.470090e+00 dt=2.448313e-05
elapsed=2.232171e+03 cycle=71600 time=2.473002e+00 dt=3.111482e-05
elapsed=2.234617e+03 cycle=71700 time=2.476001e+00 dt=2.964812e-05
elapsed=2.237200e+03 cycle=71800 time=2.479039e+00 dt=3.065298e-05
elapsed=2.240370e+03 cycle=71900 time=2.482201e+00 dt=3.197839e-05
elapsed=2.243515e+03 cycle=72000 time=2.485388e+00 dt=3.153457e-05
elapsed=2.246558e+03 cycle=72100 time=2.488523e+00 dt=3.147576e-05
elapsed=2.249035e+03 cycle=72200 time=2.491712e+00 dt=3.251079e-05
elapsed=2.251486e+03 cycle=72300 time=2.495007e+00 dt=3.425545e-05
elapsed=2.253933e+03 cycle=72400 time=2.498495e+00 dt=3.464434e-05
elapsed=2.256401e+03 cycle=72500 time=2.501889e+00 dt=3.362242e-05
elapsed=2.258849e+03 cycle=72600 time=2.505253e+00 dt=3.336756e-05
elapsed=2.261293e+03 cycle=72700 time=2.508553e+00 dt=3.267116e-05
elapsed=2.263755e+03 cycle=72800 time=2.511775e+00 dt=3.175183e-05
elapsed=2.266198e+03 cycle=72900 time=2.514907e+00 dt=3.085118e-05
elapsed=2.268643e+03 cycle=73000 time=2.517956e+00 dt=2.979755e-05
elapsed=2.271115e+03 cycle=73100 time=2.520867e+00 dt=2.928033e-05
elapsed=2.273573e+03 cycle=73200 time=2.523912e+00 dt=3.037556e-05
elapsed=2.276034e+03 cycle=73300 time=2.526834e+00 dt=2.806899e-05
elapsed=2.279082e+03 cycle=73400 time=2.529536e+00 dt=2.661713e-05
elapsed=2.282258e+03 cycle=73500 time=2.532460e+00 dt=3.225330e-05
elapsed=2.285413e+03 cycle=73600 time=2.535747e+00 dt=3.319804e-05
elapsed=2.288008e+03 cycle=73700 time=2.539097e+00 dt=3.338269e-05
elapsed=2.290488e+03 cycle=73800 time=2.542425e+00 dt=3.334984e-05
elapsed=2.292947e+03 cycle=73900 time=2.545771e+00 dt=3.346944e-05
elapsed=2.295405e+03 cycle=74000 time=2.549075e+00 dt=3.239364e-05
elapsed=2.297881e+03 cycle=74100 time=2.552250e+00 dt=3.033300e-05
elapsed=2.300337e+03 cycle=74200 time=2.555231e+00 dt=3.134968e-05
elapsed=2.302795e+03 cycle=74300 time=2.558251e+00 dt=2.987952e-05
elapsed=2.305270e+03 cycle=74400 time=2.561275e+00 dt=2.959252e-05
elapsed=2.307724e+03 cycle=74500 time=2.564318e+00 dt=3.096813e-05
elapsed=2.310175e+03 cycle=74600 time=2.567389e+00 dt=3.096962e-05
elapsed=2.312648e+03 cycle=74700 time=2.570570e+00 dt=3.268217e-05
elapsed=2.315679e+03 cycle=74800 time=2.573903e+00 dt=3.373388e-05
elapsed=2.318829e+03 cycle=74900 time=2.577288e+00 dt=3.385318e-05
elapsed=2.322008e+03 cycle=75000 time=2.580635e+00 dt=3.317669e-05
elapsed=2.324611e+03 cycle=75100 time=2.583911e+00 dt=3.258597e-05
elapsed=2.327078e+03 cycle=75200 time=2.587151e+00 dt=3.220542e-05
elapsed=2.329561e+03 cycle=75300 time=2.590453e+00 dt=3.417020e-05
elapsed=2.332029e+03 cycle=75400 time=2.593859e+00 dt=3.348795e-05
elapsed=2.334496e+03 cycle=75500 time=2.597144e+00 dt=3.235274e-05
elapsed=2.336981e+03 cycle=75600 time=2.600339e+00 dt=3.151003e-05
elapsed=2.339450e+03 cycle=75700 time=2.603502e+00 dt=3.137340e-05
elapsed=2.341918e+03 cycle=75800 time=2.606608e+00 dt=3.080518e-05
elapsed=2.344387e+03 cycle=75900 time=2.609645e+00 dt=2.979823e-05
elapsed=2.346869e+03 cycle=76000 time=2.612518e+00 dt=2.765529e-05
elapsed=2.349333e+03 cycle=76100 time=2.615338e+00 dt=2.928508e-05
elapsed=2.351793e+03 cycle=76200 time=2.618350e+00 dt=3.100126e-05
elapsed=2.354955e+03 cycle=76300 time=2.621436e+00 dt=3.022258e-05
elapsed=2.358090e+03 cycle=76400 time=2.624404e+00 dt=2.914472e-05
elapsed=2.361227e+03 cycle=76500 time=2.627282e+00 dt=2.961578e-05
elapsed=2.363969e+03 cycle=76600 time=2.630382e+00 dt=3.192908e-05
elapsed=2.366429e+03 cycle=76700 time=2.633476e+00 dt=3.021984e-05
elapsed=2.368892e+03 cycle=76800 time=2.636458e+00 dt=2.949534e-05
elapsed=2.371355e+03 cycle=76900 time=2.639443e+00 dt=3.057480e-05
elapsed=2.373844e+03 cycle=77000 time=2.642618e+00 dt=3.320289e-05
elapsed=2.376321e+03 cycle=77100 time=2.645933e+00 dt=3.316078e-05
elapsed=2.378809e+03 cycle=77200 time=2.649294e+00 dt=3.451821e-05
elapsed=2.381327e+03 cycle=77300 time=2.652703e+00 dt=3.382658e-05
elapsed=2.383836e+03 cycle=77400 time=2.656092e+00 dt=3.412400e-05
elapsed=2.386367e+03 cycle=77500 time=2.659531e+00 dt=3.442748e-05
elapsed=2.388938e+03 cycle=77600 time=2.662936e+00 dt=3.378025e-05
elapsed=2.391507e+03 cycle=77700 time=2.666309e+00 dt=3.371939e-05
elapsed=2.394502e+03 cycle=77800 time=2.669698e+00 dt=3.399660e-05
elapsed=2.397882e+03 cycle=77900 time=2.673039e+00 dt=3.255272e-05
elapsed=2.401269e+03 cycle=78000 time=2.676287e+00 dt=3.302813e-05
elapsed=2.404376e+03 cycle=78100 time=2.679678e+00 dt=3.413658e-05
elapsed=2.407076e+03 cycle=78200 time=2.683097e+00 dt=3.415843e-05
elapsed=2.409782e+03 cycle=78300 time=2.686433e+00 dt=3.373324e-05
elapsed=2.412519e+03 cycle=78400 time=2.689718e+00 dt=3.212052e-05
elapsed=2.415305e+03 cycle=78500 time=2.692808e+00 dt=2.974187e-05
elapsed=2.418103e+03 cycle=78600 time=2.695812e+00 dt=3.051378e-05
elapsed=2.420934e+03 cycle=78700 time=2.698917e+00 dt=3.201797e-05
elapsed=2.423822e+03 cycle=78800 time=2.702199e+00 dt=3.314486e-05
elapsed=2.426726e+03 cycle=78900 time=2.705506e+00 dt=3.289917e-05
elapsed=2.429675e+03 cycle=79000 time=2.708758e+00 dt=3.211540e-05
elapsed=2.433362e+03 cycle=79100 time=2.711946e+00 dt=3.160485e-05
elapsed=2.437288e+03 cycle=79200 time=2.714993e+00 dt=2.917304e-05
elapsed=2.440969e+03 cycle=79300 time=2.718040e+00 dt=3.409845e-05
elapsed=2.444119e+03 cycle=79400 time=2.721574e+00 dt=3.334658e-05
elapsed=2.447296e+03 cycle=79500 time=2.725060e+00 dt=3.477516e-05
elapsed=2.450524e+03 cycle=79600 time=2.728472e+00 dt=3.360770e-05
elapsed=2.453815e+03 cycle=79700 time=2.731778e+00 dt=3.248116e-05
elapsed=2.457125e+03 cycle=79800 time=2.734972e+00 dt=3.144227e-05
elapsed=2.460488e+03 cycle=79900 time=2.738037e+00 dt=2.956098e-05
elapsed=2.463921e+03 cycle=80000 time=2.740855e+00 dt=2.643544e-05
elapsed=2.467470e+03 cycle=80100 time=2.743564e+00 dt=2.892738e-05
elapsed=2.471999e+03 cycle=80200 time=2.746412e+00 dt=2.799355e-05
elapsed=2.476583e+03 cycle=80300 time=2.749196e+00 dt=2.763194e-05
elapsed=2.480427e+03 cycle=80400 time=2.752020e+00 dt=2.921104e-05
elapsed=2.484048e+03 cycle=80500 time=2.754912e+00 dt=2.798374e-05
elapsed=2.487702e+03 cycle=80600 time=2.757713e+00 dt=2.839715e-05
elapsed=2.491383e+03 cycle=80700 time=2.760627e+00 dt=3.095407e-05
elapsed=2.494976e+03 cycle=80800 time=2.763959e+00 dt=3.386375e-05
elapsed=2.498509e+03 cycle=80900 time=2.767411e+00 dt=3.482119e-05
elapsed=2.502070e+03 cycle=81000 time=2.770816e+00 dt=3.315314e-05
elapsed=2.505945e+03 cycle=81100 time=2.774022e+00 dt=3.097330e-05
elapsed=2.510654e+03 cycle=81200 time=2.777066e+00 dt=3.062085e-05
elapsed=2.515177e+03 cycle=81300 time=2.780328e+00 dt=3.385120e-05
elapsed=2.518879e+03 cycle=81400 time=2.783809e+00 dt=3.500668e-05
elapsed=2.522605e+03 cycle=81500 time=2.787305e+00 dt=3.476093e-05
elapsed=2.526362e+03 cycle=81600 time=2.790779e+00 dt=3.460830e-05
elapsed=2.530097e+03 cycle=81700 time=2.794244e+00 dt=3.484201e-05
elapsed=2.533826e+03 cycle=81800 time=2.797732e+00 dt=3.508141e-05
elapsed=2.537566e+03 cycle=81900 time=2.801176e+00 dt=3.365593e-05
elapsed=2.541557e+03 cycle=82000 time=2.804456e+00 dt=3.194495e-05
elapsed=2.546338e+03 cycle=82100 time=2.807605e+00 dt=3.120024e-05
elapsed=2.550835e+03 cycle=82200 time=2.810715e+00 dt=3.103604e-05
elapsed=2.554486e+03 cycle=82300 time=2.813806e+00 dt=3.068567e-05
elapsed=2.558114e+03 cycle=82400 time=2.816845e+00 dt=3.016278e-05
elapsed=2.561718e+03 cycle=82500 time=2.819902e+00 dt=3.130541e-05
elapsed=2.565322e+03 cycle=82600 time=2.823096e+00 dt=3.209022e-05
elapsed=2.568872e+03 cycle=82700 time=2.826294e+00 dt=3.210054e-05
elapsed=2.572384e+03 cycle=82800 time=2.829717e+00 dt=3.548158e-05
elapsed=2.575883e+03 cycle=82900 time=2.833232e+00 dt=3.487537e-05
elapsed=2.580318e+03 cycle=83000 time=2.836668e+00 dt=3.410316e-05
elapsed=2.584723e+03 cycle=83100 time=2.840041e+00 dt=3.340329e-05
elapsed=2.588242e+03 cycle=83200 time=2.843364e+00 dt=3.333085e-05
elapsed=2.591535e+03 cycle=83300 time=2.846691e+00 dt=3.357692e-05
elapsed=2.594773e+03 cycle=83400 time=2.850102e+00 dt=3.398481e-05
elapsed=2.597923e+03 cycle=83500 time=2.853454e+00 dt=3.300813e-05
elapsed=2.601014e+03 cycle=83600 time=2.856712e+00 dt=3.244341e-05
elapsed=2.604049e+03 cycle=83700 time=2.859954e+00 dt=3.235798e-05
elapsed=2.607054e+03 cycle=83800 time=2.863170e+00 dt=3.164589e-05
elapsed=2.609986e+03 cycle=83900 time=2.866373e+00 dt=3.200689e-05
elapsed=2.612953e+03 cycle=84000 time=2.869551e+00 dt=3.145578e-05
elapsed=2.616636e+03 cycle=84100 time=2.872652e+00 dt=3.050520e-05
elapsed=2.620241e+03 cycle=84200 time=2.875643e+00 dt=2.920812e-05
elapsed=2.623433e+03 cycle=84300 time=2.878514e+00 dt=2.818151e-05
elapsed=2.626185e+03 cycle=84400 time=2.881243e+00 dt=2.650427e-05
elapsed=2.628879e+03 cycle=84500 time=2.883855e+00 dt=2.592708e-05
elapsed=2.631542e+03 cycle=84600 time=2.886473e+00 dt=2.658264e-05
elapsed=2.634180e+03 cycle=84700 time=2.889195e+00 dt=2.865338e-05
elapsed=2.636814e+03 cycle=84800 time=2.892086e+00 dt=2.885833e-05
elapsed=2.639401e+03 cycle=84900 time=2.895063e+00 dt=2.984458e-05
elapsed=2.641967e+03 cycle=85000 time=2.897980e+00 dt=2.898700e-05
elapsed=2.644535e+03 cycle=85100 time=2.900866e+00 dt=2.897222e-05
elapsed=2.647068e+03 cycle=85200 time=2.903821e+00 dt=3.033104e-05
elapsed=2.649589e+03 cycle=85300 time=2.906830e+00 dt=2.936973e-05
elapsed=2.652619e+03 cycle=85400 time=2.909687e+00 dt=2.794250e-05
elapsed=2.655855e+03 cycle=85500 time=2.912465e+00 dt=2.804010e-05
elapsed=2.659049e+03 cycle=85600 time=2.915282e+00 dt=2.823759e-05
elapsed=2.661710e+03 cycle=85700 time=2.918169e+00 dt=3.016329e-05
elapsed=2.664219e+03 cycle=85800 time=2.921318e+00 dt=3.178800e-05
elapsed=2.666703e+03 cycle=85900 time=2.924428e+00 dt=2.993231e-05
elapsed=2.669189e+03 cycle=86000 time=2.927483e+00 dt=3.162782e-05
elapsed=2.671689e+03 cycle=86100 time=2.930612e+00 dt=3.041017e-05
elapsed=2.674165e+03 cycle=86200 time=2.933538e+00 dt=2.808405e-05
elapsed=2.676634e+03 cycle=86300 time=2.936276e+00 dt=2.769308e-05
elapsed=2.679104e+03 cycle=86400 time=2.939345e+00 dt=3.210694e-05
elapsed=2.681591e+03 cycle=86500 time=2.942554e+00 dt=3.203709e-05
elapsed=2.684057e+03 cycle=86600 time=2.945628e+00 dt=3.174396e-05
elapsed=2.686541e+03 cycle=86700 time=2.948763e+00 dt=3.144322e-05
elapsed=2.689619e+03 cycle=86800 time=2.951890e+00 dt=3.101700e-05
elapsed=2.692775e+03 cycle=86900 time=2.954975e+00 dt=3.059653e-05
elapsed=2.695933e+03 cycle=87000 time=2.958013e+00 dt=3.017178e-05
elapsed=2.698543e+03 cycle=87100 time=2.961028e+00 dt=3.003990e-05
elapsed=2.701015e+03 cycle=87200 time=2.963981e+00 dt=2.976014e-05
elapsed=2.703480e+03 cycle=87300 time=2.967012e+00 dt=3.091584e-05
elapsed=2.705940e+03 cycle=87400 time=2.969946e+00 dt=2.864122e-05
elapsed=2.708406e+03 cycle=87500 time=2.973162e+00 dt=3.265786e-05
elapsed=2.710840e+03 cycle=87600 time=2.976471e+00 dt=3.316169e-05
elapsed=2.713273e+03 cycle=87700 time=2.979689e+00 dt=3.098027e-05
elapsed=2.715736e+03 cycle=87800 time=2.982854e+00 dt=3.141283e-05
elapsed=2.718192e+03 cycle=87900 time=2.985933e+00 dt=3.011994e-05
elapsed=2.720667e+03 cycle=88000 time=2.988874e+00 dt=2.858244e-05
elapsed=2.723356e+03 cycle=88100 time=2.991665e+00 dt=2.746897e-05
elapsed=2.726544e+03 cycle=88200 time=2.994409e+00 dt=2.805529e-05
elapsed=2.729734e+03 cycle=88300 time=2.997321e+00 dt=3.021716e-05
elapsed=2.732786e+03 cycle=88400 time=3.000427e+00 dt=3.143619e-05
elapsed=2.735299e+03 cycle=88500 time=3.003572e+00 dt=3.120482e-05
elapsed=2.737803e+03 cycle=88600 time=3.006663e+00 dt=3.010998e-05
elapsed=2.740305e+03 cycle=88700 time=3.009570e+00 dt=2.823949e-05
elapsed=2.742823e+03 cycle=88800 time=3.012347e+00 dt=2.734005e-05
elapsed=2.745313e+03 cycle=88900 time=3.015078e+00 dt=2.756121e-05
elapsed=2.747787e+03 cycle=89000 time=3.017768e+00 dt=2.668936e-05
elapsed=2.750265e+03 cycle=89100 time=3.020555e+00 dt=2.910261e-05
elapsed=2.752711e+03 cycle=89200 time=3.023406e+00 dt=2.824399e-05
elapsed=2.755156e+03 cycle=89300 time=3.026248e+00 dt=2.917866e-05
elapsed=2.757591e+03 cycle=89400 time=3.029130e+00 dt=2.881149e-05
elapsed=2.760039e+03 cycle=89500 time=3.032093e+00 dt=2.979588e-05
elapsed=2.762495e+03 cycle=89600 time=3.035035e+00 dt=2.858405e-05
elapsed=2.765580e+03 cycle=89700 time=3.037810e+00 dt=2.720516e-05
elapsed=2.768676e+03 cycle=89800 time=3.040823e+00 dt=3.079073e-05
elapsed=2.771741e+03 cycle=89900 time=3.043931e+00 dt=3.150981e-05
elapsed=2.774392e+03 cycle=90000 time=3.047101e+00 dt=3.171279e-05
elapsed=2.776799e+03 cycle=90100 time=3.050220e+00 dt=3.060154e-05
elapsed=2.779182e+03 cycle=90200 time=3.053234e+00 dt=2.972151e-05
elapsed=2.781565e+03 cycle=90300 time=3.056213e+00 dt=3.015710e-05
elapsed=2.783947e+03 cycle=90400 time=3.059344e+00 dt=3.282318e-05
elapsed=2.786348e+03 cycle=90500 time=3.062625e+00 dt=3.268514e-05
elapsed=2.788728e+03 cycle=90600 time=3.065891e+00 dt=3.271196e-05
elapsed=2.791112e+03 cycle=90700 time=3.069137e+00 dt=3.202221e-05
elapsed=2.793517e+03 cycle=90800 time=3.072355e+00 dt=3.250085e-05
elapsed=2.795899e+03 cycle=90900 time=3.075574e+00 dt=3.148883e-05
elapsed=2.798278e+03 cycle=91000 time=3.078632e+00 dt=2.960042e-05
elapsed=2.800673e+03 cycle=91100 time=3.081534e+00 dt=2.864710e-05
elapsed=2.803596e+03 cycle=91200 time=3.084368e+00 dt=2.815800e-05
elapsed=2.806621e+03 cycle=91300 time=3.087126e+00 dt=2.703220e-05
elapsed=2.809652e+03 cycle=91400 time=3.089799e+00 dt=2.695446e-05
elapsed=2.812258e+03 cycle=91500 time=3.092610e+00 dt=3.059106e-05
elapsed=2.814640e+03 cycle=91600 time=3.095921e+00 dt=3.381408e-05
elapsed=2.817026e+03 cycle=91700 time=3.099190e+00 dt=3.093317e-05
elapsed=2.819432e+03 cycle=91800 time=3.102057e+00 dt=2.889712e-05
elapsed=2.821815e+03 cycle=91900 time=3.105179e+00 dt=3.123166e-05
elapsed=2.824202e+03 cycle=92000 time=3.108370e+00 dt=3.230554e-05
elapsed=2.826606e+03 cycle=92100 time=3.111513e+00 dt=3.092600e-05
elapsed=2.828984e+03 cycle=92200 time=3.114643e+00 dt=3.124277e-05
elapsed=2.831359e+03 cycle=92300 time=3.117692e+00 dt=2.996738e-05
elapsed=2.833757e+03 cycle=92400 time=3.120658e+00 dt=2.941893e-05
elapsed=2.836131e+03 cycle=92500 time=3.123558e+00 dt=2.829644e-05
elapsed=2.838501e+03 cycle=92600 time=3.126272e+00 dt=2.659099e-05
elapsed=2.841155e+03 cycle=92700 time=3.128848e+00 dt=2.504092e-05
elapsed=2.844160e+03 cycle=92800 time=3.131325e+00 dt=2.637311e-05
elapsed=2.847121e+03 cycle=92900 time=3.134231e+00 dt=2.928526e-05
elapsed=2.850072e+03 cycle=93000 time=3.137266e+00 dt=3.214682e-05
elapsed=2.852483e+03 cycle=93100 time=3.140461e+00 dt=3.181127e-05
elapsed=2.854790e+03 cycle=93200 time=3.143638e+00 dt=3.156323e-05
elapsed=2.857094e+03 cycle=93300 time=3.146764e+00 dt=3.091873e-05
elapsed=2.859401e+03 cycle=93400 time=3.149853e+00 dt=3.087519e-05
elapsed=2.861724e+03 cycle=93500 time=3.152897e+00 dt=2.998867e-05
elapsed=2.864027e+03 cycle=93600 time=3.155868e+00 dt=2.914060e-05
elapsed=2.866331e+03 cycle=93700 time=3.158741e+00 dt=2.832201e-05
elapsed=2.868658e+03 cycle=93800 time=3.161456e+00 dt=2.535200e-05
elapsed=2.870974e+03 cycle=93900 time=3.163823e+00 dt=2.464481e-05
elapsed=2.873288e+03 cycle=94000 time=3.166668e+00 dt=3.239446e-05
elapsed=2.875603e+03 cycle=94100 time=3.169784e+00 dt=3.176962e-05
elapsed=2.877939e+03 cycle=94200 time=3.172944e+00 dt=3.134776e-05
elapsed=2.880446e+03 cycle=94300 time=3.176033e+00 dt=3.040938e-05
elapsed=2.883423e+03 cycle=94400 time=3.178939e+00 dt=2.782564e-05
elapsed=2.886415e+03 cycle=94500 time=3.181934e+00 dt=3.346710e-05
elapsed=2.889331e+03 cycle=94600 time=3.185258e+00 dt=3.374082e-05
elapsed=2.891688e+03 cycle=94700 time=3.188594e+00 dt=3.301054e-05
elapsed=2.894124e+03 cycle=94800 time=3.191878e+00 dt=3.276083e-05
elapsed=2.896522e+03 cycle=94900 time=3.195188e+00 dt=3.301191e-05
elapsed=2.898931e+03 cycle=95000 time=3.198444e+00 dt=3.188842e-05
elapsed=2.901382e+03 cycle=95100 time=3.201535e+00 dt=3.007971e-05
elapsed=2.903832e+03 cycle=95200 time=3.204543e+00 dt=3.057235e-05
elapsed=2.906291e+03 cycle=95300 time=3.207663e+00 dt=3.108283e-05
elapsed=2.908799e+03 cycle=95400 time=3.210742e+00 dt=3.068226e-05
elapsed=2.911326e+03 cycle=95500 time=3.213839e+00 dt=3.111499e-05
elapsed=2.913889e+03 cycle=95600 time=3.216914e+00 dt=3.039722e-05
elapsed=2.916872e+03 cycle=95700 time=3.219939e+00 dt=2.914540e-05
elapsed=2.920268e+03 cycle=95800 time=3.222616e+00 dt=2.591501e-05
elapsed=2.923648e+03 cycle=95900 time=3.225577e+00 dt=3.033174e-05
elapsed=2.926535e+03 cycle=96000 time=3.228698e+00 dt=3.164262e-05
elapsed=2.929202e+03 cycle=96100 time=3.231856e+00 dt=3.154528e-05
elapsed=2.931847e+03 cycle=96200 time=3.235060e+00 dt=3.191984e-05
elapsed=2.934496e+03 cycle=96300 time=3.238235e+00 dt=3.146123e-05
elapsed=2.937166e+03 cycle=96400 time=3.241387e+00 dt=3.154479e-05
elapsed=2.939796e+03 cycle=96500 time=3.244473e+00 dt=3.040462e-05
elapsed=2.942413e+03 cycle=96600 time=3.247500e+00 dt=3.016391e-05
elapsed=2.945058e+03 cycle=96700 time=3.250494e+00 dt=2.997059e-05
elapsed=2.947699e+03 cycle=96800 time=3.253508e+00 dt=3.040760e-05
elapsed=2.950350e+03 cycle=96900 time=3.256571e+00 dt=3.092746e-05
elapsed=2.953029e+03 cycle=97000 time=3.259629e+00 dt=2.993234e-05
elapsed=2.956450e+03 cycle=97100 time=3.262566e+00 dt=2.899674e-05
elapsed=2.959855e+03 cycle=97200 time=3.265430e+00 dt=2.841106e-05
elapsed=2.963103e+03 cycle=97300 time=3.268198e+00 dt=2.687620e-05
elapsed=2.965814e+03 cycle=97400 time=3.270808e+00 dt=2.550039e-05
elapsed=2.968496e+03 cycle=97500 time=3.273375e+00 dt=2.612849e-05
elapsed=2.971180e+03 cycle=97600 time=3.276029e+00 dt=2.832315e-05
elapsed=2.973868e+03 cycle=97700 time=3.279031e+00 dt=3.007619e-05
elapsed=2.976571e+03 cycle=97800 time=3.281888e+00 dt=2.779955e-05
elapsed=2.979238e+03 cycle=97900 time=3.284924e+00 dt=3.296926e-05
elapsed=2.981889e+03 cycle=98000 time=3.288208e+00 dt=3.289960e-05
elapsed=2.984545e+03 cycle=98100 time=3.291570e+00 dt=3.422138e-05
elapsed=2.987153e+03 cycle=98200 time=3.294980e+00 dt=3.335350e-05
elapsed=2.989744e+03 cycle=98300 time=3.298227e+00 dt=3.178595e-05
elapsed=2.992848e+03 cycle=98400 time=3.301356e+00 dt=3.095944e-05
elapsed=2.996159e+03 cycle=98500 time=3.304440e+00 dt=3.126927e-05
elapsed=2.999461e+03 cycle=98600 time=3.307598e+00 dt=3.169768e-05
elapsed=3.002200e+03 cycle=98700 time=3.310709e+00 dt=3.032052e-05
elapsed=3.004767e+03 cycle=98800 time=3.313640e+00 dt=2.793711e-05
elapsed=3.007340e+03 cycle=98900 time=3.316328e+00 dt=2.689362e-05
elapsed=3.009913e+03 cycle=99000 time=3.319291e+00 dt=3.108785e-05
elapsed=3.012515e+03 cycle=99100 time=3.322368e+00 dt=3.062481e-05
elapsed=3.015102e+03 cycle=99200 time=3.325431e+00 dt=3.053988e-05
elapsed=3.017696e+03 cycle=99300 time=3.328512e+00 dt=3.114797e-05
elapsed=3.020326e+03 cycle=99400 time=3.331615e+00 dt=3.097009e-05
elapsed=3.022943e+03 cycle=99500 time=3.334718e+00 dt=3.066240e-05
elapsed=3.025574e+03 cycle=99600 time=3.337748e+00 dt=3.000809e-05
elapsed=3.028228e+03 cycle=99700 time=3.340748e+00 dt=3.008374e-05
elapsed=3.031607e+03 cycle=99800 time=3.343776e+00 dt=3.049357e-05
elapsed=3.034997e+03 cycle=99900 time=3.346836e+00 dt=3.051223e-05
elapsed=3.038279e+03 cycle=100000 time=3.349893e+00 dt=3.062363e-05
elapsed=3.040950e+03 cycle=100100 time=3.352943e+00 dt=3.027499e-05
elapsed=3.043611e+03 cycle=100200 time=3.355957e+00 dt=3.006010e-05
elapsed=3.046277e+03 cycle=100300 time=3.358973e+00 dt=3.026142e-05
elapsed=3.048969e+03 cycle=100400 time=3.361977e+00 dt=3.003701e-05
elapsed=3.051635e+03 cycle=100500 time=3.364983e+00 dt=2.981453e-05
elapsed=3.054305e+03 cycle=100600 time=3.367974e+00 dt=2.981248e-05
elapsed=3.056993e+03 cycle=100700 time=3.370932e+00 dt=2.958416e-05
elapsed=3.059660e+03 cycle=100800 time=3.373918e+00 dt=3.000185e-05
elapsed=3.062326e+03 cycle=100900 time=3.376859e+00 dt=2.883889e-05
elapsed=3.064992e+03 cycle=101000 time=3.379693e+00 dt=2.778401e-05
elapsed=3.067680e+03 cycle=101100 time=3.382492e+00 dt=2.876510e-05
elapsed=3.071006e+03 cycle=101200 time=3.385473e+00 dt=3.036084e-05
elapsed=3.074456e+03 cycle=101300 time=3.388522e+00 dt=3.037564e-05
elapsed=3.077864e+03 cycle=101400 time=3.391493e+00 dt=2.922300e-05
elapsed=3.080558e+03 cycle=101500 time=3.394383e+00 dt=2.859681e-05
elapsed=3.083256e+03 cycle=101600 time=3.397194e+00 dt=2.776499e-05
elapsed=3.085958e+03 cycle=101700 time=3.399877e+00 dt=2.900382e-05
elapsed=3.088691e+03 cycle=101800 time=3.402709e+00 dt=2.767746e-05
elapsed=3.091416e+03 cycle=101900 time=3.405401e+00 dt=2.591567e-05
elapsed=3.094151e+03 cycle=102000 time=3.407901e+00 dt=2.524520e-05
elapsed=3.096918e+03 cycle=102100 time=3.410546e+00 dt=2.777999e-05
elapsed=3.099670e+03 cycle=102200 time=3.413332e+00 dt=2.808226e-05
elapsed=3.102426e+03 cycle=102300 time=3.416082e+00 dt=2.737652e-05
elapsed=3.105316e+03 cycle=102400 time=3.418868e+00 dt=2.816401e-05
elapsed=3.108878e+03 cycle=102500 time=3.421730e+00 dt=2.942924e-05
elapsed=3.112403e+03 cycle=102600 time=3.424639e+00 dt=2.889788e-05
elapsed=3.115792e+03 cycle=102700 time=3.427530e+00 dt=2.901365e-05
elapsed=3.118545e+03 cycle=102800 time=3.430452e+00 dt=2.888716e-05
elapsed=3.121267e+03 cycle=102900 time=3.433360e+00 dt=3.053111e-05
elapsed=3.123983e+03 cycle=103000 time=3.436363e+00 dt=2.993107e-05
elapsed=3.126692e+03 cycle=103100 time=3.439413e+00 dt=3.176192e-05
elapsed=3.129415e+03 cycle=103200 time=3.442562e+00 dt=3.112016e-05
elapsed=3.132109e+03 cycle=103300 time=3.445591e+00 dt=2.961224e-05
elapsed=3.134790e+03 cycle=103400 time=3.448517e+00 dt=2.907540e-05
elapsed=3.137477e+03 cycle=103500 time=3.451464e+00 dt=3.040404e-05
elapsed=3.140134e+03 cycle=103600 time=3.454507e+00 dt=2.899221e-05
elapsed=3.142779e+03 cycle=103700 time=3.457535e+00 dt=3.247879e-05
elapsed=3.145696e+03 cycle=103800 time=3.460763e+00 dt=3.184022e-05
elapsed=3.149066e+03 cycle=103900 time=3.463936e+00 dt=3.237348e-05
elapsed=3.152422e+03 cycle=104000 time=3.467160e+00 dt=3.214734e-05
elapsed=3.155423e+03 cycle=104100 time=3.470350e+00 dt=3.135445e-05
elapsed=3.158035e+03 cycle=104200 time=3.473405e+00 dt=2.953364e-05
elapsed=3.160642e+03 cycle=104300 time=3.476274e+00 dt=2.805696e-05
elapsed=3.163247e+03 cycle=104400 time=3.479052e+00 dt=2.754027e-05
elapsed=3.165867e+03 cycle=104500 time=3.481786e+00 dt=2.708295e-05
elapsed=3.168458e+03 cycle=104600 time=3.484507e+00 dt=2.735479e-05
elapsed=3.171041e+03 cycle=104700 time=3.487177e+00 dt=2.611338e-05
elapsed=3.173617e+03 cycle=104800 time=3.489802e+00 dt=2.698913e-05
elapsed=3.176209e+03 cycle=104900 time=3.492562e+00 dt=2.725683e-05
elapsed=3.178771e+03 cycle=105000 time=3.495189e+00 dt=2.591291e-05
elapsed=3.181670e+03 cycle=105100 time=3.497779e+00 dt=2.575293e-05
elapsed=3.184967e+03 cycle=105200 time=3.500336e+00 dt=2.567835e-05
elapsed=3.188240e+03 cycle=105300 time=3.502937e+00 dt=2.616528e-05
elapsed=3.191097e+03 cycle=105400 time=3.505515e+00 dt=2.580483e-05
elapsed=3.193633e+03 cycle=105500 time=3.508161e+00 dt=2.664945e-05
elapsed=3.196185e+03 cycle=105600 time=3.510802e+00 dt=2.620256e-05
elapsed=3.198707e+03 cycle=105700 time=3.513424e+00 dt=2.644794e-05
elapsed=3.201220e+03 cycle=105800 time=3.516125e+00 dt=2.752064e-05
elapsed=3.203729e+03 cycle=105900 time=3.518846e+00 dt=2.914132e-05
elapsed=3.206246e+03 cycle=106000 time=3.521771e+00 dt=2.947857e-05
elapsed=3.208729e+03 cycle=106100 time=3.524737e+00 dt=3.044504e-05
elapsed=3.211201e+03 cycle=106200 time=3.527784e+00 dt=3.092559e-05
elapsed=3.213677e+03 cycle=106300 time=3.530800e+00 dt=2.999272e-05
elapsed=3.216124e+03 cycle=106400 time=3.533799e+00 dt=2.983821e-05
elapsed=3.218759e+03 cycle=106500 time=3.536791e+00 dt=3.040996e-05
elapsed=3.221846e+03 cycle=106600 time=3.539799e+00 dt=2.937141e-05
elapsed=3.224929e+03 cycle=106700 time=3.542695e+00 dt=2.862872e-05
elapsed=3.227963e+03 cycle=106800 time=3.545514e+00 dt=2.746818e-05
elapsed=3.230428e+03 cycle=106900 time=3.548248e+00 dt=2.748603e-05
elapsed=3.232796e+03 cycle=107000 time=3.550893e+00 dt=2.530537e-05
elapsed=3.235125e+03 cycle=107100 time=3.553353e+00 dt=2.415748e-05
elapsed=3.237434e+03 cycle=107200 time=3.555769e+00 dt=2.427481e-05
elapsed=3.239724e+03 cycle=107300 time=3.558224e+00 dt=2.493412e-05
elapsed=3.242019e+03 cycle=107400 time=3.560730e+00 dt=2.515172e-05
elapsed=3.244275e+03 cycle=107500 time=3.563304e+00 dt=2.762457e-05
elapsed=3.246516e+03 cycle=107600 time=3.566251e+00 dt=2.983578e-05
elapsed=3.248735e+03 cycle=107700 time=3.569186e+00 dt=2.898113e-05
elapsed=3.250960e+03 cycle=107800 time=3.572072e+00 dt=2.878346e-05
elapsed=3.253146e+03 cycle=107900 time=3.574930e+00 dt=2.832237e-05
elapsed=3.255311e+03 cycle=108000 time=3.577702e+00 dt=2.707415e-05
elapsed=3.257483e+03 cycle=108100 time=3.580361e+00 dt=2.627154e-05
elapsed=3.259885e+03 cycle=108200 time=3.582946e+00 dt=2.477485e-05
elapsed=3.262588e+03 cycle=108300 time=3.585321e+00 dt=2.311144e-05
elapsed=3.265275e+03 cycle=108400 time=3.587628e+00 dt=2.435567e-05
elapsed=3.267987e+03 cycle=108500 time=3.590346e+00 dt=2.925161e-05
elapsed=3.270206e+03 cycle=108600 time=3.593290e+00 dt=2.999323e-05
elapsed=3.272372e+03 cycle=108700 time=3.596306e+00 dt=2.860980e-05
elapsed=3.274535e+03 cycle=108800 time=3.599222e+00 dt=3.104333e-05
elapsed=3.276718e+03 cycle=108900 time=3.602349e+00 dt=3.159586e-05
elapsed=3.278879e+03 cycle=109000 time=3.605393e+00 dt=2.861457e-05
elapsed=3.281037e+03 cycle=109100 time=3.608259e+00 dt=2.814212e-05
elapsed=3.283220e+03 cycle=109200 time=3.610951e+00 dt=2.591484e-05
elapsed=3.285380e+03 cycle=109300 time=3.613469e+00 dt=2.452659e-05
elapsed=3.287534e+03 cycle=109400 time=3.615892e+00 dt=2.417429e-05
elapsed=3.289687e+03 cycle=109500 time=3.618329e+00 dt=2.416215e-05
elapsed=3.291859e+03 cycle=109600 time=3.620754e+00 dt=2.474283e-05
elapsed=3.294007e+03 cycle=109700 time=3.623430e+00 dt=2.861640e-05
elapsed=3.296152e+03 cycle=109800 time=3.626590e+00 dt=3.466853e-05
elapsed=3.298315e+03 cycle=109900 time=3.630015e+00 dt=3.402719e-05
elapsed=3.300706e+03 cycle=110000 time=3.633403e+00 dt=3.404506e-05
elapsed=3.303408e+03 cycle=110100 time=3.636800e+00 dt=3.296764e-05
elapsed=3.306153e+03 cycle=110200 time=3.640197e+00 dt=3.522838e-05
elapsed=3.308883e+03 cycle=110300 time=3.643783e+00 dt=3.656093e-05
elapsed=3.311082e+03 cycle=110400 time=3.647434e+00 dt=3.624059e-05
elapsed=3.313281e+03 cycle=110500 time=3.651021e+00 dt=3.549214e-05
elapsed=3.315468e+03 cycle=110600 time=3.654494e+00 dt=3.399001e-05
elapsed=3.317665e+03 cycle=110700 time=3.657841e+00 dt=3.317541e-05
elapsed=3.319902e+03 cycle=110800 time=3.661170e+00 dt=3.318760e-05
elapsed=3.322133e+03 cycle=110900 time=3.664451e+00 dt=3.270558e-05
elapsed=3.324377e+03 cycle=111000 time=3.667773e+00 dt=3.353909e-05
elapsed=3.326663e+03 cycle=111100 time=3.671094e+00 dt=3.302683e-05
elapsed=3.328948e+03 cycle=111200 time=3.674368e+00 dt=3.235435e-05
elapsed=3.331252e+03 cycle=111300 time=3.677551e+00 dt=3.145057e-05
elapsed=3.333591e+03 cycle=111400 time=3.680677e+00 dt=3.131210e-05
elapsed=3.335925e+03 cycle=111500 time=3.683815e+00 dt=3.136228e-05
elapsed=3.338573e+03 cycle=111600 time=3.686950e+00 dt=3.130862e-05
elapsed=3.341617e+03 cycle=111700 time=3.690082e+00 dt=3.144857e-05
elapsed=3.344662e+03 cycle=111800 time=3.693201e+00 dt=3.104855e-05
elapsed=3.347523e+03 cycle=111900 time=3.696347e+00 dt=3.222227e-05
elapsed=3.349946e+03 cycle=112000 time=3.699657e+00 dt=3.390730e-05
elapsed=3.352410e+03 cycle=112100 time=3.703139e+00 dt=3.499218e-05
elapsed=3.354873e+03 cycle=112200 time=3.706572e+00 dt=3.345472e-05
elapsed=3.357352e+03 cycle=112300 time=3.709788e+00 dt=3.066198e-05
elapsed=3.359872e+03 cycle=112400 time=3.712777e+00 dt=3.045108e-05
elapsed=3.362385e+03 cycle=112500 time=3.716073e+00 dt=3.378301e-05
elapsed=3.364911e+03 cycle=112600 time=3.719354e+00 dt=3.251401e-05
elapsed=3.367476e+03 cycle=112700 time=3.722681e+00 dt=3.371386e-05
elapsed=3.370040e+03 cycle=112800 time=3.726057e+00 dt=3.407413e-05
elapsed=3.372618e+03 cycle=112900 time=3.729472e+00 dt=3.462343e-05
elapsed=3.375929e+03 cycle=113000 time=3.732934e+00 dt=3.501287e-05
elapsed=3.379274e+03 cycle=113100 time=3.736448e+00 dt=3.486797e-05
elapsed=3.382582e+03 cycle=113200 time=3.739902e+00 dt=3.419202e-05
elapsed=3.385240e+03 cycle=113300 time=3.743322e+00 dt=3.391842e-05
elapsed=3.387894e+03 cycle=113400 time=3.746634e+00 dt=3.225034e-05
elapsed=3.390565e+03 cycle=113500 time=3.749829e+00 dt=3.198603e-05
elapsed=3.393273e+03 cycle=113600 time=3.753148e+00 dt=3.535026e-05
elapsed=3.395975e+03 cycle=113700 time=3.756638e+00 dt=3.458656e-05
elapsed=3.398707e+03 cycle=113800 time=3.760050e+00 dt=3.361305e-05
elapsed=3.401427e+03 cycle=113900 time=3.763405e+00 dt=3.357313e-05
elapsed=3.404152e+03 cycle=114000 time=3.766773e+00 dt=3.355332e-05
elapsed=3.406909e+03 cycle=114100 time=3.770116e+00 dt=3.313156e-05
elapsed=3.409646e+03 cycle=114200 time=3.773417e+00 dt=3.268426e-05
elapsed=3.412943e+03 cycle=114300 time=3.776662e+00 dt=3.194723e-05
elapsed=3.416488e+03 cycle=114400 time=3.779846e+00 dt=3.177432e-05
elapsed=3.420055e+03 cycle=114500 time=3.782987e+00 dt=3.111021e-05
elapsed=3.422822e+03 cycle=114600 time=3.786075e+00 dt=3.054424e-05
elapsed=3.425580e+03 cycle=114700 time=3.789085e+00 dt=2.962296e-05
elapsed=3.428362e+03 cycle=114800 time=3.791971e+00 dt=2.784036e-05
elapsed=3.431127e+03 cycle=114900 time=3.794672e+00 dt=2.704744e-05
elapsed=3.433894e+03 cycle=115000 time=3.797728e+00 dt=3.426009e-05
elapsed=3.436679e+03 cycle=115100 time=3.801151e+00 dt=3.422336e-05
elapsed=3.439436e+03 cycle=115200 time=3.804568e+00 dt=3.427347e-05
elapsed=3.442186e+03 cycle=115300 time=3.808013e+00 dt=3.448842e-05
elapsed=3.444953e+03 cycle=115400 time=3.811433e+00 dt=3.363335e-05
elapsed=3.447694e+03 cycle=115500 time=3.814777e+00 dt=3.362550e-05
elapsed=3.451085e+03 cycle=115600 time=3.818111e+00 dt=3.309244e-05
elapsed=3.454636e+03 cycle=115700 time=3.821399e+00 dt=3.276672e-05
elapsed=3.458063e+03 cycle=115800 time=3.824670e+00 dt=3.278185e-05
elapsed=3.460786e+03 cycle=115900 time=3.827959e+00 dt=3.312031e-05
elapsed=3.463525e+03 cycle=116000 time=3.831195e+00 dt=3.176592e-05
elapsed=3.466228e+03 cycle=116100 time=3.834346e+00 dt=3.209359e-05
elapsed=3.468921e+03 cycle=116200 time=3.837736e+00 dt=3.535075e-05
elapsed=3.471628e+03 cycle=116300 time=3.841227e+00 dt=3.440243e-05
elapsed=3.474303e+03 cycle=116400 time=3.844717e+00 dt=3.475012e-05
elapsed=3.476970e+03 cycle=116500 time=3.848149e+00 dt=3.384287e-05
elapsed=3.479648e+03 cycle=116600 time=3.851465e+00 dt=3.234747e-05
elapsed=3.482303e+03 cycle=116700 time=3.854575e+00 dt=2.995370e-05
elapsed=3.484950e+03 cycle=116800 time=3.857729e+00 dt=3.676959e-05
elapsed=3.487812e+03 cycle=116900 time=3.861318e+00 dt=3.475951e-05
elapsed=3.491208e+03 cycle=117000 time=3.864712e+00 dt=3.316003e-05
elapsed=3.494602e+03 cycle=117100 time=3.867947e+00 dt=3.157654e-05
elapsed=3.497922e+03 cycle=117200 time=3.871042e+00 dt=3.048514e-05
elapsed=3.500560e+03 cycle=117300 time=3.874204e+00 dt=3.303960e-05
elapsed=3.503198e+03 cycle=117400 time=3.877476e+00 dt=3.385441e-05
elapsed=3.505853e+03 cycle=117500 time=3.881022e+00 dt=3.568228e-05
elapsed=3.508478e+03 cycle=117600 time=3.884570e+00 dt=3.535231e-05
elapsed=3.511073e+03 cycle=117700 time=3.888091e+00 dt=3.500925e-05
elapsed=3.513532e+03 cycle=117800 time=3.891501e+00 dt=3.351725e-05
elapsed=3.515735e+03 cycle=117900 time=3.894856e+00 dt=3.442284e-05
elapsed=3.517932e+03 cycle=118000 time=3.898241e+00 dt=3.291455e-05
elapsed=3.520150e+03 cycle=118100 time=3.901548e+00 dt=3.387952e-05
elapsed=3.522360e+03 cycle=118200 time=3.904883e+00 dt=3.308473e-05
elapsed=3.524582e+03 cycle=118300 time=3.908147e+00 dt=3.224777e-05
elapsed=3.527257e+03 cycle=118400 time=3.911334e+00 dt=3.155340e-05
elapsed=3.530067e+03 cycle=118500 time=3.914508e+00 dt=3.187399e-05
elapsed=3.533076e+03 cycle=118600 time=3.917616e+00 dt=2.998912e-05
elapsed=3.536178e+03 cycle=118700 time=3.920478e+00 dt=2.807096e-05
elapsed=3.539112e+03 cycle=118800 time=3.923561e+00 dt=3.265946e-05
elapsed=3.541645e+03 cycle=118900 time=3.926929e+00 dt=3.331682e-05
elapsed=3.544333e+03 cycle=119000 time=3.930354e+00 dt=3.419588e-05
elapsed=3.547004e+03 cycle=119100 time=3.933726e+00 dt=3.256695e-05
elapsed=3.549709e+03 cycle=119200 time=3.936927e+00 dt=3.246571e-05
elapsed=3.552495e+03 cycle=119300 time=3.940341e+00 dt=3.532332e-05
elapsed=3.555323e+03 cycle=119400 time=3.943839e+00 dt=3.482044e-05
elapsed=3.558032e+03 cycle=119500 time=3.947294e+00 dt=3.442405e-05
elapsed=3.560777e+03 cycle=119600 time=3.950727e+00 dt=3.415354e-05
elapsed=3.563197e+03 cycle=119700 time=3.954050e+00 dt=3.247109e-05
elapsed=3.565605e+03 cycle=119800 time=3.957261e+00 dt=3.180623e-05
elapsed=3.568448e+03 cycle=119900 time=3.960483e+00 dt=3.277700e-05
elapsed=3.571999e+03 cycle=120000 time=3.963793e+00 dt=3.318936e-05
elapsed=3.575550e+03 cycle=120100 time=3.967192e+00 dt=3.413767e-05
elapsed=3.578690e+03 cycle=120200 time=3.970561e+00 dt=3.321548e-05
elapsed=3.581472e+03 cycle=120300 time=3.973848e+00 dt=3.234129e-05
elapsed=3.584186e+03 cycle=120400 time=3.977085e+00 dt=3.187289e-05
elapsed=3.586916e+03 cycle=120500 time=3.980207e+00 dt=3.094982e-05
elapsed=3.589682e+03 cycle=120600 time=3.983286e+00 dt=3.092275e-05
elapsed=3.592507e+03 cycle=120700 time=3.986414e+00 dt=3.191910e-05
elapsed=3.595396e+03 cycle=120800 time=3.989587e+00 dt=3.093667e-05
elapsed=3.598367e+03 cycle=120900 time=3.992649e+00 dt=3.123072e-05
elapsed=3.601372e+03 cycle=121000 time=3.995890e+00 dt=3.202622e-05
elapsed=3.604800e+03 cycle=121100 time=3.999061e+00 dt=3.164823e-05
elapsed=3.608874e+03 cycle=121200 time=4.002148e+00 dt=3.020014e-05
elapsed=3.612907e+03 cycle=121300 time=4.005220e+00 dt=3.184197e-05
elapsed=3.616118e+03 cycle=121400 time=4.008536e+00 dt=3.416175e-05
elapsed=3.619398e+03 cycle=121500 time=4.011966e+00 dt=3.435339e-05
elapsed=3.622696e+03 cycle=121600 time=4.015396e+00 dt=3.423736e-05
elapsed=3.626043e+03 cycle=121700 time=4.018817e+00 dt=3.408850e-05
elapsed=3.629450e+03 cycle=121800 time=4.022215e+00 dt=3.402612e-05
elapsed=3.632871e+03 cycle=121900 time=4.025625e+00 dt=3.416154e-05
elapsed=3.636322e+03 cycle=122000 time=4.029043e+00 dt=3.416630e-05
elapsed=3.639824e+03 cycle=122100 time=4.032463e+00 dt=3.417605e-05
elapsed=3.644043e+03 cycle=122200 time=4.035856e+00 dt=3.370409e-05
elapsed=3.648587e+03 cycle=122300 time=4.039221e+00 dt=3.376943e-05
elapsed=3.652572e+03 cycle=122400 time=4.042601e+00 dt=3.385060e-05
elapsed=3.656140e+03 cycle=122500 time=4.045994e+00 dt=3.398328e-05
elapsed=3.659724e+03 cycle=122600 time=4.049408e+00 dt=3.434394e-05
elapsed=3.663343e+03 cycle=122700 time=4.052866e+00 dt=3.470576e-05
elapsed=3.666956e+03 cycle=122800 time=4.056293e+00 dt=3.407139e-05
elapsed=3.670585e+03 cycle=122900 time=4.059706e+00 dt=3.436443e-05
elapsed=3.674242e+03 cycle=123000 time=4.063116e+00 dt=3.362894e-05
elapsed=3.677881e+03 cycle=123100 time=4.066505e+00 dt=3.386734e-05
elapsed=3.681526e+03 cycle=123200 time=4.069872e+00 dt=3.382110e-05
elapsed=3.686209e+03 cycle=123300 time=4.073287e+00 dt=3.441025e-05
elapsed=3.690926e+03 cycle=123400 time=4.076722e+00 dt=3.414288e-05
elapsed=3.694782e+03 cycle=123500 time=4.080116e+00 dt=3.374066e-05
elapsed=3.698704e+03 cycle=123600 time=4.083482e+00 dt=3.354811e-05
elapsed=3.702701e+03 cycle=123700 time=4.086801e+00 dt=3.348242e-05
elapsed=3.706536e+03 cycle=123800 time=4.090175e+00 dt=3.353699e-05
elapsed=3.710153e+03 cycle=123900 time=4.093481e+00 dt=3.261065e-05
elapsed=3.713781e+03 cycle=124000 time=4.096715e+00 dt=3.253983e-05
elapsed=3.717412e+03 cycle=124100 time=4.099956e+00 dt=3.236248e-05
elapsed=3.721562e+03 cycle=124200 time=4.103158e+00 dt=3.183699e-05
elapsed=3.726259e+03 cycle=124300 time=4.106352e+00 dt=3.214072e-05
elapsed=3.730507e+03 cycle=124400 time=4.109594e+00 dt=3.249962e-05
elapsed=3.734167e+03 cycle=124500 time=4.112804e+00 dt=3.176859e-05
elapsed=3.737940e+03 cycle=124600 time=4.115963e+00 dt=3.136763e-05
elapsed=3.741726e+03 cycle=124700 time=4.119101e+00 dt=3.140348e-05
elapsed=3.746124e+03 cycle=124800 time=4.122233e+00 dt=3.125148e-05
elapsed=3.750995e+03 cycle=124900 time=4.125352e+00 dt=3.142976e-05
elapsed=3.753397e+03 cycle=125000 time=4.128477e+00 dt=3.089108e-05
elapsed=3.755523e+03 cycle=125100 time=4.131541e+00 dt=3.063382e-05
elapsed=3.757626e+03 cycle=125200 time=4.134602e+00 dt=3.067746e-05
elapsed=3.760170e+03 cycle=125300 time=4.137678e+00 dt=3.104818e-05
elapsed=3.764383e+03 cycle=125400 time=4.140808e+00 dt=3.146062e-05
elapsed=3.769316e+03 cycle=125500 time=4.143946e+00 dt=3.119272e-05
elapsed=3.774421e+03 cycle=125600 time=4.147026e+00 dt=3.036013e-05
elapsed=3.779720e+03 cycle=125700 time=4.150067e+00 dt=3.076376e-05
elapsed=3.785042e+03 cycle=125800 time=4.153185e+00 dt=3.180976e-05
elapsed=3.790405e+03 cycle=125900 time=4.156448e+00 dt=3.279040e-05
elapsed=3.795818e+03 cycle=126000 time=4.159707e+00 dt=3.253277e-05
elapsed=3.802617e+03 cycle=126100 time=4.162951e+00 dt=3.254834e-05
elapsed=3.808994e+03 cycle=126200 time=4.166217e+00 dt=3.286029e-05
elapsed=3.814539e+03 cycle=126300 time=4.169511e+00 dt=3.304722e-05
elapsed=3.820152e+03 cycle=126400 time=4.172849e+00 dt=3.380540e-05
elapsed=3.825780e+03 cycle=126500 time=4.176262e+00 dt=3.450547e-05
elapsed=3.831454e+03 cycle=126600 time=4.179712e+00 dt=3.476163e-05
elapsed=3.838602e+03 cycle=126700 time=4.183196e+00 dt=3.473755e-05
elapsed=3.845156e+03 cycle=126800 time=4.186659e+00 dt=3.473458e-05
elapsed=3.850987e+03 cycle=126900 time=4.190168e+00 dt=3.532234e-05
elapsed=3.856830e+03 cycle=127000 time=4.193689e+00 dt=3.494988e-05
elapsed=3.862704e+03 cycle=127100 time=4.197114e+00 dt=3.334223e-05
elapsed=3.868629e+03 cycle=127200 time=4.200366e+00 dt=3.205427e-05
elapsed=3.875867e+03 cycle=127300 time=4.203618e+00 dt=3.233509e-05
elapsed=3.882708e+03 cycle=127400 time=4.206888e+00 dt=3.273986e-05
elapsed=3.888723e+03 cycle=127500 time=4.210117e+00 dt=3.219013e-05
elapsed=3.894710e+03 cycle=127600 time=4.213357e+00 dt=3.232072e-05
elapsed=3.900710e+03 cycle=127700 time=4.216539e+00 dt=3.111945e-05
elapsed=3.906716e+03 cycle=127800 time=4.219628e+00 dt=3.085154e-05
elapsed=3.913897e+03 cycle=127900 time=4.222716e+00 dt=3.065042e-05
elapsed=3.920966e+03 cycle=128000 time=4.225817e+00 dt=3.139984e-05
elapsed=3.927006e+03 cycle=128100 time=4.229021e+00 dt=3.231196e-05
elapsed=3.933072e+03 cycle=128200 time=4.232266e+00 dt=3.254379e-05
elapsed=3.939121e+03 cycle=128300 time=4.235622e+00 dt=3.471994e-05
elapsed=3.945165e+03 cycle=128400 time=4.239093e+00 dt=3.469181e-05
elapsed=3.952607e+03 cycle=128500 time=4.242548e+00 dt=3.425385e-05
elapsed=3.959476e+03 cycle=128600 time=4.245906e+00 dt=3.336810e-05
elapsed=3.965531e+03 cycle=128700 time=4.249195e+00 dt=3.299250e-05
elapsed=3.971608e+03 cycle=128800 time=4.252531e+00 dt=3.343865e-05
elapsed=3.977668e+03 cycle=128900 time=4.255818e+00 dt=3.173128e-05
elapsed=3.983731e+03 cycle=129000 time=4.259039e+00 dt=3.277039e-05
elapsed=3.990828e+03 cycle=129100 time=4.262321e+00 dt=3.287413e-05
elapsed=3.998073e+03 cycle=129200 time=4.265512e+00 dt=3.014940e-05
elapsed=4.004140e+03 cycle=129300 time=4.268590e+00 dt=3.128311e-05
elapsed=4.010230e+03 cycle=129400 time=4.271707e+00 dt=3.101207e-05
elapsed=4.016297e+03 cycle=129500 time=4.274753e+00 dt=2.910536e-05
elapsed=4.022363e+03 cycle=129600 time=4.277511e+00 dt=2.935762e-05
elapsed=4.029743e+03 cycle=129700 time=4.280446e+00 dt=2.917098e-05
elapsed=4.036704e+03 cycle=129800 time=4.283411e+00 dt=3.032119e-05
elapsed=4.042764e+03 cycle=129900 time=4.286455e+00 dt=3.076906e-05
elapsed=4.048816e+03 cycle=130000 time=4.289547e+00 dt=3.111397e-05
elapsed=4.054881e+03 cycle=130100 time=4.292790e+00 dt=3.365299e-05
elapsed=4.060896e+03 cycle=130200 time=4.296165e+00 dt=3.374958e-05
elapsed=4.067756e+03 cycle=130300 time=4.299552e+00 dt=3.386210e-05
elapsed=4.075021e+03 cycle=130400 time=4.302957e+00 dt=3.417344e-05
elapsed=4.080944e+03 cycle=130500 time=4.306385e+00 dt=3.450804e-05
elapsed=4.086839e+03 cycle=130600 time=4.309808e+00 dt=3.394887e-05
elapsed=4.092715e+03 cycle=130700 time=4.313229e+00 dt=3.447706e-05
elapsed=4.098531e+03 cycle=130800 time=4.316497e+00 dt=3.172567e-05
elapsed=4.105139e+03 cycle=130900 time=4.319847e+00 dt=3.431121e-05
elapsed=4.112310e+03 cycle=131000 time=4.323250e+00 dt=3.378962e-05
elapsed=4.118047e+03 cycle=131100 time=4.326581e+00 dt=3.299560e-05
elapsed=4.123758e+03 cycle=131200 time=4.329800e+00 dt=3.213654e-05
elapsed=4.129467e+03 cycle=131300 time=4.333091e+00 dt=3.338177e-05
elapsed=4.135134e+03 cycle=131400 time=4.336454e+00 dt=3.401418e-05
elapsed=4.141188e+03 cycle=131500 time=4.339847e+00 dt=3.311209e-05
elapsed=4.148358e+03 cycle=131600 time=4.343165e+00 dt=3.406254e-05
elapsed=4.153888e+03 cycle=131700 time=4.346556e+00 dt=3.416886e-05
elapsed=4.159228e+03 cycle=131800 time=4.349962e+00 dt=3.382128e-05
elapsed=4.164537e+03 cycle=131900 time=4.353339e+00 dt=3.476175e-05
elapsed=4.169787e+03 cycle=132000 time=4.356796e+00 dt=3.441079e-05
elapsed=4.175017e+03 cycle=132100 time=4.360232e+00 dt=3.429952e-05
elapsed=4.181146e+03 cycle=132200 time=4.363661e+00 dt=3.425254e-05
elapsed=4.187530e+03 cycle=132300 time=4.367085e+00 dt=3.419076e-05
elapsed=4.192613e+03 cycle=132400 time=4.370510e+00 dt=3.435671e-05
elapsed=4.197712e+03 cycle=132500 time=4.373929e+00 dt=3.384078e-05
elapsed=4.202781e+03 cycle=132600 time=4.377260e+00 dt=3.279284e-05
elapsed=4.207848e+03 cycle=132700 time=4.380382e+00 dt=2.996465e-05
elapsed=4.210842e+03 cycle=132800 time=4.383386e+00 dt=2.982650e-05
elapsed=4.213008e+03 cycle=132900 time=4.386566e+00 dt=3.313462e-05
elapsed=4.215170e+03 cycle=133000 time=4.389859e+00 dt=3.284991e-05
elapsed=4.217513e+03 cycle=133100 time=4.393158e+00 dt=3.314214e-05
elapsed=4.220263e+03 cycle=133200 time=4.396469e+00 dt=3.309712e-05
elapsed=4.223013e+03 cycle=133300 time=4.399781e+00 dt=3.317204e-05
elapsed=4.225784e+03 cycle=133400 time=4.403119e+00 dt=3.343014e-05
elapsed=4.228068e+03 cycle=133500 time=4.406465e+00 dt=3.292708e-05
elapsed=4.230241e+03 cycle=133600 time=4.409704e+00 dt=3.191764e-05
elapsed=4.232449e+03 cycle=133700 time=4.412842e+00 dt=3.090268e-05
elapsed=4.234648e+03 cycle=133800 time=4.415910e+00 dt=3.046223e-05
elapsed=4.236879e+03 cycle=133900 time=4.418920e+00 dt=2.962564e-05
elapsed=4.239135e+03 cycle=134000 time=4.421819e+00 dt=2.826357e-05
elapsed=4.241372e+03 cycle=134100 time=4.424554e+00 dt=2.634055e-05
elapsed=4.243609e+03 cycle=134200 time=4.427109e+00 dt=2.492129e-05
elapsed=4.245846e+03 cycle=134300 time=4.429654e+00 dt=2.703393e-05
elapsed=4.248104e+03 cycle=134400 time=4.432815e+00 dt=3.388768e-05
elapsed=4.250341e+03 cycle=134500 time=4.436213e+00 dt=3.415571e-05
elapsed=4.252578e+03 cycle=134600 time=4.439603e+00 dt=3.364585e-05
elapsed=4.254936e+03 cycle=134700 time=4.442956e+00 dt=3.317505e-05
elapsed=4.257790e+03 cycle=134800 time=4.446152e+00 dt=3.073936e-05
elapsed=4.260630e+03 cycle=134900 time=4.449119e+00 dt=2.874863e-05
elapsed=4.263491e+03 cycle=135000 time=4.451948e+00 dt=2.786664e-05
elapsed=4.265853e+03 cycle=135100 time=4.454719e+00 dt=2.803212e-05
elapsed=4.268104e+03 cycle=135200 time=4.457686e+00 dt=3.187179e-05
elapsed=4.270371e+03 cycle=135300 time=4.460970e+00 dt=3.323400e-05
elapsed=4.272614e+03 cycle=135400 time=4.464296e+00 dt=3.295843e-05
elapsed=4.274860e+03 cycle=135500 time=4.467544e+00 dt=3.190733e-05
elapsed=4.277107e+03 cycle=135600 time=4.470709e+00 dt=3.130782e-05
elapsed=4.279306e+03 cycle=135700 time=4.473808e+00 dt=3.074407e-05
elapsed=4.281501e+03 cycle=135800 time=4.476884e+00 dt=3.100114e-05
elapsed=4.283711e+03 cycle=135900 time=4.480009e+00 dt=3.136335e-05
elapsed=4.285896e+03 cycle=136000 time=4.483128e+00 dt=3.076869e-05
elapsed=4.288081e+03 cycle=136100 time=4.486180e+00 dt=3.060433e-05
elapsed=4.290272e+03 cycle=136200 time=4.489226e+00 dt=3.040944e-05
elapsed=4.292472e+03 cycle=136300 time=4.492268e+00 dt=3.042757e-05
elapsed=4.296361e+03 cycle=136400 time=4.495320e+00 dt=3.058749e-05
elapsed=4.302620e+03 cycle=136500 time=4.498386e+00 dt=3.084610e-05
elapsed=4.308232e+03 cycle=136600 time=4.501493e+00 dt=3.131624e-05
elapsed=4.313063e+03 cycle=136700 time=4.504663e+00 dt=3.213498e-05
elapsed=4.317897e+03 cycle=136800 time=4.507858e+00 dt=3.178835e-05
elapsed=4.322766e+03 cycle=136900 time=4.511059e+00 dt=3.250075e-05
elapsed=4.327624e+03 cycle=137000 time=4.514268e+00 dt=3.086762e-05
elapsed=4.332487e+03 cycle=137100 time=4.517248e+00 dt=2.875077e-05
elapsed=4.338669e+03 cycle=137200 time=4.520095e+00 dt=2.859965e-05
elapsed=4.344430e+03 cycle=137300 time=4.523132e+00 dt=3.174438e-05
elapsed=4.349300e+03 cycle=137400 time=4.526413e+00 dt=3.312375e-05
elapsed=4.354179e+03 cycle=137500 time=4.529712e+00 dt=3.259587e-05
elapsed=4.359097e+03 cycle=137600 time=4.532856e+00 dt=2.969088e-05
elapsed=4.363974e+03 cycle=137700 time=4.536013e+00 dt=3.243944e-05
elapsed=4.368858e+03 cycle=137800 time=4.539229e+00 dt=3.183463e-05
elapsed=4.374985e+03 cycle=137900 time=4.542385e+00 dt=3.117629e-05
elapsed=4.380829e+03 cycle=138000 time=4.545419e+00 dt=2.927509e-05
elapsed=4.385692e+03 cycle=138100 time=4.548346e+00 dt=3.031032e-05
elapsed=4.390570e+03 cycle=138200 time=4.551407e+00 dt=3.048270e-05
elapsed=4.395423e+03 cycle=138300 time=4.554469e+00 dt=3.085405e-05
elapsed=4.400271e+03 cycle=138400 time=4.557589e+00 dt=3.141129e-05
elapsed=4.405133e+03 cycle=138500 time=4.560752e+00 dt=3.184626e-05
elapsed=4.410126e+03 cycle=138600 time=4.563919e+00 dt=3.125719e-05
elapsed=4.416394e+03 cycle=138700 time=4.567044e+00 dt=3.134847e-05
elapsed=4.421836e+03 cycle=138800 time=4.570191e+00 dt=3.111039e-05
elapsed=4.426655e+03 cycle=138900 time=4.573254e+00 dt=3.037480e-05
elapsed=4.431496e+03 cycle=139000 time=4.576248e+00 dt=2.977311e-05
elapsed=4.436327e+03 cycle=139100 time=4.579336e+00 dt=3.137246e-05
elapsed=4.441172e+03 cycle=139200 time=4.582447e+00 dt=3.111272e-05
elapsed=4.445990e+03 cycle=139300 time=4.585524e+00 dt=3.034126e-05
elapsed=4.451592e+03 cycle=139400 time=4.588494e+00 dt=2.892601e-05
elapsed=4.457843e+03 cycle=139500 time=4.591524e+00 dt=3.302722e-05
elapsed=4.462671e+03 cycle=139600 time=4.594828e+00 dt=3.309820e-05
elapsed=4.467485e+03 cycle=139700 time=4.598118e+00 dt=3.271605e-05
elapsed=4.472298e+03 cycle=139800 time=4.601382e+00 dt=3.257496e-05
elapsed=4.477087e+03 cycle=139900 time=4.604645e+00 dt=3.267408e-05
elapsed=4.481895e+03 cycle=140000 time=4.607908e+00 dt=3.253801e-05
elapsed=4.486967e+03 cycle=140100 time=4.611158e+00 dt=3.238526e-05
elapsed=4.493209e+03 cycle=140200 time=4.614352e+00 dt=3.151412e-05
elapsed=4.498548e+03 cycle=140300 time=4.617430e+00 dt=3.100584e-05
elapsed=4.503404e+03 cycle=140400 time=4.620463e+00 dt=3.091516e-05
elapsed=4.508243e+03 cycle=140500 time=4.623611e+00 dt=3.212673e-05
elapsed=4.513075e+03 cycle=140600 time=4.626853e+00 dt=3.246248e-05
elapsed=4.517912e+03 cycle=140700 time=4.630088e+00 dt=3.233775e-05
elapsed=4.522716e+03 cycle=140800 time=4.633264e+00 dt=3.072785e-05
elapsed=4.528355e+03 cycle=140900 time=4.636344e+00 dt=3.099535e-05
elapsed=4.534484e+03 cycle=141000 time=4.639420e+00 dt=3.055579e-05
elapsed=4.539278e+03 cycle=141100 time=4.642446e+00 dt=2.995241e-05
elapsed=4.544056e+03 cycle=141200 time=4.645412e+00 dt=2.934468e-05
elapsed=4.548836e+03 cycle=141300 time=4.648297e+00 dt=2.870515e-05
elapsed=4.553646e+03 cycle=141400 time=4.651112e+00 dt=2.756396e-05
elapsed=4.558448e+03 cycle=141500 time=4.653938e+00 dt=2.910192e-05
elapsed=4.563241e+03 cycle=141600 time=4.656928e+00 dt=3.080152e-05
elapsed=4.569066e+03 cycle=141700 time=4.659975e+00 dt=3.037734e-05
elapsed=4.574973e+03 cycle=141800 time=4.662982e+00 dt=2.945283e-05
elapsed=4.579715e+03 cycle=141900 time=4.665911e+00 dt=2.908784e-05
elapsed=4.584447e+03 cycle=142000 time=4.668921e+00 dt=3.279286e-05
elapsed=4.589188e+03 cycle=142100 time=4.672274e+00 dt=3.388540e-05
elapsed=4.593896e+03 cycle=142200 time=4.675616e+00 dt=3.259126e-05
elapsed=4.598657e+03 cycle=142300 time=4.678876e+00 dt=3.327278e-05
elapsed=4.603564e+03 cycle=142400 time=4.682196e+00 dt=3.302133e-05
elapsed=4.609628e+03 cycle=142500 time=4.685504e+00 dt=3.255393e-05
elapsed=4.615015e+03 cycle=142600 time=4.688730e+00 dt=3.132628e-05
elapsed=4.619696e+03 cycle=142700 time=4.691835e+00 dt=3.272940e-05
elapsed=4.624353e+03 cycle=142800 time=4.695058e+00 dt=3.139422e-05
elapsed=4.629018e+03 cycle=142900 time=4.698147e+00 dt=3.086985e-05
elapsed=4.633703e+03 cycle=143000 time=4.701256e+00 dt=3.173693e-05
elapsed=4.638367e+03 cycle=143100 time=4.704537e+00 dt=3.256920e-05
elapsed=4.643991e+03 cycle=143200 time=4.707749e+00 dt=3.195037e-05
elapsed=4.649938e+03 cycle=143300 time=4.710922e+00 dt=3.219865e-05
elapsed=4.654638e+03 cycle=143400 time=4.714180e+00 dt=3.198668e-05
elapsed=4.659354e+03 cycle=143500 time=4.717305e+00 dt=3.038118e-05
elapsed=4.664103e+03 cycle=143600 time=4.720254e+00 dt=2.871260e-05
elapsed=4.668839e+03 cycle=143700 time=4.723109e+00 dt=2.876944e-05
elapsed=4.673583e+03 cycle=143800 time=4.726103e+00 dt=3.196556e-05
elapsed=4.678341e+03 cycle=143900 time=4.729332e+00 dt=3.219790e-05
elapsed=4.683879e+03 cycle=144000 time=4.732588e+00 dt=3.291377e-05
elapsed=4.689649e+03 cycle=144100 time=4.735909e+00 dt=3.323135e-05
elapsed=4.694457e+03 cycle=144200 time=4.739185e+00 dt=3.222930e-05
elapsed=4.699323e+03 cycle=144300 time=4.742216e+00 dt=2.829285e-05
elapsed=4.704160e+03 cycle=144400 time=4.744856e+00 dt=2.553154e-05
elapsed=4.709007e+03 cycle=144500 time=4.747727e+00 dt=3.082274e-05
elapsed=4.713889e+03 cycle=144600 time=4.750805e+00 dt=3.029425e-05
elapsed=4.719499e+03 cycle=144700 time=4.753798e+00 dt=2.976539e-05
elapsed=4.725097e+03 cycle=144800 time=4.756771e+00 dt=2.972824e-05
elapsed=4.727415e+03 cycle=144900 time=4.759745e+00 dt=2.961474e-05
elapsed=4.729589e+03 cycle=145000 time=4.762694e+00 dt=2.936165e-05
elapsed=4.731741e+03 cycle=145100 time=4.765652e+00 dt=2.986713e-05
elapsed=4.733892e+03 cycle=145200 time=4.768612e+00 dt=2.945557e-05
elapsed=4.736063e+03 cycle=145300 time=4.771568e+00 dt=2.973747e-05
elapsed=4.738213e+03 cycle=145400 time=4.774520e+00 dt=2.947863e-05
elapsed=4.740360e+03 cycle=145500 time=4.777438e+00 dt=2.910709e-05
elapsed=4.742518e+03 cycle=145600 time=4.780351e+00 dt=2.928045e-05
elapsed=4.744651e+03 cycle=145700 time=4.783317e+00 dt=2.945426e-05
elapsed=4.746784e+03 cycle=145800 time=4.786238e+00 dt=2.917827e-05
elapsed=4.748916e+03 cycle=145900 time=4.789190e+00 dt=3.007099e-05
elapsed=4.751068e+03 cycle=146000 time=4.792213e+00 dt=2.993171e-05
elapsed=4.753200e+03 cycle=146100 time=4.795238e+00 dt=3.033518e-05
elapsed=4.755338e+03 cycle=146200 time=4.798260e+00 dt=3.007730e-05
elapsed=4.757877e+03 cycle=146300 time=4.801276e+00 dt=3.029084e-05
elapsed=4.760589e+03 cycle=146400 time=4.804344e+00 dt=3.096881e-05
elapsed=4.763301e+03 cycle=146500 time=4.807422e+00 dt=3.056543e-05
elapsed=4.765952e+03 cycle=146600 time=4.810470e+00 dt=3.037460e-05
elapsed=4.768092e+03 cycle=146700 time=4.813455e+00 dt=2.984716e-05
elapsed=4.770229e+03 cycle=146800 time=4.816516e+00 dt=3.110987e-05
elapsed=4.772363e+03 cycle=146900 time=4.819603e+00 dt=3.076092e-05
elapsed=4.774517e+03 cycle=147000 time=4.822685e+00 dt=3.193890e-05
elapsed=4.776647e+03 cycle=147100 time=4.825889e+00 dt=3.147101e-05
elapsed=4.778773e+03 cycle=147200 time=4.829040e+00 dt=3.169268e-05
elapsed=4.780924e+03 cycle=147300 time=4.832212e+00 dt=3.192442e-05
elapsed=4.783063e+03 cycle=147400 time=4.835413e+00 dt=3.342249e-05
elapsed=4.785206e+03 cycle=147500 time=4.838760e+00 dt=3.282562e-05
elapsed=4.787365e+03 cycle=147600 time=4.841937e+00 dt=3.063943e-05
elapsed=4.789508e+03 cycle=147700 time=4.845005e+00 dt=3.059833e-05
elapsed=4.791665e+03 cycle=147800 time=4.848053e+00 dt=3.051804e-05
elapsed=4.793849e+03 cycle=147900 time=4.851250e+00 dt=3.365834e-05
elapsed=4.798640e+03 cycle=148000 time=4.854563e+00 dt=3.191737e-05
elapsed=4.805413e+03 cycle=148100 time=4.857471e+00 dt=2.683392e-05
elapsed=4.807752e+03 cycle=148200 time=4.860084e+00 dt=2.632178e-05
elapsed=4.809899e+03 cycle=148300 time=4.862799e+00 dt=2.798037e-05
elapsed=4.812035e+03 cycle=148400 time=4.865636e+00 dt=2.852817e-05
elapsed=4.814169e+03 cycle=148500 time=4.868437e+00 dt=2.792226e-05
elapsed=4.816318e+03 cycle=148600 time=4.871303e+00 dt=2.898634e-05
elapsed=4.818451e+03 cycle=148700 time=4.874199e+00 dt=2.921857e-05
elapsed=4.820606e+03 cycle=148800 time=4.877051e+00 dt=2.780915e-05
elapsed=4.822768e+03 cycle=148900 time=4.879787e+00 dt=3.091248e-05
elapsed=4.824963e+03 cycle=149000 time=4.883014e+00 dt=3.131634e-05
elapsed=4.827123e+03 cycle=149100 time=4.886014e+00 dt=2.859837e-05
elapsed=4.829266e+03 cycle=149200 time=4.888862e+00 dt=3.201171e-05
elapsed=4.831419e+03 cycle=149300 time=4.892153e+00 dt=3.163985e-05
elapsed=4.833543e+03 cycle=149400 time=4.895433e+00 dt=3.347699e-05
elapsed=4.835656e+03 cycle=149500 time=4.898743e+00 dt=3.269454e-05
elapsed=4.838349e+03 cycle=149600 time=4.901981e+00 dt=3.204435e-05
elapsed=4.841018e+03 cycle=149700 time=4.905094e+00 dt=2.961601e-05
elapsed=4.843694e+03 cycle=149800 time=4.907875e+00 dt=2.695157e-05
elapsed=4.846154e+03 cycle=149900 time=4.910813e+00 dt=3.223494e-05
elapsed=4.848278e+03 cycle=150000 time=4.913968e+00 dt=3.093552e-05
elapsed=4.850411e+03 cycle=150100 time=4.917048e+00 dt=3.138646e-05
elapsed=4.853927e+03 cycle=150200 time=4.920238e+00 dt=3.141164e-05
elapsed=4.859260e+03 cycle=150300 time=4.923264e+00 dt=2.937125e-05
elapsed=4.864609e+03 cycle=150400 time=4.926315e+00 dt=3.237431e-05
elapsed=4.869974e+03 cycle=150500 time=4.929691e+00 dt=3.380820e-05
elapsed=4.875653e+03 cycle=150600 time=4.933044e+00 dt=3.227965e-05
elapsed=4.882655e+03 cycle=150700 time=4.936209e+00 dt=3.229899e-05
elapsed=4.886936e+03 cycle=150800 time=4.939602e+00 dt=3.397486e-05
elapsed=4.891681e+03 cycle=150900 time=4.942962e+00 dt=3.344911e-05
elapsed=4.895272e+03 cycle=151000 time=4.946294e+00 dt=3.417022e-05
elapsed=4.897789e+03 cycle=151100 time=4.949593e+00 dt=3.208185e-05
elapsed=4.901484e+03 cycle=151200 time=4.952763e+00 dt=3.157344e-05
elapsed=4.904559e+03 cycle=151300 time=4.955975e+00 dt=3.295563e-05
elapsed=4.910099e+03 cycle=151400 time=4.959255e+00 dt=3.254184e-05
elapsed=4.915870e+03 cycle=151500 time=4.962478e+00 dt=3.167293e-05
elapsed=4.920050e+03 cycle=151600 time=4.965558e+00 dt=3.005157e-05
elapsed=4.926278e+03 cycle=151700 time=4.968488e+00 dt=2.793773e-05
elapsed=4.931930e+03 cycle=151800 time=4.971217e+00 dt=2.810698e-05
elapsed=4.937587e+03 cycle=151900 time=4.973978e+00 dt=2.719061e-05
elapsed=4.943267e+03 cycle=152000 time=4.976653e+00 dt=2.641412e-05
elapsed=4.948970e+03 cycle=152100 time=4.979303e+00 dt=2.663650e-05
elapsed=4.955566e+03 cycle=152200 time=4.982142e+00 dt=3.085703e-05
elapsed=4.962688e+03 cycle=152300 time=4.985194e+00 dt=2.991392e-05
elapsed=4.968476e+03 cycle=152400 time=4.988121e+00 dt=2.887053e-05
elapsed=4.974314e+03 cycle=152500 time=4.991098e+00 dt=3.219031e-05
elapsed=4.978672e+03 cycle=152600 time=4.994425e+00 dt=3.369383e-05
elapsed=4.980834e+03 cycle=152700 time=4.997793e+00 dt=3.368590e-05
elapsed=4.983135e+03 cycle=152800 time=5.001237e+00 dt=3.467449e-05
elapsed=4.985937e+03 cycle=152900 time=5.004683e+00 dt=3.427850e-05
elapsed=4.988099e+03 cycle=153000 time=5.008083e+00 dt=3.378802e-05
elapsed=4.990273e+03 cycle=153100 time=5.011476e+00 dt=3.470215e-05
elapsed=4.992427e+03 cycle=153200 time=5.014947e+00 dt=3.454182e-05
elapsed=4.994582e+03 cycle=153300 time=5.018412e+00 dt=3.471278e-05
elapsed=4.998428e+03 cycle=153400 time=5.021892e+00 dt=3.481968e-05
elapsed=5.003094e+03 cycle=153500 time=5.025362e+00 dt=3.450998e-05
elapsed=5.007252e+03 cycle=153600 time=5.028802e+00 dt=3.426303e-05
elapsed=5.010894e+03 cycle=153700 time=5.032166e+00 dt=3.339164e-05
elapsed=5.014526e+03 cycle=153800 time=5.035453e+00 dt=3.246538e-05
elapsed=5.018152e+03 cycle=153900 time=5.038704e+00 dt=3.262941e-05
elapsed=5.021797e+03 cycle=154000 time=5.041947e+00 dt=3.273756e-05
elapsed=5.026870e+03 cycle=154100 time=5.045220e+00 dt=3.217224e-05
elapsed=5.033431e+03 cycle=154200 time=5.048362e+00 dt=3.081605e-05
elapsed=5.041744e+03 cycle=154300 time=5.051395e+00 dt=3.026935e-05
elapsed=5.048256e+03 cycle=154400 time=5.054437e+00 dt=2.993631e-05
elapsed=5.054716e+03 cycle=154500 time=5.057497e+00 dt=3.321286e-05
elapsed=5.061230e+03 cycle=154600 time=5.060752e+00 dt=3.236359e-05
elapsed=5.067754e+03 cycle=154700 time=5.064061e+00 dt=3.297663e-05
elapsed=5.071591e+03 cycle=154800 time=5.067307e+00 dt=3.201381e-05
elapsed=5.076089e+03 cycle=154900 time=5.070542e+00 dt=3.152540e-05
elapsed=5.080786e+03 cycle=155000 time=5.073551e+00 dt=2.891851e-05
elapsed=5.084677e+03 cycle=155100 time=5.076336e+00 dt=2.709256e-05
elapsed=5.088323e+03 cycle=155200 time=5.079018e+00 dt=2.638026e-05
elapsed=5.093899e+03 cycle=155300 time=5.081596e+00 dt=2.622299e-05
elapsed=5.100614e+03 cycle=155400 time=5.084302e+00 dt=2.859041e-05
elapsed=5.107356e+03 cycle=155500 time=5.087448e+00 dt=3.285573e-05
elapsed=5.115060e+03 cycle=155600 time=5.090742e+00 dt=3.324563e-05
elapsed=5.123136e+03 cycle=155700 time=5.094114e+00 dt=3.492910e-05
elapsed=5.129953e+03 cycle=155800 time=5.097624e+00 dt=3.461286e-05
elapsed=5.136814e+03 cycle=155900 time=5.101044e+00 dt=3.357891e-05
elapsed=5.143677e+03 cycle=156000 time=5.104335e+00 dt=3.221947e-05
elapsed=5.150556e+03 cycle=156100 time=5.107537e+00 dt=3.186874e-05
elapsed=5.157226e+03 cycle=156200 time=5.110691e+00 dt=3.065887e-05
elapsed=5.161820e+03 cycle=156300 time=5.113739e+00 dt=3.056979e-05
elapsed=5.165439e+03 cycle=156400 time=5.116775e+00 dt=3.024541e-05
elapsed=5.169052e+03 cycle=156500 time=5.119801e+00 dt=3.034297e-05
elapsed=5.172690e+03 cycle=156600 time=5.122850e+00 dt=3.054857e-05
elapsed=5.176307e+03 cycle=156700 time=5.125892e+00 dt=3.019974e-05
elapsed=5.179923e+03 cycle=156800 time=5.128862e+00 dt=2.905714e-05
elapsed=5.184339e+03 cycle=156900 time=5.131708e+00 dt=2.807454e-05
elapsed=5.187952e+03 cycle=157000 time=5.134507e+00 dt=2.822639e-05
elapsed=5.192449e+03 cycle=157100 time=5.137369e+00 dt=2.927221e-05
elapsed=5.197161e+03 cycle=157200 time=5.140346e+00 dt=3.028253e-05
elapsed=5.201001e+03 cycle=157300 time=5.143440e+00 dt=3.147079e-05
elapsed=5.204615e+03 cycle=157400 time=5.146568e+00 dt=3.087946e-05
elapsed=5.208231e+03 cycle=157500 time=5.149613e+00 dt=2.975134e-05
elapsed=5.211871e+03 cycle=157600 time=5.152497e+00 dt=2.775353e-05
elapsed=5.215486e+03 cycle=157700 time=5.155092e+00 dt=2.440098e-05
elapsed=5.219101e+03 cycle=157800 time=5.157864e+00 dt=3.082129e-05
elapsed=5.222743e+03 cycle=157900 time=5.161027e+00 dt=3.234894e-05
elapsed=5.226387e+03 cycle=158000 time=5.164287e+00 dt=3.309776e-05
elapsed=5.231071e+03 cycle=158100 time=5.167606e+00 dt=3.323754e-05
elapsed=5.235780e+03 cycle=158200 time=5.170857e+00 dt=3.243384e-05
elapsed=5.239421e+03 cycle=158300 time=5.174106e+00 dt=3.280588e-05
elapsed=5.243043e+03 cycle=158400 time=5.177440e+00 dt=3.345314e-05
elapsed=5.246687e+03 cycle=158500 time=5.180814e+00 dt=3.393365e-05
elapsed=5.250311e+03 cycle=158600 time=5.184225e+00 dt=3.466195e-05
elapsed=5.253930e+03 cycle=158700 time=5.187653e+00 dt=3.372318e-05
elapsed=5.257573e+03 cycle=158800 time=5.190993e+00 dt=3.325808e-05
elapsed=5.261199e+03 cycle=158900 time=5.194332e+00 dt=3.359272e-05
elapsed=5.264817e+03 cycle=159000 time=5.197727e+00 dt=3.434085e-05
elapsed=5.269129e+03 cycle=159100 time=5.201205e+00 dt=3.502789e-05
elapsed=5.276361e+03 cycle=159200 time=5.204682e+00 dt=3.467403e-05
elapsed=5.281211e+03 cycle=159300 time=5.208152e+00 dt=3.465259e-05
elapsed=5.288610e+03 cycle=159400 time=5.211518e+00 dt=3.257658e-05
elapsed=5.295940e+03 cycle=159500 time=5.214835e+00 dt=3.367886e-05
elapsed=5.301225e+03 cycle=159600 time=5.218287e+00 dt=3.469379e-05
elapsed=5.303602e+03 cycle=159700 time=5.221712e+00 dt=3.390476e-05
elapsed=5.305991e+03 cycle=159800 time=5.225084e+00 dt=3.355388e-05
elapsed=5.309051e+03 cycle=159900 time=5.228408e+00 dt=3.341931e-05
elapsed=5.312143e+03 cycle=160000 time=5.231752e+00 dt=3.370036e-05
elapsed=5.315213e+03 cycle=160100 time=5.235137e+00 dt=3.409279e-05
elapsed=5.317649e+03 cycle=160200 time=5.238540e+00 dt=3.374813e-05
elapsed=5.320048e+03 cycle=160300 time=5.241882e+00 dt=3.319020e-05
elapsed=5.322424e+03 cycle=160400 time=5.245187e+00 dt=3.279927e-05
elapsed=5.324797e+03 cycle=160500 time=5.248453e+00 dt=3.258808e-05
elapsed=5.327190e+03 cycle=160600 time=5.251719e+00 dt=3.261974e-05
elapsed=5.329561e+03 cycle=160700 time=5.254984e+00 dt=3.265528e-05
elapsed=5.331941e+03 cycle=160800 time=5.258250e+00 dt=3.282552e-05
elapsed=5.334341e+03 cycle=160900 time=5.261553e+00 dt=3.327230e-05
elapsed=5.336727e+03 cycle=161000 time=5.264847e+00 dt=3.254806e-05
elapsed=5.339120e+03 cycle=161100 time=5.268070e+00 dt=3.192016e-05
elapsed=5.341532e+03 cycle=161200 time=5.271254e+00 dt=3.200208e-05
elapsed=5.343914e+03 cycle=161300 time=5.274437e+00 dt=3.153916e-05
elapsed=5.346781e+03 cycle=161400 time=5.277561e+00 dt=3.114519e-05
elapsed=5.349897e+03 cycle=161500 time=5.280659e+00 dt=3.072233e-05
elapsed=5.353323e+03 cycle=161600 time=5.283715e+00 dt=3.063891e-05
elapsed=5.357159e+03 cycle=161700 time=5.286803e+00 dt=3.114259e-05
elapsed=5.360797e+03 cycle=161800 time=5.289969e+00 dt=3.227753e-05
elapsed=5.365539e+03 cycle=161900 time=5.293194e+00 dt=3.197642e-05
elapsed=5.370393e+03 cycle=162000 time=5.296362e+00 dt=3.146901e-05
elapsed=5.375080e+03 cycle=162100 time=5.299511e+00 dt=3.191699e-05
elapsed=5.379605e+03 cycle=162200 time=5.302768e+00 dt=3.253585e-05
elapsed=5.383932e+03 cycle=162300 time=5.305998e+00 dt=3.194715e-05
elapsed=5.389168e+03 cycle=162400 time=5.309150e+00 dt=3.120832e-05
elapsed=5.394269e+03 cycle=162500 time=5.312260e+00 dt=3.059791e-05
elapsed=5.398148e+03 cycle=162600 time=5.315221e+00 dt=2.859668e-05
elapsed=5.401913e+03 cycle=162700 time=5.318034e+00 dt=2.800598e-05
elapsed=5.405592e+03 cycle=162800 time=5.320904e+00 dt=2.968685e-05
elapsed=5.409139e+03 cycle=162900 time=5.324009e+00 dt=3.246333e-05
elapsed=5.412560e+03 cycle=163000 time=5.327244e+00 dt=3.099363e-05
elapsed=5.415872e+03 cycle=163100 time=5.330228e+00 dt=3.008596e-05
elapsed=5.419045e+03 cycle=163200 time=5.333500e+00 dt=3.341382e-05
elapsed=5.422096e+03 cycle=163300 time=5.336824e+00 dt=3.316559e-05
elapsed=5.425611e+03 cycle=163400 time=5.340157e+00 dt=3.349725e-05
elapsed=5.429295e+03 cycle=163500 time=5.343511e+00 dt=3.334348e-05
elapsed=5.432846e+03 cycle=163600 time=5.346825e+00 dt=3.261179e-05
elapsed=5.435633e+03 cycle=163700 time=5.350098e+00 dt=3.365702e-05
elapsed=5.438370e+03 cycle=163800 time=5.353371e+00 dt=3.181600e-05
elapsed=5.441127e+03 cycle=163900 time=5.356534e+00 dt=3.137960e-05
elapsed=5.443960e+03 cycle=164000 time=5.359657e+00 dt=3.107202e-05
elapsed=5.446805e+03 cycle=164100 time=5.362717e+00 dt=3.007736e-05
elapsed=5.449626e+03 cycle=164200 time=5.365678e+00 dt=2.886998e-05
elapsed=5.452432e+03 cycle=164300 time=5.368566e+00 dt=2.917615e-05
elapsed=5.455234e+03 cycle=164400 time=5.371541e+00 dt=2.984407e-05
elapsed=5.457976e+03 cycle=164500 time=5.374477e+00 dt=2.965177e-05
elapsed=5.460616e+03 cycle=164600 time=5.377522e+00 dt=3.100344e-05
elapsed=5.463300e+03 cycle=164700 time=5.380589e+00 dt=3.022432e-05
elapsed=5.465956e+03 cycle=164800 time=5.383568e+00 dt=3.020704e-05
elapsed=5.468975e+03 cycle=164900 time=5.386673e+00 dt=3.138840e-05
elapsed=5.472291e+03 cycle=165000 time=5.389838e+00 dt=3.192702e-05
elapsed=5.475560e+03 cycle=165100 time=5.393048e+00 dt=3.199738e-05
elapsed=5.478348e+03 cycle=165200 time=5.396187e+00 dt=3.079296e-05
elapsed=5.480884e+03 cycle=165300 time=5.399203e+00 dt=2.951504e-05
elapsed=5.483448e+03 cycle=165400 time=5.402104e+00 dt=2.850237e-05
elapsed=5.485984e+03 cycle=165500 time=5.404920e+00 dt=2.785508e-05
elapsed=5.488515e+03 cycle=165600 time=5.407684e+00 dt=2.741864e-05
elapsed=5.491056e+03 cycle=165700 time=5.410423e+00 dt=2.718668e-05
elapsed=5.493580e+03 cycle=165800 time=5.413094e+00 dt=2.653886e-05
elapsed=5.496101e+03 cycle=165900 time=5.415735e+00 dt=2.624757e-05
elapsed=5.498617e+03 cycle=166000 time=5.418465e+00 dt=2.876951e-05
elapsed=5.501147e+03 cycle=166100 time=5.421347e+00 dt=2.888638e-05
elapsed=5.503655e+03 cycle=166200 time=5.424261e+00 dt=2.939415e-05
elapsed=5.506164e+03 cycle=166300 time=5.427240e+00 dt=3.020134e-05
elapsed=5.509224e+03 cycle=166400 time=5.430239e+00 dt=2.989030e-05
elapsed=5.512477e+03 cycle=166500 time=5.433246e+00 dt=3.028821e-05
elapsed=5.515747e+03 cycle=166600 time=5.436227e+00 dt=2.974968e-05
elapsed=5.518467e+03 cycle=166700 time=5.439244e+00 dt=3.028508e-05
elapsed=5.521052e+03 cycle=166800 time=5.442287e+00 dt=3.061610e-05
elapsed=5.523631e+03 cycle=166900 time=5.445205e+00 dt=2.798777e-05
elapsed=5.526130e+03 cycle=167000 time=5.447995e+00 dt=2.870172e-05
elapsed=5.528607e+03 cycle=167100 time=5.450956e+00 dt=2.936261e-05
elapsed=5.531059e+03 cycle=167200 time=5.453832e+00 dt=2.809856e-05
elapsed=5.533502e+03 cycle=167300 time=5.456569e+00 dt=2.674174e-05
elapsed=5.535935e+03 cycle=167400 time=5.459206e+00 dt=2.605947e-05
elapsed=5.538378e+03 cycle=167500 time=5.461808e+00 dt=2.623202e-05
elapsed=5.540793e+03 cycle=167600 time=5.464513e+00 dt=2.784618e-05
elapsed=5.543204e+03 cycle=167700 time=5.467388e+00 dt=3.001193e-05
elapsed=5.545629e+03 cycle=167800 time=5.470335e+00 dt=2.867041e-05
elapsed=5.548025e+03 cycle=167900 time=5.473171e+00 dt=2.803076e-05
elapsed=5.550859e+03 cycle=168000 time=5.476024e+00 dt=2.915430e-05
elapsed=5.553900e+03 cycle=168100 time=5.479078e+00 dt=3.134870e-05
elapsed=5.556963e+03 cycle=168200 time=5.482236e+00 dt=3.185442e-05
elapsed=5.559657e+03 cycle=168300 time=5.485435e+00 dt=3.213838e-05
elapsed=5.562021e+03 cycle=168400 time=5.488628e+00 dt=3.154942e-05
elapsed=5.564390e+03 cycle=168500 time=5.491758e+00 dt=3.103844e-05
elapsed=5.566726e+03 cycle=168600 time=5.494818e+00 dt=2.974705e-05
elapsed=5.569052e+03 cycle=168700 time=5.497764e+00 dt=2.968345e-05
elapsed=5.571386e+03 cycle=168800 time=5.500771e+00 dt=3.008206e-05
elapsed=5.573690e+03 cycle=168900 time=5.503747e+00 dt=2.968830e-05
elapsed=5.575984e+03 cycle=169000 time=5.506739e+00 dt=2.970897e-05
elapsed=5.578269e+03 cycle=169100 time=5.509713e+00 dt=3.016764e-05
elapsed=5.580561e+03 cycle=169200 time=5.512806e+00 dt=3.152610e-05
elapsed=5.582829e+03 cycle=169300 time=5.515937e+00 dt=3.132771e-05
elapsed=5.585097e+03 cycle=169400 time=5.519133e+00 dt=3.207327e-05
elapsed=5.587374e+03 cycle=169500 time=5.522330e+00 dt=3.191222e-05
elapsed=5.590155e+03 cycle=169600 time=5.525494e+00 dt=3.150421e-05
elapsed=5.592970e+03 cycle=169700 time=5.528677e+00 dt=3.195380e-05
elapsed=5.595803e+03 cycle=169800 time=5.531770e+00 dt=2.959221e-05
elapsed=5.598306e+03 cycle=169900 time=5.534689e+00 dt=2.932654e-05
elapsed=5.600530e+03 cycle=170000 time=5.537694e+00 dt=3.079556e-05
elapsed=5.602774e+03 cycle=170100 time=5.540789e+00 dt=3.092079e-05
elapsed=5.604998e+03 cycle=170200 time=5.543844e+00 dt=3.014509e-05
elapsed=5.607222e+03 cycle=170300 time=5.546845e+00 dt=2.978668e-05
elapsed=5.609447e+03 cycle=170400 time=5.549788e+00 dt=2.896226e-05
elapsed=5.611704e+03 cycle=170500 time=5.552659e+00 dt=2.859720e-05
elapsed=5.613925e+03 cycle=170600 time=5.555510e+00 dt=2.841179e-05
elapsed=5.616142e+03 cycle=170700 time=5.558344e+00 dt=2.826152e-05
elapsed=5.618377e+03 cycle=170800 time=5.561132e+00 dt=2.773599e-05
elapsed=5.620587e+03 cycle=170900 time=5.563946e+00 dt=2.796536e-05
elapsed=5.622801e+03 cycle=171000 time=5.566747e+00 dt=2.795594e-05
elapsed=5.625019e+03 cycle=171100 time=5.569561e+00 dt=2.874899e-05
elapsed=5.627265e+03 cycle=171200 time=5.572624e+00 dt=3.262470e-05
elapsed=5.629500e+03 cycle=171300 time=5.575872e+00 dt=3.262668e-05
elapsed=5.632313e+03 cycle=171400 time=5.579068e+00 dt=3.172117e-05
elapsed=5.635153e+03 cycle=171500 time=5.582168e+00 dt=2.995351e-05
elapsed=5.637964e+03 cycle=171600 time=5.585285e+00 dt=3.274225e-05
elapsed=5.640407e+03 cycle=171700 time=5.588541e+00 dt=3.103862e-05
elapsed=5.642641e+03 cycle=171800 time=5.591450e+00 dt=2.804351e-05
elapsed=5.644852e+03 cycle=171900 time=5.594363e+00 dt=3.076083e-05
elapsed=5.647058e+03 cycle=172000 time=5.597544e+00 dt=3.166870e-05
elapsed=5.649273e+03 cycle=172100 time=5.600664e+00 dt=3.084715e-05
elapsed=5.651532e+03 cycle=172200 time=5.603729e+00 dt=3.034440e-05
elapsed=5.653785e+03 cycle=172300 time=5.606755e+00 dt=3.004893e-05
elapsed=5.656060e+03 cycle=172400 time=5.609684e+00 dt=2.872836e-05
elapsed=5.658367e+03 cycle=172500 time=5.612503e+00 dt=2.809932e-05
elapsed=5.660664e+03 cycle=172600 time=5.615353e+00 dt=2.865947e-05
elapsed=5.662970e+03 cycle=172700 time=5.618273e+00 dt=3.005540e-05
elapsed=5.665305e+03 cycle=172800 time=5.621380e+00 dt=3.100719e-05
elapsed=5.668064e+03 cycle=172900 time=5.624400e+00 dt=2.962481e-05
elapsed=5.671081e+03 cycle=173000 time=5.627330e+00 dt=2.930825e-05
elapsed=5.674140e+03 cycle=173100 time=5.630297e+00 dt=3.007578e-05
elapsed=5.676856e+03 cycle=173200 time=5.633287e+00 dt=2.958964e-05
elapsed=5.679233e+03 cycle=173300 time=5.636270e+00 dt=2.998228e-05
elapsed=5.681626e+03 cycle=173400 time=5.639243e+00 dt=2.945410e-05
elapsed=5.684056e+03 cycle=173500 time=5.642128e+00 dt=2.826518e-05
elapsed=5.686478e+03 cycle=173600 time=5.644914e+00 dt=2.743278e-05
elapsed=5.688908e+03 cycle=173700 time=5.647655e+00 dt=2.749947e-05
elapsed=5.691364e+03 cycle=173800 time=5.650406e+00 dt=2.773386e-05
elapsed=5.693806e+03 cycle=173900 time=5.653192e+00 dt=2.824384e-05
elapsed=5.696254e+03 cycle=174000 time=5.656040e+00 dt=2.866080e-05
elapsed=5.698705e+03 cycle=174100 time=5.658916e+00 dt=2.896103e-05
elapsed=5.701179e+03 cycle=174200 time=5.661817e+00 dt=2.859604e-05
elapsed=5.703887e+03 cycle=174300 time=5.664638e+00 dt=2.793680e-05
elapsed=5.707075e+03 cycle=174400 time=5.667421e+00 dt=2.771741e-05
elapsed=5.710290e+03 cycle=174500 time=5.670152e+00 dt=2.745594e-05
elapsed=5.713238e+03 cycle=174600 time=5.672900e+00 dt=2.683219e-05
elapsed=5.715725e+03 cycle=174700 time=5.675632e+00 dt=2.797125e-05
elapsed=5.718218e+03 cycle=174800 time=5.678451e+00 dt=2.825861e-05
elapsed=5.720739e+03 cycle=174900 time=5.681346e+00 dt=2.937628e-05
elapsed=5.723247e+03 cycle=175000 time=5.684309e+00 dt=2.965684e-05
elapsed=5.725753e+03 cycle=175100 time=5.687245e+00 dt=2.842366e-05
elapsed=5.728320e+03 cycle=175200 time=5.690139e+00 dt=2.924342e-05
elapsed=5.730820e+03 cycle=175300 time=5.693010e+00 dt=2.811778e-05
elapsed=5.733320e+03 cycle=175400 time=5.695752e+00 dt=2.688844e-05
elapsed=5.735821e+03 cycle=175500 time=5.698423e+00 dt=2.674714e-05
elapsed=5.738348e+03 cycle=175600 time=5.701146e+00 dt=2.793403e-05
elapsed=5.740954e+03 cycle=175700 time=5.704032e+00 dt=2.931600e-05
elapsed=5.744186e+03 cycle=175800 time=5.706943e+00 dt=2.873917e-05
elapsed=5.747413e+03 cycle=175900 time=5.709775e+00 dt=2.809393e-05
elapsed=5.750529e+03 cycle=176000 time=5.712642e+00 dt=2.887253e-05
elapsed=5.753022e+03 cycle=176100 time=5.715581e+00 dt=3.055325e-05
elapsed=5.755512e+03 cycle=176200 time=5.718622e+00 dt=3.004126e-05
elapsed=5.758020e+03 cycle=176300 time=5.721665e+00 dt=3.167897e-05
elapsed=5.760505e+03 cycle=176400 time=5.724810e+00 dt=3.135740e-05
elapsed=5.762979e+03 cycle=176500 time=5.727851e+00 dt=2.929816e-05
elapsed=5.765461e+03 cycle=176600 time=5.730745e+00 dt=2.871475e-05
elapsed=5.767916e+03 cycle=176700 time=5.733711e+00 dt=3.020599e-05
elapsed=5.770371e+03 cycle=176800 time=5.736682e+00 dt=2.933758e-05
elapsed=5.772828e+03 cycle=176900 time=5.739532e+00 dt=2.758150e-05
elapsed=5.775300e+03 cycle=177000 time=5.742250e+00 dt=2.682053e-05
elapsed=5.778226e+03 cycle=177100 time=5.744969e+00 dt=2.714775e-05
elapsed=5.781383e+03 cycle=177200 time=5.747648e+00 dt=2.636510e-05
elapsed=5.784557e+03 cycle=177300 time=5.750253e+00 dt=2.593810e-05
elapsed=5.787249e+03 cycle=177400 time=5.752835e+00 dt=2.601786e-05
elapsed=5.789684e+03 cycle=177500 time=5.755408e+00 dt=2.577867e-05
elapsed=5.792123e+03 cycle=177600 time=5.758081e+00 dt=2.689318e-05
elapsed=5.794587e+03 cycle=177700 time=5.760714e+00 dt=2.592841e-05
elapsed=5.797038e+03 cycle=177800 time=5.763311e+00 dt=2.609236e-05
elapsed=5.799483e+03 cycle=177900 time=5.765944e+00 dt=2.622721e-05
elapsed=5.801913e+03 cycle=178000 time=5.768553e+00 dt=2.583824e-05
elapsed=5.804348e+03 cycle=178100 time=5.771099e+00 dt=2.528616e-05
elapsed=5.806759e+03 cycle=178200 time=5.773701e+00 dt=2.681942e-05
elapsed=5.809170e+03 cycle=178300 time=5.776455e+00 dt=2.807854e-05
elapsed=5.811578e+03 cycle=178400 time=5.779323e+00 dt=2.882249e-05
elapsed=5.814354e+03 cycle=178500 time=5.782261e+00 dt=2.977136e-05
elapsed=5.817419e+03 cycle=178600 time=5.785192e+00 dt=2.899718e-05
elapsed=5.820465e+03 cycle=178700 time=5.788114e+00 dt=3.001443e-05
elapsed=5.823257e+03 cycle=178800 time=5.791148e+00 dt=2.991221e-05
elapsed=5.825600e+03 cycle=178900 time=5.794083e+00 dt=2.835707e-05
elapsed=5.827931e+03 cycle=179000 time=5.796958e+00 dt=3.030362e-05
elapsed=5.830273e+03 cycle=179100 time=5.800116e+00 dt=3.330079e-05
elapsed=5.832600e+03 cycle=179200 time=5.803458e+00 dt=3.360134e-05
elapsed=5.834920e+03 cycle=179300 time=5.806698e+00 dt=3.105165e-05
elapsed=5.837231e+03 cycle=179400 time=5.809670e+00 dt=2.848819e-05
elapsed=5.839560e+03 cycle=179500 time=5.812438e+00 dt=2.715318e-05
elapsed=5.841877e+03 cycle=179600 time=5.815158e+00 dt=2.741822e-05
elapsed=5.844212e+03 cycle=179700 time=5.817906e+00 dt=2.709572e-05
elapsed=5.846583e+03 cycle=179800 time=5.820600e+00 dt=2.670045e-05
elapsed=5.848954e+03 cycle=179900 time=5.823258e+00 dt=2.682885e-05
elapsed=5.851883e+03 cycle=180000 time=5.826010e+00 dt=2.785892e-05
elapsed=5.854952e+03 cycle=180100 time=5.828861e+00 dt=2.856481e-05
elapsed=5.858048e+03 cycle=180200 time=5.831730e+00 dt=2.899799e-05
elapsed=5.860645e+03 cycle=180300 time=5.834641e+00 dt=2.942845e-05
elapsed=5.863003e+03 cycle=180400 time=5.837601e+00 dt=2.949891e-05
elapsed=5.865311e+03 cycle=180500 time=5.840485e+00 dt=2.829645e-05
elapsed=5.867669e+03 cycle=180600 time=5.843283e+00 dt=2.735058e-05
elapsed=5.870009e+03 cycle=180700 time=5.845926e+00 dt=2.712245e-05
elapsed=5.872283e+03 cycle=180800 time=5.848581e+00 dt=2.603042e-05
elapsed=5.874583e+03 cycle=180900 time=5.851181e+00 dt=2.621779e-05
elapsed=5.876873e+03 cycle=181000 time=5.853852e+00 dt=2.856086e-05
elapsed=5.879174e+03 cycle=181100 time=5.856694e+00 dt=2.818903e-05
elapsed=5.881489e+03 cycle=181200 time=5.859518e+00 dt=2.828158e-05
elapsed=5.883839e+03 cycle=181300 time=5.862386e+00 dt=2.950852e-05
elapsed=5.886186e+03 cycle=181400 time=5.865376e+00 dt=3.034166e-05
elapsed=5.889042e+03 cycle=181500 time=5.868405e+00 dt=3.005849e-05
elapsed=5.892100e+03 cycle=181600 time=5.871393e+00 dt=3.011435e-05
elapsed=5.895087e+03 cycle=181700 time=5.874310e+00 dt=2.970610e-05
elapsed=5.897785e+03 cycle=181800 time=5.877383e+00 dt=3.084460e-05
elapsed=5.900172e+03 cycle=181900 time=5.880450e+00 dt=3.052085e-05
elapsed=5.902529e+03 cycle=182000 time=5.883485e+00 dt=3.005239e-05
elapsed=5.904896e+03 cycle=182100 time=5.886467e+00 dt=2.923795e-05
elapsed=5.907291e+03 cycle=182200 time=5.889300e+00 dt=2.792868e-05
elapsed=5.909697e+03 cycle=182300 time=5.892135e+00 dt=2.845132e-05
elapsed=5.912079e+03 cycle=182400 time=5.894964e+00 dt=2.797313e-05
elapsed=5.914464e+03 cycle=182500 time=5.897744e+00 dt=2.764501e-05
elapsed=5.916854e+03 cycle=182600 time=5.900509e+00 dt=2.782732e-05
elapsed=5.919208e+03 cycle=182700 time=5.903320e+00 dt=2.821449e-05
elapsed=5.921557e+03 cycle=182800 time=5.906096e+00 dt=2.727564e-05
elapsed=5.923944e+03 cycle=182900 time=5.908780e+00 dt=2.673095e-05
elapsed=5.926981e+03 cycle=183000 time=5.911510e+00 dt=2.809018e-05
elapsed=5.929969e+03 cycle=183100 time=5.914364e+00 dt=2.857298e-05
elapsed=5.932941e+03 cycle=183200 time=5.917239e+00 dt=2.877864e-05
elapsed=5.935373e+03 cycle=183300 time=5.920092e+00 dt=2.879961e-05
elapsed=5.937678e+03 cycle=183400 time=5.922987e+00 dt=2.993607e-05
elapsed=5.940493e+03 cycle=183500 time=5.926050e+00 dt=3.097279e-05
elapsed=5.943473e+03 cycle=183600 time=5.929135e+00 dt=3.084910e-05
elapsed=5.946457e+03 cycle=183700 time=5.932218e+00 dt=3.047102e-05
elapsed=5.949298e+03 cycle=183800 time=5.935296e+00 dt=3.088133e-05
elapsed=5.951841e+03 cycle=183900 time=5.938392e+00 dt=3.095063e-05
elapsed=5.954571e+03 cycle=184000 time=5.941455e+00 dt=3.023030e-05
elapsed=5.957437e+03 cycle=184100 time=5.944442e+00 dt=2.972636e-05
elapsed=5.960286e+03 cycle=184200 time=5.947468e+00 dt=3.095604e-05
elapsed=5.963123e+03 cycle=184300 time=5.950558e+00 dt=3.044562e-05
elapsed=5.966557e+03 cycle=184400 time=5.953642e+00 dt=3.100554e-05
elapsed=5.970054e+03 cycle=184500 time=5.956773e+00 dt=3.141111e-05
elapsed=5.973394e+03 cycle=184600 time=5.959951e+00 dt=3.226855e-05
elapsed=5.976094e+03 cycle=184700 time=5.963162e+00 dt=3.212877e-05
elapsed=5.978756e+03 cycle=184800 time=5.966350e+00 dt=3.109028e-05
elapsed=5.981398e+03 cycle=184900 time=5.969390e+00 dt=2.994760e-05
elapsed=5.984041e+03 cycle=185000 time=5.972354e+00 dt=2.937813e-05
elapsed=5.986646e+03 cycle=185100 time=5.975280e+00 dt=2.897839e-05
elapsed=5.989227e+03 cycle=185200 time=5.978178e+00 dt=2.888566e-05
elapsed=5.991810e+03 cycle=185300 time=5.980998e+00 dt=2.835276e-05
elapsed=5.994357e+03 cycle=185400 time=5.983993e+00 dt=2.992595e-05
elapsed=5.996883e+03 cycle=185500 time=5.986936e+00 dt=2.903674e-05
elapsed=5.999386e+03 cycle=185600 time=5.989786e+00 dt=2.754661e-05
elapsed=6.002054e+03 cycle=185700 time=5.992465e+00 dt=2.603563e-05
elapsed=6.005219e+03 cycle=185800 time=5.995032e+00 dt=2.621207e-05
elapsed=6.008402e+03 cycle=185900 time=5.997722e+00 dt=2.816941e-05
elapsed=6.011473e+03 cycle=186000 time=6.000737e+00 dt=3.072367e-05
elapsed=6.013866e+03 cycle=186100 time=6.003783e+00 dt=3.048587e-05
elapsed=6.016240e+03 cycle=186200 time=6.006855e+00 dt=3.052785e-05
elapsed=6.018595e+03 cycle=186300 time=6.009872e+00 dt=2.975369e-05
elapsed=6.020949e+03 cycle=186400 time=6.012803e+00 dt=2.882407e-05
elapsed=6.023268e+03 cycle=186500 time=6.015638e+00 dt=2.792939e-05
elapsed=6.025578e+03 cycle=186600 time=6.018396e+00 dt=2.717153e-05
elapsed=6.027906e+03 cycle=186700 time=6.021073e+00 dt=2.641438e-05
elapsed=6.030203e+03 cycle=186800 time=6.023713e+00 dt=2.635005e-05
elapsed=6.032489e+03 cycle=186900 time=6.026377e+00 dt=2.760879e-05
elapsed=6.034759e+03 cycle=187000 time=6.029094e+00 dt=2.700959e-05
elapsed=6.037035e+03 cycle=187100 time=6.031820e+00 dt=2.741015e-05
elapsed=6.039277e+03 cycle=187200 time=6.034593e+00 dt=2.816694e-05
elapsed=6.041907e+03 cycle=187300 time=6.037466e+00 dt=2.929995e-05
elapsed=6.044761e+03 cycle=187400 time=6.040450e+00 dt=3.054770e-05
elapsed=6.047552e+03 cycle=187500 time=6.043556e+00 dt=3.127571e-05
elapsed=6.050175e+03 cycle=187600 time=6.046664e+00 dt=3.065749e-05
elapsed=6.052373e+03 cycle=187700 time=6.049779e+00 dt=3.085051e-05
elapsed=6.054591e+03 cycle=187800 time=6.052834e+00 dt=3.033525e-05
elapsed=6.056788e+03 cycle=187900 time=6.055794e+00 dt=2.987943e-05
elapsed=6.058983e+03 cycle=188000 time=6.058777e+00 dt=2.973349e-05
elapsed=6.061199e+03 cycle=188100 time=6.061752e+00 dt=2.979560e-05
elapsed=6.063397e+03 cycle=188200 time=6.064739e+00 dt=2.966726e-05
elapsed=6.065599e+03 cycle=188300 time=6.067698e+00 dt=2.961019e-05
elapsed=6.067822e+03 cycle=188400 time=6.070690e+00 dt=3.013301e-05
elapsed=6.070029e+03 cycle=188500 time=6.073702e+00 dt=3.111882e-05
elapsed=6.072237e+03 cycle=188600 time=6.076841e+00 dt=3.136784e-05
elapsed=6.074452e+03 cycle=188700 time=6.079982e+00 dt=3.155238e-05
elapsed=6.076695e+03 cycle=188800 time=6.083115e+00 dt=3.054840e-05
elapsed=6.078953e+03 cycle=188900 time=6.086164e+00 dt=3.038882e-05
elapsed=6.081765e+03 cycle=189000 time=6.089189e+00 dt=2.982565e-05
elapsed=6.084611e+03 cycle=189100 time=6.092209e+00 dt=3.130471e-05
elapsed=6.087454e+03 cycle=189200 time=6.095421e+00 dt=3.230817e-05
elapsed=6.089903e+03 cycle=189300 time=6.098486e+00 dt=2.950423e-05
elapsed=6.092199e+03 cycle=189400 time=6.101383e+00 dt=2.830967e-05
elapsed=6.094486e+03 cycle=189500 time=6.104159e+00 dt=2.796143e-05
elapsed=6.096785e+03 cycle=189600 time=6.106964e+00 dt=2.949632e-05
elapsed=6.099115e+03 cycle=189700 time=6.110120e+00 dt=3.193170e-05
elapsed=6.101434e+03 cycle=189800 time=6.113304e+00 dt=3.172801e-05
elapsed=6.103759e+03 cycle=189900 time=6.116475e+00 dt=3.139989e-05
elapsed=6.106091e+03 cycle=190000 time=6.119488e+00 dt=2.824081e-05
elapsed=6.108452e+03 cycle=190100 time=6.122497e+00 dt=3.236559e-05
elapsed=6.110809e+03 cycle=190200 time=6.125798e+00 dt=3.310163e-05
elapsed=6.113177e+03 cycle=190300 time=6.129103e+00 dt=3.277155e-05
elapsed=6.115579e+03 cycle=190400 time=6.132341e+00 dt=3.197782e-05
elapsed=6.118113e+03 cycle=190500 time=6.135465e+00 dt=3.108713e-05
elapsed=6.121230e+03 cycle=190600 time=6.138550e+00 dt=3.074962e-05
elapsed=6.124392e+03 cycle=190700 time=6.141640e+00 dt=3.091571e-05
elapsed=6.127450e+03 cycle=190800 time=6.144722e+00 dt=3.069478e-05
elapsed=6.129921e+03 cycle=190900 time=6.147789e+00 dt=3.062363e-05
elapsed=6.132433e+03 cycle=191000 time=6.150854e+00 dt=3.067651e-05
elapsed=6.134932e+03 cycle=191100 time=6.153942e+00 dt=3.094070e-05
elapsed=6.137417e+03 cycle=191200 time=6.157009e+00 dt=3.038746e-05
elapsed=6.139939e+03 cycle=191300 time=6.160036e+00 dt=3.021603e-05
elapsed=6.142447e+03 cycle=191400 time=6.163060e+00 dt=3.006005e-05
elapsed=6.144962e+03 cycle=191500 time=6.166071e+00 dt=3.021228e-05
elapsed=6.147497e+03 cycle=191600 time=6.169097e+00 dt=3.041229e-05
elapsed=6.150071e+03 cycle=191700 time=6.172166e+00 dt=3.080892e-05
elapsed=6.152639e+03 cycle=191800 time=6.175254e+00 dt=3.109027e-05
elapsed=6.155518e+03 cycle=191900 time=6.178386e+00 dt=3.148016e-05
elapsed=6.158882e+03 cycle=192000 time=6.181503e+00 dt=3.014873e-05
elapsed=6.162232e+03 cycle=192100 time=6.184318e+00 dt=2.633331e-05
elapsed=6.165195e+03 cycle=192200 time=6.187265e+00 dt=3.146339e-05
elapsed=6.167852e+03 cycle=192300 time=6.190379e+00 dt=3.101453e-05
elapsed=6.170499e+03 cycle=192400 time=6.193453e+00 dt=3.029843e-05
elapsed=6.173163e+03 cycle=192500 time=6.196468e+00 dt=3.018536e-05
elapsed=6.175839e+03 cycle=192600 time=6.199489e+00 dt=3.013080e-05
elapsed=6.178536e+03 cycle=192700 time=6.202482e+00 dt=2.968695e-05
elapsed=6.181217e+03 cycle=192800 time=6.205434e+00 dt=2.935888e-05
elapsed=6.183906e+03 cycle=192900 time=6.208342e+00 dt=2.878880e-05
elapsed=6.186625e+03 cycle=193000 time=6.211204e+00 dt=2.853188e-05
elapsed=6.189330e+03 cycle=193100 time=6.214058e+00 dt=2.862355e-05
elapsed=6.192042e+03 cycle=193200 time=6.216920e+00 dt=2.860872e-05
elapsed=6.194979e+03 cycle=193300 time=6.219785e+00 dt=2.882965e-05
elapsed=6.198515e+03 cycle=193400 time=6.222694e+00 dt=2.931503e-05
elapsed=6.202030e+03 cycle=193500 time=6.225629e+00 dt=2.893130e-05
elapsed=6.205101e+03 cycle=193600 time=6.228453e+00 dt=2.772318e-05
elapsed=6.207842e+03 cycle=193700 time=6.231374e+00 dt=3.086254e-05
elapsed=6.210560e+03 cycle=193800 time=6.234517e+00 dt=3.194766e-05
elapsed=6.213279e+03 cycle=193900 time=6.237714e+00 dt=3.153611e-05
elapsed=6.216017e+03 cycle=194000 time=6.240828e+00 dt=3.092297e-05
elapsed=6.218733e+03 cycle=194100 time=6.243918e+00 dt=3.083881e-05
elapsed=6.221463e+03 cycle=194200 time=6.246997e+00 dt=3.074045e-05
elapsed=6.224221e+03 cycle=194300 time=6.250045e+00 dt=3.017063e-05
elapsed=6.226959e+03 cycle=194400 time=6.253098e+00 dt=3.061325e-05
elapsed=6.229741e+03 cycle=194500 time=6.256131e+00 dt=3.015328e-05
elapsed=6.233291e+03 cycle=194600 time=6.259121e+00 dt=2.971800e-05
elapsed=6.236869e+03 cycle=194700 time=6.262102e+00 dt=3.004582e-05
elapsed=6.240389e+03 cycle=194800 time=6.265126e+00 dt=3.025695e-05
elapsed=6.243171e+03 cycle=194900 time=6.268129e+00 dt=2.982729e-05
elapsed=6.245981e+03 cycle=195000 time=6.271108e+00 dt=2.983776e-05
elapsed=6.248776e+03 cycle=195100 time=6.274099e+00 dt=3.004880e-05
elapsed=6.251578e+03 cycle=195200 time=6.277107e+00 dt=3.045631e-05
elapsed=6.254414e+03 cycle=195300 time=6.280188e+00 dt=3.088873e-05
elapsed=6.257243e+03 cycle=195400 time=6.283317e+00 dt=3.173076e-05
elapsed=6.260088e+03 cycle=195500 time=6.286481e+00 dt=3.140875e-05
elapsed=6.262948e+03 cycle=195600 time=6.289577e+00 dt=3.079315e-05
elapsed=6.265850e+03 cycle=195700 time=6.292644e+00 dt=3.038747e-05
elapsed=6.269183e+03 cycle=195800 time=6.295675e+00 dt=3.033361e-05
elapsed=6.272983e+03 cycle=195900 time=6.298701e+00 dt=3.005502e-05
elapsed=6.276828e+03 cycle=196000 time=6.301691e+00 dt=2.978238e-05
elapsed=6.279830e+03 cycle=196100 time=6.304665e+00 dt=2.977910e-05
elapsed=6.282822e+03 cycle=196200 time=6.307637e+00 dt=2.950534e-05
elapsed=6.285842e+03 cycle=196300 time=6.310568e+00 dt=2.918160e-05
elapsed=6.288854e+03 cycle=196400 time=6.313504e+00 dt=2.902523e-05
elapsed=6.291876e+03 cycle=196500 time=6.316376e+00 dt=2.990051e-05
elapsed=6.294903e+03 cycle=196600 time=6.319371e+00 dt=2.986321e-05
elapsed=6.297953e+03 cycle=196700 time=6.322350e+00 dt=2.964443e-05
elapsed=6.300988e+03 cycle=196800 time=6.325296e+00 dt=2.931967e-05
elapsed=6.304048e+03 cycle=196900 time=6.328216e+00 dt=2.909460e-05
elapsed=6.308015e+03 cycle=197000 time=6.331103e+00 dt=2.858069e-05
elapsed=6.311960e+03 cycle=197100 time=6.333981e+00 dt=2.844712e-05
elapsed=6.315611e+03 cycle=197200 time=6.336853e+00 dt=2.971273e-05
elapsed=6.318668e+03 cycle=197300 time=6.339839e+00 dt=2.952143e-05
elapsed=6.321742e+03 cycle=197400 time=6.342824e+00 dt=2.997733e-05
elapsed=6.324790e+03 cycle=197500 time=6.345808e+00 dt=2.958385e-05
elapsed=6.327837e+03 cycle=197600 time=6.348774e+00 dt=3.001206e-05
elapsed=6.330898e+03 cycle=197700 time=6.351788e+00 dt=3.014377e-05
elapsed=6.333928e+03 cycle=197800 time=6.354775e+00 dt=2.943945e-05
elapsed=6.336955e+03 cycle=197900 time=6.357705e+00 dt=2.919352e-05
elapsed=6.339999e+03 cycle=198000 time=6.360631e+00 dt=2.938467e-05
elapsed=6.343023e+03 cycle=198100 time=6.363611e+00 dt=3.049759e-05
elapsed=6.346712e+03 cycle=198200 time=6.366705e+00 dt=3.115596e-05
elapsed=6.350610e+03 cycle=198300 time=6.369838e+00 dt=3.172996e-05
elapsed=6.354248e+03 cycle=198400 time=6.372946e+00 dt=3.050425e-05
elapsed=6.357248e+03 cycle=198500 time=6.375964e+00 dt=2.987385e-05
elapsed=6.360246e+03 cycle=198600 time=6.378913e+00 dt=2.909699e-05
elapsed=6.363269e+03 cycle=198700 time=6.381846e+00 dt=2.987347e-05
elapsed=6.366274e+03 cycle=198800 time=6.384811e+00 dt=2.972556e-05
elapsed=6.369282e+03 cycle=198900 time=6.387826e+00 dt=3.057700e-05
elapsed=6.372316e+03 cycle=199000 time=6.390843e+00 dt=2.993132e-05
elapsed=6.375328e+03 cycle=199100 time=6.393826e+00 dt=2.977073e-05
elapsed=6.378349e+03 cycle=199200 time=6.396874e+00 dt=3.154996e-05
elapsed=6.381697e+03 cycle=199300 time=6.400040e+00 dt=3.150852e-05
elapsed=6.385642e+03 cycle=199400 time=6.403171e+00 dt=3.115449e-05
elapsed=6.389622e+03 cycle=199500 time=6.406284e+00 dt=3.113691e-05
elapsed=6.392808e+03 cycle=199600 time=6.409419e+00 dt=3.158549e-05
elapsed=6.395974e+03 cycle=199700 time=6.412582e+00 dt=3.166749e-05
elapsed=6.399157e+03 cycle=199800 time=6.415740e+00 dt=3.167658e-05
elapsed=6.402383e+03 cycle=199900 time=6.418883e+00 dt=3.121160e-05
elapsed=6.405671e+03 cycle=200000 time=6.421985e+00 dt=3.077353e-05
elapsed=6.408992e+03 cycle=200100 time=6.425008e+00 dt=2.965785e-05
elapsed=6.412368e+03 cycle=200200 time=6.427931e+00 dt=2.886433e-05
elapsed=6.415817e+03 cycle=200300 time=6.430784e+00 dt=2.812040e-05
elapsed=6.419330e+03 cycle=200400 time=6.433548e+00 dt=2.730898e-05
elapsed=6.423900e+03 cycle=200500 time=6.436193e+00 dt=2.545639e-05
elapsed=6.428538e+03 cycle=200600 time=6.438684e+00 dt=2.495522e-05
elapsed=6.432241e+03 cycle=200700 time=6.441292e+00 dt=2.783802e-05
elapsed=6.435936e+03 cycle=200800 time=6.444269e+00 dt=3.082196e-05
elapsed=6.439695e+03 cycle=200900 time=6.447340e+00 dt=3.063421e-05
elapsed=6.443546e+03 cycle=201000 time=6.450384e+00 dt=2.980215e-05
elapsed=6.447451e+03 cycle=201100 time=6.453304e+00 dt=2.896431e-05
elapsed=6.451433e+03 cycle=201200 time=6.456187e+00 dt=2.889652e-05
elapsed=6.455495e+03 cycle=201300 time=6.459114e+00 dt=2.977205e-05
elapsed=6.460186e+03 cycle=201400 time=6.462153e+00 dt=3.104595e-05
elapsed=6.465685e+03 cycle=201500 time=6.465278e+00 dt=3.041976e-05
elapsed=6.470686e+03 cycle=201600 time=6.468290e+00 dt=2.997937e-05
elapsed=6.475159e+03 cycle=201700 time=6.471215e+00 dt=2.830296e-05
elapsed=6.479704e+03 cycle=201800 time=6.473888e+00 dt=2.529624e-05
elapsed=6.484332e+03 cycle=201900 time=6.476455e+00 dt=2.719219e-05
elapsed=6.489051e+03 cycle=202000 time=6.479403e+00 dt=3.101825e-05
elapsed=6.493900e+03 cycle=202100 time=6.482462e+00 dt=3.014238e-05
elapsed=6.499800e+03 cycle=202200 time=6.485488e+00 dt=3.047306e-05
elapsed=6.506075e+03 cycle=202300 time=6.488495e+00 dt=2.890038e-05
elapsed=6.511257e+03 cycle=202400 time=6.491620e+00 dt=3.180057e-05
elapsed=6.516535e+03 cycle=202500 time=6.494748e+00 dt=3.107294e-05
elapsed=6.521928e+03 cycle=202600 time=6.497839e+00 dt=3.068546e-05
elapsed=6.527457e+03 cycle=202700 time=6.500865e+00 dt=2.994021e-05
elapsed=6.533315e+03 cycle=202800 time=6.503816e+00 dt=2.922719e-05
elapsed=6.540742e+03 cycle=202900 time=6.506771e+00 dt=3.047557e-05
elapsed=6.546824e+03 cycle=203000 time=6.509792e+00 dt=2.976301e-05
elapsed=6.552784e+03 cycle=203100 time=6.512737e+00 dt=2.919425e-05
elapsed=6.558830e+03 cycle=203200 time=6.515657e+00 dt=2.919520e-05
elapsed=6.564973e+03 cycle=203300 time=6.518508e+00 dt=2.782287e-05
elapsed=6.571919e+03 cycle=203400 time=6.521284e+00 dt=2.835151e-05
elapsed=6.579750e+03 cycle=203500 time=6.524102e+00 dt=2.850553e-05
elapsed=6.586165e+03 cycle=203600 time=6.526898e+00 dt=2.737695e-05
elapsed=6.592658e+03 cycle=203700 time=6.529575e+00 dt=2.588514e-05
elapsed=6.599247e+03 cycle=203800 time=6.532033e+00 dt=2.314817e-05
elapsed=6.606599e+03 cycle=203900 time=6.534275e+00 dt=2.314618e-05
elapsed=6.614783e+03 cycle=204000 time=6.537054e+00 dt=3.119702e-05
elapsed=6.621575e+03 cycle=204100 time=6.540159e+00 dt=3.069372e-05
elapsed=6.628431e+03 cycle=204200 time=6.543324e+00 dt=3.166117e-05
elapsed=6.635375e+03 cycle=204300 time=6.546548e+00 dt=3.223185e-05
elapsed=6.643713e+03 cycle=204400 time=6.549786e+00 dt=3.244650e-05
elapsed=6.651748e+03 cycle=204500 time=6.552988e+00 dt=3.123855e-05
elapsed=6.658933e+03 cycle=204600 time=6.555962e+00 dt=2.795875e-05
elapsed=6.666192e+03 cycle=204700 time=6.558883e+00 dt=3.294364e-05
elapsed=6.673544e+03 cycle=204800 time=6.562073e+00 dt=3.091540e-05
elapsed=6.682811e+03 cycle=204900 time=6.565181e+00 dt=3.105847e-05
elapsed=6.690605e+03 cycle=205000 time=6.568258e+00 dt=3.041083e-05
elapsed=6.698146e+03 cycle=205100 time=6.571164e+00 dt=2.819888e-05
elapsed=6.705718e+03 cycle=205200 time=6.574121e+00 dt=3.011876e-05
elapsed=6.713936e+03 cycle=205300 time=6.577104e+00 dt=3.005905e-05
elapsed=6.723243e+03 cycle=205400 time=6.580084e+00 dt=2.932231e-05
elapsed=6.730952e+03 cycle=205500 time=6.583027e+00 dt=3.017842e-05
elapsed=6.738695e+03 cycle=205600 time=6.586086e+00 dt=3.075668e-05
elapsed=6.742550e+03 cycle=205700 time=6.589169e+00 dt=3.068795e-05
elapsed=6.749935e+03 cycle=205800 time=6.592218e+00 dt=3.027867e-05
elapsed=6.759520e+03 cycle=205900 time=6.595195e+00 dt=2.924066e-05
elapsed=6.767360e+03 cycle=206000 time=6.598072e+00 dt=2.839562e-05
elapsed=6.775243e+03 cycle=206100 time=6.600862e+00 dt=2.741644e-05
elapsed=6.783118e+03 cycle=206200 time=6.603553e+00 dt=2.637873e-05
elapsed=6.792922e+03 cycle=206300 time=6.606169e+00 dt=2.633477e-05
elapsed=6.801121e+03 cycle=206400 time=6.608877e+00 dt=2.783181e-05
elapsed=6.809046e+03 cycle=206500 time=6.611678e+00 dt=2.749965e-05
elapsed=6.816957e+03 cycle=206600 time=6.614309e+00 dt=2.588890e-05
elapsed=6.825962e+03 cycle=206700 time=6.617108e+00 dt=2.826741e-05
elapsed=6.835018e+03 cycle=206800 time=6.619989e+00 dt=2.973719e-05
elapsed=6.842943e+03 cycle=206900 time=6.623109e+00 dt=3.108307e-05
elapsed=6.850843e+03 cycle=207000 time=6.626170e+00 dt=3.016328e-05
elapsed=6.854305e+03 cycle=207100 time=6.629393e+00 dt=3.363029e-05
elapsed=6.857909e+03 cycle=207200 time=6.632660e+00 dt=3.200550e-05
elapsed=6.866395e+03 cycle=207300 time=6.635818e+00 dt=3.092701e-05
elapsed=6.873363e+03 cycle=207400 time=6.638836e+00 dt=2.967822e-05
elapsed=6.875641e+03 cycle=207500 time=6.641777e+00 dt=2.912431e-05
elapsed=6.877898e+03 cycle=207600 time=6.644596e+00 dt=2.730998e-05
elapsed=6.880154e+03 cycle=207700 time=6.647351e+00 dt=2.843541e-05
elapsed=6.882435e+03 cycle=207800 time=6.650320e+00 dt=2.913346e-05
elapsed=6.884694e+03 cycle=207900 time=6.653113e+00 dt=2.752134e-05
elapsed=6.886955e+03 cycle=208000 time=6.656070e+00 dt=2.979953e-05
elapsed=6.889213e+03 cycle=208100 time=6.658885e+00 dt=2.852172e-05
elapsed=6.891491e+03 cycle=208200 time=6.661849e+00 dt=3.053859e-05
elapsed=6.893762e+03 cycle=208300 time=6.664711e+00 dt=2.681463e-05
elapsed=6.896023e+03 cycle=208400 time=6.667510e+00 dt=2.999338e-05
elapsed=6.898310e+03 cycle=208500 time=6.670701e+00 dt=3.244248e-05
elapsed=6.900570e+03 cycle=208600 time=6.673986e+00 dt=3.310604e-05
elapsed=6.902828e+03 cycle=208700 time=6.677261e+00 dt=3.219609e-05
elapsed=6.905377e+03 cycle=208800 time=6.680390e+00 dt=3.038357e-05
elapsed=6.908208e+03 cycle=208900 time=6.683352e+00 dt=2.912453e-05
elapsed=6.911023e+03 cycle=209000 time=6.686310e+00 dt=2.898616e-05
elapsed=6.913795e+03 cycle=209100 time=6.689121e+00 dt=2.767105e-05
elapsed=6.916067e+03 cycle=209200 time=6.691974e+00 dt=2.998288e-05
elapsed=6.918314e+03 cycle=209300 time=6.694871e+00 dt=2.786354e-05
elapsed=6.920561e+03 cycle=209400 time=6.697657e+00 dt=2.868142e-05
elapsed=6.922823e+03 cycle=209500 time=6.700681e+00 dt=3.039722e-05
elapsed=6.925064e+03 cycle=209600 time=6.703588e+00 dt=2.784136e-05
elapsed=6.927305e+03 cycle=209700 time=6.706278e+00 dt=2.614655e-05
elapsed=6.929547e+03 cycle=209800 time=6.708830e+00 dt=2.503433e-05
elapsed=6.931810e+03 cycle=209900 time=6.711305e+00 dt=2.465492e-05
elapsed=6.934055e+03 cycle=210000 time=6.713914e+00 dt=2.862407e-05
elapsed=6.936303e+03 cycle=210100 time=6.716946e+00 dt=3.046960e-05
elapsed=6.938559e+03 cycle=210200 time=6.719946e+00 dt=3.033363e-05
elapsed=6.940842e+03 cycle=210300 time=6.723135e+00 dt=3.108869e-05
elapsed=6.943110e+03 cycle=210400 time=6.726266e+00 dt=3.210847e-05
elapsed=6.945777e+03 cycle=210500 time=6.729491e+00 dt=3.249588e-05
elapsed=6.948670e+03 cycle=210600 time=6.732766e+00 dt=3.290109e-05
elapsed=6.951558e+03 cycle=210700 time=6.736025e+00 dt=3.210974e-05
elapsed=6.954226e+03 cycle=210800 time=6.739158e+00 dt=3.049531e-05
elapsed=6.956537e+03 cycle=210900 time=6.742124e+00 dt=2.888921e-05
elapsed=6.958827e+03 cycle=211000 time=6.744945e+00 dt=2.784316e-05
elapsed=6.961114e+03 cycle=211100 time=6.747745e+00 dt=2.808058e-05
elapsed=6.963421e+03 cycle=211200 time=6.750539e+00 dt=2.765364e-05
elapsed=6.965705e+03 cycle=211300 time=6.753258e+00 dt=2.668473e-05
elapsed=6.967987e+03 cycle=211400 time=6.755899e+00 dt=2.638313e-05
elapsed=6.970268e+03 cycle=211500 time=6.758559e+00 dt=2.685432e-05
elapsed=6.972566e+03 cycle=211600 time=6.761275e+00 dt=2.757152e-05
elapsed=6.974839e+03 cycle=211700 time=6.763999e+00 dt=2.633621e-05
elapsed=6.977109e+03 cycle=211800 time=6.766566e+00 dt=2.505536e-05
elapsed=6.979379e+03 cycle=211900 time=6.769128e+00 dt=2.790632e-05
elapsed=6.981695e+03 cycle=212000 time=6.771915e+00 dt=2.779939e-05
elapsed=6.984539e+03 cycle=212100 time=6.774674e+00 dt=2.749631e-05
elapsed=6.987368e+03 cycle=212200 time=6.777372e+00 dt=2.668666e-05
elapsed=6.990226e+03 cycle=212300 time=6.780097e+00 dt=2.864120e-05
elapsed=6.992662e+03 cycle=212400 time=6.783038e+00 dt=2.906285e-05
elapsed=6.994917e+03 cycle=212500 time=6.785830e+00 dt=2.659077e-05
elapsed=6.997171e+03 cycle=212600 time=6.788464e+00 dt=2.681695e-05
elapsed=6.999444e+03 cycle=212700 time=6.791120e+00 dt=2.568325e-05
elapsed=7.001698e+03 cycle=212800 time=6.793639e+00 dt=2.542726e-05
elapsed=7.003956e+03 cycle=212900 time=6.796420e+00 dt=2.942301e-05
elapsed=7.006224e+03 cycle=213000 time=6.799442e+00 dt=3.154372e-05
elapsed=7.008528e+03 cycle=213100 time=6.802659e+00 dt=3.222457e-05
elapsed=7.010835e+03 cycle=213200 time=6.805833e+00 dt=2.964517e-05
elapsed=7.013152e+03 cycle=213300 time=6.808769e+00 dt=3.145368e-05
elapsed=7.015484e+03 cycle=213400 time=6.811885e+00 dt=3.076756e-05
elapsed=7.017791e+03 cycle=213500 time=6.815002e+00 dt=3.230890e-05
elapsed=7.020077e+03 cycle=213600 time=6.818216e+00 dt=3.188861e-05
elapsed=7.022644e+03 cycle=213700 time=6.821366e+00 dt=3.091233e-05
elapsed=7.025510e+03 cycle=213800 time=6.824420e+00 dt=3.034440e-05
elapsed=7.028381e+03 cycle=213900 time=6.827495e+00 dt=3.104848e-05
elapsed=7.031209e+03 cycle=214000 time=6.830546e+00 dt=3.030365e-05
elapsed=7.033495e+03 cycle=214100 time=6.833557e+00 dt=2.983708e-05
elapsed=7.035779e+03 cycle=214200 time=6.836486e+00 dt=2.859590e-05
elapsed=7.038067e+03 cycle=214300 time=6.839269e+00 dt=2.728123e-05
elapsed=7.040379e+03 cycle=214400 time=6.842025e+00 dt=2.827793e-05
elapsed=7.042677e+03 cycle=214500 time=6.844872e+00 dt=2.756460e-05
elapsed=7.044982e+03 cycle=214600 time=6.847655e+00 dt=2.850536e-05
elapsed=7.047303e+03 cycle=214700 time=6.850612e+00 dt=3.033717e-05
elapsed=7.049601e+03 cycle=214800 time=6.853660e+00 dt=3.116126e-05
elapsed=7.051920e+03 cycle=214900 time=6.856816e+00 dt=3.094237e-05
elapsed=7.054236e+03 cycle=215000 time=6.859889e+00 dt=3.081789e-05
elapsed=7.056562e+03 cycle=215100 time=6.863030e+00 dt=3.174595e-05
elapsed=7.058835e+03 cycle=215200 time=6.866213e+00 dt=3.130264e-05
elapsed=7.061613e+03 cycle=215300 time=6.869277e+00 dt=3.004027e-05
elapsed=7.064462e+03 cycle=215400 time=6.872217e+00 dt=2.890944e-05
elapsed=7.067282e+03 cycle=215500 time=6.875077e+00 dt=2.825575e-05
elapsed=7.069810e+03 cycle=215600 time=6.877876e+00 dt=2.783689e-05
elapsed=7.072092e+03 cycle=215700 time=6.880679e+00 dt=2.816866e-05
elapsed=7.074349e+03 cycle=215800 time=6.883517e+00 dt=2.864178e-05
elapsed=7.076603e+03 cycle=215900 time=6.886393e+00 dt=2.835960e-05
elapsed=7.078860e+03 cycle=216000 time=6.889170e+00 dt=2.737661e-05
elapsed=7.081137e+03 cycle=216100 time=6.891909e+00 dt=2.677985e-05
elapsed=7.083390e+03 cycle=216200 time=6.894517e+00 dt=2.556951e-05
elapsed=7.085635e+03 cycle=216300 time=6.897075e+00 dt=2.615329e-05
elapsed=7.087871e+03 cycle=216400 time=6.899757e+00 dt=2.922813e-05
elapsed=7.090122e+03 cycle=216500 time=6.902792e+00 dt=3.023361e-05
elapsed=7.092363e+03 cycle=216600 time=6.905824e+00 dt=3.043878e-05
elapsed=7.094625e+03 cycle=216700 time=6.908870e+00 dt=3.059431e-05
elapsed=7.096914e+03 cycle=216800 time=6.911933e+00 dt=3.062312e-05
elapsed=7.099550e+03 cycle=216900 time=6.915023e+00 dt=3.099889e-05
elapsed=7.102395e+03 cycle=217000 time=6.918126e+00 dt=3.089492e-05
elapsed=7.105265e+03 cycle=217100 time=6.921183e+00 dt=3.018806e-05
elapsed=7.107965e+03 cycle=217200 time=6.924172e+00 dt=3.013467e-05
elapsed=7.110246e+03 cycle=217300 time=6.927236e+00 dt=3.088478e-05
elapsed=7.112550e+03 cycle=217400 time=6.930323e+00 dt=3.085687e-05
elapsed=7.114832e+03 cycle=217500 time=6.933380e+00 dt=3.027742e-05
elapsed=7.117114e+03 cycle=217600 time=6.936395e+00 dt=3.017244e-05
elapsed=7.119397e+03 cycle=217700 time=6.939411e+00 dt=3.011289e-05
elapsed=7.121707e+03 cycle=217800 time=6.942419e+00 dt=3.007739e-05
elapsed=7.124006e+03 cycle=217900 time=6.945432e+00 dt=3.003542e-05
elapsed=7.126317e+03 cycle=218000 time=6.948407e+00 dt=2.959000e-05
elapsed=7.128656e+03 cycle=218100 time=6.951382e+00 dt=2.980643e-05
elapsed=7.130971e+03 cycle=218200 time=6.954345e+00 dt=2.961262e-05
elapsed=7.133279e+03 cycle=218300 time=6.957308e+00 dt=2.914852e-05
elapsed=7.135602e+03 cycle=218400 time=6.960149e+00 dt=2.802400e-05
elapsed=7.137895e+03 cycle=218500 time=6.963031e+00 dt=2.989355e-05
elapsed=7.140571e+03 cycle=218600 time=6.966049e+00 dt=3.027437e-05
elapsed=7.148258e+03 cycle=218700 time=6.969096e+00 dt=3.090658e-05
elapsed=7.153343e+03 cycle=218800 time=6.972252e+00 dt=3.174259e-05
elapsed=7.156231e+03 cycle=218900 time=6.975422e+00 dt=3.169713e-05
elapsed=7.158505e+03 cycle=219000 time=6.978593e+00 dt=3.194344e-05
elapsed=7.160794e+03 cycle=219100 time=6.981778e+00 dt=3.154810e-05
elapsed=7.163058e+03 cycle=219200 time=6.984880e+00 dt=3.042561e-05
elapsed=7.165318e+03 cycle=219300 time=6.987920e+00 dt=3.062453e-05
elapsed=7.167597e+03 cycle=219400 time=6.990932e+00 dt=2.990815e-05
elapsed=7.169855e+03 cycle=219500 time=6.993952e+00 dt=3.013121e-05
elapsed=7.172106e+03 cycle=219600 time=6.996957e+00 dt=2.977855e-05
elapsed=7.174347e+03 cycle=219700 time=6.999846e+00 dt=2.766151e-05
elapsed=7.176620e+03 cycle=219800 time=7.002537e+00 dt=2.682147e-05
elapsed=7.178858e+03 cycle=219900 time=7.005406e+00 dt=3.036549e-05
elapsed=7.181513e+03 cycle=220000 time=7.008457e+00 dt=3.072236e-05
elapsed=7.184351e+03 cycle=220100 time=7.011498e+00 dt=3.045073e-05
elapsed=7.187158e+03 cycle=220200 time=7.014515e+00 dt=2.993771e-05
elapsed=7.189777e+03 cycle=220300 time=7.017511e+00 dt=3.014702e-05
elapsed=7.192052e+03 cycle=220400 time=7.020548e+00 dt=3.087478e-05
elapsed=7.194301e+03 cycle=220500 time=7.023633e+00 dt=3.059288e-05
elapsed=7.196547e+03 cycle=220600 time=7.026664e+00 dt=3.002995e-05
elapsed=7.198790e+03 cycle=220700 time=7.029635e+00 dt=2.947812e-05
elapsed=7.201055e+03 cycle=220800 time=7.032576e+00 dt=2.931973e-05
elapsed=7.203295e+03 cycle=220900 time=7.035515e+00 dt=2.945749e-05
elapsed=7.205529e+03 cycle=221000 time=7.038471e+00 dt=2.966114e-05
elapsed=7.207789e+03 cycle=221100 time=7.041470e+00 dt=3.044807e-05
elapsed=7.210031e+03 cycle=221200 time=7.044475e+00 dt=2.982560e-05
elapsed=7.212275e+03 cycle=221300 time=7.047431e+00 dt=2.920464e-05
elapsed=7.214542e+03 cycle=221400 time=7.050337e+00 dt=2.889408e-05
elapsed=7.216792e+03 cycle=221500 time=7.053211e+00 dt=2.875871e-05
elapsed=7.219047e+03 cycle=221600 time=7.056104e+00 dt=2.908562e-05
elapsed=7.221807e+03 cycle=221700 time=7.059014e+00 dt=2.923743e-05
elapsed=7.224645e+03 cycle=221800 time=7.061966e+00 dt=2.968069e-05
elapsed=7.227452e+03 cycle=221900 time=7.064969e+00 dt=3.026961e-05
elapsed=7.229987e+03 cycle=222000 time=7.067997e+00 dt=3.042268e-05
elapsed=7.232274e+03 cycle=222100 time=7.071032e+00 dt=3.019792e-05
elapsed=7.234541e+03 cycle=222200 time=7.074027e+00 dt=2.975279e-05
elapsed=7.236806e+03 cycle=222300 time=7.076984e+00 dt=2.944343e-05
elapsed=7.239062e+03 cycle=222400 time=7.079937e+00 dt=2.967164e-05
elapsed=7.241337e+03 cycle=222500 time=7.082910e+00 dt=2.984719e-05
elapsed=7.243591e+03 cycle=222600 time=7.085905e+00 dt=2.996134e-05
elapsed=7.245845e+03 cycle=222700 time=7.088892e+00 dt=2.982172e-05
elapsed=7.248125e+03 cycle=222800 time=7.091855e+00 dt=2.954738e-05
elapsed=7.250384e+03 cycle=222900 time=7.094812e+00 dt=2.971116e-05
elapsed=7.252646e+03 cycle=223000 time=7.097697e+00 dt=2.772239e-05
elapsed=7.254930e+03 cycle=223100 time=7.100464e+00 dt=2.826141e-05
elapsed=7.257191e+03 cycle=223200 time=7.103367e+00 dt=2.846647e-05
elapsed=7.259810e+03 cycle=223300 time=7.106103e+00 dt=2.619867e-05
elapsed=7.262629e+03 cycle=223400 time=7.108663e+00 dt=2.644713e-05
elapsed=7.265472e+03 cycle=223500 time=7.111518e+00 dt=2.922067e-05
elapsed=7.268153e+03 cycle=223600 time=7.114470e+00 dt=2.996949e-05
elapsed=7.270410e+03 cycle=223700 time=7.117457e+00 dt=2.980172e-05
elapsed=7.272690e+03 cycle=223800 time=7.120476e+00 dt=3.047200e-05
elapsed=7.274949e+03 cycle=223900 time=7.123495e+00 dt=2.986759e-05
elapsed=7.277210e+03 cycle=224000 time=7.126465e+00 dt=2.968263e-05
elapsed=7.279471e+03 cycle=224100 time=7.129440e+00 dt=2.976570e-05
elapsed=7.281754e+03 cycle=224200 time=7.132401e+00 dt=2.934716e-05
elapsed=7.284013e+03 cycle=224300 time=7.135328e+00 dt=2.909738e-05
elapsed=7.286269e+03 cycle=224400 time=7.138217e+00 dt=2.856718e-05
elapsed=7.289235e+03 cycle=224500 time=7.141043e+00 dt=2.741865e-05
elapsed=7.295863e+03 cycle=224600 time=7.143755e+00 dt=2.704685e-05
elapsed=7.303656e+03 cycle=224700 time=7.146516e+00 dt=2.750973e-05
elapsed=7.309731e+03 cycle=224800 time=7.149255e+00 dt=2.734141e-05
elapsed=7.315802e+03 cycle=224900 time=7.151983e+00 dt=2.728998e-05
elapsed=7.321836e+03 cycle=225000 time=7.154710e+00 dt=2.727666e-05
elapsed=7.328394e+03 cycle=225100 time=7.157411e+00 dt=2.671203e-05
elapsed=7.336123e+03 cycle=225200 time=7.160056e+00 dt=2.624593e-05
elapsed=7.342146e+03 cycle=225300 time=7.162660e+00 dt=2.565803e-05
elapsed=7.345709e+03 cycle=225400 time=7.165228e+00 dt=2.689479e-05
elapsed=7.347937e+03 cycle=225500 time=7.167985e+00 dt=2.810298e-05
elapsed=7.350182e+03 cycle=225600 time=7.170811e+00 dt=2.841853e-05
elapsed=7.352405e+03 cycle=225700 time=7.173656e+00 dt=2.824652e-05
elapsed=7.354628e+03 cycle=225800 time=7.176431e+00 dt=2.760156e-05
elapsed=7.356851e+03 cycle=225900 time=7.179277e+00 dt=2.880624e-05
elapsed=7.359094e+03 cycle=226000 time=7.182142e+00 dt=2.848569e-05
elapsed=7.361315e+03 cycle=226100 time=7.184989e+00 dt=2.851430e-05
elapsed=7.363538e+03 cycle=226200 time=7.187832e+00 dt=2.835846e-05
elapsed=7.365782e+03 cycle=226300 time=7.190654e+00 dt=2.809912e-05
elapsed=7.368005e+03 cycle=226400 time=7.193454e+00 dt=2.792449e-05
elapsed=7.370788e+03 cycle=226500 time=7.196249e+00 dt=2.780537e-05
elapsed=7.373567e+03 cycle=226600 time=7.199051e+00 dt=2.807909e-05
elapsed=7.376367e+03 cycle=226700 time=7.201856e+00 dt=2.801705e-05
elapsed=7.378832e+03 cycle=226800 time=7.204657e+00 dt=2.798962e-05
elapsed=7.381065e+03 cycle=226900 time=7.207455e+00 dt=2.810467e-05
elapsed=7.383319e+03 cycle=227000 time=7.210271e+00 dt=2.805326e-05
elapsed=7.385551e+03 cycle=227100 time=7.213062e+00 dt=2.781885e-05
elapsed=7.387787e+03 cycle=227200 time=7.215823e+00 dt=2.725340e-05
elapsed=7.390023e+03 cycle=227300 time=7.218531e+00 dt=2.692234e-05
elapsed=7.392278e+03 cycle=227400 time=7.221226e+00 dt=2.698041e-05
elapsed=7.394514e+03 cycle=227500 time=7.223846e+00 dt=2.602621e-05
elapsed=7.396753e+03 cycle=227600 time=7.226539e+00 dt=2.746633e-05
elapsed=7.398989e+03 cycle=227700 time=7.229292e+00 dt=2.764582e-05
elapsed=7.401244e+03 cycle=227800 time=7.232055e+00 dt=2.756093e-05
elapsed=7.403478e+03 cycle=227900 time=7.234794e+00 dt=2.713155e-05
elapsed=7.405711e+03 cycle=228000 time=7.237484e+00 dt=2.658054e-05
elapsed=7.408008e+03 cycle=228100 time=7.240150e+00 dt=2.694874e-05
elapsed=7.410822e+03 cycle=228200 time=7.242823e+00 dt=2.651331e-05
elapsed=7.413631e+03 cycle=228300 time=7.245449e+00 dt=2.605013e-05
elapsed=7.416432e+03 cycle=228400 time=7.248064e+00 dt=2.612971e-05
elapsed=7.418865e+03 cycle=228500 time=7.250681e+00 dt=2.629309e-05
elapsed=7.421081e+03 cycle=228600 time=7.253193e+00 dt=2.537912e-05
elapsed=7.423297e+03 cycle=228700 time=7.255811e+00 dt=2.655311e-05
elapsed=7.425513e+03 cycle=228800 time=7.258471e+00 dt=2.642971e-05
elapsed=7.427746e+03 cycle=228900 time=7.261105e+00 dt=2.625001e-05
elapsed=7.429981e+03 cycle=229000 time=7.263742e+00 dt=2.653186e-05
elapsed=7.432216e+03 cycle=229100 time=7.266446e+00 dt=2.724913e-05
elapsed=7.434457e+03 cycle=229200 time=7.269100e+00 dt=2.609773e-05
elapsed=7.436716e+03 cycle=229300 time=7.271696e+00 dt=2.604903e-05
elapsed=7.438957e+03 cycle=229400 time=7.274389e+00 dt=2.775119e-05
elapsed=7.441252e+03 cycle=229500 time=7.277156e+00 dt=2.778799e-05
elapsed=7.443491e+03 cycle=229600 time=7.279943e+00 dt=2.788539e-05
elapsed=7.445768e+03 cycle=229700 time=7.282633e+00 dt=2.627512e-05
elapsed=7.448161e+03 cycle=229800 time=7.285308e+00 dt=2.692806e-05
elapsed=7.451037e+03 cycle=229900 time=7.287964e+00 dt=2.618450e-05
elapsed=7.453968e+03 cycle=230000 time=7.290547e+00 dt=2.576911e-05
elapsed=7.456867e+03 cycle=230100 time=7.293108e+00 dt=2.566892e-05
elapsed=7.459228e+03 cycle=230200 time=7.295733e+00 dt=2.640584e-05
elapsed=7.461536e+03 cycle=230300 time=7.298492e+00 dt=2.955288e-05
elapsed=7.463856e+03 cycle=230400 time=7.301283e+00 dt=2.820793e-05
elapsed=7.466155e+03 cycle=230500 time=7.304300e+00 dt=3.085941e-05
elapsed=7.468453e+03 cycle=230600 time=7.307436e+00 dt=3.162777e-05
elapsed=7.470767e+03 cycle=230700 time=7.310500e+00 dt=2.954902e-05
elapsed=7.473063e+03 cycle=230800 time=7.313363e+00 dt=2.738490e-05
elapsed=7.475363e+03 cycle=230900 time=7.315991e+00 dt=2.620896e-05
elapsed=7.477660e+03 cycle=231000 time=7.318823e+00 dt=2.908525e-05
elapsed=7.479978e+03 cycle=231100 time=7.321635e+00 dt=2.720147e-05
elapsed=7.482276e+03 cycle=231200 time=7.324302e+00 dt=2.642188e-05
elapsed=7.484575e+03 cycle=231300 time=7.327007e+00 dt=2.775605e-05
elapsed=7.487444e+03 cycle=231400 time=7.329860e+00 dt=2.895108e-05
elapsed=7.494799e+03 cycle=231500 time=7.332766e+00 dt=2.894797e-05
elapsed=7.500699e+03 cycle=231600 time=7.335561e+00 dt=2.697990e-05
elapsed=7.506343e+03 cycle=231700 time=7.338142e+00 dt=2.488482e-05
elapsed=7.512007e+03 cycle=231800 time=7.340704e+00 dt=2.674319e-05
elapsed=7.517648e+03 cycle=231900 time=7.343539e+00 dt=2.860886e-05
elapsed=7.523690e+03 cycle=232000 time=7.346411e+00 dt=2.887483e-05
elapsed=7.531020e+03 cycle=232100 time=7.349313e+00 dt=2.923382e-05
elapsed=7.536314e+03 cycle=232200 time=7.352186e+00 dt=2.778451e-05
elapsed=7.538609e+03 cycle=232300 time=7.354977e+00 dt=2.794020e-05
elapsed=7.540902e+03 cycle=232400 time=7.357726e+00 dt=2.701333e-05
elapsed=7.543213e+03 cycle=232500 time=7.360370e+00 dt=2.581764e-05
elapsed=7.545505e+03 cycle=232600 time=7.362912e+00 dt=2.545551e-05
elapsed=7.547791e+03 cycle=232700 time=7.365480e+00 dt=2.540272e-05
elapsed=7.550075e+03 cycle=232800 time=7.368023e+00 dt=2.592289e-05
elapsed=7.552379e+03 cycle=232900 time=7.370615e+00 dt=2.716764e-05
elapsed=7.554659e+03 cycle=233000 time=7.373525e+00 dt=2.898965e-05
elapsed=7.556936e+03 cycle=233100 time=7.376324e+00 dt=2.721371e-05
elapsed=7.559212e+03 cycle=233200 time=7.379266e+00 dt=3.083164e-05
elapsed=7.561508e+03 cycle=233300 time=7.382231e+00 dt=2.891984e-05
elapsed=7.564039e+03 cycle=233400 time=7.385084e+00 dt=2.862295e-05
elapsed=7.566892e+03 cycle=233500 time=7.388009e+00 dt=2.892866e-05
elapsed=7.569761e+03 cycle=233600 time=7.390939e+00 dt=2.949924e-05
elapsed=7.572552e+03 cycle=233700 time=7.393941e+00 dt=3.032410e-05
elapsed=7.574828e+03 cycle=233800 time=7.396916e+00 dt=2.872488e-05
elapsed=7.577103e+03 cycle=233900 time=7.399832e+00 dt=3.030011e-05
elapsed=7.579975e+03 cycle=234000 time=7.402795e+00 dt=2.875301e-05
elapsed=7.582242e+03 cycle=234100 time=7.405582e+00 dt=2.740813e-05
elapsed=7.584511e+03 cycle=234200 time=7.408239e+00 dt=2.590339e-05
elapsed=7.586799e+03 cycle=234300 time=7.410810e+00 dt=2.528759e-05
elapsed=7.589066e+03 cycle=234400 time=7.413297e+00 dt=2.457372e-05
elapsed=7.591336e+03 cycle=234500 time=7.415736e+00 dt=2.431792e-05
elapsed=7.593606e+03 cycle=234600 time=7.418184e+00 dt=2.531661e-05
elapsed=7.595901e+03 cycle=234700 time=7.420932e+00 dt=2.823903e-05
elapsed=7.598174e+03 cycle=234800 time=7.423804e+00 dt=2.841989e-05
elapsed=7.600448e+03 cycle=234900 time=7.426575e+00 dt=2.650743e-05
elapsed=7.603032e+03 cycle=235000 time=7.429350e+00 dt=3.130451e-05
elapsed=7.605915e+03 cycle=235100 time=7.432400e+00 dt=2.977799e-05
elapsed=7.611058e+03 cycle=235200 time=7.435279e+00 dt=2.783472e-05
elapsed=7.616148e+03 cycle=235300 time=7.437997e+00 dt=2.642609e-05
elapsed=7.621650e+03 cycle=235400 time=7.440584e+00 dt=2.569652e-05
elapsed=7.626088e+03 cycle=235500 time=7.443090e+00 dt=2.455286e-05
elapsed=7.630169e+03 cycle=235600 time=7.445582e+00 dt=2.560077e-05
elapsed=7.633516e+03 cycle=235700 time=7.448334e+00 dt=2.929478e-05
elapsed=7.639779e+03 cycle=235800 time=7.451297e+00 dt=2.950608e-05
elapsed=7.647441e+03 cycle=235900 time=7.454205e+00 dt=2.895501e-05
elapsed=7.650317e+03 cycle=236000 time=7.457097e+00 dt=2.888210e-05
elapsed=7.652592e+03 cycle=236100 time=7.459996e+00 dt=2.897496e-05
elapsed=7.654890e+03 cycle=236200 time=7.462875e+00 dt=2.851086e-05
elapsed=7.657171e+03 cycle=236300 time=7.465689e+00 dt=2.769901e-05
elapsed=7.659451e+03 cycle=236400 time=7.468311e+00 dt=2.719914e-05
elapsed=7.661755e+03 cycle=236500 time=7.471025e+00 dt=2.689036e-05
elapsed=7.664040e+03 cycle=236600 time=7.473668e+00 dt=2.609407e-05
elapsed=7.666329e+03 cycle=236700 time=7.476268e+00 dt=2.603076e-05
elapsed=7.668620e+03 cycle=236800 time=7.478864e+00 dt=2.585360e-05
elapsed=7.670937e+03 cycle=236900 time=7.481449e+00 dt=2.578719e-05
elapsed=7.673231e+03 cycle=237000 time=7.483999e+00 dt=2.508158e-05
elapsed=7.675517e+03 cycle=237100 time=7.486485e+00 dt=2.465937e-05
elapsed=7.677790e+03 cycle=237200 time=7.488944e+00 dt=2.509249e-05
elapsed=7.680351e+03 cycle=237300 time=7.491531e+00 dt=2.645099e-05
elapsed=7.683200e+03 cycle=237400 time=7.494175e+00 dt=2.593505e-05
elapsed=7.686038e+03 cycle=237500 time=7.496738e+00 dt=2.534392e-05
elapsed=7.688863e+03 cycle=237600 time=7.499262e+00 dt=2.527133e-05
elapsed=7.691280e+03 cycle=237700 time=7.501842e+00 dt=2.638266e-05
elapsed=7.693539e+03 cycle=237800 time=7.504448e+00 dt=2.586642e-05
elapsed=7.695806e+03 cycle=237900 time=7.507064e+00 dt=2.617194e-05
elapsed=7.698071e+03 cycle=238000 time=7.509708e+00 dt=2.642160e-05
elapsed=7.700352e+03 cycle=238100 time=7.512360e+00 dt=2.623351e-05
elapsed=7.702622e+03 cycle=238200 time=7.514988e+00 dt=2.658894e-05
elapsed=7.704896e+03 cycle=238300 time=7.517776e+00 dt=2.854098e-05
elapsed=7.707188e+03 cycle=238400 time=7.520665e+00 dt=2.978171e-05
elapsed=7.709463e+03 cycle=238500 time=7.523675e+00 dt=3.019457e-05
elapsed=7.711742e+03 cycle=238600 time=7.526660e+00 dt=2.945407e-05
elapsed=7.714027e+03 cycle=238700 time=7.529571e+00 dt=2.879279e-05
elapsed=7.716340e+03 cycle=238800 time=7.532430e+00 dt=2.850873e-05
elapsed=7.722879e+03 cycle=238900 time=7.535287e+00 dt=2.873402e-05
elapsed=7.730540e+03 cycle=239000 time=7.538164e+00 dt=2.851609e-05
elapsed=7.736710e+03 cycle=239100 time=7.541010e+00 dt=2.824776e-05
elapsed=7.742863e+03 cycle=239200 time=7.543817e+00 dt=2.786455e-05
elapsed=7.749020e+03 cycle=239300 time=7.546577e+00 dt=2.753695e-05
elapsed=7.755183e+03 cycle=239400 time=7.549333e+00 dt=2.769133e-05
elapsed=7.763142e+03 cycle=239500 time=7.552106e+00 dt=2.769127e-05
elapsed=7.769762e+03 cycle=239600 time=7.554862e+00 dt=2.740787e-05
elapsed=7.775941e+03 cycle=239700 time=7.557602e+00 dt=2.789199e-05
elapsed=7.782150e+03 cycle=239800 time=7.560385e+00 dt=2.802000e-05
elapsed=7.788343e+03 cycle=239900 time=7.563221e+00 dt=2.855476e-05
elapsed=7.795885e+03 cycle=240000 time=7.566087e+00 dt=2.873275e-05
elapsed=7.802943e+03 cycle=240100 time=7.568921e+00 dt=2.803842e-05
elapsed=7.809157e+03 cycle=240200 time=7.571674e+00 dt=2.658478e-05
elapsed=7.815354e+03 cycle=240300 time=7.574313e+00 dt=2.711894e-05
elapsed=7.821554e+03 cycle=240400 time=7.577216e+00 dt=2.972360e-05
elapsed=7.828097e+03 cycle=240500 time=7.580198e+00 dt=2.980779e-05
elapsed=7.836158e+03 cycle=240600 time=7.583158e+00 dt=2.956419e-05
elapsed=7.842385e+03 cycle=240700 time=7.586069e+00 dt=2.833677e-05
elapsed=7.848597e+03 cycle=240800 time=7.588791e+00 dt=2.747446e-05
elapsed=7.853783e+03 cycle=240900 time=7.591624e+00 dt=2.844693e-05
elapsed=7.859932e+03 cycle=241000 time=7.594279e+00 dt=2.552271e-05
elapsed=7.867315e+03 cycle=241100 time=7.596934e+00 dt=2.648654e-05
elapsed=7.874604e+03 cycle=241200 time=7.599551e+00 dt=2.599428e-05
elapsed=7.877428e+03 cycle=241300 time=7.602210e+00 dt=2.729313e-05
elapsed=7.879610e+03 cycle=241400 time=7.604887e+00 dt=2.625233e-05
elapsed=7.881820e+03 cycle=241500 time=7.607473e+00 dt=2.555253e-05
elapsed=7.884070e+03 cycle=241600 time=7.610012e+00 dt=2.550493e-05
elapsed=7.886302e+03 cycle=241700 time=7.612639e+00 dt=2.678370e-05
elapsed=7.888535e+03 cycle=241800 time=7.615390e+00 dt=2.755039e-05
elapsed=7.890772e+03 cycle=241900 time=7.618228e+00 dt=2.905694e-05
elapsed=7.893028e+03 cycle=242000 time=7.621138e+00 dt=2.915714e-05
elapsed=7.895255e+03 cycle=242100 time=7.624050e+00 dt=2.905403e-05
elapsed=7.897480e+03 cycle=242200 time=7.626945e+00 dt=2.871948e-05
elapsed=7.899717e+03 cycle=242300 time=7.629852e+00 dt=2.958445e-05
elapsed=7.901985e+03 cycle=242400 time=7.632831e+00 dt=2.987999e-05
elapsed=7.904798e+03 cycle=242500 time=7.635676e+00 dt=2.734501e-05
elapsed=7.907624e+03 cycle=242600 time=7.638413e+00 dt=2.832944e-05
elapsed=7.910475e+03 cycle=242700 time=7.641289e+00 dt=2.855232e-05
elapsed=7.912952e+03 cycle=242800 time=7.644125e+00 dt=2.812888e-05
elapsed=7.915175e+03 cycle=242900 time=7.646911e+00 dt=2.759135e-05
elapsed=7.917403e+03 cycle=243000 time=7.649658e+00 dt=2.736362e-05
elapsed=7.919646e+03 cycle=243100 time=7.652384e+00 dt=2.699704e-05
elapsed=7.921866e+03 cycle=243200 time=7.655020e+00 dt=2.575194e-05
elapsed=7.924088e+03 cycle=243300 time=7.657634e+00 dt=2.711190e-05
elapsed=7.926333e+03 cycle=243400 time=7.660292e+00 dt=2.612861e-05
elapsed=7.928557e+03 cycle=243500 time=7.662912e+00 dt=2.663747e-05
elapsed=7.930784e+03 cycle=243600 time=7.665610e+00 dt=2.732904e-05
elapsed=7.933016e+03 cycle=243700 time=7.668319e+00 dt=2.712001e-05
elapsed=7.935271e+03 cycle=243800 time=7.671100e+00 dt=2.751515e-05
elapsed=7.937504e+03 cycle=243900 time=7.673815e+00 dt=2.689548e-05
elapsed=7.939738e+03 cycle=244000 time=7.676504e+00 dt=2.698907e-05
elapsed=7.942571e+03 cycle=244100 time=7.679212e+00 dt=2.705573e-05
elapsed=7.945448e+03 cycle=244200 time=7.681922e+00 dt=2.733623e-05
elapsed=7.948276e+03 cycle=244300 time=7.684653e+00 dt=2.718915e-05
elapsed=7.950756e+03 cycle=244400 time=7.687370e+00 dt=2.705280e-05
elapsed=7.953026e+03 cycle=244500 time=7.690049e+00 dt=2.641211e-05
elapsed=7.955273e+03 cycle=244600 time=7.692664e+00 dt=2.611667e-05
elapsed=7.957520e+03 cycle=244700 time=7.695314e+00 dt=2.685871e-05
elapsed=7.959765e+03 cycle=244800 time=7.697952e+00 dt=2.646839e-05
elapsed=7.963149e+03 cycle=244900 time=7.700621e+00 dt=2.731326e-05
elapsed=7.966355e+03 cycle=245000 time=7.703388e+00 dt=2.763578e-05
elapsed=7.968613e+03 cycle=245100 time=7.706160e+00 dt=2.753967e-05
elapsed=7.970878e+03 cycle=245200 time=7.708869e+00 dt=2.754805e-05
elapsed=7.973166e+03 cycle=245300 time=7.711597e+00 dt=2.688177e-05
elapsed=7.975438e+03 cycle=245400 time=7.714333e+00 dt=2.750422e-05
elapsed=7.978331e+03 cycle=245500 time=7.717081e+00 dt=2.749706e-05
elapsed=7.982884e+03 cycle=245600 time=7.719835e+00 dt=2.718000e-05
elapsed=7.990763e+03 cycle=245700 time=7.722565e+00 dt=2.729377e-05
elapsed=7.994534e+03 cycle=245800 time=7.725221e+00 dt=2.561235e-05
elapsed=7.996796e+03 cycle=245900 time=7.727905e+00 dt=2.711435e-05
elapsed=7.999091e+03 cycle=246000 time=7.730576e+00 dt=2.877483e-05
elapsed=8.001411e+03 cycle=246100 time=7.733453e+00 dt=2.930853e-05
elapsed=8.003694e+03 cycle=246200 time=7.736354e+00 dt=2.880156e-05
elapsed=8.005959e+03 cycle=246300 time=7.739243e+00 dt=2.910722e-05
elapsed=8.008247e+03 cycle=246400 time=7.742161e+00 dt=2.902017e-05
elapsed=8.010515e+03 cycle=246500 time=7.745068e+00 dt=2.937404e-05
elapsed=8.012772e+03 cycle=246600 time=7.747970e+00 dt=2.847524e-05
elapsed=8.015295e+03 cycle=246700 time=7.750736e+00 dt=2.684195e-05
elapsed=8.018177e+03 cycle=246800 time=7.753385e+00 dt=2.606926e-05
elapsed=8.021057e+03 cycle=246900 time=7.755999e+00 dt=2.598274e-05
elapsed=8.023927e+03 cycle=247000 time=7.758583e+00 dt=2.529918e-05
elapsed=8.026388e+03 cycle=247100 time=7.761261e+00 dt=2.699792e-05
elapsed=8.028647e+03 cycle=247200 time=7.763859e+00 dt=2.514503e-05
elapsed=8.030897e+03 cycle=247300 time=7.766404e+00 dt=2.557037e-05
elapsed=8.033136e+03 cycle=247400 time=7.769039e+00 dt=2.786238e-05
elapsed=8.035385e+03 cycle=247500 time=7.771846e+00 dt=2.835062e-05
elapsed=8.037602e+03 cycle=247600 time=7.774695e+00 dt=2.883986e-05
elapsed=8.039813e+03 cycle=247700 time=7.777637e+00 dt=2.944491e-05
elapsed=8.042038e+03 cycle=247800 time=7.780599e+00 dt=2.963263e-05
elapsed=8.044238e+03 cycle=247900 time=7.783577e+00 dt=3.001121e-05
elapsed=8.046436e+03 cycle=248000 time=7.786554e+00 dt=2.967247e-05
elapsed=8.048631e+03 cycle=248100 time=7.789513e+00 dt=2.924134e-05
elapsed=8.050842e+03 cycle=248200 time=7.792403e+00 dt=2.859275e-05
elapsed=8.053026e+03 cycle=248300 time=7.795267e+00 dt=2.866622e-05
elapsed=8.055265e+03 cycle=248400 time=7.798130e+00 dt=2.867272e-05
elapsed=8.058087e+03 cycle=248500 time=7.800983e+00 dt=2.833338e-05
elapsed=8.060876e+03 cycle=248600 time=7.803832e+00 dt=2.883423e-05
elapsed=8.063670e+03 cycle=248700 time=7.806689e+00 dt=2.845069e-05
elapsed=8.066050e+03 cycle=248800 time=7.809487e+00 dt=2.734882e-05
elapsed=8.068252e+03 cycle=248900 time=7.812187e+00 dt=2.675164e-05
elapsed=8.070431e+03 cycle=249000 time=7.814851e+00 dt=2.676732e-05
elapsed=8.072609e+03 cycle=249100 time=7.817542e+00 dt=2.705773e-05
elapsed=8.074807e+03 cycle=249200 time=7.820283e+00 dt=2.764112e-05
elapsed=8.076982e+03 cycle=249300 time=7.822979e+00 dt=2.629314e-05
elapsed=8.079159e+03 cycle=249400 time=7.825572e+00 dt=2.632644e-05
elapsed=8.081337e+03 cycle=249500 time=7.828336e+00 dt=2.997817e-05
elapsed=8.083538e+03 cycle=249600 time=7.831402e+00 dt=3.026216e-05
elapsed=8.089394e+03 cycle=249700 time=7.834274e+00 dt=2.759117e-05
elapsed=8.097194e+03 cycle=249800 time=7.837065e+00 dt=2.901164e-05
elapsed=8.103742e+03 cycle=249900 time=7.840062e+00 dt=3.008906e-05
elapsed=8.111807e+03 cycle=250000 time=7.843057e+00 dt=2.984715e-05
elapsed=8.114029e+03 cycle=250100 time=7.846045e+00 dt=2.986064e-05
elapsed=8.122038e+03 cycle=250200 time=7.849013e+00 dt=2.952871e-05
elapsed=8.132493e+03 cycle=250300 time=7.851966e+00 dt=2.943496e-05
elapsed=8.142247e+03 cycle=250400 time=7.854895e+00 dt=2.912013e-05
elapsed=8.151242e+03 cycle=250500 time=7.857804e+00 dt=2.909409e-05
elapsed=8.160445e+03 cycle=250600 time=7.860724e+00 dt=2.923385e-05
elapsed=8.171567e+03 cycle=250700 time=7.863632e+00 dt=2.883388e-05
elapsed=8.180573e+03 cycle=250800 time=7.866498e+00 dt=2.838980e-05
elapsed=8.189586e+03 cycle=250900 time=7.869288e+00 dt=2.742886e-05
elapsed=8.198212e+03 cycle=251000 time=7.872039e+00 dt=2.760185e-05
elapsed=8.206165e+03 cycle=251100 time=7.874771e+00 dt=2.732188e-05
elapsed=8.214274e+03 cycle=251200 time=7.877512e+00 dt=2.774373e-05
elapsed=8.218826e+03 cycle=251300 time=7.880262e+00 dt=2.723597e-05
elapsed=8.221105e+03 cycle=251400 time=7.882961e+00 dt=2.687404e-05
elapsed=8.223388e+03 cycle=251500 time=7.885686e+00 dt=2.740094e-05
elapsed=8.225664e+03 cycle=251600 time=7.888420e+00 dt=2.727504e-05
elapsed=8.227964e+03 cycle=251700 time=7.891138e+00 dt=2.709325e-05
elapsed=8.231130e+03 cycle=251800 time=7.893830e+00 dt=2.667765e-05
elapsed=8.233447e+03 cycle=251900 time=7.896454e+00 dt=2.572689e-05
elapsed=8.235940e+03 cycle=252000 time=7.898990e+00 dt=2.508365e-05
elapsed=8.238905e+03 cycle=252100 time=7.901539e+00 dt=2.598101e-05
elapsed=8.241829e+03 cycle=252200 time=7.904100e+00 dt=2.506114e-05
elapsed=8.244698e+03 cycle=252300 time=7.906589e+00 dt=2.423505e-05
elapsed=8.246998e+03 cycle=252400 time=7.908969e+00 dt=2.355742e-05
elapsed=8.249312e+03 cycle=252500 time=7.911393e+00 dt=2.472126e-05
elapsed=8.251604e+03 cycle=252600 time=7.914173e+00 dt=2.902936e-05
elapsed=8.253902e+03 cycle=252700 time=7.917033e+00 dt=2.844278e-05
elapsed=8.256223e+03 cycle=252800 time=7.919908e+00 dt=2.864946e-05
elapsed=8.258581e+03 cycle=252900 time=7.922758e+00 dt=2.825510e-05
elapsed=8.260920e+03 cycle=253000 time=7.925467e+00 dt=2.589263e-05
elapsed=8.263272e+03 cycle=253100 time=7.927950e+00 dt=2.383145e-05
elapsed=8.265669e+03 cycle=253200 time=7.930319e+00 dt=2.447974e-05
elapsed=8.268062e+03 cycle=253300 time=7.932974e+00 dt=2.854600e-05
elapsed=8.270463e+03 cycle=253400 time=7.935941e+00 dt=2.981741e-05
elapsed=8.272868e+03 cycle=253500 time=7.938918e+00 dt=2.972970e-05
elapsed=8.275673e+03 cycle=253600 time=7.941879e+00 dt=2.947670e-05
elapsed=8.278710e+03 cycle=253700 time=7.944824e+00 dt=2.932131e-05
elapsed=8.281724e+03 cycle=253800 time=7.947721e+00 dt=2.847717e-05
elapsed=8.284463e+03 cycle=253900 time=7.950534e+00 dt=2.784643e-05
elapsed=8.286799e+03 cycle=254000 time=7.953299e+00 dt=2.747909e-05
elapsed=8.289127e+03 cycle=254100 time=7.956036e+00 dt=2.725662e-05
elapsed=8.291451e+03 cycle=254200 time=7.958737e+00 dt=2.660592e-05
elapsed=8.293796e+03 cycle=254300 time=7.961382e+00 dt=2.649773e-05
elapsed=8.296117e+03 cycle=254400 time=7.964057e+00 dt=2.725746e-05
elapsed=8.298438e+03 cycle=254500 time=7.966781e+00 dt=2.683371e-05
elapsed=8.300760e+03 cycle=254600 time=7.969447e+00 dt=2.652110e-05
elapsed=8.303126e+03 cycle=254700 time=7.972080e+00 dt=2.561692e-05
elapsed=8.305459e+03 cycle=254800 time=7.974609e+00 dt=2.592899e-05
elapsed=8.307776e+03 cycle=254900 time=7.977326e+00 dt=2.867933e-05
elapsed=8.310109e+03 cycle=255000 time=7.980263e+00 dt=2.967697e-05
elapsed=8.312408e+03 cycle=255100 time=7.983160e+00 dt=2.846711e-05
elapsed=8.314694e+03 cycle=255200 time=7.985975e+00 dt=2.761672e-05
elapsed=8.317613e+03 cycle=255300 time=7.988756e+00 dt=2.841406e-05
elapsed=8.320557e+03 cycle=255400 time=7.991711e+00 dt=3.085043e-05
elapsed=8.325302e+03 cycle=255500 time=7.994840e+00 dt=3.155008e-05
elapsed=8.329040e+03 cycle=255600 time=7.997974e+00 dt=3.128940e-05
elapsed=8.332799e+03 cycle=255700 time=8.001134e+00 dt=3.160678e-05
elapsed=8.339664e+03 cycle=255800 time=8.004284e+00 dt=3.099423e-05
elapsed=8.342952e+03 cycle=255900 time=8.007335e+00 dt=2.982459e-05
elapsed=8.347543e+03 cycle=256000 time=8.010254e+00 dt=2.825111e-05
elapsed=8.352093e+03 cycle=256100 time=8.013005e+00 dt=2.709187e-05
elapsed=8.360162e+03 cycle=256200 time=8.015765e+00 dt=2.862562e-05
elapsed=8.370204e+03 cycle=256300 time=8.018604e+00 dt=2.811513e-05
elapsed=8.379628e+03 cycle=256400 time=8.021576e+00 dt=3.055500e-05
elapsed=8.389078e+03 cycle=256500 time=8.024612e+00 dt=3.027738e-05
elapsed=8.400788e+03 cycle=256600 time=8.027535e+00 dt=2.924390e-05
elapsed=8.406432e+03 cycle=256700 time=8.030615e+00 dt=3.148469e-05
elapsed=8.409489e+03 cycle=256800 time=8.033644e+00 dt=2.864416e-05
elapsed=8.413735e+03 cycle=256900 time=8.036508e+00 dt=2.847189e-05
elapsed=8.416098e+03 cycle=257000 time=8.039350e+00 dt=2.891801e-05
elapsed=8.418484e+03 cycle=257100 time=8.042272e+00 dt=2.975557e-05
elapsed=8.420857e+03 cycle=257200 time=8.045291e+00 dt=3.039659e-05
elapsed=8.423228e+03 cycle=257300 time=8.048332e+00 dt=3.036358e-05
elapsed=8.425615e+03 cycle=257400 time=8.051349e+00 dt=2.936088e-05
elapsed=8.427980e+03 cycle=257500 time=8.054163e+00 dt=2.945533e-05
elapsed=8.430342e+03 cycle=257600 time=8.057093e+00 dt=2.927911e-05
elapsed=8.432724e+03 cycle=257700 time=8.060000e+00 dt=2.875041e-05
elapsed=8.435655e+03 cycle=257800 time=8.062811e+00 dt=2.773934e-05
elapsed=8.438676e+03 cycle=257900 time=8.065556e+00 dt=2.744922e-05
elapsed=8.441694e+03 cycle=258000 time=8.068321e+00 dt=2.728699e-05
elapsed=8.444271e+03 cycle=258100 time=8.071100e+00 dt=2.825174e-05
elapsed=8.446621e+03 cycle=258200 time=8.073960e+00 dt=2.879470e-05
elapsed=8.448973e+03 cycle=258300 time=8.076860e+00 dt=2.924430e-05
elapsed=8.451332e+03 cycle=258400 time=8.079761e+00 dt=2.896708e-05
elapsed=8.453717e+03 cycle=258500 time=8.082618e+00 dt=2.788270e-05
elapsed=8.456086e+03 cycle=258600 time=8.085453e+00 dt=2.880977e-05
elapsed=8.458461e+03 cycle=258700 time=8.088262e+00 dt=2.936558e-05
elapsed=8.460858e+03 cycle=258800 time=8.091334e+00 dt=3.067329e-05
elapsed=8.463210e+03 cycle=258900 time=8.094434e+00 dt=3.141332e-05
elapsed=8.465564e+03 cycle=259000 time=8.097656e+00 dt=3.290579e-05
elapsed=8.467938e+03 cycle=259100 time=8.100959e+00 dt=3.285103e-05
elapsed=8.470324e+03 cycle=259200 time=8.104182e+00 dt=3.145552e-05
elapsed=8.472711e+03 cycle=259300 time=8.107208e+00 dt=2.922807e-05
elapsed=8.475166e+03 cycle=259400 time=8.110087e+00 dt=2.865607e-05
elapsed=8.478243e+03 cycle=259500 time=8.113016e+00 dt=3.161328e-05
elapsed=8.481320e+03 cycle=259600 time=8.116252e+00 dt=3.313278e-05
elapsed=8.484400e+03 cycle=259700 time=8.119545e+00 dt=3.272307e-05
elapsed=8.486854e+03 cycle=259800 time=8.122786e+00 dt=3.214011e-05
elapsed=8.489274e+03 cycle=259900 time=8.125978e+00 dt=3.178010e-05
elapsed=8.491713e+03 cycle=260000 time=8.129165e+00 dt=3.190055e-05
elapsed=8.494189e+03 cycle=260100 time=8.132347e+00 dt=3.174118e-05
elapsed=8.496664e+03 cycle=260200 time=8.135520e+00 dt=3.183195e-05
elapsed=8.499156e+03 cycle=260300 time=8.138651e+00 dt=3.045217e-05
elapsed=8.501668e+03 cycle=260400 time=8.141701e+00 dt=3.112617e-05
elapsed=8.504149e+03 cycle=260500 time=8.144908e+00 dt=3.269680e-05
elapsed=8.506633e+03 cycle=260600 time=8.148179e+00 dt=3.273979e-05
elapsed=8.509153e+03 cycle=260700 time=8.151444e+00 dt=3.200124e-05
elapsed=8.511665e+03 cycle=260800 time=8.154564e+00 dt=3.063797e-05
elapsed=8.514185e+03 cycle=260900 time=8.157634e+00 dt=3.090398e-05
elapsed=8.516741e+03 cycle=261000 time=8.160737e+00 dt=3.119049e-05
elapsed=8.519961e+03 cycle=261100 time=8.163813e+00 dt=2.997405e-05
elapsed=8.523211e+03 cycle=261200 time=8.166739e+00 dt=2.904599e-05
elapsed=8.526450e+03 cycle=261300 time=8.169886e+00 dt=3.191030e-05
elapsed=8.529209e+03 cycle=261400 time=8.173062e+00 dt=3.154539e-05
elapsed=8.531702e+03 cycle=261500 time=8.176208e+00 dt=3.178266e-05
elapsed=8.534184e+03 cycle=261600 time=8.179417e+00 dt=3.233553e-05
elapsed=8.536670e+03 cycle=261700 time=8.182662e+00 dt=3.231120e-05
elapsed=8.539125e+03 cycle=261800 time=8.185880e+00 dt=3.218044e-05
elapsed=8.541569e+03 cycle=261900 time=8.189092e+00 dt=3.192324e-05
elapsed=8.544031e+03 cycle=262000 time=8.192278e+00 dt=3.179574e-05
elapsed=8.546475e+03 cycle=262100 time=8.195441e+00 dt=3.141986e-05
elapsed=8.548909e+03 cycle=262200 time=8.198568e+00 dt=3.112642e-05
elapsed=8.551355e+03 cycle=262300 time=8.201667e+00 dt=3.093682e-05
elapsed=8.553771e+03 cycle=262400 time=8.204754e+00 dt=3.085396e-05
elapsed=8.556132e+03 cycle=262500 time=8.207855e+00 dt=3.143194e-05
elapsed=8.558485e+03 cycle=262600 time=8.211029e+00 dt=3.158566e-05
elapsed=8.561397e+03 cycle=262700 time=8.214185e+00 dt=3.246942e-05
elapsed=8.564385e+03 cycle=262800 time=8.217451e+00 dt=3.289389e-05
elapsed=8.567390e+03 cycle=262900 time=8.220736e+00 dt=3.249180e-05
elapsed=8.569920e+03 cycle=263000 time=8.223895e+00 dt=3.059957e-05
elapsed=8.572246e+03 cycle=263100 time=8.226897e+00 dt=3.103281e-05
elapsed=8.574595e+03 cycle=263200 time=8.230177e+00 dt=3.293967e-05
elapsed=8.576922e+03 cycle=263300 time=8.233471e+00 dt=3.277487e-05
elapsed=8.579255e+03 cycle=263400 time=8.236720e+00 dt=3.210433e-05
elapsed=8.581588e+03 cycle=263500 time=8.239865e+00 dt=3.098355e-05
elapsed=8.583962e+03 cycle=263600 time=8.243007e+00 dt=3.174466e-05
elapsed=8.586304e+03 cycle=263700 time=8.246214e+00 dt=3.231013e-05
elapsed=8.588646e+03 cycle=263800 time=8.249460e+00 dt=3.267917e-05
elapsed=8.591008e+03 cycle=263900 time=8.252697e+00 dt=3.179327e-05
elapsed=8.593348e+03 cycle=264000 time=8.255859e+00 dt=3.150530e-05
elapsed=8.595690e+03 cycle=264100 time=8.258955e+00 dt=3.030094e-05
elapsed=8.598057e+03 cycle=264200 time=8.261893e+00 dt=2.844667e-05
elapsed=8.600408e+03 cycle=264300 time=8.264648e+00 dt=2.671704e-05
elapsed=8.603360e+03 cycle=264400 time=8.267311e+00 dt=2.782784e-05
elapsed=8.606402e+03 cycle=264500 time=8.270296e+00 dt=2.998728e-05
elapsed=8.609415e+03 cycle=264600 time=8.273373e+00 dt=3.116425e-05
elapsed=8.611969e+03 cycle=264700 time=8.276504e+00 dt=3.169808e-05
elapsed=8.614361e+03 cycle=264800 time=8.279704e+00 dt=3.266888e-05
elapsed=8.616783e+03 cycle=264900 time=8.283090e+00 dt=3.434380e-05
elapsed=8.619192e+03 cycle=265000 time=8.286439e+00 dt=3.286123e-05
elapsed=8.621609e+03 cycle=265100 time=8.289669e+00 dt=3.179484e-05
elapsed=8.624054e+03 cycle=265200 time=8.292791e+00 dt=3.059779e-05
elapsed=8.626485e+03 cycle=265300 time=8.295796e+00 dt=3.001236e-05
elapsed=8.628923e+03 cycle=265400 time=8.298847e+00 dt=3.152832e-05
elapsed=8.631389e+03 cycle=265500 time=8.302093e+00 dt=3.264006e-05
elapsed=8.633846e+03 cycle=265600 time=8.305316e+00 dt=3.182770e-05
elapsed=8.636312e+03 cycle=265700 time=8.308440e+00 dt=3.059091e-05
elapsed=8.638808e+03 cycle=265800 time=8.311459e+00 dt=3.040222e-05
elapsed=8.641526e+03 cycle=265900 time=8.314722e+00 dt=3.473056e-05
elapsed=8.644684e+03 cycle=266000 time=8.318153e+00 dt=3.336425e-05
elapsed=8.647863e+03 cycle=266100 time=8.321422e+00 dt=3.350124e-05
elapsed=8.650813e+03 cycle=266200 time=8.324801e+00 dt=3.280447e-05
elapsed=8.653343e+03 cycle=266300 time=8.327930e+00 dt=2.951935e-05
elapsed=8.655910e+03 cycle=266400 time=8.330775e+00 dt=2.812651e-05
elapsed=8.658464e+03 cycle=266500 time=8.333830e+00 dt=3.278865e-05
elapsed=8.661023e+03 cycle=266600 time=8.337234e+00 dt=3.411377e-05
elapsed=8.663607e+03 cycle=266700 time=8.340679e+00 dt=3.451582e-05
elapsed=8.666171e+03 cycle=266800 time=8.344058e+00 dt=3.293470e-05
elapsed=8.668748e+03 cycle=266900 time=8.347252e+00 dt=3.060471e-05
elapsed=8.671355e+03 cycle=267000 time=8.350321e+00 dt=3.052936e-05
elapsed=8.673945e+03 cycle=267100 time=8.353389e+00 dt=3.086014e-05
elapsed=8.676533e+03 cycle=267200 time=8.356594e+00 dt=3.305151e-05
elapsed=8.679126e+03 cycle=267300 time=8.359902e+00 dt=3.284929e-05
elapsed=8.682442e+03 cycle=267400 time=8.363288e+00 dt=3.408780e-05
elapsed=8.685738e+03 cycle=267500 time=8.366652e+00 dt=3.325648e-05
elapsed=8.688963e+03 cycle=267600 time=8.369956e+00 dt=3.279574e-05
elapsed=8.691565e+03 cycle=267700 time=8.373213e+00 dt=3.240475e-05
elapsed=8.694140e+03 cycle=267800 time=8.376448e+00 dt=3.229664e-05
elapsed=8.696703e+03 cycle=267900 time=8.379654e+00 dt=3.173054e-05
elapsed=8.699276e+03 cycle=268000 time=8.382787e+00 dt=3.096997e-05
elapsed=8.701815e+03 cycle=268100 time=8.385856e+00 dt=3.029825e-05
elapsed=8.704347e+03 cycle=268200 time=8.388875e+00 dt=2.998254e-05
elapsed=8.706893e+03 cycle=268300 time=8.391855e+00 dt=2.974558e-05
elapsed=8.709436e+03 cycle=268400 time=8.394838e+00 dt=2.995643e-05
elapsed=8.711986e+03 cycle=268500 time=8.397828e+00 dt=2.994364e-05
elapsed=8.714568e+03 cycle=268600 time=8.400862e+00 dt=3.143901e-05
elapsed=8.717220e+03 cycle=268700 time=8.404089e+00 dt=3.330164e-05
elapsed=8.720550e+03 cycle=268800 time=8.407405e+00 dt=3.248244e-05
elapsed=8.723939e+03 cycle=268900 time=8.410613e+00 dt=3.375018e-05
elapsed=8.727147e+03 cycle=269000 time=8.413902e+00 dt=3.261240e-05
elapsed=8.729850e+03 cycle=269100 time=8.417106e+00 dt=3.105432e-05
elapsed=8.732604e+03 cycle=269200 time=8.420178e+00 dt=3.075450e-05
elapsed=8.735369e+03 cycle=269300 time=8.423220e+00 dt=3.011308e-05
elapsed=8.738171e+03 cycle=269400 time=8.426213e+00 dt=3.046605e-05
elapsed=8.741010e+03 cycle=269500 time=8.429384e+00 dt=3.231142e-05
elapsed=8.743919e+03 cycle=269600 time=8.432631e+00 dt=3.243285e-05
elapsed=8.746857e+03 cycle=269700 time=8.435890e+00 dt=3.290631e-05
elapsed=8.749839e+03 cycle=269800 time=8.439180e+00 dt=3.264840e-05
elapsed=8.752894e+03 cycle=269900 time=8.442442e+00 dt=3.271270e-05
elapsed=8.756379e+03 cycle=270000 time=8.445648e+00 dt=3.112118e-05
elapsed=8.760409e+03 cycle=270100 time=8.448776e+00 dt=3.119128e-05
elapsed=8.764521e+03 cycle=270200 time=8.451718e+00 dt=2.764363e-05
elapsed=8.767879e+03 cycle=270300 time=8.454716e+00 dt=3.161094e-05
elapsed=8.771123e+03 cycle=270400 time=8.457947e+00 dt=3.232903e-05
elapsed=8.774430e+03 cycle=270500 time=8.461205e+00 dt=3.272434e-05
elapsed=8.777757e+03 cycle=270600 time=8.464470e+00 dt=3.167611e-05
elapsed=8.781116e+03 cycle=270700 time=8.467582e+00 dt=3.251257e-05
elapsed=8.784526e+03 cycle=270800 time=8.470794e+00 dt=3.188961e-05
elapsed=8.787950e+03 cycle=270900 time=8.473955e+00 dt=3.134207e-05
elapsed=8.791404e+03 cycle=271000 time=8.477073e+00 dt=3.118353e-05
elapsed=8.795369e+03 cycle=271100 time=8.480169e+00 dt=3.059333e-05
elapsed=8.799911e+03 cycle=271200 time=8.483212e+00 dt=3.032735e-05
elapsed=8.804114e+03 cycle=271300 time=8.486226e+00 dt=2.999186e-05
elapsed=8.807666e+03 cycle=271400 time=8.489216e+00 dt=2.982244e-05
elapsed=8.811275e+03 cycle=271500 time=8.492198e+00 dt=2.964785e-05
elapsed=8.814854e+03 cycle=271600 time=8.495087e+00 dt=2.815291e-05
elapsed=8.818439e+03 cycle=271700 time=8.497845e+00 dt=2.718190e-05
elapsed=8.822051e+03 cycle=271800 time=8.500534e+00 dt=2.676298e-05
elapsed=8.825648e+03 cycle=271900 time=8.503229e+00 dt=2.731938e-05
elapsed=8.829646e+03 cycle=272000 time=8.506029e+00 dt=2.846216e-05
elapsed=8.834316e+03 cycle=272100 time=8.508904e+00 dt=2.886855e-05
elapsed=8.838659e+03 cycle=272200 time=8.511804e+00 dt=2.961788e-05
elapsed=8.842276e+03 cycle=272300 time=8.514733e+00 dt=2.884609e-05
elapsed=8.845906e+03 cycle=272400 time=8.517593e+00 dt=2.855018e-05
elapsed=8.849560e+03 cycle=272500 time=8.520477e+00 dt=2.943121e-05
elapsed=8.853198e+03 cycle=272600 time=8.523500e+00 dt=3.067239e-05
elapsed=8.856836e+03 cycle=272700 time=8.526559e+00 dt=3.047316e-05
elapsed=8.860485e+03 cycle=272800 time=8.529539e+00 dt=2.870018e-05
elapsed=8.864362e+03 cycle=272900 time=8.532389e+00 dt=2.886653e-05
elapsed=8.869920e+03 cycle=273000 time=8.535351e+00 dt=3.004698e-05
elapsed=8.875466e+03 cycle=273100 time=8.538332e+00 dt=2.872647e-05
elapsed=8.880277e+03 cycle=273200 time=8.541258e+00 dt=3.065197e-05
elapsed=8.885029e+03 cycle=273300 time=8.544349e+00 dt=3.131553e-05
elapsed=8.889745e+03 cycle=273400 time=8.547514e+00 dt=3.171363e-05
elapsed=8.894444e+03 cycle=273500 time=8.550680e+00 dt=3.155505e-05
elapsed=8.899078e+03 cycle=273600 time=8.553827e+00 dt=3.141585e-05
elapsed=8.904406e+03 cycle=273700 time=8.557002e+00 dt=3.162607e-05
elapsed=8.910326e+03 cycle=273800 time=8.560059e+00 dt=2.999938e-05
elapsed=8.914929e+03 cycle=273900 time=8.563098e+00 dt=3.051795e-05
elapsed=8.919394e+03 cycle=274000 time=8.566151e+00 dt=3.061377e-05
elapsed=8.923826e+03 cycle=274100 time=8.569213e+00 dt=3.034685e-05
elapsed=8.928246e+03 cycle=274200 time=8.572243e+00 dt=3.042428e-05
elapsed=8.932612e+03 cycle=274300 time=8.575373e+00 dt=3.144104e-05
elapsed=8.936992e+03 cycle=274400 time=8.578557e+00 dt=3.257449e-05
elapsed=8.942025e+03 cycle=274500 time=8.581761e+00 dt=3.168665e-05
elapsed=8.946837e+03 cycle=274600 time=8.585002e+00 dt=3.226961e-05
elapsed=8.950670e+03 cycle=274700 time=8.588202e+00 dt=3.207478e-05
elapsed=8.954537e+03 cycle=274800 time=8.591387e+00 dt=3.227895e-05
elapsed=8.958390e+03 cycle=274900 time=8.594753e+00 dt=3.562548e-05
elapsed=8.962254e+03 cycle=275000 time=8.598181e+00 dt=3.208518e-05
elapsed=8.966150e+03 cycle=275100 time=8.601243e+00 dt=3.017117e-05
elapsed=8.970029e+03 cycle=275200 time=8.604335e+00 dt=3.179192e-05
elapsed=8.974111e+03 cycle=275300 time=8.607514e+00 dt=3.221785e-05
elapsed=8.979212e+03 cycle=275400 time=8.610668e+00 dt=3.145889e-05
elapsed=8.983980e+03 cycle=275500 time=8.613959e+00 dt=3.414760e-05
elapsed=8.987894e+03 cycle=275600 time=8.617410e+00 dt=3.441249e-05
elapsed=8.991839e+03 cycle=275700 time=8.620858e+00 dt=3.405413e-05
elapsed=8.995773e+03 cycle=275800 time=8.624221e+00 dt=3.311476e-05
elapsed=8.999725e+03 cycle=275900 time=8.627443e+00 dt=3.160434e-05
elapsed=9.003714e+03 cycle=276000 time=8.630615e+00 dt=3.128197e-05
elapsed=9.008139e+03 cycle=276100 time=8.633688e+00 dt=3.008518e-05
elapsed=9.014630e+03 cycle=276200 time=8.636658e+00 dt=2.937551e-05
elapsed=9.020854e+03 cycle=276300 time=8.639565e+00 dt=2.882487e-05
elapsed=9.026284e+03 cycle=276400 time=8.642474e+00 dt=2.840615e-05
elapsed=9.031777e+03 cycle=276500 time=8.645490e+00 dt=3.449136e-05
elapsed=9.037365e+03 cycle=276600 time=8.648919e+00 dt=3.364851e-05
elapsed=9.043069e+03 cycle=276700 time=8.652197e+00 dt=3.216264e-05
elapsed=9.049762e+03 cycle=276800 time=8.655582e+00 dt=3.429891e-05
elapsed=9.056879e+03 cycle=276900 time=8.658837e+00 dt=3.110416e-05
elapsed=9.062827e+03 cycle=277000 time=8.661897e+00 dt=3.327333e-05
elapsed=9.068831e+03 cycle=277100 time=8.665177e+00 dt=3.193343e-05
elapsed=9.074905e+03 cycle=277200 time=8.668246e+00 dt=2.947363e-05
elapsed=9.080168e+03 cycle=277300 time=8.671165e+00 dt=3.131938e-05
elapsed=9.084721e+03 cycle=277400 time=8.674553e+00 dt=3.532141e-05
elapsed=9.089924e+03 cycle=277500 time=8.678001e+00 dt=3.373297e-05
elapsed=9.094418e+03 cycle=277600 time=8.681260e+00 dt=3.158881e-05
elapsed=9.098434e+03 cycle=277700 time=8.684311e+00 dt=2.924066e-05
elapsed=9.102444e+03 cycle=277800 time=8.687195e+00 dt=2.870567e-05
elapsed=9.106476e+03 cycle=277900 time=8.690216e+00 dt=3.240202e-05
elapsed=9.110487e+03 cycle=278000 time=8.693550e+00 dt=3.336683e-05
elapsed=9.114501e+03 cycle=278100 time=8.696942e+00 dt=3.415950e-05
elapsed=9.118543e+03 cycle=278200 time=8.700313e+00 dt=3.272643e-05
elapsed=9.122996e+03 cycle=278300 time=8.703533e+00 dt=3.179598e-05
elapsed=9.128215e+03 cycle=278400 time=8.706642e+00 dt=3.057390e-05
elapsed=9.132808e+03 cycle=278500 time=8.709658e+00 dt=2.980458e-05
elapsed=9.136872e+03 cycle=278600 time=8.712656e+00 dt=3.107687e-05
elapsed=9.140890e+03 cycle=278700 time=8.715897e+00 dt=3.386496e-05
elapsed=9.145994e+03 cycle=278800 time=8.719427e+00 dt=3.536814e-05
elapsed=9.150035e+03 cycle=278900 time=8.722885e+00 dt=3.374433e-05
elapsed=9.154050e+03 cycle=279000 time=8.726175e+00 dt=3.194214e-05
elapsed=9.158155e+03 cycle=279100 time=8.729264e+00 dt=2.990199e-05
elapsed=9.163389e+03 cycle=279200 time=8.732189e+00 dt=2.914911e-05
elapsed=9.168414e+03 cycle=279300 time=8.735113e+00 dt=3.139237e-05
elapsed=9.172432e+03 cycle=279400 time=8.738363e+00 dt=3.304800e-05
elapsed=9.176477e+03 cycle=279500 time=8.741593e+00 dt=3.186084e-05
elapsed=9.180491e+03 cycle=279600 time=8.744793e+00 dt=3.225469e-05
elapsed=9.184506e+03 cycle=279700 time=8.748017e+00 dt=3.178442e-05
elapsed=9.188544e+03 cycle=279800 time=8.751132e+00 dt=3.060913e-05
elapsed=9.192562e+03 cycle=279900 time=8.754168e+00 dt=3.025612e-05
elapsed=9.197529e+03 cycle=280000 time=8.757179e+00 dt=2.988768e-05
elapsed=9.202760e+03 cycle=280100 time=8.760170e+00 dt=2.988117e-05
elapsed=9.206831e+03 cycle=280200 time=8.763135e+00 dt=2.933710e-05
elapsed=9.210850e+03 cycle=280300 time=8.766053e+00 dt=2.916961e-05
elapsed=9.214869e+03 cycle=280400 time=8.768998e+00 dt=2.984059e-05
elapsed=9.218913e+03 cycle=280500 time=8.772064e+00 dt=3.114937e-05
elapsed=9.222932e+03 cycle=280600 time=8.775056e+00 dt=2.921731e-05
elapsed=9.226953e+03 cycle=280700 time=8.778180e+00 dt=3.169861e-05
elapsed=9.230993e+03 cycle=280800 time=8.781282e+00 dt=3.287449e-05
elapsed=9.236170e+03 cycle=280900 time=8.784660e+00 dt=3.397405e-05
elapsed=9.241210e+03 cycle=281000 time=8.788033e+00 dt=3.242119e-05
elapsed=9.245246e+03 cycle=281100 time=8.791171e+00 dt=3.035998e-05
elapsed=9.249265e+03 cycle=281200 time=8.794260e+00 dt=3.045857e-05
elapsed=9.253278e+03 cycle=281300 time=8.797358e+00 dt=3.115713e-05
elapsed=9.257310e+03 cycle=281400 time=8.800598e+00 dt=3.314884e-05
elapsed=9.261329e+03 cycle=281500 time=8.803894e+00 dt=3.279746e-05
elapsed=9.265354e+03 cycle=281600 time=8.807135e+00 dt=3.189453e-05
elapsed=9.270196e+03 cycle=281700 time=8.810242e+00 dt=2.988099e-05
elapsed=9.275391e+03 cycle=281800 time=8.813193e+00 dt=2.943376e-05
elapsed=9.279613e+03 cycle=281900 time=8.816192e+00 dt=3.150809e-05
elapsed=9.283631e+03 cycle=282000 time=8.819452e+00 dt=3.286450e-05
elapsed=9.287672e+03 cycle=282100 time=8.822732e+00 dt=3.280549e-05
elapsed=9.291692e+03 cycle=282200 time=8.826073e+00 dt=3.437081e-05
elapsed=9.295707e+03 cycle=282300 time=8.829530e+00 dt=3.434656e-05
elapsed=9.299743e+03 cycle=282400 time=8.832927e+00 dt=3.356576e-05
elapsed=9.303755e+03 cycle=282500 time=8.836289e+00 dt=3.348939e-05
elapsed=9.308768e+03 cycle=282600 time=8.839599e+00 dt=3.297572e-05
elapsed=9.313971e+03 cycle=282700 time=8.842922e+00 dt=3.307495e-05
elapsed=9.317996e+03 cycle=282800 time=8.846106e+00 dt=3.054193e-05
elapsed=9.322009e+03 cycle=282900 time=8.849083e+00 dt=2.919099e-05
elapsed=9.326044e+03 cycle=283000 time=8.852137e+00 dt=3.209689e-05
elapsed=9.330058e+03 cycle=283100 time=8.855297e+00 dt=3.170089e-05
elapsed=9.334077e+03 cycle=283200 time=8.858492e+00 dt=3.256833e-05
elapsed=9.338120e+03 cycle=283300 time=8.861716e+00 dt=3.196374e-05
elapsed=9.342150e+03 cycle=283400 time=8.864881e+00 dt=3.109570e-05
elapsed=9.347350e+03 cycle=283500 time=8.867955e+00 dt=3.187560e-05
elapsed=9.352371e+03 cycle=283600 time=8.871384e+00 dt=3.455442e-05
elapsed=9.356386e+03 cycle=283700 time=8.874817e+00 dt=3.404368e-05
elapsed=9.360395e+03 cycle=283800 time=8.878193e+00 dt=3.359404e-05
elapsed=9.364430e+03 cycle=283900 time=8.881549e+00 dt=3.384647e-05
elapsed=9.368445e+03 cycle=284000 time=8.884915e+00 dt=3.431092e-05
elapsed=9.372464e+03 cycle=284100 time=8.888285e+00 dt=3.329468e-05
elapsed=9.377104e+03 cycle=284200 time=8.891634e+00 dt=3.397718e-05
elapsed=9.385752e+03 cycle=284300 time=8.895013e+00 dt=3.345387e-05
elapsed=9.391271e+03 cycle=284400 time=8.898330e+00 dt=3.286630e-05
elapsed=9.395303e+03 cycle=284500 time=8.901581e+00 dt=3.227520e-05
elapsed=9.399318e+03 cycle=284600 time=8.904795e+00 dt=3.207794e-05
elapsed=9.403327e+03 cycle=284700 time=8.908031e+00 dt=3.263182e-05
elapsed=9.407358e+03 cycle=284800 time=8.911292e+00 dt=3.260886e-05
elapsed=9.411369e+03 cycle=284900 time=8.914552e+00 dt=3.251910e-05
elapsed=9.415885e+03 cycle=285000 time=8.917793e+00 dt=3.243343e-05
elapsed=9.421090e+03 cycle=285100 time=8.921042e+00 dt=3.245316e-05
elapsed=9.425743e+03 cycle=285200 time=8.924316e+00 dt=3.309430e-05
elapsed=9.429759e+03 cycle=285300 time=8.927605e+00 dt=3.251288e-05
elapsed=9.433790e+03 cycle=285400 time=8.930787e+00 dt=3.112340e-05
elapsed=9.437802e+03 cycle=285500 time=8.933833e+00 dt=2.991540e-05
elapsed=9.441815e+03 cycle=285600 time=8.936797e+00 dt=2.924306e-05
elapsed=9.445821e+03 cycle=285700 time=8.939655e+00 dt=2.788034e-05
elapsed=9.449848e+03 cycle=285800 time=8.942414e+00 dt=2.785585e-05
elapsed=9.454076e+03 cycle=285900 time=8.945207e+00 dt=2.788363e-05
elapsed=9.459268e+03 cycle=286000 time=8.948109e+00 dt=3.113416e-05
elapsed=9.464069e+03 cycle=286100 time=8.951366e+00 dt=3.205209e-05
elapsed=9.468081e+03 cycle=286200 time=8.954479e+00 dt=3.011245e-05
elapsed=9.472094e+03 cycle=286300 time=8.957394e+00 dt=2.857515e-05
elapsed=9.476129e+03 cycle=286400 time=8.960270e+00 dt=2.992930e-05
elapsed=9.480146e+03 cycle=286500 time=8.963666e+00 dt=3.458689e-05
elapsed=9.484158e+03 cycle=286600 time=8.967100e+00 dt=3.412096e-05
elapsed=9.488192e+03 cycle=286700 time=8.970515e+00 dt=3.411427e-05
elapsed=9.493238e+03 cycle=286800 time=8.973913e+00 dt=3.381941e-05
elapsed=9.500321e+03 cycle=286900 time=8.977261e+00 dt=3.311735e-05
elapsed=9.507140e+03 cycle=287000 time=8.980541e+00 dt=3.260970e-05
elapsed=9.513942e+03 cycle=287100 time=8.983803e+00 dt=3.262331e-05
elapsed=9.520741e+03 cycle=287200 time=8.987025e+00 dt=3.181598e-05
elapsed=9.528215e+03 cycle=287300 time=8.990184e+00 dt=3.128604e-05
elapsed=9.536555e+03 cycle=287400 time=8.993263e+00 dt=3.042238e-05
elapsed=9.543352e+03 cycle=287500 time=8.996282e+00 dt=2.995507e-05
elapsed=9.550149e+03 cycle=287600 time=8.999257e+00 dt=2.970761e-05
elapsed=9.556986e+03 cycle=287700 time=9.002270e+00 dt=3.068664e-05
elapsed=9.564298e+03 cycle=287800 time=9.005361e+00 dt=3.095733e-05
elapsed=9.572763e+03 cycle=287900 time=9.008428e+00 dt=3.016031e-05
elapsed=9.579572e+03 cycle=288000 time=9.011369e+00 dt=2.865621e-05
elapsed=9.586366e+03 cycle=288100 time=9.014220e+00 dt=2.878998e-05
elapsed=9.593159e+03 cycle=288200 time=9.017154e+00 dt=3.014781e-05
elapsed=9.600368e+03 cycle=288300 time=9.020157e+00 dt=3.045686e-05
elapsed=9.608969e+03 cycle=288400 time=9.023308e+00 dt=3.232941e-05
elapsed=9.615766e+03 cycle=288500 time=9.026558e+00 dt=3.276666e-05
elapsed=9.622560e+03 cycle=288600 time=9.029914e+00 dt=3.476104e-05
elapsed=9.629369e+03 cycle=288700 time=9.033266e+00 dt=3.232416e-05
elapsed=9.636407e+03 cycle=288800 time=9.036578e+00 dt=3.584743e-05
elapsed=9.643782e+03 cycle=288900 time=9.040202e+00 dt=3.645535e-05
elapsed=9.648052e+03 cycle=289000 time=9.043856e+00 dt=3.652481e-05
elapsed=9.652066e+03 cycle=289100 time=9.047512e+00 dt=3.656418e-05
elapsed=9.656100e+03 cycle=289200 time=9.051121e+00 dt=3.546763e-05
elapsed=9.660118e+03 cycle=289300 time=9.054606e+00 dt=3.426011e-05
elapsed=9.664128e+03 cycle=289400 time=9.057968e+00 dt=3.312846e-05
elapsed=9.668158e+03 cycle=289500 time=9.061249e+00 dt=3.347227e-05
elapsed=9.672171e+03 cycle=289600 time=9.064760e+00 dt=3.551273e-05
elapsed=9.676190e+03 cycle=289700 time=9.068285e+00 dt=3.480953e-05
elapsed=9.681405e+03 cycle=289800 time=9.071703e+00 dt=3.346490e-05
elapsed=9.687857e+03 cycle=289900 time=9.075011e+00 dt=3.353645e-05
elapsed=9.694648e+03 cycle=290000 time=9.078339e+00 dt=3.275934e-05
elapsed=9.701457e+03 cycle=290100 time=9.081659e+00 dt=3.415182e-05
elapsed=9.708248e+03 cycle=290200 time=9.085184e+00 dt=3.573938e-05
elapsed=9.716365e+03 cycle=290300 time=9.088751e+00 dt=3.571456e-05
elapsed=9.720596e+03 cycle=290400 time=9.092279e+00 dt=3.488097e-05
elapsed=9.723101e+03 cycle=290500 time=9.095754e+00 dt=3.462256e-05
elapsed=9.725604e+03 cycle=290600 time=9.099193e+00 dt=3.402887e-05
elapsed=9.728121e+03 cycle=290700 time=9.102543e+00 dt=3.294014e-05
elapsed=9.730613e+03 cycle=290800 time=9.105809e+00 dt=3.241625e-05
elapsed=9.733104e+03 cycle=290900 time=9.108964e+00 dt=3.016855e-05
elapsed=9.736624e+03 cycle=291000 time=9.112024e+00 dt=3.461987e-05
elapsed=9.743599e+03 cycle=291100 time=9.115516e+00 dt=3.384857e-05
elapsed=9.750650e+03 cycle=291200 time=9.118733e+00 dt=3.372496e-05
elapsed=9.759841e+03 cycle=291300 time=9.122092e+00 dt=3.230795e-05
elapsed=9.764703e+03 cycle=291400 time=9.125218e+00 dt=3.040535e-05
elapsed=9.769270e+03 cycle=291500 time=9.128200e+00 dt=2.980402e-05
elapsed=9.773858e+03 cycle=291600 time=9.131261e+00 dt=3.108921e-05
elapsed=9.778425e+03 cycle=291700 time=9.134485e+00 dt=3.304908e-05
elapsed=9.782994e+03 cycle=291800 time=9.137838e+00 dt=3.298215e-05
elapsed=9.787583e+03 cycle=291900 time=9.141027e+00 dt=3.086602e-05
elapsed=9.793040e+03 cycle=292000 time=9.144030e+00 dt=2.957596e-05
elapsed=9.798138e+03 cycle=292100 time=9.147010e+00 dt=3.034813e-05
elapsed=9.804820e+03 cycle=292200 time=9.150133e+00 dt=3.238067e-05
elapsed=9.812267e+03 cycle=292300 time=9.153568e+00 dt=3.567420e-05
elapsed=9.819759e+03 cycle=292400 time=9.157121e+00 dt=3.535999e-05
elapsed=9.828050e+03 cycle=292500 time=9.160664e+00 dt=3.547701e-05
elapsed=9.837115e+03 cycle=292600 time=9.164170e+00 dt=3.474060e-05
elapsed=9.844746e+03 cycle=292700 time=9.167607e+00 dt=3.409174e-05
elapsed=9.852444e+03 cycle=292800 time=9.171001e+00 dt=3.389412e-05
elapsed=9.860164e+03 cycle=292900 time=9.174412e+00 dt=3.432327e-05
elapsed=9.869217e+03 cycle=293000 time=9.177871e+00 dt=3.498162e-05
elapsed=9.877970e+03 cycle=293100 time=9.181398e+00 dt=3.539731e-05
elapsed=9.885839e+03 cycle=293200 time=9.184922e+00 dt=3.507320e-05
elapsed=9.893765e+03 cycle=293300 time=9.188430e+00 dt=3.515580e-05
elapsed=9.902217e+03 cycle=293400 time=9.191906e+00 dt=3.383549e-05
elapsed=9.911792e+03 cycle=293500 time=9.195165e+00 dt=3.121861e-05
elapsed=9.916353e+03 cycle=293600 time=9.198548e+00 dt=3.528201e-05
elapsed=9.920935e+03 cycle=293700 time=9.202052e+00 dt=3.528167e-05
elapsed=9.925508e+03 cycle=293800 time=9.205591e+00 dt=3.470999e-05
elapsed=9.930083e+03 cycle=293900 time=9.209102e+00 dt=3.514407e-05
elapsed=9.934678e+03 cycle=294000 time=9.212647e+00 dt=3.546084e-05
elapsed=9.939308e+03 cycle=294100 time=9.216169e+00 dt=3.495225e-05
elapsed=9.945241e+03 cycle=294200 time=9.219656e+00 dt=3.428060e-05
elapsed=9.950604e+03 cycle=294300 time=9.223072e+00 dt=3.355445e-05
elapsed=9.957041e+03 cycle=294400 time=9.226427e+00 dt=3.534031e-05
elapsed=9.963370e+03 cycle=294500 time=9.229794e+00 dt=3.368571e-05
elapsed=9.967944e+03 cycle=294600 time=9.233269e+00 dt=3.391141e-05
elapsed=9.972496e+03 cycle=294700 time=9.236637e+00 dt=3.423282e-05
elapsed=9.977066e+03 cycle=294800 time=9.240083e+00 dt=3.457926e-05
elapsed=9.982459e+03 cycle=294900 time=9.243549e+00 dt=3.479219e-05
elapsed=9.988376e+03 cycle=295000 time=9.247035e+00 dt=3.507552e-05
elapsed=9.992983e+03 cycle=295100 time=9.250576e+00 dt=3.604552e-05
elapsed=9.997559e+03 cycle=295200 time=9.254159e+00 dt=3.516339e-05
elapsed=1.000213e+04 cycle=295300 time=9.257627e+00 dt=3.457331e-05
elapsed=1.000673e+04 cycle=295400 time=9.261079e+00 dt=3.470684e-05
elapsed=1.001130e+04 cycle=295500 time=9.264607e+00 dt=3.540540e-05
elapsed=1.001599e+04 cycle=295600 time=9.268149e+00 dt=3.539738e-05
elapsed=1.002195e+04 cycle=295700 time=9.271693e+00 dt=3.549459e-05
elapsed=1.002722e+04 cycle=295800 time=9.275266e+00 dt=3.579680e-05
elapsed=1.003179e+04 cycle=295900 time=9.278771e+00 dt=3.452060e-05
elapsed=1.003639e+04 cycle=296000 time=9.282167e+00 dt=3.337684e-05
elapsed=1.004096e+04 cycle=296100 time=9.285542e+00 dt=3.444975e-05
elapsed=1.004552e+04 cycle=296200 time=9.288951e+00 dt=3.376880e-05
elapsed=1.005012e+04 cycle=296300 time=9.292303e+00 dt=3.335497e-05
elapsed=1.005513e+04 cycle=296400 time=9.295637e+00 dt=3.346185e-05
elapsed=1.006107e+04 cycle=296500 time=9.299006e+00 dt=3.397130e-05
elapsed=1.006536e+04 cycle=296600 time=9.302435e+00 dt=3.475237e-05
elapsed=1.006787e+04 cycle=296700 time=9.305939e+00 dt=3.526845e-05
elapsed=1.007040e+04 cycle=296800 time=9.309447e+00 dt=3.483953e-05
elapsed=1.007895e+04 cycle=296900 time=9.312914e+00 dt=3.452999e-05
elapsed=1.008784e+04 cycle=297000 time=9.316346e+00 dt=3.421313e-05
elapsed=1.009894e+04 cycle=297100 time=9.319766e+00 dt=3.427182e-05
elapsed=1.010783e+04 cycle=297200 time=9.323155e+00 dt=3.358492e-05
elapsed=1.011668e+04 cycle=297300 time=9.326495e+00 dt=3.318346e-05
elapsed=1.012549e+04 cycle=297400 time=9.329754e+00 dt=3.165954e-05
elapsed=1.013318e+04 cycle=297500 time=9.332842e+00 dt=3.066277e-05
elapsed=1.013633e+04 cycle=297600 time=9.335913e+00 dt=3.016999e-05
elapsed=1.013885e+04 cycle=297700 time=9.338917e+00 dt=3.037285e-05
elapsed=1.014140e+04 cycle=297800 time=9.341985e+00 dt=3.145935e-05
elapsed=1.014394e+04 cycle=297900 time=9.345389e+00 dt=3.553827e-05
elapsed=1.014648e+04 cycle=298000 time=9.348947e+00 dt=3.522995e-05
elapsed=1.014904e+04 cycle=298100 time=9.352435e+00 dt=3.461310e-05
elapsed=1.015159e+04 cycle=298200 time=9.355852e+00 dt=3.352292e-05
elapsed=1.015413e+04 cycle=298300 time=9.359132e+00 dt=3.252493e-05
elapsed=1.015671e+04 cycle=298400 time=9.362512e+00 dt=3.439125e-05
elapsed=1.015926e+04 cycle=298500 time=9.365938e+00 dt=3.410108e-05
elapsed=1.016183e+04 cycle=298600 time=9.369300e+00 dt=3.303495e-05
elapsed=1.016444e+04 cycle=298700 time=9.372579e+00 dt=3.252954e-05
elapsed=1.016705e+04 cycle=298800 time=9.375835e+00 dt=3.317873e-05
elapsed=1.017005e+04 cycle=298900 time=9.379102e+00 dt=3.138374e-05
elapsed=1.017993e+04 cycle=299000 time=9.382250e+00 dt=3.231687e-05
elapsed=1.018994e+04 cycle=299100 time=9.385505e+00 dt=3.265005e-05
elapsed=1.019670e+04 cycle=299200 time=9.388969e+00 dt=3.572688e-05
elapsed=1.019949e+04 cycle=299300 time=9.392540e+00 dt=3.570353e-05
elapsed=1.020230e+04 cycle=299400 time=9.396126e+00 dt=3.604557e-05
elapsed=1.020515e+04 cycle=299500 time=9.399738e+00 dt=3.617388e-05
elapsed=1.020806e+04 cycle=299600 time=9.403382e+00 dt=3.634028e-05
elapsed=1.021119e+04 cycle=299700 time=9.406989e+00 dt=3.581562e-05
elapsed=1.021502e+04 cycle=299800 time=9.410548e+00 dt=3.541573e-05
elapsed=1.021888e+04 cycle=299900 time=9.414072e+00 dt=3.503515e-05
elapsed=1.022238e+04 cycle=300000 time=9.417555e+00 dt=3.440300e-05
elapsed=1.022549e+04 cycle=300100 time=9.420949e+00 dt=3.345654e-05
elapsed=1.022862e+04 cycle=300200 time=9.424269e+00 dt=3.307499e-05
elapsed=1.023243e+04 cycle=300300 time=9.427533e+00 dt=3.154454e-05
elapsed=1.023647e+04 cycle=300400 time=9.430581e+00 dt=2.930200e-05
elapsed=1.024049e+04 cycle=300500 time=9.433614e+00 dt=3.285185e-05
elapsed=1.024451e+04 cycle=300600 time=9.436870e+00 dt=3.180654e-05
elapsed=1.024855e+04 cycle=300700 time=9.440051e+00 dt=3.165387e-05
elapsed=1.025361e+04 cycle=300800 time=9.443149e+00 dt=3.028593e-05
elapsed=1.025873e+04 cycle=300900 time=9.446181e+00 dt=3.052128e-05
elapsed=1.026276e+04 cycle=301000 time=9.449356e+00 dt=3.307914e-05
elapsed=1.026679e+04 cycle=301100 time=9.452762e+00 dt=3.563431e-05
elapsed=1.027081e+04 cycle=301200 time=9.456434e+00 dt=3.649266e-05
elapsed=1.027485e+04 cycle=301300 time=9.460037e+00 dt=3.589713e-05
elapsed=1.027886e+04 cycle=301400 time=9.463613e+00 dt=3.524008e-05
elapsed=1.028289e+04 cycle=301500 time=9.467043e+00 dt=3.337916e-05
elapsed=1.028692e+04 cycle=301600 time=9.470312e+00 dt=3.204701e-05
elapsed=1.029126e+04 cycle=301700 time=9.473463e+00 dt=3.118681e-05
elapsed=1.029647e+04 cycle=301800 time=9.476579e+00 dt=3.110409e-05
elapsed=1.030115e+04 cycle=301900 time=9.479694e+00 dt=3.127418e-05
elapsed=1.030519e+04 cycle=302000 time=9.482830e+00 dt=3.090837e-05
elapsed=1.030920e+04 cycle=302100 time=9.485810e+00 dt=2.883025e-05
elapsed=1.031321e+04 cycle=302200 time=9.488693e+00 dt=2.946247e-05
elapsed=1.031724e+04 cycle=302300 time=9.491863e+00 dt=3.257838e-05
elapsed=1.032125e+04 cycle=302400 time=9.495218e+00 dt=3.441946e-05
elapsed=1.032525e+04 cycle=302500 time=9.498673e+00 dt=3.411138e-05
elapsed=1.032979e+04 cycle=302600 time=9.501827e+00 dt=2.859800e-05
elapsed=1.033499e+04 cycle=302700 time=9.504493e+00 dt=2.575282e-05
elapsed=1.033948e+04 cycle=302800 time=9.507133e+00 dt=2.768154e-05
elapsed=1.034351e+04 cycle=302900 time=9.510272e+00 dt=3.647091e-05
elapsed=1.034752e+04 cycle=303000 time=9.513928e+00 dt=3.655095e-05
elapsed=1.035153e+04 cycle=303100 time=9.517566e+00 dt=3.620078e-05
elapsed=1.035557e+04 cycle=303200 time=9.521181e+00 dt=3.576543e-05
elapsed=1.035959e+04 cycle=303300 time=9.524643e+00 dt=3.342208e-05
elapsed=1.036361e+04 cycle=303400 time=9.527897e+00 dt=3.223514e-05
elapsed=1.037587e+04 cycle=303500 time=9.531381e+00 dt=3.579102e-05
elapsed=1.038693e+04 cycle=303600 time=9.534946e+00 dt=3.548410e-05
elapsed=1.039220e+04 cycle=303700 time=9.538471e+00 dt=3.515202e-05
elapsed=1.039630e+04 cycle=303800 time=9.541980e+00 dt=3.505726e-05
elapsed=1.040039e+04 cycle=303900 time=9.545464e+00 dt=3.445705e-05
elapsed=1.041289e+04 cycle=304000 time=9.548935e+00 dt=3.477456e-05
elapsed=1.042425e+04 cycle=304100 time=9.552366e+00 dt=3.360964e-05
elapsed=1.043630e+04 cycle=304200 time=9.555646e+00 dt=3.189595e-05
elapsed=1.044976e+04 cycle=304300 time=9.558710e+00 dt=2.935527e-05
elapsed=1.046234e+04 cycle=304400 time=9.561641e+00 dt=3.037723e-05
elapsed=1.047457e+04 cycle=304500 time=9.564791e+00 dt=3.288459e-05
elapsed=1.048904e+04 cycle=304600 time=9.568331e+00 dt=3.645858e-05
elapsed=1.050133e+04 cycle=304700 time=9.571945e+00 dt=3.594364e-05
elapsed=1.051361e+04 cycle=304800 time=9.575625e+00 dt=3.765216e-05
elapsed=1.052816e+04 cycle=304900 time=9.579387e+00 dt=3.743786e-05
elapsed=1.054047e+04 cycle=305000 time=9.583136e+00 dt=3.791050e-05
elapsed=1.055345e+04 cycle=305100 time=9.586930e+00 dt=3.800886e-05
elapsed=1.056736e+04 cycle=305200 time=9.590712e+00 dt=3.724599e-05
elapsed=1.057963e+04 cycle=305300 time=9.594402e+00 dt=3.677458e-05
elapsed=1.059333e+04 cycle=305400 time=9.598027e+00 dt=3.564384e-05
elapsed=1.060641e+04 cycle=305500 time=9.601635e+00 dt=3.605272e-05
elapsed=1.061860e+04 cycle=305600 time=9.605233e+00 dt=3.590929e-05
elapsed=1.063283e+04 cycle=305700 time=9.608829e+00 dt=3.612872e-05
elapsed=1.064515e+04 cycle=305800 time=9.612441e+00 dt=3.574805e-05
elapsed=1.065728e+04 cycle=305900 time=9.615924e+00 dt=3.378802e-05
elapsed=1.067148e+04 cycle=306000 time=9.619234e+00 dt=3.261524e-05
elapsed=1.068374e+04 cycle=306100 time=9.622498e+00 dt=3.283247e-05
elapsed=1.069579e+04 cycle=306200 time=9.625731e+00 dt=3.201308e-05
elapsed=1.071009e+04 cycle=306300 time=9.628998e+00 dt=3.345705e-05
elapsed=1.072209e+04 cycle=306400 time=9.632293e+00 dt=3.264810e-05
elapsed=1.073404e+04 cycle=306500 time=9.635546e+00 dt=3.249386e-05
elapsed=1.074815e+04 cycle=306600 time=9.638805e+00 dt=3.267488e-05
elapsed=1.076003e+04 cycle=306700 time=9.642075e+00 dt=3.261100e-05
elapsed=1.077185e+04 cycle=306800 time=9.645289e+00 dt=3.171092e-05
elapsed=1.078582e+04 cycle=306900 time=9.648454e+00 dt=3.181063e-05
elapsed=1.079757e+04 cycle=307000 time=9.651660e+00 dt=3.207061e-05
elapsed=1.080927e+04 cycle=307100 time=9.654860e+00 dt=3.188611e-05
elapsed=1.082314e+04 cycle=307200 time=9.658035e+00 dt=3.157112e-05
elapsed=1.083480e+04 cycle=307300 time=9.661197e+00 dt=3.192799e-05
elapsed=1.084640e+04 cycle=307400 time=9.664392e+00 dt=3.188481e-05
elapsed=1.086019e+04 cycle=307500 time=9.667619e+00 dt=3.321365e-05
elapsed=1.087177e+04 cycle=307600 time=9.671006e+00 dt=3.389519e-05
elapsed=1.088330e+04 cycle=307700 time=9.674366e+00 dt=3.338007e-05
elapsed=1.089702e+04 cycle=307800 time=9.677670e+00 dt=3.266080e-05
elapsed=1.090853e+04 cycle=307900 time=9.680897e+00 dt=3.188290e-05
elapsed=1.092000e+04 cycle=308000 time=9.684048e+00 dt=3.107414e-05
elapsed=1.093370e+04 cycle=308100 time=9.687117e+00 dt=3.042222e-05
elapsed=1.094514e+04 cycle=308200 time=9.690165e+00 dt=3.071609e-05
elapsed=1.095655e+04 cycle=308300 time=9.693268e+00 dt=3.115883e-05
elapsed=1.096934e+04 cycle=308400 time=9.696408e+00 dt=3.165532e-05
elapsed=1.098150e+04 cycle=308500 time=9.699573e+00 dt=3.145828e-05
elapsed=1.099286e+04 cycle=308600 time=9.702674e+00 dt=3.034651e-05
elapsed=1.100518e+04 cycle=308700 time=9.705629e+00 dt=2.896141e-05
elapsed=1.101772e+04 cycle=308800 time=9.708528e+00 dt=2.887470e-05
elapsed=1.102906e+04 cycle=308900 time=9.711361e+00 dt=2.798690e-05
elapsed=1.104123e+04 cycle=309000 time=9.714190e+00 dt=2.883689e-05
elapsed=1.105393e+04 cycle=309100 time=9.717167e+00 dt=3.068734e-05
elapsed=1.106529e+04 cycle=309200 time=9.720308e+00 dt=3.206761e-05
elapsed=1.107674e+04 cycle=309300 time=9.723558e+00 dt=3.277456e-05
elapsed=1.109026e+04 cycle=309400 time=9.726844e+00 dt=3.273501e-05
elapsed=1.110166e+04 cycle=309500 time=9.730123e+00 dt=3.275655e-05
elapsed=1.111312e+04 cycle=309600 time=9.733405e+00 dt=3.277213e-05
elapsed=1.112679e+04 cycle=309700 time=9.736716e+00 dt=3.304003e-05
elapsed=1.113831e+04 cycle=309800 time=9.740018e+00 dt=3.384916e-05
elapsed=1.115026e+04 cycle=309900 time=9.743345e+00 dt=3.223096e-05
elapsed=1.116370e+04 cycle=310000 time=9.746423e+00 dt=2.943031e-05
elapsed=1.117534e+04 cycle=310100 time=9.749538e+00 dt=3.483437e-05
elapsed=1.118761e+04 cycle=310200 time=9.752921e+00 dt=3.341989e-05
elapsed=1.120103e+04 cycle=310300 time=9.756348e+00 dt=3.525580e-05
elapsed=1.121279e+04 cycle=310400 time=9.759869e+00 dt=3.478590e-05
elapsed=1.122515e+04 cycle=310500 time=9.763333e+00 dt=3.443593e-05
elapsed=1.123873e+04 cycle=310600 time=9.766749e+00 dt=3.386213e-05
elapsed=1.125065e+04 cycle=310700 time=9.770117e+00 dt=3.367776e-05
elapsed=1.126352e+04 cycle=310800 time=9.773507e+00 dt=3.424376e-05
elapsed=1.127682e+04 cycle=310900 time=9.776914e+00 dt=3.420484e-05
elapsed=1.128885e+04 cycle=311000 time=9.780319e+00 dt=3.375898e-05
elapsed=1.130265e+04 cycle=311100 time=9.783853e+00 dt=3.614827e-05
elapsed=1.131522e+04 cycle=311200 time=9.787405e+00 dt=3.499516e-05
elapsed=1.132734e+04 cycle=311300 time=9.790833e+00 dt=3.391739e-05
elapsed=1.134173e+04 cycle=311400 time=9.794273e+00 dt=3.440051e-05
elapsed=1.135388e+04 cycle=311500 time=9.797713e+00 dt=3.420520e-05
elapsed=1.136608e+04 cycle=311600 time=9.801040e+00 dt=3.187473e-05
elapsed=1.138052e+04 cycle=311700 time=9.804217e+00 dt=3.230575e-05
elapsed=1.139273e+04 cycle=311800 time=9.807490e+00 dt=3.242330e-05
elapsed=1.140498e+04 cycle=311900 time=9.810697e+00 dt=3.189189e-05
elapsed=1.141949e+04 cycle=312000 time=9.813863e+00 dt=3.130174e-05
elapsed=1.143174e+04 cycle=312100 time=9.817018e+00 dt=3.172548e-05
elapsed=1.144439e+04 cycle=312200 time=9.820192e+00 dt=3.119102e-05
elapsed=1.145857e+04 cycle=312300 time=9.823256e+00 dt=3.010662e-05
elapsed=1.147087e+04 cycle=312400 time=9.826158e+00 dt=2.748783e-05
elapsed=1.148366e+04 cycle=312500 time=9.828983e+00 dt=3.004147e-05
elapsed=1.149774e+04 cycle=312600 time=9.832080e+00 dt=3.230975e-05
elapsed=1.151004e+04 cycle=312700 time=9.835337e+00 dt=3.220480e-05
elapsed=1.152328e+04 cycle=312800 time=9.838463e+00 dt=3.011076e-05
elapsed=1.153692e+04 cycle=312900 time=9.841460e+00 dt=3.033832e-05
elapsed=1.154922e+04 cycle=313000 time=9.844424e+00 dt=2.890578e-05
elapsed=1.156326e+04 cycle=313100 time=9.847284e+00 dt=2.833199e-05
elapsed=1.157612e+04 cycle=313200 time=9.850111e+00 dt=2.786629e-05
elapsed=1.158842e+04 cycle=313300 time=9.852971e+00 dt=2.985782e-05
elapsed=1.160298e+04 cycle=313400 time=9.855957e+00 dt=2.925821e-05
elapsed=1.161528e+04 cycle=313500 time=9.858848e+00 dt=2.881297e-05
elapsed=1.162773e+04 cycle=313600 time=9.861859e+00 dt=3.078348e-05
elapsed=1.164217e+04 cycle=313700 time=9.864843e+00 dt=2.980860e-05
elapsed=1.165447e+04 cycle=313800 time=9.867780e+00 dt=2.870824e-05
elapsed=1.166709e+04 cycle=313900 time=9.870642e+00 dt=2.864996e-05
elapsed=1.168133e+04 cycle=314000 time=9.873530e+00 dt=2.901991e-05
elapsed=1.169365e+04 cycle=314100 time=9.876436e+00 dt=2.922693e-05
elapsed=1.170604e+04 cycle=314200 time=9.879384e+00 dt=2.979141e-05
elapsed=1.172050e+04 cycle=314300 time=9.882356e+00 dt=2.898304e-05
elapsed=1.173282e+04 cycle=314400 time=9.885203e+00 dt=2.914070e-05
elapsed=1.174513e+04 cycle=314500 time=9.888273e+00 dt=3.033098e-05
elapsed=1.175966e+04 cycle=314600 time=9.891263e+00 dt=2.957893e-05
elapsed=1.177197e+04 cycle=314700 time=9.894171e+00 dt=2.843654e-05
elapsed=1.178552e+04 cycle=314800 time=9.896965e+00 dt=2.766196e-05
elapsed=1.179878e+04 cycle=314900 time=9.899744e+00 dt=2.790156e-05
elapsed=1.181110e+04 cycle=315000 time=9.902564e+00 dt=2.867067e-05
elapsed=1.182415e+04 cycle=315100 time=9.905424e+00 dt=2.824512e-05
elapsed=1.183790e+04 cycle=315200 time=9.908171e+00 dt=2.651736e-05
elapsed=1.185022e+04 cycle=315300 time=9.910772e+00 dt=2.680118e-05
elapsed=1.186369e+04 cycle=315400 time=9.913708e+00 dt=3.121999e-05
elapsed=1.187701e+04 cycle=315500 time=9.916895e+00 dt=3.183574e-05
elapsed=1.188932e+04 cycle=315600 time=9.919975e+00 dt=2.983229e-05
elapsed=1.190322e+04 cycle=315700 time=9.922842e+00 dt=2.765959e-05
elapsed=1.191614e+04 cycle=315800 time=9.925607e+00 dt=2.769195e-05
elapsed=1.192844e+04 cycle=315900 time=9.928483e+00 dt=2.913694e-05
elapsed=1.194253e+04 cycle=316000 time=9.931307e+00 dt=2.767822e-05
elapsed=1.195533e+04 cycle=316100 time=9.934116e+00 dt=2.854252e-05
elapsed=1.196766e+04 cycle=316200 time=9.937030e+00 dt=3.153573e-05
elapsed=1.198223e+04 cycle=316300 time=9.940243e+00 dt=3.211321e-05
elapsed=1.199453e+04 cycle=316400 time=9.943329e+00 dt=2.845622e-05
elapsed=1.200683e+04 cycle=316500 time=9.946161e+00 dt=2.849417e-05
elapsed=1.202138e+04 cycle=316600 time=9.949212e+00 dt=3.042706e-05
elapsed=1.203370e+04 cycle=316700 time=9.952220e+00 dt=2.985039e-05
elapsed=1.204600e+04 cycle=316800 time=9.955215e+00 dt=3.020577e-05
elapsed=1.206049e+04 cycle=316900 time=9.958289e+00 dt=3.126564e-05
elapsed=1.207283e+04 cycle=317000 time=9.961461e+00 dt=3.212125e-05
elapsed=1.208514e+04 cycle=317100 time=9.964708e+00 dt=3.276646e-05
elapsed=1.209965e+04 cycle=317200 time=9.967999e+00 dt=3.151520e-05
elapsed=1.211198e+04 cycle=317300 time=9.971190e+00 dt=3.245279e-05
elapsed=1.212428e+04 cycle=317400 time=9.974430e+00 dt=3.284952e-05
elapsed=1.213876e+04 cycle=317500 time=9.977735e+00 dt=3.200734e-05
elapsed=1.215108e+04 cycle=317600 time=9.980963e+00 dt=3.336780e-05
elapsed=1.216338e+04 cycle=317700 time=9.984290e+00 dt=3.358303e-05
elapsed=1.217788e+04 cycle=317800 time=9.987708e+00 dt=3.458016e-05
elapsed=1.219020e+04 cycle=317900 time=9.991158e+00 dt=3.428574e-05
elapsed=1.220251e+04 cycle=318000 time=9.994557e+00 dt=3.341051e-05
elapsed=1.221702e+04 cycle=318100 time=9.997831e+00 dt=3.216093e-05

Terminating on time limit
time=1.000000e+01 cycle=318169
tlim=1.000000e+01 nlim=-1

MeshBlock-cycles = 10181408
cpu time used  = 1.222548e+04
zone-cycles/cpu_second = 1.364463e+07
particle-updates/cpu_second = 0.000000e+00
