
Root grid = 4 x 8 x 1 MeshBlocks
Total number of MeshBlocks = 32
Number of logical  levels of refinement = 3 (4 levels total)
Number of physical levels of refinement = 0 (1 levels total)
Number of parallel ranks = 1

Setup complete, executing task list(s)...

elapsed=2.727627e-01 cycle=0 time=0.000000e+00 dt=4.314425e-05
elapsed=3.656556e+00 cycle=100 time=4.305177e-03 dt=4.298275e-05
elapsed=7.027296e+00 cycle=200 time=8.598617e-03 dt=4.294113e-05
elapsed=1.055936e+01 cycle=300 time=1.289904e-02 dt=4.306513e-05
elapsed=1.394636e+01 cycle=400 time=1.720807e-02 dt=4.310573e-05
elapsed=1.754581e+01 cycle=500 time=2.151941e-02 dt=4.311976e-05
elapsed=2.094292e+01 cycle=600 time=2.583183e-02 dt=4.312848e-05
elapsed=2.447394e+01 cycle=700 time=3.014504e-02 dt=4.313524e-05
elapsed=2.784485e+01 cycle=800 time=3.445875e-02 dt=4.313870e-05
elapsed=3.121640e+01 cycle=900 time=3.877224e-02 dt=4.310470e-05
elapsed=3.478589e+01 cycle=1000 time=4.308437e-02 dt=4.310928e-05
elapsed=3.814917e+01 cycle=1100 time=4.739160e-02 dt=4.301742e-05
elapsed=4.162955e+01 cycle=1200 time=5.169217e-02 dt=4.306388e-05
elapsed=4.498871e+01 cycle=1300 time=5.598818e-02 dt=4.292041e-05
elapsed=4.846155e+01 cycle=1400 time=6.027830e-02 dt=4.296829e-05
elapsed=5.180846e+01 cycle=1500 time=6.456296e-02 dt=4.282738e-05
elapsed=5.515396e+01 cycle=1600 time=6.884307e-02 dt=4.273083e-05
elapsed=5.861426e+01 cycle=1700 time=7.311555e-02 dt=4.262694e-05
elapsed=6.195381e+01 cycle=1800 time=7.736867e-02 dt=4.244951e-05
elapsed=6.540861e+01 cycle=1900 time=8.160820e-02 dt=4.229093e-05
elapsed=6.874094e+01 cycle=2000 time=8.583139e-02 dt=4.211424e-05
elapsed=7.218904e+01 cycle=2100 time=9.002820e-02 dt=4.169927e-05
elapsed=7.551445e+01 cycle=2200 time=9.416841e-02 dt=4.107985e-05
elapsed=7.883644e+01 cycle=2300 time=9.825465e-02 dt=4.067404e-05
elapsed=8.227027e+01 cycle=2400 time=1.023068e-01 dt=4.037124e-05
elapsed=8.558270e+01 cycle=2500 time=1.063331e-01 dt=4.017691e-05
elapsed=8.901343e+01 cycle=2600 time=1.103389e-01 dt=3.994844e-05
elapsed=9.233232e+01 cycle=2700 time=1.143199e-01 dt=3.975533e-05
elapsed=9.562885e+01 cycle=2800 time=1.182863e-01 dt=3.957036e-05
elapsed=9.903110e+01 cycle=2900 time=1.222501e-01 dt=3.957101e-05
elapsed=1.023051e+02 cycle=3000 time=1.262045e-01 dt=3.960694e-05
elapsed=1.056913e+02 cycle=3100 time=1.301633e-01 dt=3.956600e-05
elapsed=1.089604e+02 cycle=3200 time=1.341142e-01 dt=3.950722e-05
elapsed=1.122181e+02 cycle=3300 time=1.380754e-01 dt=3.964271e-05
elapsed=1.155952e+02 cycle=3400 time=1.420203e-01 dt=3.849570e-05
elapsed=1.188545e+02 cycle=3500 time=1.457768e-01 dt=3.732491e-05
elapsed=1.221097e+02 cycle=3600 time=1.496204e-01 dt=3.891632e-05
elapsed=1.254817e+02 cycle=3700 time=1.534639e-01 dt=3.779967e-05
elapsed=1.287432e+02 cycle=3800 time=1.572492e-01 dt=3.811801e-05
elapsed=1.321197e+02 cycle=3900 time=1.610542e-01 dt=3.711904e-05
elapsed=1.353755e+02 cycle=4000 time=1.646927e-01 dt=3.698723e-05
elapsed=1.386266e+02 cycle=4100 time=1.685363e-01 dt=3.867218e-05
elapsed=1.419954e+02 cycle=4200 time=1.723876e-01 dt=3.831779e-05
elapsed=1.452518e+02 cycle=4300 time=1.761854e-01 dt=3.736327e-05
elapsed=1.485133e+02 cycle=4400 time=1.796631e-01 dt=3.209446e-05
elapsed=1.518916e+02 cycle=4500 time=1.831451e-01 dt=3.571836e-05
elapsed=1.551528e+02 cycle=4600 time=1.868484e-01 dt=3.912762e-05
elapsed=1.585317e+02 cycle=4700 time=1.907308e-01 dt=3.859351e-05
elapsed=1.617954e+02 cycle=4800 time=1.945899e-01 dt=3.857061e-05
elapsed=1.650590e+02 cycle=4900 time=1.984439e-01 dt=3.858956e-05
elapsed=1.684381e+02 cycle=5000 time=2.023047e-01 dt=3.859576e-05
elapsed=1.717016e+02 cycle=5100 time=2.061736e-01 dt=3.874681e-05
elapsed=1.750804e+02 cycle=5200 time=2.100428e-01 dt=3.815481e-05
elapsed=1.783460e+02 cycle=5300 time=2.139405e-01 dt=3.906765e-05
elapsed=1.816107e+02 cycle=5400 time=2.177566e-01 dt=3.724298e-05
elapsed=1.849972e+02 cycle=5500 time=2.215759e-01 dt=3.826470e-05
elapsed=1.882614e+02 cycle=5600 time=2.253967e-01 dt=3.823413e-05
elapsed=1.915233e+02 cycle=5700 time=2.292170e-01 dt=3.813748e-05
elapsed=1.949001e+02 cycle=5800 time=2.330226e-01 dt=3.792203e-05
elapsed=1.981590e+02 cycle=5900 time=2.368102e-01 dt=3.786859e-05
elapsed=2.015328e+02 cycle=6000 time=2.405915e-01 dt=3.751673e-05
elapsed=2.047890e+02 cycle=6100 time=2.441676e-01 dt=3.354445e-05
elapsed=2.080459e+02 cycle=6200 time=2.473613e-01 dt=3.336664e-05
elapsed=2.114186e+02 cycle=6300 time=2.510660e-01 dt=3.777350e-05
elapsed=2.146765e+02 cycle=6400 time=2.548263e-01 dt=3.760753e-05
elapsed=2.179372e+02 cycle=6500 time=2.585101e-01 dt=3.572785e-05
elapsed=2.213105e+02 cycle=6600 time=2.619849e-01 dt=3.398049e-05
elapsed=2.245658e+02 cycle=6700 time=2.653781e-01 dt=3.364864e-05
elapsed=2.278179e+02 cycle=6800 time=2.688484e-01 dt=3.582776e-05
elapsed=2.311832e+02 cycle=6900 time=2.724754e-01 dt=3.657217e-05
elapsed=2.344323e+02 cycle=7000 time=2.761011e-01 dt=3.569855e-05
elapsed=2.376800e+02 cycle=7100 time=2.795947e-01 dt=3.412172e-05
elapsed=2.410428e+02 cycle=7200 time=2.829330e-01 dt=3.276106e-05
elapsed=2.442860e+02 cycle=7300 time=2.862267e-01 dt=3.383885e-05
elapsed=2.475267e+02 cycle=7400 time=2.895341e-01 dt=3.174750e-05
elapsed=2.508827e+02 cycle=7500 time=2.930274e-01 dt=3.576604e-05
elapsed=2.541225e+02 cycle=7600 time=2.967087e-01 dt=3.749498e-05
elapsed=2.574787e+02 cycle=7700 time=3.003366e-01 dt=3.503145e-05
elapsed=2.607184e+02 cycle=7800 time=3.037055e-01 dt=3.214093e-05
elapsed=2.639570e+02 cycle=7900 time=3.068317e-01 dt=3.170436e-05
elapsed=2.673123e+02 cycle=8000 time=3.104482e-01 dt=3.907296e-05
elapsed=2.705506e+02 cycle=8100 time=3.143350e-01 dt=3.851464e-05
elapsed=2.737885e+02 cycle=8200 time=3.182166e-01 dt=3.898438e-05
elapsed=2.771408e+02 cycle=8300 time=3.219308e-01 dt=3.602044e-05
elapsed=2.803750e+02 cycle=8400 time=3.255438e-01 dt=3.691109e-05
elapsed=2.836093e+02 cycle=8500 time=3.291973e-01 dt=3.690098e-05
elapsed=2.869609e+02 cycle=8600 time=3.329795e-01 dt=3.762249e-05
elapsed=2.901958e+02 cycle=8700 time=3.366903e-01 dt=3.669094e-05
elapsed=2.935470e+02 cycle=8800 time=3.403315e-01 dt=3.641569e-05
elapsed=2.967796e+02 cycle=8900 time=3.439987e-01 dt=3.610240e-05
elapsed=3.000093e+02 cycle=9000 time=3.474170e-01 dt=3.286739e-05
elapsed=3.033540e+02 cycle=9100 time=3.505694e-01 dt=3.036355e-05
elapsed=3.065821e+02 cycle=9200 time=3.535667e-01 dt=3.013425e-05
elapsed=3.098082e+02 cycle=9300 time=3.566946e-01 dt=3.400895e-05
elapsed=3.131483e+02 cycle=9400 time=3.601129e-01 dt=3.419342e-05
elapsed=3.163720e+02 cycle=9500 time=3.635432e-01 dt=3.431937e-05
elapsed=3.195935e+02 cycle=9600 time=3.670238e-01 dt=3.517053e-05
elapsed=3.229284e+02 cycle=9700 time=3.705469e-01 dt=3.505708e-05
elapsed=3.261461e+02 cycle=9800 time=3.739107e-01 dt=3.187476e-05
elapsed=3.293615e+02 cycle=9900 time=3.769590e-01 dt=3.040228e-05
elapsed=3.326930e+02 cycle=10000 time=3.802219e-01 dt=3.195258e-05
elapsed=3.359075e+02 cycle=10100 time=3.835860e-01 dt=3.628469e-05
elapsed=3.391215e+02 cycle=10200 time=3.871657e-01 dt=3.500505e-05
elapsed=3.424498e+02 cycle=10300 time=3.905755e-01 dt=3.309127e-05
elapsed=3.456628e+02 cycle=10400 time=3.938397e-01 dt=3.364107e-05
elapsed=3.488771e+02 cycle=10500 time=3.972522e-01 dt=3.445906e-05
elapsed=3.522069e+02 cycle=10600 time=4.007199e-01 dt=3.492891e-05
elapsed=3.554203e+02 cycle=10700 time=4.042987e-01 dt=3.695962e-05
elapsed=3.586332e+02 cycle=10800 time=4.079282e-01 dt=3.531646e-05
elapsed=3.619593e+02 cycle=10900 time=4.113559e-01 dt=3.560577e-05
elapsed=3.651669e+02 cycle=11000 time=4.148831e-01 dt=3.481932e-05
elapsed=3.683746e+02 cycle=11100 time=4.182733e-01 dt=3.282214e-05
elapsed=3.716976e+02 cycle=11200 time=4.215208e-01 dt=3.210286e-05
elapsed=3.749019e+02 cycle=11300 time=4.247497e-01 dt=3.305059e-05
elapsed=3.781043e+02 cycle=11400 time=4.282026e-01 dt=3.528831e-05
elapsed=3.814220e+02 cycle=11500 time=4.317868e-01 dt=3.735606e-05
elapsed=3.846232e+02 cycle=11600 time=4.355289e-01 dt=3.731232e-05
elapsed=3.878242e+02 cycle=11700 time=4.392235e-01 dt=3.641272e-05
elapsed=3.911397e+02 cycle=11800 time=4.427971e-01 dt=3.519510e-05
elapsed=3.943393e+02 cycle=11900 time=4.462872e-01 dt=3.481899e-05
elapsed=3.975375e+02 cycle=12000 time=4.496890e-01 dt=3.303261e-05
elapsed=4.008507e+02 cycle=12100 time=4.529375e-01 dt=3.238612e-05
elapsed=4.040478e+02 cycle=12200 time=4.562681e-01 dt=3.458307e-05
elapsed=4.072433e+02 cycle=12300 time=4.598079e-01 dt=3.609883e-05
elapsed=4.105545e+02 cycle=12400 time=4.633572e-01 dt=3.524710e-05
elapsed=4.137484e+02 cycle=12500 time=4.669329e-01 dt=3.590920e-05
elapsed=4.170583e+02 cycle=12600 time=4.703517e-01 dt=3.301901e-05
elapsed=4.202518e+02 cycle=12700 time=4.739102e-01 dt=3.589182e-05
elapsed=4.234431e+02 cycle=12800 time=4.775029e-01 dt=3.615140e-05
elapsed=4.267501e+02 cycle=12900 time=4.810877e-01 dt=3.466291e-05
elapsed=4.299396e+02 cycle=13000 time=4.844311e-01 dt=3.333044e-05
elapsed=4.331245e+02 cycle=13100 time=4.879679e-01 dt=3.601750e-05
elapsed=4.364239e+02 cycle=13200 time=4.914537e-01 dt=3.297198e-05
elapsed=4.396104e+02 cycle=13300 time=4.946212e-01 dt=3.104227e-05
elapsed=4.427971e+02 cycle=13400 time=4.978807e-01 dt=3.473881e-05
elapsed=4.460986e+02 cycle=13500 time=5.013370e-01 dt=3.424231e-05
elapsed=4.492802e+02 cycle=13600 time=5.047245e-01 dt=3.487678e-05
elapsed=4.524584e+02 cycle=13700 time=5.081757e-01 dt=3.445284e-05
elapsed=4.557502e+02 cycle=13800 time=5.116784e-01 dt=3.536652e-05
elapsed=4.589270e+02 cycle=13900 time=5.151619e-01 dt=3.427163e-05
elapsed=4.621018e+02 cycle=14000 time=5.186277e-01 dt=3.469390e-05
elapsed=4.653892e+02 cycle=14100 time=5.220681e-01 dt=3.380424e-05
elapsed=4.685598e+02 cycle=14200 time=5.254756e-01 dt=3.470693e-05
elapsed=4.717293e+02 cycle=14300 time=5.289765e-01 dt=3.508046e-05
elapsed=4.750124e+02 cycle=14400 time=5.324813e-01 dt=3.521425e-05
elapsed=4.781820e+02 cycle=14500 time=5.360109e-01 dt=3.500548e-05
elapsed=4.813511e+02 cycle=14600 time=5.394713e-01 dt=3.417933e-05
elapsed=4.846366e+02 cycle=14700 time=5.428257e-01 dt=3.310271e-05
elapsed=4.878100e+02 cycle=14800 time=5.461376e-01 dt=3.319230e-05
elapsed=4.909843e+02 cycle=14900 time=5.494575e-01 dt=3.339858e-05
elapsed=4.942724e+02 cycle=15000 time=5.527954e-01 dt=3.338812e-05
elapsed=4.974473e+02 cycle=15100 time=5.560560e-01 dt=3.217498e-05
elapsed=5.006217e+02 cycle=15200 time=5.593211e-01 dt=3.320519e-05
elapsed=5.039110e+02 cycle=15300 time=5.627509e-01 dt=3.479800e-05
elapsed=5.070865e+02 cycle=15400 time=5.662252e-01 dt=3.466887e-05
elapsed=5.102613e+02 cycle=15500 time=5.695920e-01 dt=3.286916e-05
elapsed=5.135513e+02 cycle=15600 time=5.728142e-01 dt=3.166388e-05
elapsed=5.167254e+02 cycle=15700 time=5.759663e-01 dt=3.224303e-05
elapsed=5.199006e+02 cycle=15800 time=5.793721e-01 dt=3.397587e-05
elapsed=5.231927e+02 cycle=15900 time=5.828381e-01 dt=3.516533e-05
elapsed=5.263710e+02 cycle=16000 time=5.863465e-01 dt=3.461913e-05
elapsed=5.295487e+02 cycle=16100 time=5.898412e-01 dt=3.525735e-05
elapsed=5.328409e+02 cycle=16200 time=5.933452e-01 dt=3.457049e-05
elapsed=5.360181e+02 cycle=16300 time=5.967363e-01 dt=3.345639e-05
elapsed=5.393081e+02 cycle=16400 time=6.000593e-01 dt=3.283106e-05
elapsed=5.424850e+02 cycle=16500 time=6.032843e-01 dt=3.236009e-05
elapsed=5.456615e+02 cycle=16600 time=6.065753e-01 dt=3.285327e-05
elapsed=5.488371e+02 cycle=16700 time=6.098892e-01 dt=3.353792e-05
elapsed=5.521272e+02 cycle=16800 time=6.132457e-01 dt=3.574474e-05
elapsed=5.553034e+02 cycle=16900 time=6.168073e-01 dt=3.547643e-05
elapsed=5.585935e+02 cycle=17000 time=6.203395e-01 dt=3.527558e-05
elapsed=5.617689e+02 cycle=17100 time=6.238537e-01 dt=3.510747e-05
elapsed=5.649452e+02 cycle=17200 time=6.273518e-01 dt=3.483303e-05
elapsed=5.682375e+02 cycle=17300 time=6.308468e-01 dt=3.471951e-05
elapsed=5.714141e+02 cycle=17400 time=6.342654e-01 dt=3.383960e-05
elapsed=5.745923e+02 cycle=17500 time=6.376753e-01 dt=3.465490e-05
elapsed=5.778836e+02 cycle=17600 time=6.411572e-01 dt=3.433798e-05
elapsed=5.810585e+02 cycle=17700 time=6.445208e-01 dt=3.361999e-05
elapsed=5.842338e+02 cycle=17800 time=6.479810e-01 dt=3.565631e-05
elapsed=5.875245e+02 cycle=17900 time=6.515229e-01 dt=3.492549e-05
elapsed=5.907020e+02 cycle=18000 time=6.549731e-01 dt=3.415532e-05
elapsed=5.938789e+02 cycle=18100 time=6.583410e-01 dt=3.319189e-05
elapsed=5.971725e+02 cycle=18200 time=6.616092e-01 dt=3.223047e-05
elapsed=6.003518e+02 cycle=18300 time=6.648310e-01 dt=3.268008e-05
elapsed=6.035312e+02 cycle=18400 time=6.681658e-01 dt=3.362924e-05
elapsed=6.068227e+02 cycle=18500 time=6.715869e-01 dt=3.446107e-05
elapsed=6.100000e+02 cycle=18600 time=6.750125e-01 dt=3.365486e-05
elapsed=6.131768e+02 cycle=18700 time=6.783007e-01 dt=3.217009e-05
elapsed=6.164683e+02 cycle=18800 time=6.815102e-01 dt=3.237326e-05
elapsed=6.196431e+02 cycle=18900 time=6.848373e-01 dt=3.309541e-05
elapsed=6.228162e+02 cycle=19000 time=6.881957e-01 dt=3.439260e-05
elapsed=6.261069e+02 cycle=19100 time=6.916414e-01 dt=3.418100e-05
elapsed=6.292828e+02 cycle=19200 time=6.950603e-01 dt=3.415048e-05
elapsed=6.324594e+02 cycle=19300 time=6.984735e-01 dt=3.429458e-05
elapsed=6.357498e+02 cycle=19400 time=7.019002e-01 dt=3.410014e-05
elapsed=6.389242e+02 cycle=19500 time=7.052669e-01 dt=3.288793e-05
elapsed=6.421012e+02 cycle=19600 time=7.085380e-01 dt=3.275191e-05
elapsed=6.453919e+02 cycle=19700 time=7.119133e-01 dt=3.279361e-05
elapsed=6.485681e+02 cycle=19800 time=7.152118e-01 dt=3.230660e-05
elapsed=6.517450e+02 cycle=19900 time=7.183631e-01 dt=3.084117e-05
elapsed=6.550376e+02 cycle=20000 time=7.214130e-01 dt=3.055829e-05
elapsed=6.582141e+02 cycle=20100 time=7.246556e-01 dt=3.474908e-05
elapsed=6.613901e+02 cycle=20200 time=7.281258e-01 dt=3.476073e-05
elapsed=6.646807e+02 cycle=20300 time=7.315827e-01 dt=3.340393e-05
elapsed=6.678559e+02 cycle=20400 time=7.347821e-01 dt=3.089080e-05
elapsed=6.710323e+02 cycle=20500 time=7.378664e-01 dt=3.105314e-05
elapsed=6.743210e+02 cycle=20600 time=7.410246e-01 dt=3.293090e-05
elapsed=6.774945e+02 cycle=20700 time=7.445113e-01 dt=3.515245e-05
elapsed=6.806671e+02 cycle=20800 time=7.479820e-01 dt=3.468791e-05
elapsed=6.839593e+02 cycle=20900 time=7.513843e-01 dt=3.317979e-05
elapsed=6.871320e+02 cycle=21000 time=7.546555e-01 dt=3.223845e-05
elapsed=6.903054e+02 cycle=21100 time=7.578146e-01 dt=3.085999e-05
elapsed=6.935936e+02 cycle=21200 time=7.609151e-01 dt=3.096098e-05
elapsed=6.967682e+02 cycle=21300 time=7.639919e-01 dt=3.045449e-05
elapsed=6.999435e+02 cycle=21400 time=7.670795e-01 dt=3.253594e-05
elapsed=7.032344e+02 cycle=21500 time=7.703262e-01 dt=3.129273e-05
elapsed=7.064111e+02 cycle=21600 time=7.734091e-01 dt=3.006800e-05
elapsed=7.095865e+02 cycle=21700 time=7.766521e-01 dt=3.470130e-05
elapsed=7.128783e+02 cycle=21800 time=7.801207e-01 dt=3.454131e-05
elapsed=7.160535e+02 cycle=21900 time=7.835669e-01 dt=3.448756e-05
elapsed=7.192291e+02 cycle=22000 time=7.869292e-01 dt=3.371204e-05
elapsed=7.225203e+02 cycle=22100 time=7.902479e-01 dt=3.276490e-05
elapsed=7.256975e+02 cycle=22200 time=7.934940e-01 dt=3.231722e-05
elapsed=7.288728e+02 cycle=22300 time=7.967710e-01 dt=3.322799e-05
elapsed=7.320484e+02 cycle=22400 time=7.999839e-01 dt=3.077317e-05
elapsed=7.353394e+02 cycle=22500 time=8.030598e-01 dt=3.194462e-05
elapsed=7.385162e+02 cycle=22600 time=8.062508e-01 dt=3.042395e-05
elapsed=7.416938e+02 cycle=22700 time=8.092597e-01 dt=3.067362e-05
elapsed=7.449860e+02 cycle=22800 time=8.124905e-01 dt=3.229240e-05
elapsed=7.481624e+02 cycle=22900 time=8.156703e-01 dt=3.170686e-05
elapsed=7.513380e+02 cycle=23000 time=8.190324e-01 dt=3.429983e-05
elapsed=7.546259e+02 cycle=23100 time=8.224526e-01 dt=3.396501e-05
elapsed=7.577997e+02 cycle=23200 time=8.258353e-01 dt=3.372112e-05
elapsed=7.609748e+02 cycle=23300 time=8.292227e-01 dt=3.359583e-05
elapsed=7.642650e+02 cycle=23400 time=8.325403e-01 dt=3.326989e-05
elapsed=7.674416e+02 cycle=23500 time=8.358139e-01 dt=3.212392e-05
elapsed=7.706179e+02 cycle=23600 time=8.389567e-01 dt=3.053575e-05
elapsed=7.739067e+02 cycle=23700 time=8.419278e-01 dt=2.890976e-05
elapsed=7.770811e+02 cycle=23800 time=8.447628e-01 dt=2.825971e-05
elapsed=7.802551e+02 cycle=23900 time=8.477215e-01 dt=3.099219e-05
elapsed=7.835506e+02 cycle=24000 time=8.509382e-01 dt=3.298320e-05
elapsed=7.867270e+02 cycle=24100 time=8.542461e-01 dt=3.303457e-05
elapsed=7.899026e+02 cycle=24200 time=8.574827e-01 dt=3.206662e-05
elapsed=7.931939e+02 cycle=24300 time=8.608360e-01 dt=3.545229e-05
elapsed=7.963719e+02 cycle=24400 time=8.643610e-01 dt=3.475346e-05
elapsed=7.995516e+02 cycle=24500 time=8.676794e-01 dt=3.238895e-05
elapsed=8.028457e+02 cycle=24600 time=8.709868e-01 dt=3.293109e-05
elapsed=8.060269e+02 cycle=24700 time=8.742297e-01 dt=3.198088e-05
elapsed=8.092083e+02 cycle=24800 time=8.774079e-01 dt=3.204900e-05
elapsed=8.125039e+02 cycle=24900 time=8.806401e-01 dt=3.238277e-05
elapsed=8.156857e+02 cycle=25000 time=8.838997e-01 dt=3.361149e-05
elapsed=8.188686e+02 cycle=25100 time=8.873221e-01 dt=3.444645e-05
elapsed=8.221665e+02 cycle=25200 time=8.907742e-01 dt=3.409107e-05
elapsed=8.253469e+02 cycle=25300 time=8.940612e-01 dt=3.192890e-05
elapsed=8.285280e+02 cycle=25400 time=8.971734e-01 dt=2.995652e-05
elapsed=8.318224e+02 cycle=25500 time=9.001660e-01 dt=3.073752e-05
elapsed=8.350022e+02 cycle=25600 time=9.034051e-01 dt=3.267814e-05
elapsed=8.381812e+02 cycle=25700 time=9.066575e-01 dt=3.243913e-05
elapsed=8.413593e+02 cycle=25800 time=9.098706e-01 dt=3.208840e-05
elapsed=8.446545e+02 cycle=25900 time=9.130811e-01 dt=3.210801e-05
elapsed=8.478331e+02 cycle=26000 time=9.162611e-01 dt=3.174155e-05
elapsed=8.510116e+02 cycle=26100 time=9.194663e-01 dt=3.260297e-05
elapsed=8.543046e+02 cycle=26200 time=9.227076e-01 dt=3.222995e-05
elapsed=8.574825e+02 cycle=26300 time=9.259435e-01 dt=3.252714e-05
elapsed=8.606608e+02 cycle=26400 time=9.291805e-01 dt=3.203074e-05
elapsed=8.639537e+02 cycle=26500 time=9.324258e-01 dt=3.236699e-05
elapsed=8.671307e+02 cycle=26600 time=9.357646e-01 dt=3.394739e-05
elapsed=8.703084e+02 cycle=26700 time=9.391368e-01 dt=3.329889e-05
elapsed=8.736023e+02 cycle=26800 time=9.423788e-01 dt=3.158173e-05
elapsed=8.767836e+02 cycle=26900 time=9.454988e-01 dt=3.146480e-05
elapsed=8.799679e+02 cycle=27000 time=9.488326e-01 dt=3.402566e-05
elapsed=8.832687e+02 cycle=27100 time=9.522519e-01 dt=3.434407e-05
elapsed=8.864542e+02 cycle=27200 time=9.556847e-01 dt=3.433224e-05
elapsed=8.896378e+02 cycle=27300 time=9.591309e-01 dt=3.445104e-05
elapsed=8.929349e+02 cycle=27400 time=9.625671e-01 dt=3.422769e-05
elapsed=8.961161e+02 cycle=27500 time=9.659193e-01 dt=3.313077e-05
elapsed=8.992969e+02 cycle=27600 time=9.692439e-01 dt=3.302859e-05
elapsed=9.025945e+02 cycle=27700 time=9.725527e-01 dt=3.315714e-05
elapsed=9.057757e+02 cycle=27800 time=9.758858e-01 dt=3.322294e-05
elapsed=9.089569e+02 cycle=27900 time=9.792241e-01 dt=3.414698e-05
elapsed=9.122524e+02 cycle=28000 time=9.826332e-01 dt=3.377625e-05
elapsed=9.154354e+02 cycle=28100 time=9.860998e-01 dt=3.522138e-05
elapsed=9.186206e+02 cycle=28200 time=9.896022e-01 dt=3.422682e-05
elapsed=9.219196e+02 cycle=28300 time=9.929332e-01 dt=3.374417e-05
elapsed=9.251046e+02 cycle=28400 time=9.962688e-01 dt=3.371950e-05
elapsed=9.282902e+02 cycle=28500 time=9.997128e-01 dt=3.471072e-05
elapsed=9.316242e+02 cycle=28600 time=1.003020e+00 dt=3.103784e-05
elapsed=9.348080e+02 cycle=28700 time=1.005991e+00 dt=2.924101e-05
elapsed=9.379913e+02 cycle=28800 time=1.009108e+00 dt=3.504594e-05
elapsed=9.412884e+02 cycle=28900 time=1.012554e+00 dt=3.295155e-05
elapsed=9.444706e+02 cycle=29000 time=1.015989e+00 dt=3.493420e-05
elapsed=9.476526e+02 cycle=29100 time=1.019480e+00 dt=3.497515e-05
elapsed=9.509487e+02 cycle=29200 time=1.022979e+00 dt=3.500976e-05
elapsed=9.541325e+02 cycle=29300 time=1.026465e+00 dt=3.470944e-05
elapsed=9.573170e+02 cycle=29400 time=1.029902e+00 dt=3.396072e-05
elapsed=9.606155e+02 cycle=29500 time=1.033267e+00 dt=3.331715e-05
elapsed=9.638017e+02 cycle=29600 time=1.036573e+00 dt=3.269760e-05
elapsed=9.669882e+02 cycle=29700 time=1.039822e+00 dt=3.230877e-05
elapsed=9.702877e+02 cycle=29800 time=1.043055e+00 dt=3.241896e-05
elapsed=9.734722e+02 cycle=29900 time=1.046313e+00 dt=3.287410e-05
elapsed=9.766549e+02 cycle=30000 time=1.049624e+00 dt=3.344286e-05
elapsed=9.799503e+02 cycle=30100 time=1.052975e+00 dt=3.338064e-05
elapsed=9.831312e+02 cycle=30200 time=1.056300e+00 dt=3.297081e-05
elapsed=9.863124e+02 cycle=30300 time=1.059533e+00 dt=3.161325e-05
elapsed=9.896086e+02 cycle=30400 time=1.062596e+00 dt=2.998634e-05
elapsed=9.927914e+02 cycle=30500 time=1.065610e+00 dt=3.027187e-05
elapsed=9.959763e+02 cycle=30600 time=1.068618e+00 dt=3.002077e-05
elapsed=9.992780e+02 cycle=30700 time=1.071626e+00 dt=3.043403e-05
elapsed=1.002463e+03 cycle=30800 time=1.074707e+00 dt=3.128069e-05
elapsed=1.005649e+03 cycle=30900 time=1.077992e+00 dt=3.343576e-05
elapsed=1.008949e+03 cycle=31000 time=1.081321e+00 dt=3.313287e-05
elapsed=1.012135e+03 cycle=31100 time=1.084609e+00 dt=3.264232e-05
elapsed=1.015322e+03 cycle=31200 time=1.087867e+00 dt=3.266477e-05
elapsed=1.018624e+03 cycle=31300 time=1.091172e+00 dt=3.321306e-05
elapsed=1.021815e+03 cycle=31400 time=1.094473e+00 dt=3.272453e-05
elapsed=1.025005e+03 cycle=31500 time=1.097671e+00 dt=3.081227e-05
elapsed=1.028311e+03 cycle=31600 time=1.100778e+00 dt=3.193725e-05
elapsed=1.031504e+03 cycle=31700 time=1.103904e+00 dt=3.040940e-05
elapsed=1.034697e+03 cycle=31800 time=1.106859e+00 dt=3.043398e-05
elapsed=1.038010e+03 cycle=31900 time=1.110115e+00 dt=3.292602e-05
elapsed=1.041204e+03 cycle=32000 time=1.113355e+00 dt=3.182660e-05
elapsed=1.044398e+03 cycle=32100 time=1.116513e+00 dt=3.219358e-05
elapsed=1.047591e+03 cycle=32200 time=1.119734e+00 dt=3.174641e-05
elapsed=1.050898e+03 cycle=32300 time=1.122907e+00 dt=3.161647e-05
elapsed=1.054091e+03 cycle=32400 time=1.126038e+00 dt=3.116480e-05
elapsed=1.057284e+03 cycle=32500 time=1.129131e+00 dt=3.079147e-05
elapsed=1.060592e+03 cycle=32600 time=1.132165e+00 dt=2.971753e-05
elapsed=1.063786e+03 cycle=32700 time=1.135059e+00 dt=2.789240e-05
elapsed=1.066980e+03 cycle=32800 time=1.137742e+00 dt=2.627777e-05
elapsed=1.070288e+03 cycle=32900 time=1.140707e+00 dt=3.307972e-05
elapsed=1.073483e+03 cycle=33000 time=1.143933e+00 dt=3.163003e-05
elapsed=1.076678e+03 cycle=33100 time=1.147090e+00 dt=3.192174e-05
elapsed=1.079989e+03 cycle=33200 time=1.150447e+00 dt=3.524328e-05
elapsed=1.083184e+03 cycle=33300 time=1.153874e+00 dt=3.343419e-05
elapsed=1.086380e+03 cycle=33400 time=1.157239e+00 dt=3.356865e-05
elapsed=1.089689e+03 cycle=33500 time=1.160680e+00 dt=3.425368e-05
elapsed=1.092885e+03 cycle=33600 time=1.164101e+00 dt=3.430207e-05
elapsed=1.096081e+03 cycle=33700 time=1.167478e+00 dt=3.278146e-05
elapsed=1.099408e+03 cycle=33800 time=1.170653e+00 dt=3.085520e-05
elapsed=1.102605e+03 cycle=33900 time=1.173749e+00 dt=3.173107e-05
elapsed=1.105801e+03 cycle=34000 time=1.177044e+00 dt=3.414558e-05
elapsed=1.109111e+03 cycle=34100 time=1.180426e+00 dt=3.292005e-05
elapsed=1.112308e+03 cycle=34200 time=1.183718e+00 dt=3.294511e-05
elapsed=1.115504e+03 cycle=34300 time=1.186883e+00 dt=3.034339e-05
elapsed=1.118701e+03 cycle=34400 time=1.189895e+00 dt=3.102385e-05
elapsed=1.122013e+03 cycle=34500 time=1.193245e+00 dt=3.397519e-05
elapsed=1.125212e+03 cycle=34600 time=1.196655e+00 dt=3.451050e-05
elapsed=1.128525e+03 cycle=34700 time=1.200131e+00 dt=3.436934e-05
elapsed=1.131725e+03 cycle=34800 time=1.203509e+00 dt=3.366074e-05
elapsed=1.134924e+03 cycle=34900 time=1.206866e+00 dt=3.348541e-05
elapsed=1.138237e+03 cycle=35000 time=1.210188e+00 dt=3.294114e-05
elapsed=1.141436e+03 cycle=35100 time=1.213416e+00 dt=3.256145e-05
elapsed=1.144635e+03 cycle=35200 time=1.216748e+00 dt=3.378216e-05
elapsed=1.147950e+03 cycle=35300 time=1.220123e+00 dt=3.391525e-05
elapsed=1.151149e+03 cycle=35400 time=1.223532e+00 dt=3.410000e-05
elapsed=1.154349e+03 cycle=35500 time=1.226801e+00 dt=3.253132e-05
elapsed=1.157660e+03 cycle=35600 time=1.230144e+00 dt=3.331405e-05
elapsed=1.160857e+03 cycle=35700 time=1.233313e+00 dt=3.123209e-05
elapsed=1.164053e+03 cycle=35800 time=1.236565e+00 dt=3.268628e-05
elapsed=1.167249e+03 cycle=35900 time=1.239885e+00 dt=3.452556e-05
elapsed=1.170561e+03 cycle=36000 time=1.243343e+00 dt=3.437179e-05
elapsed=1.173759e+03 cycle=36100 time=1.246688e+00 dt=3.311149e-05
elapsed=1.177071e+03 cycle=36200 time=1.250046e+00 dt=3.322966e-05
elapsed=1.180271e+03 cycle=36300 time=1.253317e+00 dt=3.226124e-05
elapsed=1.183472e+03 cycle=36400 time=1.256487e+00 dt=3.100643e-05
elapsed=1.186672e+03 cycle=36500 time=1.259511e+00 dt=2.945142e-05
elapsed=1.189988e+03 cycle=36600 time=1.262372e+00 dt=2.792098e-05
elapsed=1.193187e+03 cycle=36700 time=1.265159e+00 dt=2.851458e-05
elapsed=1.196385e+03 cycle=36800 time=1.268179e+00 dt=3.323860e-05
elapsed=1.199698e+03 cycle=36900 time=1.271590e+00 dt=3.427284e-05
elapsed=1.202895e+03 cycle=37000 time=1.274956e+00 dt=3.310582e-05
elapsed=1.206091e+03 cycle=37100 time=1.278200e+00 dt=3.180390e-05
elapsed=1.209401e+03 cycle=37200 time=1.281268e+00 dt=2.946507e-05
elapsed=1.212597e+03 cycle=37300 time=1.284214e+00 dt=2.929310e-05
elapsed=1.215792e+03 cycle=37400 time=1.287125e+00 dt=2.907661e-05
elapsed=1.218985e+03 cycle=37500 time=1.289993e+00 dt=2.848597e-05
elapsed=1.222292e+03 cycle=37600 time=1.292951e+00 dt=3.187569e-05
elapsed=1.225485e+03 cycle=37700 time=1.296103e+00 dt=3.117799e-05
elapsed=1.228677e+03 cycle=37800 time=1.299214e+00 dt=3.112019e-05
elapsed=1.231983e+03 cycle=37900 time=1.302400e+00 dt=3.375689e-05
elapsed=1.235177e+03 cycle=38000 time=1.305790e+00 dt=3.392081e-05
elapsed=1.238370e+03 cycle=38100 time=1.309130e+00 dt=3.262609e-05
elapsed=1.241680e+03 cycle=38200 time=1.312330e+00 dt=3.119851e-05
elapsed=1.244872e+03 cycle=38300 time=1.315394e+00 dt=3.014302e-05
elapsed=1.248064e+03 cycle=38400 time=1.318380e+00 dt=2.996923e-05
elapsed=1.251370e+03 cycle=38500 time=1.321354e+00 dt=2.945024e-05
elapsed=1.254563e+03 cycle=38600 time=1.324404e+00 dt=3.119638e-05
elapsed=1.257756e+03 cycle=38700 time=1.327468e+00 dt=3.085092e-05
elapsed=1.261062e+03 cycle=38800 time=1.330590e+00 dt=3.143089e-05
elapsed=1.264255e+03 cycle=38900 time=1.333713e+00 dt=3.146969e-05
elapsed=1.267449e+03 cycle=39000 time=1.336936e+00 dt=3.266075e-05
elapsed=1.270757e+03 cycle=39100 time=1.340071e+00 dt=3.019795e-05
elapsed=1.273950e+03 cycle=39200 time=1.343299e+00 dt=3.423551e-05
elapsed=1.277143e+03 cycle=39300 time=1.346795e+00 dt=3.544549e-05
elapsed=1.280447e+03 cycle=39400 time=1.350325e+00 dt=3.485075e-05
elapsed=1.283637e+03 cycle=39500 time=1.353656e+00 dt=3.184614e-05
elapsed=1.286826e+03 cycle=39600 time=1.357009e+00 dt=3.380196e-05
elapsed=1.290128e+03 cycle=39700 time=1.360326e+00 dt=3.261468e-05
elapsed=1.293314e+03 cycle=39800 time=1.363519e+00 dt=3.127103e-05
elapsed=1.296499e+03 cycle=39900 time=1.366609e+00 dt=3.059999e-05
elapsed=1.299684e+03 cycle=40000 time=1.369624e+00 dt=2.975493e-05
elapsed=1.302985e+03 cycle=40100 time=1.372583e+00 dt=2.941063e-05
elapsed=1.306171e+03 cycle=40200 time=1.375508e+00 dt=2.894011e-05
elapsed=1.309357e+03 cycle=40300 time=1.378361e+00 dt=2.803295e-05
elapsed=1.312660e+03 cycle=40400 time=1.381136e+00 dt=2.741472e-05
elapsed=1.315848e+03 cycle=40500 time=1.383841e+00 dt=2.692969e-05
elapsed=1.319036e+03 cycle=40600 time=1.386629e+00 dt=2.952253e-05
elapsed=1.322224e+03 cycle=40700 time=1.389702e+00 dt=3.102619e-05
elapsed=1.325525e+03 cycle=40800 time=1.392832e+00 dt=3.180298e-05
elapsed=1.328714e+03 cycle=40900 time=1.396060e+00 dt=3.434541e-05
elapsed=1.331903e+03 cycle=41000 time=1.399563e+00 dt=3.542105e-05
elapsed=1.335204e+03 cycle=41100 time=1.403081e+00 dt=3.506119e-05
elapsed=1.338388e+03 cycle=41200 time=1.406548e+00 dt=3.418039e-05
elapsed=1.341574e+03 cycle=41300 time=1.409885e+00 dt=3.247633e-05
elapsed=1.344876e+03 cycle=41400 time=1.413060e+00 dt=3.177930e-05
elapsed=1.348065e+03 cycle=41500 time=1.416214e+00 dt=3.071348e-05
elapsed=1.351254e+03 cycle=41600 time=1.419238e+00 dt=3.000403e-05
elapsed=1.354555e+03 cycle=41700 time=1.422210e+00 dt=2.969377e-05
elapsed=1.357741e+03 cycle=41800 time=1.425306e+00 dt=3.329182e-05
elapsed=1.360925e+03 cycle=41900 time=1.428578e+00 dt=3.237456e-05
elapsed=1.364226e+03 cycle=42000 time=1.431817e+00 dt=3.251628e-05
elapsed=1.367412e+03 cycle=42100 time=1.435063e+00 dt=3.163192e-05
elapsed=1.370599e+03 cycle=42200 time=1.438242e+00 dt=3.162261e-05
elapsed=1.373901e+03 cycle=42300 time=1.441429e+00 dt=3.203351e-05
elapsed=1.377090e+03 cycle=42400 time=1.444596e+00 dt=3.116843e-05
elapsed=1.380277e+03 cycle=42500 time=1.447682e+00 dt=3.078158e-05
elapsed=1.383578e+03 cycle=42600 time=1.450765e+00 dt=3.094533e-05
elapsed=1.386764e+03 cycle=42700 time=1.453834e+00 dt=3.060452e-05
elapsed=1.389950e+03 cycle=42800 time=1.456883e+00 dt=2.968339e-05
elapsed=1.393135e+03 cycle=42900 time=1.459717e+00 dt=2.788974e-05
elapsed=1.396455e+03 cycle=43000 time=1.462718e+00 dt=3.125260e-05
elapsed=1.399640e+03 cycle=43100 time=1.465836e+00 dt=3.101746e-05
elapsed=1.402825e+03 cycle=43200 time=1.468877e+00 dt=3.002547e-05
elapsed=1.406126e+03 cycle=43300 time=1.471947e+00 dt=3.065675e-05
elapsed=1.409314e+03 cycle=43400 time=1.475008e+00 dt=3.055727e-05
elapsed=1.412502e+03 cycle=43500 time=1.478061e+00 dt=3.067406e-05
elapsed=1.415803e+03 cycle=43600 time=1.481129e+00 dt=3.056724e-05
elapsed=1.418992e+03 cycle=43700 time=1.484220e+00 dt=3.141856e-05
elapsed=1.422179e+03 cycle=43800 time=1.487411e+00 dt=3.231999e-05
elapsed=1.425480e+03 cycle=43900 time=1.490674e+00 dt=3.279827e-05
elapsed=1.428667e+03 cycle=44000 time=1.493931e+00 dt=3.221801e-05
elapsed=1.431854e+03 cycle=44100 time=1.497153e+00 dt=3.233173e-05
elapsed=1.435157e+03 cycle=44200 time=1.500389e+00 dt=3.244017e-05
elapsed=1.438349e+03 cycle=44300 time=1.503606e+00 dt=3.198253e-05
elapsed=1.441540e+03 cycle=44400 time=1.506812e+00 dt=3.206842e-05
elapsed=1.444732e+03 cycle=44500 time=1.509992e+00 dt=3.142934e-05
elapsed=1.448045e+03 cycle=44600 time=1.513056e+00 dt=2.997486e-05
elapsed=1.451238e+03 cycle=44700 time=1.516052e+00 dt=3.140261e-05
elapsed=1.454429e+03 cycle=44800 time=1.519280e+00 dt=3.253174e-05
elapsed=1.457732e+03 cycle=44900 time=1.522526e+00 dt=3.270503e-05
elapsed=1.460923e+03 cycle=45000 time=1.525720e+00 dt=3.105437e-05
elapsed=1.464114e+03 cycle=45100 time=1.528749e+00 dt=2.958212e-05
elapsed=1.467420e+03 cycle=45200 time=1.531631e+00 dt=2.808334e-05
elapsed=1.470612e+03 cycle=45300 time=1.534387e+00 dt=2.720854e-05
elapsed=1.473803e+03 cycle=45400 time=1.537099e+00 dt=2.716685e-05
elapsed=1.476993e+03 cycle=45500 time=1.539897e+00 dt=3.012192e-05
elapsed=1.480300e+03 cycle=45600 time=1.542963e+00 dt=2.994624e-05
elapsed=1.483491e+03 cycle=45700 time=1.545918e+00 dt=2.943982e-05
elapsed=1.486681e+03 cycle=45800 time=1.548803e+00 dt=2.887932e-05
elapsed=1.489986e+03 cycle=45900 time=1.551725e+00 dt=2.890129e-05
elapsed=1.493174e+03 cycle=46000 time=1.554503e+00 dt=2.752207e-05
elapsed=1.496359e+03 cycle=46100 time=1.557310e+00 dt=2.847027e-05
elapsed=1.499657e+03 cycle=46200 time=1.560274e+00 dt=3.113722e-05
elapsed=1.502843e+03 cycle=46300 time=1.563313e+00 dt=3.059600e-05
elapsed=1.506029e+03 cycle=46400 time=1.566473e+00 dt=3.213960e-05
elapsed=1.509216e+03 cycle=46500 time=1.569739e+00 dt=3.329610e-05
elapsed=1.512518e+03 cycle=46600 time=1.573056e+00 dt=3.275362e-05
elapsed=1.515705e+03 cycle=46700 time=1.576201e+00 dt=2.960147e-05
elapsed=1.518891e+03 cycle=46800 time=1.579164e+00 dt=3.124258e-05
elapsed=1.522189e+03 cycle=46900 time=1.582364e+00 dt=3.189587e-05
elapsed=1.525374e+03 cycle=47000 time=1.585535e+00 dt=3.151977e-05
elapsed=1.528561e+03 cycle=47100 time=1.588616e+00 dt=2.955988e-05
elapsed=1.531862e+03 cycle=47200 time=1.591839e+00 dt=3.386218e-05
elapsed=1.535052e+03 cycle=47300 time=1.595210e+00 dt=3.358954e-05
elapsed=1.538240e+03 cycle=47400 time=1.598546e+00 dt=3.295955e-05
elapsed=1.541543e+03 cycle=47500 time=1.601798e+00 dt=3.210939e-05
elapsed=1.544732e+03 cycle=47600 time=1.604988e+00 dt=3.178643e-05
elapsed=1.547922e+03 cycle=47700 time=1.608167e+00 dt=3.156134e-05
elapsed=1.551223e+03 cycle=47800 time=1.611230e+00 dt=2.968294e-05
elapsed=1.554413e+03 cycle=47900 time=1.614131e+00 dt=2.800212e-05
elapsed=1.557603e+03 cycle=48000 time=1.616857e+00 dt=2.654947e-05
elapsed=1.560791e+03 cycle=48100 time=1.619469e+00 dt=2.579311e-05
elapsed=1.564094e+03 cycle=48200 time=1.622035e+00 dt=2.757912e-05
elapsed=1.567280e+03 cycle=48300 time=1.624913e+00 dt=2.870328e-05
elapsed=1.570468e+03 cycle=48400 time=1.627787e+00 dt=2.959161e-05
elapsed=1.573769e+03 cycle=48500 time=1.630951e+00 dt=3.221347e-05
elapsed=1.576957e+03 cycle=48600 time=1.634191e+00 dt=3.241815e-05
elapsed=1.580146e+03 cycle=48700 time=1.637468e+00 dt=3.329490e-05
elapsed=1.583450e+03 cycle=48800 time=1.640815e+00 dt=3.334909e-05
elapsed=1.586637e+03 cycle=48900 time=1.644035e+00 dt=3.116584e-05
elapsed=1.589826e+03 cycle=49000 time=1.647078e+00 dt=2.991076e-05
elapsed=1.593129e+03 cycle=49100 time=1.650092e+00 dt=2.984342e-05
elapsed=1.596318e+03 cycle=49200 time=1.653091e+00 dt=3.090102e-05
elapsed=1.599509e+03 cycle=49300 time=1.656343e+00 dt=3.464207e-05
elapsed=1.602701e+03 cycle=49400 time=1.659714e+00 dt=3.293868e-05
elapsed=1.606007e+03 cycle=49500 time=1.663037e+00 dt=3.352474e-05
elapsed=1.609200e+03 cycle=49600 time=1.666396e+00 dt=3.380524e-05
elapsed=1.612393e+03 cycle=49700 time=1.669767e+00 dt=3.355622e-05
elapsed=1.615699e+03 cycle=49800 time=1.673020e+00 dt=3.202927e-05
elapsed=1.618891e+03 cycle=49900 time=1.676316e+00 dt=3.285218e-05
elapsed=1.622085e+03 cycle=50000 time=1.679535e+00 dt=3.156795e-05
elapsed=1.625391e+03 cycle=50100 time=1.682590e+00 dt=2.930220e-05
elapsed=1.628587e+03 cycle=50200 time=1.685414e+00 dt=2.748241e-05
elapsed=1.631784e+03 cycle=50300 time=1.688254e+00 dt=3.037683e-05
elapsed=1.635095e+03 cycle=50400 time=1.691282e+00 dt=3.028709e-05
elapsed=1.638291e+03 cycle=50500 time=1.694263e+00 dt=2.909080e-05
elapsed=1.641487e+03 cycle=50600 time=1.697064e+00 dt=2.725434e-05
elapsed=1.644685e+03 cycle=50700 time=1.699879e+00 dt=2.989609e-05
elapsed=1.647998e+03 cycle=50800 time=1.702953e+00 dt=3.116475e-05
elapsed=1.651198e+03 cycle=50900 time=1.706097e+00 dt=3.162736e-05
elapsed=1.654395e+03 cycle=51000 time=1.709256e+00 dt=3.155033e-05
elapsed=1.657705e+03 cycle=51100 time=1.712404e+00 dt=3.162835e-05
elapsed=1.660900e+03 cycle=51200 time=1.715571e+00 dt=3.166560e-05
elapsed=1.664092e+03 cycle=51300 time=1.718761e+00 dt=3.194714e-05
elapsed=1.667396e+03 cycle=51400 time=1.721861e+00 dt=3.064201e-05
elapsed=1.670586e+03 cycle=51500 time=1.724992e+00 dt=3.194834e-05
elapsed=1.673776e+03 cycle=51600 time=1.728143e+00 dt=3.125787e-05
elapsed=1.677078e+03 cycle=51700 time=1.731081e+00 dt=2.782596e-05
elapsed=1.680266e+03 cycle=51800 time=1.733795e+00 dt=2.704161e-05
elapsed=1.683456e+03 cycle=51900 time=1.736609e+00 dt=2.867019e-05
elapsed=1.686645e+03 cycle=52000 time=1.739523e+00 dt=3.028092e-05
elapsed=1.689948e+03 cycle=52100 time=1.742680e+00 dt=3.177302e-05
elapsed=1.693137e+03 cycle=52200 time=1.745810e+00 dt=3.067701e-05
elapsed=1.696325e+03 cycle=52300 time=1.748738e+00 dt=2.821239e-05
elapsed=1.699626e+03 cycle=52400 time=1.751514e+00 dt=2.760474e-05
elapsed=1.702814e+03 cycle=52500 time=1.754506e+00 dt=3.054113e-05
elapsed=1.706002e+03 cycle=52600 time=1.757529e+00 dt=3.077929e-05
elapsed=1.709308e+03 cycle=52700 time=1.760632e+00 dt=3.113816e-05
elapsed=1.712498e+03 cycle=52800 time=1.763772e+00 dt=3.149251e-05
elapsed=1.715691e+03 cycle=52900 time=1.766828e+00 dt=2.932588e-05
elapsed=1.718885e+03 cycle=53000 time=1.769678e+00 dt=2.812235e-05
elapsed=1.722193e+03 cycle=53100 time=1.772545e+00 dt=3.079597e-05
elapsed=1.725388e+03 cycle=53200 time=1.775861e+00 dt=3.359141e-05
elapsed=1.728584e+03 cycle=53300 time=1.779192e+00 dt=3.306747e-05
elapsed=1.731895e+03 cycle=53400 time=1.782526e+00 dt=3.373607e-05
elapsed=1.735093e+03 cycle=53500 time=1.785887e+00 dt=3.302209e-05
elapsed=1.738293e+03 cycle=53600 time=1.789177e+00 dt=3.277017e-05
elapsed=1.741608e+03 cycle=53700 time=1.792445e+00 dt=3.265159e-05
elapsed=1.744808e+03 cycle=53800 time=1.795669e+00 dt=3.145756e-05
elapsed=1.748005e+03 cycle=53900 time=1.798735e+00 dt=3.002351e-05
elapsed=1.751317e+03 cycle=54000 time=1.801671e+00 dt=2.868968e-05
elapsed=1.754513e+03 cycle=54100 time=1.804704e+00 dt=3.204373e-05
elapsed=1.757707e+03 cycle=54200 time=1.807872e+00 dt=3.145787e-05
elapsed=1.761016e+03 cycle=54300 time=1.811074e+00 dt=3.283654e-05
elapsed=1.764211e+03 cycle=54400 time=1.814394e+00 dt=3.357007e-05
elapsed=1.767406e+03 cycle=54500 time=1.817632e+00 dt=3.189733e-05
elapsed=1.770715e+03 cycle=54600 time=1.820933e+00 dt=3.305380e-05
elapsed=1.773911e+03 cycle=54700 time=1.824214e+00 dt=3.289897e-05
elapsed=1.777106e+03 cycle=54800 time=1.827516e+00 dt=3.307342e-05
elapsed=1.780415e+03 cycle=54900 time=1.830807e+00 dt=3.282036e-05
elapsed=1.783607e+03 cycle=55000 time=1.834043e+00 dt=3.174937e-05
elapsed=1.786799e+03 cycle=55100 time=1.837174e+00 dt=3.035385e-05
elapsed=1.790106e+03 cycle=55200 time=1.840136e+00 dt=2.905173e-05
elapsed=1.793299e+03 cycle=55300 time=1.843045e+00 dt=2.949068e-05
elapsed=1.796492e+03 cycle=55400 time=1.846136e+00 dt=3.263625e-05
elapsed=1.799685e+03 cycle=55500 time=1.849391e+00 dt=3.162150e-05
elapsed=1.802994e+03 cycle=55600 time=1.852492e+00 dt=3.130856e-05
elapsed=1.806189e+03 cycle=55700 time=1.855470e+00 dt=2.803273e-05
elapsed=1.809386e+03 cycle=55800 time=1.858304e+00 dt=3.251579e-05
elapsed=1.812698e+03 cycle=55900 time=1.861584e+00 dt=3.363351e-05
elapsed=1.815894e+03 cycle=56000 time=1.864965e+00 dt=3.343382e-05
elapsed=1.819090e+03 cycle=56100 time=1.868246e+00 dt=3.216647e-05
elapsed=1.822398e+03 cycle=56200 time=1.871430e+00 dt=3.133904e-05
elapsed=1.825593e+03 cycle=56300 time=1.874560e+00 dt=3.150017e-05
elapsed=1.828786e+03 cycle=56400 time=1.877707e+00 dt=3.050545e-05
elapsed=1.832092e+03 cycle=56500 time=1.880794e+00 dt=3.065005e-05
elapsed=1.835285e+03 cycle=56600 time=1.883808e+00 dt=2.971233e-05
elapsed=1.838476e+03 cycle=56700 time=1.886736e+00 dt=2.898898e-05
elapsed=1.841666e+03 cycle=56800 time=1.889630e+00 dt=2.898115e-05
elapsed=1.844969e+03 cycle=56900 time=1.892533e+00 dt=2.959388e-05
elapsed=1.848156e+03 cycle=57000 time=1.895538e+00 dt=3.084285e-05
elapsed=1.851344e+03 cycle=57100 time=1.898821e+00 dt=3.339730e-05
elapsed=1.854647e+03 cycle=57200 time=1.902015e+00 dt=3.030746e-05
elapsed=1.857836e+03 cycle=57300 time=1.904919e+00 dt=2.780491e-05
elapsed=1.861026e+03 cycle=57400 time=1.907645e+00 dt=2.890751e-05
elapsed=1.864331e+03 cycle=57500 time=1.910584e+00 dt=3.079082e-05
elapsed=1.867520e+03 cycle=57600 time=1.913690e+00 dt=3.063618e-05
elapsed=1.870708e+03 cycle=57700 time=1.916708e+00 dt=2.984656e-05
elapsed=1.873895e+03 cycle=57800 time=1.919731e+00 dt=3.021262e-05
elapsed=1.877194e+03 cycle=57900 time=1.922840e+00 dt=3.208702e-05
elapsed=1.880380e+03 cycle=58000 time=1.926119e+00 dt=3.288206e-05
elapsed=1.883567e+03 cycle=58100 time=1.929480e+00 dt=3.346468e-05
elapsed=1.886869e+03 cycle=58200 time=1.932772e+00 dt=3.234583e-05
elapsed=1.890059e+03 cycle=58300 time=1.935953e+00 dt=3.131456e-05
elapsed=1.893246e+03 cycle=58400 time=1.939059e+00 dt=3.100288e-05
elapsed=1.896546e+03 cycle=58500 time=1.942160e+00 dt=3.001092e-05
elapsed=1.899733e+03 cycle=58600 time=1.945095e+00 dt=2.946519e-05
elapsed=1.902920e+03 cycle=58700 time=1.948191e+00 dt=3.301757e-05
elapsed=1.906223e+03 cycle=58800 time=1.951622e+00 dt=3.421137e-05
elapsed=1.909411e+03 cycle=58900 time=1.955035e+00 dt=3.397614e-05
elapsed=1.912598e+03 cycle=59000 time=1.958368e+00 dt=3.225711e-05
elapsed=1.915900e+03 cycle=59100 time=1.961640e+00 dt=3.311426e-05
elapsed=1.919088e+03 cycle=59200 time=1.964955e+00 dt=3.326872e-05
elapsed=1.922276e+03 cycle=59300 time=1.968222e+00 dt=3.226094e-05
elapsed=1.925579e+03 cycle=59400 time=1.971463e+00 dt=3.320071e-05
elapsed=1.928767e+03 cycle=59500 time=1.974899e+00 dt=3.513432e-05
elapsed=1.931954e+03 cycle=59600 time=1.978415e+00 dt=3.506231e-05
elapsed=1.935257e+03 cycle=59700 time=1.981905e+00 dt=3.473614e-05
elapsed=1.938446e+03 cycle=59800 time=1.985352e+00 dt=3.422246e-05
elapsed=1.941634e+03 cycle=59900 time=1.988781e+00 dt=3.435857e-05
elapsed=1.944938e+03 cycle=60000 time=1.992212e+00 dt=3.424185e-05
elapsed=1.948128e+03 cycle=60100 time=1.995608e+00 dt=3.277259e-05
elapsed=1.951319e+03 cycle=60200 time=1.998703e+00 dt=2.919372e-05
elapsed=1.954658e+03 cycle=60300 time=2.001554e+00 dt=2.849308e-05
elapsed=1.957849e+03 cycle=60400 time=2.004654e+00 dt=3.182623e-05
elapsed=1.961041e+03 cycle=60500 time=2.007846e+00 dt=3.240005e-05
elapsed=1.964343e+03 cycle=60600 time=2.010956e+00 dt=2.978333e-05
elapsed=1.967531e+03 cycle=60700 time=2.013886e+00 dt=2.917715e-05
elapsed=1.970719e+03 cycle=60800 time=2.016892e+00 dt=3.114516e-05
elapsed=1.974020e+03 cycle=60900 time=2.020100e+00 dt=3.297880e-05
elapsed=1.977208e+03 cycle=61000 time=2.023452e+00 dt=3.381507e-05
elapsed=1.980396e+03 cycle=61100 time=2.026878e+00 dt=3.478888e-05
elapsed=1.983696e+03 cycle=61200 time=2.030380e+00 dt=3.495437e-05
elapsed=1.986883e+03 cycle=61300 time=2.033873e+00 dt=3.474458e-05
elapsed=1.990072e+03 cycle=61400 time=2.037280e+00 dt=3.323179e-05
elapsed=1.993376e+03 cycle=61500 time=2.040560e+00 dt=3.279469e-05
elapsed=1.996567e+03 cycle=61600 time=2.043875e+00 dt=3.325182e-05
elapsed=1.999758e+03 cycle=61700 time=2.047161e+00 dt=3.292028e-05
elapsed=2.003064e+03 cycle=61800 time=2.050451e+00 dt=3.274635e-05
elapsed=2.006253e+03 cycle=61900 time=2.053665e+00 dt=3.122668e-05
elapsed=2.009442e+03 cycle=62000 time=2.056815e+00 dt=3.282388e-05
elapsed=2.012745e+03 cycle=62100 time=2.060070e+00 dt=3.186233e-05
elapsed=2.015937e+03 cycle=62200 time=2.063226e+00 dt=3.153350e-05
elapsed=2.019129e+03 cycle=62300 time=2.066407e+00 dt=3.204489e-05
elapsed=2.022323e+03 cycle=62400 time=2.069634e+00 dt=3.250652e-05
elapsed=2.025628e+03 cycle=62500 time=2.072900e+00 dt=3.234594e-05
elapsed=2.028821e+03 cycle=62600 time=2.076221e+00 dt=3.377186e-05
elapsed=2.032014e+03 cycle=62700 time=2.079593e+00 dt=3.377316e-05
elapsed=2.035327e+03 cycle=62800 time=2.082937e+00 dt=3.315073e-05
elapsed=2.038526e+03 cycle=62900 time=2.086241e+00 dt=3.255419e-05
elapsed=2.041726e+03 cycle=63000 time=2.089456e+00 dt=3.228958e-05
elapsed=2.045043e+03 cycle=63100 time=2.092790e+00 dt=3.376752e-05
elapsed=2.048245e+03 cycle=63200 time=2.096175e+00 dt=3.349891e-05
elapsed=2.051446e+03 cycle=63300 time=2.099563e+00 dt=3.451119e-05
elapsed=2.054761e+03 cycle=63400 time=2.102959e+00 dt=3.244761e-05
elapsed=2.057960e+03 cycle=63500 time=2.106333e+00 dt=3.499239e-05
elapsed=2.061159e+03 cycle=63600 time=2.109605e+00 dt=3.088654e-05
elapsed=2.064471e+03 cycle=63700 time=2.112849e+00 dt=3.299685e-05
elapsed=2.067666e+03 cycle=63800 time=2.116393e+00 dt=3.547641e-05
elapsed=2.070857e+03 cycle=63900 time=2.119829e+00 dt=3.262851e-05
elapsed=2.074157e+03 cycle=64000 time=2.123148e+00 dt=3.347717e-05
elapsed=2.077344e+03 cycle=64100 time=2.126370e+00 dt=3.131537e-05
elapsed=2.080531e+03 cycle=64200 time=2.129466e+00 dt=3.048326e-05
elapsed=2.083830e+03 cycle=64300 time=2.132460e+00 dt=2.996435e-05
elapsed=2.087016e+03 cycle=64400 time=2.135509e+00 dt=2.982788e-05
elapsed=2.090202e+03 cycle=64500 time=2.138468e+00 dt=3.047924e-05
elapsed=2.093502e+03 cycle=64600 time=2.141602e+00 dt=3.074047e-05
elapsed=2.096686e+03 cycle=64700 time=2.144627e+00 dt=2.989633e-05
elapsed=2.099869e+03 cycle=64800 time=2.147632e+00 dt=2.980855e-05
elapsed=2.103167e+03 cycle=64900 time=2.150557e+00 dt=2.917305e-05
elapsed=2.106353e+03 cycle=65000 time=2.153555e+00 dt=3.037069e-05
elapsed=2.109537e+03 cycle=65100 time=2.156484e+00 dt=2.819877e-05
elapsed=2.112722e+03 cycle=65200 time=2.159320e+00 dt=3.022537e-05
elapsed=2.116021e+03 cycle=65300 time=2.162290e+00 dt=2.931343e-05
elapsed=2.119207e+03 cycle=65400 time=2.165180e+00 dt=2.852365e-05
elapsed=2.122392e+03 cycle=65500 time=2.167994e+00 dt=2.775024e-05
elapsed=2.125693e+03 cycle=65600 time=2.170731e+00 dt=2.695185e-05
elapsed=2.128876e+03 cycle=65700 time=2.173404e+00 dt=2.668145e-05
elapsed=2.132061e+03 cycle=65800 time=2.176092e+00 dt=2.726661e-05
elapsed=2.135246e+03 cycle=65900 time=2.179074e+00 dt=3.125356e-05
elapsed=2.138543e+03 cycle=66000 time=2.182192e+00 dt=3.101193e-05
elapsed=2.141726e+03 cycle=66100 time=2.185290e+00 dt=3.101425e-05
elapsed=2.144909e+03 cycle=66200 time=2.188389e+00 dt=3.094514e-05
elapsed=2.148206e+03 cycle=66300 time=2.191470e+00 dt=3.054919e-05
elapsed=2.151390e+03 cycle=66400 time=2.194560e+00 dt=3.083241e-05
elapsed=2.154573e+03 cycle=66500 time=2.197626e+00 dt=3.020566e-05
elapsed=2.157870e+03 cycle=66600 time=2.200599e+00 dt=2.927164e-05
elapsed=2.161052e+03 cycle=66700 time=2.203480e+00 dt=2.840736e-05
elapsed=2.164233e+03 cycle=66800 time=2.206287e+00 dt=2.763071e-05
elapsed=2.167414e+03 cycle=66900 time=2.209000e+00 dt=2.653163e-05
elapsed=2.170708e+03 cycle=67000 time=2.211564e+00 dt=2.521149e-05
elapsed=2.173889e+03 cycle=67100 time=2.214315e+00 dt=2.993954e-05
elapsed=2.177070e+03 cycle=67200 time=2.217333e+00 dt=3.044526e-05
elapsed=2.180366e+03 cycle=67300 time=2.220435e+00 dt=3.170209e-05
elapsed=2.183550e+03 cycle=67400 time=2.223621e+00 dt=3.136434e-05
elapsed=2.186734e+03 cycle=67500 time=2.226676e+00 dt=3.077318e-05
elapsed=2.189920e+03 cycle=67600 time=2.229820e+00 dt=3.138793e-05
elapsed=2.193218e+03 cycle=67700 time=2.232953e+00 dt=3.121677e-05
elapsed=2.196402e+03 cycle=67800 time=2.236079e+00 dt=3.129295e-05
elapsed=2.199585e+03 cycle=67900 time=2.239209e+00 dt=3.119409e-05
elapsed=2.202882e+03 cycle=68000 time=2.242313e+00 dt=3.094877e-05
elapsed=2.206065e+03 cycle=68100 time=2.245422e+00 dt=3.131401e-05
elapsed=2.209249e+03 cycle=68200 time=2.248458e+00 dt=2.930657e-05
elapsed=2.212548e+03 cycle=68300 time=2.251290e+00 dt=2.764566e-05
elapsed=2.215733e+03 cycle=68400 time=2.254173e+00 dt=2.897426e-05
elapsed=2.218920e+03 cycle=68500 time=2.257116e+00 dt=3.106387e-05
elapsed=2.222218e+03 cycle=68600 time=2.260208e+00 dt=3.138742e-05
elapsed=2.225405e+03 cycle=68700 time=2.263410e+00 dt=3.223951e-05
elapsed=2.228592e+03 cycle=68800 time=2.266612e+00 dt=3.168557e-05
elapsed=2.231780e+03 cycle=68900 time=2.269747e+00 dt=3.138659e-05
elapsed=2.235084e+03 cycle=69000 time=2.272872e+00 dt=3.093414e-05
elapsed=2.238275e+03 cycle=69100 time=2.275988e+00 dt=3.104616e-05
elapsed=2.241465e+03 cycle=69200 time=2.279070e+00 dt=3.070050e-05
elapsed=2.244768e+03 cycle=69300 time=2.282122e+00 dt=3.028724e-05
elapsed=2.247957e+03 cycle=69400 time=2.285122e+00 dt=2.973580e-05
elapsed=2.251146e+03 cycle=69500 time=2.288036e+00 dt=2.834266e-05
elapsed=2.254451e+03 cycle=69600 time=2.290766e+00 dt=2.668281e-05
elapsed=2.257643e+03 cycle=69700 time=2.293457e+00 dt=2.637690e-05
elapsed=2.260837e+03 cycle=69800 time=2.296430e+00 dt=3.165023e-05
elapsed=2.264031e+03 cycle=69900 time=2.299625e+00 dt=3.172531e-05
elapsed=2.267341e+03 cycle=70000 time=2.302774e+00 dt=3.104680e-05
elapsed=2.270537e+03 cycle=70100 time=2.305796e+00 dt=2.922043e-05
elapsed=2.273731e+03 cycle=70200 time=2.308663e+00 dt=2.942903e-05
elapsed=2.277037e+03 cycle=70300 time=2.311525e+00 dt=2.744846e-05
elapsed=2.280231e+03 cycle=70400 time=2.314282e+00 dt=2.910301e-05
elapsed=2.283422e+03 cycle=70500 time=2.317368e+00 dt=3.088370e-05
elapsed=2.286726e+03 cycle=70600 time=2.320459e+00 dt=3.097671e-05
elapsed=2.289918e+03 cycle=70700 time=2.323590e+00 dt=3.173438e-05
elapsed=2.293112e+03 cycle=70800 time=2.326631e+00 dt=2.889281e-05
elapsed=2.296306e+03 cycle=70900 time=2.329733e+00 dt=3.206672e-05
elapsed=2.299611e+03 cycle=71000 time=2.332918e+00 dt=3.152253e-05
elapsed=2.302802e+03 cycle=71100 time=2.336018e+00 dt=3.026869e-05
elapsed=2.305993e+03 cycle=71200 time=2.339031e+00 dt=3.013045e-05
elapsed=2.309296e+03 cycle=71300 time=2.342195e+00 dt=3.202741e-05
elapsed=2.312483e+03 cycle=71400 time=2.345360e+00 dt=3.165099e-05
elapsed=2.315670e+03 cycle=71500 time=2.348546e+00 dt=3.211058e-05
elapsed=2.318969e+03 cycle=71600 time=2.351760e+00 dt=3.223533e-05
elapsed=2.322155e+03 cycle=71700 time=2.355019e+00 dt=3.236331e-05
elapsed=2.325341e+03 cycle=71800 time=2.358266e+00 dt=3.171955e-05
elapsed=2.328639e+03 cycle=71900 time=2.361343e+00 dt=2.995445e-05
elapsed=2.331823e+03 cycle=72000 time=2.364365e+00 dt=3.066850e-05
elapsed=2.335005e+03 cycle=72100 time=2.367464e+00 dt=3.161952e-05
elapsed=2.338303e+03 cycle=72200 time=2.370733e+00 dt=3.237473e-05
elapsed=2.341488e+03 cycle=72300 time=2.373894e+00 dt=3.160721e-05
elapsed=2.344672e+03 cycle=72400 time=2.377129e+00 dt=3.193000e-05
elapsed=2.347969e+03 cycle=72500 time=2.380331e+00 dt=3.192126e-05
elapsed=2.351154e+03 cycle=72600 time=2.383481e+00 dt=3.153070e-05
elapsed=2.354338e+03 cycle=72700 time=2.386606e+00 dt=3.111640e-05
elapsed=2.357521e+03 cycle=72800 time=2.389692e+00 dt=3.082266e-05
elapsed=2.360821e+03 cycle=72900 time=2.392741e+00 dt=3.013550e-05
elapsed=2.364007e+03 cycle=73000 time=2.395737e+00 dt=2.989946e-05
elapsed=2.367194e+03 cycle=73100 time=2.398747e+00 dt=3.060699e-05
elapsed=2.370496e+03 cycle=73200 time=2.401838e+00 dt=3.060576e-05
elapsed=2.373684e+03 cycle=73300 time=2.404878e+00 dt=3.018196e-05
elapsed=2.376875e+03 cycle=73400 time=2.407860e+00 dt=2.941209e-05
elapsed=2.380180e+03 cycle=73500 time=2.410737e+00 dt=2.787222e-05
elapsed=2.383372e+03 cycle=73600 time=2.413380e+00 dt=2.670979e-05
elapsed=2.386564e+03 cycle=73700 time=2.416441e+00 dt=3.137476e-05
elapsed=2.389757e+03 cycle=73800 time=2.419553e+00 dt=3.093414e-05
elapsed=2.393063e+03 cycle=73900 time=2.422664e+00 dt=3.133077e-05
elapsed=2.396255e+03 cycle=74000 time=2.425808e+00 dt=3.089082e-05
elapsed=2.399447e+03 cycle=74100 time=2.428939e+00 dt=3.165419e-05
elapsed=2.402755e+03 cycle=74200 time=2.432086e+00 dt=3.130807e-05
elapsed=2.405948e+03 cycle=74300 time=2.435180e+00 dt=3.052438e-05
elapsed=2.409143e+03 cycle=74400 time=2.438197e+00 dt=2.967441e-05
elapsed=2.412451e+03 cycle=74500 time=2.441127e+00 dt=2.909721e-05
elapsed=2.415643e+03 cycle=74600 time=2.444060e+00 dt=2.944351e-05
elapsed=2.418835e+03 cycle=74700 time=2.446993e+00 dt=2.926481e-05
elapsed=2.422026e+03 cycle=74800 time=2.449939e+00 dt=2.967279e-05
elapsed=2.425332e+03 cycle=74900 time=2.452932e+00 dt=3.023689e-05
elapsed=2.428525e+03 cycle=75000 time=2.455981e+00 dt=3.039934e-05
elapsed=2.431717e+03 cycle=75100 time=2.458944e+00 dt=2.845504e-05
elapsed=2.435022e+03 cycle=75200 time=2.461797e+00 dt=2.858126e-05
elapsed=2.438213e+03 cycle=75300 time=2.464917e+00 dt=3.191165e-05
elapsed=2.441405e+03 cycle=75400 time=2.468031e+00 dt=3.122680e-05
elapsed=2.444710e+03 cycle=75500 time=2.471139e+00 dt=3.092275e-05
elapsed=2.447901e+03 cycle=75600 time=2.474213e+00 dt=3.055781e-05
elapsed=2.451090e+03 cycle=75700 time=2.477255e+00 dt=3.034724e-05
elapsed=2.454395e+03 cycle=75800 time=2.480289e+00 dt=3.022584e-05
elapsed=2.457584e+03 cycle=75900 time=2.483281e+00 dt=2.964867e-05
elapsed=2.460773e+03 cycle=76000 time=2.486222e+00 dt=2.928606e-05
elapsed=2.463962e+03 cycle=76100 time=2.489166e+00 dt=2.962186e-05
elapsed=2.467266e+03 cycle=76200 time=2.492136e+00 dt=2.985079e-05
elapsed=2.470454e+03 cycle=76300 time=2.495179e+00 dt=3.115647e-05
elapsed=2.473641e+03 cycle=76400 time=2.498329e+00 dt=3.145314e-05
elapsed=2.476944e+03 cycle=76500 time=2.501450e+00 dt=3.108474e-05
elapsed=2.480133e+03 cycle=76600 time=2.504546e+00 dt=3.096921e-05
elapsed=2.483323e+03 cycle=76700 time=2.507659e+00 dt=3.113746e-05
elapsed=2.486626e+03 cycle=76800 time=2.510728e+00 dt=3.179581e-05
elapsed=2.489816e+03 cycle=76900 time=2.513967e+00 dt=3.230588e-05
elapsed=2.493007e+03 cycle=77000 time=2.517145e+00 dt=3.139566e-05
elapsed=2.496315e+03 cycle=77100 time=2.520242e+00 dt=3.108244e-05
elapsed=2.499507e+03 cycle=77200 time=2.523333e+00 dt=2.982261e-05
elapsed=2.502700e+03 cycle=77300 time=2.526199e+00 dt=2.740303e-05
elapsed=2.505894e+03 cycle=77400 time=2.528941e+00 dt=2.803027e-05
elapsed=2.509201e+03 cycle=77500 time=2.531968e+00 dt=3.017684e-05
elapsed=2.512394e+03 cycle=77600 time=2.534890e+00 dt=2.868885e-05
elapsed=2.515586e+03 cycle=77700 time=2.537844e+00 dt=3.224425e-05
elapsed=2.518891e+03 cycle=77800 time=2.541068e+00 dt=3.185601e-05
elapsed=2.522083e+03 cycle=77900 time=2.544219e+00 dt=3.123907e-05
elapsed=2.525274e+03 cycle=78000 time=2.547273e+00 dt=2.981603e-05
elapsed=2.528579e+03 cycle=78100 time=2.550266e+00 dt=3.134978e-05
elapsed=2.531771e+03 cycle=78200 time=2.553385e+00 dt=3.217755e-05
elapsed=2.534963e+03 cycle=78300 time=2.556614e+00 dt=3.286338e-05
elapsed=2.538157e+03 cycle=78400 time=2.559927e+00 dt=3.299161e-05
elapsed=2.541465e+03 cycle=78500 time=2.563210e+00 dt=3.192407e-05
elapsed=2.544660e+03 cycle=78600 time=2.566413e+00 dt=3.112535e-05
elapsed=2.547856e+03 cycle=78700 time=2.569589e+00 dt=3.203083e-05
elapsed=2.551168e+03 cycle=78800 time=2.572765e+00 dt=3.154721e-05
elapsed=2.554364e+03 cycle=78900 time=2.575909e+00 dt=3.111854e-05
elapsed=2.557559e+03 cycle=79000 time=2.578874e+00 dt=2.777220e-05
elapsed=2.560867e+03 cycle=79100 time=2.581538e+00 dt=2.726016e-05
elapsed=2.564060e+03 cycle=79200 time=2.584662e+00 dt=3.249034e-05
elapsed=2.567252e+03 cycle=79300 time=2.587896e+00 dt=3.231798e-05
elapsed=2.570556e+03 cycle=79400 time=2.591174e+00 dt=3.273255e-05
elapsed=2.573746e+03 cycle=79500 time=2.594405e+00 dt=3.202106e-05
elapsed=2.576935e+03 cycle=79600 time=2.597629e+00 dt=3.251954e-05
elapsed=2.580242e+03 cycle=79700 time=2.600958e+00 dt=3.431690e-05
elapsed=2.583432e+03 cycle=79800 time=2.604449e+00 dt=3.511951e-05
elapsed=2.586621e+03 cycle=79900 time=2.607951e+00 dt=3.468369e-05
elapsed=2.589924e+03 cycle=80000 time=2.611373e+00 dt=3.394988e-05
elapsed=2.593112e+03 cycle=80100 time=2.614746e+00 dt=3.325749e-05
elapsed=2.596301e+03 cycle=80200 time=2.618015e+00 dt=3.351828e-05
elapsed=2.599604e+03 cycle=80300 time=2.621341e+00 dt=3.307791e-05
elapsed=2.602792e+03 cycle=80400 time=2.624611e+00 dt=3.229827e-05
elapsed=2.605979e+03 cycle=80500 time=2.627673e+00 dt=2.933543e-05
elapsed=2.609282e+03 cycle=80600 time=2.630573e+00 dt=2.920728e-05
elapsed=2.612472e+03 cycle=80700 time=2.633680e+00 dt=3.134640e-05
elapsed=2.615663e+03 cycle=80800 time=2.636786e+00 dt=3.069048e-05
elapsed=2.618854e+03 cycle=80900 time=2.639815e+00 dt=2.994959e-05
elapsed=2.622159e+03 cycle=81000 time=2.642796e+00 dt=2.975824e-05
elapsed=2.625350e+03 cycle=81100 time=2.645757e+00 dt=2.947945e-05
elapsed=2.628540e+03 cycle=81200 time=2.648716e+00 dt=2.955982e-05
elapsed=2.631847e+03 cycle=81300 time=2.651682e+00 dt=2.982964e-05
elapsed=2.635038e+03 cycle=81400 time=2.654694e+00 dt=3.048881e-05
elapsed=2.638231e+03 cycle=81500 time=2.657761e+00 dt=3.019239e-05
elapsed=2.641539e+03 cycle=81600 time=2.660768e+00 dt=3.057889e-05
elapsed=2.644730e+03 cycle=81700 time=2.663881e+00 dt=3.113692e-05
elapsed=2.647919e+03 cycle=81800 time=2.667012e+00 dt=3.158028e-05
elapsed=2.651223e+03 cycle=81900 time=2.670188e+00 dt=3.190843e-05
elapsed=2.654414e+03 cycle=82000 time=2.673402e+00 dt=3.230564e-05
elapsed=2.657605e+03 cycle=82100 time=2.676637e+00 dt=3.249502e-05
elapsed=2.660797e+03 cycle=82200 time=2.679848e+00 dt=3.119709e-05
elapsed=2.664106e+03 cycle=82300 time=2.683092e+00 dt=3.345575e-05
elapsed=2.667301e+03 cycle=82400 time=2.686534e+00 dt=3.422672e-05
elapsed=2.670498e+03 cycle=82500 time=2.689790e+00 dt=3.230828e-05
elapsed=2.673810e+03 cycle=82600 time=2.693146e+00 dt=3.398918e-05
elapsed=2.677008e+03 cycle=82700 time=2.696536e+00 dt=3.387976e-05
elapsed=2.680207e+03 cycle=82800 time=2.699865e+00 dt=3.230848e-05
elapsed=2.683522e+03 cycle=82900 time=2.703027e+00 dt=3.051158e-05
elapsed=2.686721e+03 cycle=83000 time=2.705978e+00 dt=2.883432e-05
elapsed=2.689920e+03 cycle=83100 time=2.708860e+00 dt=2.819211e-05
elapsed=2.693235e+03 cycle=83200 time=2.711745e+00 dt=3.068357e-05
elapsed=2.696437e+03 cycle=83300 time=2.714876e+00 dt=3.017783e-05
elapsed=2.699640e+03 cycle=83400 time=2.718101e+00 dt=3.401360e-05
elapsed=2.702956e+03 cycle=83500 time=2.721380e+00 dt=3.216796e-05
elapsed=2.706156e+03 cycle=83600 time=2.724656e+00 dt=3.294079e-05
elapsed=2.709358e+03 cycle=83700 time=2.727885e+00 dt=3.086087e-05
elapsed=2.712671e+03 cycle=83800 time=2.730787e+00 dt=2.870974e-05
elapsed=2.715871e+03 cycle=83900 time=2.733870e+00 dt=3.161316e-05
elapsed=2.719071e+03 cycle=84000 time=2.737014e+00 dt=3.085494e-05
elapsed=2.722383e+03 cycle=84100 time=2.740066e+00 dt=3.038962e-05
elapsed=2.725579e+03 cycle=84200 time=2.743116e+00 dt=3.060433e-05
elapsed=2.728773e+03 cycle=84300 time=2.746190e+00 dt=3.105701e-05
elapsed=2.731968e+03 cycle=84400 time=2.749365e+00 dt=3.219132e-05
elapsed=2.735278e+03 cycle=84500 time=2.752555e+00 dt=3.153736e-05
elapsed=2.738472e+03 cycle=84600 time=2.755628e+00 dt=3.015052e-05
elapsed=2.741667e+03 cycle=84700 time=2.758549e+00 dt=2.852357e-05
elapsed=2.744976e+03 cycle=84800 time=2.761502e+00 dt=2.958862e-05
elapsed=2.748174e+03 cycle=84900 time=2.764430e+00 dt=2.916362e-05
elapsed=2.751374e+03 cycle=85000 time=2.767335e+00 dt=2.864451e-05
elapsed=2.754688e+03 cycle=85100 time=2.770136e+00 dt=2.758113e-05
elapsed=2.757887e+03 cycle=85200 time=2.772902e+00 dt=2.741251e-05
elapsed=2.761089e+03 cycle=85300 time=2.775792e+00 dt=3.049147e-05
elapsed=2.764291e+03 cycle=85400 time=2.778839e+00 dt=3.109418e-05
elapsed=2.767607e+03 cycle=85500 time=2.781922e+00 dt=3.052635e-05
elapsed=2.770810e+03 cycle=85600 time=2.784950e+00 dt=2.992404e-05
elapsed=2.774013e+03 cycle=85700 time=2.787827e+00 dt=2.891294e-05
elapsed=2.777330e+03 cycle=85800 time=2.790708e+00 dt=2.867672e-05
elapsed=2.780532e+03 cycle=85900 time=2.793499e+00 dt=2.738269e-05
elapsed=2.783736e+03 cycle=86000 time=2.796216e+00 dt=2.681182e-05
elapsed=2.786940e+03 cycle=86100 time=2.798880e+00 dt=2.616402e-05
elapsed=2.790256e+03 cycle=86200 time=2.801575e+00 dt=2.976152e-05
elapsed=2.793458e+03 cycle=86300 time=2.804696e+00 dt=3.112436e-05
elapsed=2.796659e+03 cycle=86400 time=2.807807e+00 dt=3.102005e-05
elapsed=2.799974e+03 cycle=86500 time=2.810932e+00 dt=3.165476e-05
elapsed=2.803175e+03 cycle=86600 time=2.814034e+00 dt=2.971592e-05
elapsed=2.806374e+03 cycle=86700 time=2.816912e+00 dt=2.946597e-05
elapsed=2.809572e+03 cycle=86800 time=2.819807e+00 dt=2.852811e-05
elapsed=2.812883e+03 cycle=86900 time=2.822678e+00 dt=2.901045e-05
elapsed=2.816081e+03 cycle=87000 time=2.825664e+00 dt=3.082496e-05
elapsed=2.819278e+03 cycle=87100 time=2.828757e+00 dt=3.145234e-05
elapsed=2.822590e+03 cycle=87200 time=2.831838e+00 dt=3.034046e-05
elapsed=2.825788e+03 cycle=87300 time=2.834858e+00 dt=3.012061e-05
elapsed=2.828987e+03 cycle=87400 time=2.837859e+00 dt=2.980590e-05
elapsed=2.832301e+03 cycle=87500 time=2.840833e+00 dt=2.965195e-05
elapsed=2.835498e+03 cycle=87600 time=2.843802e+00 dt=2.993341e-05
elapsed=2.838695e+03 cycle=87700 time=2.846739e+00 dt=2.904051e-05
elapsed=2.841891e+03 cycle=87800 time=2.849701e+00 dt=2.990307e-05
elapsed=2.845202e+03 cycle=87900 time=2.852667e+00 dt=2.866540e-05
elapsed=2.848397e+03 cycle=88000 time=2.855515e+00 dt=2.885929e-05
elapsed=2.851591e+03 cycle=88100 time=2.858364e+00 dt=2.822715e-05
elapsed=2.854897e+03 cycle=88200 time=2.861160e+00 dt=2.772762e-05
elapsed=2.858090e+03 cycle=88300 time=2.864064e+00 dt=3.184465e-05
elapsed=2.861283e+03 cycle=88400 time=2.867262e+00 dt=3.114217e-05
elapsed=2.864588e+03 cycle=88500 time=2.870409e+00 dt=3.162310e-05
elapsed=2.867778e+03 cycle=88600 time=2.873542e+00 dt=3.128365e-05
elapsed=2.870969e+03 cycle=88700 time=2.876718e+00 dt=3.219094e-05
elapsed=2.874159e+03 cycle=88800 time=2.879975e+00 dt=3.224085e-05
elapsed=2.877465e+03 cycle=88900 time=2.883103e+00 dt=3.012750e-05
elapsed=2.880659e+03 cycle=89000 time=2.886008e+00 dt=2.877686e-05
elapsed=2.883854e+03 cycle=89100 time=2.888965e+00 dt=3.021101e-05
elapsed=2.887164e+03 cycle=89200 time=2.891841e+00 dt=2.713031e-05
elapsed=2.890359e+03 cycle=89300 time=2.894420e+00 dt=2.535501e-05
elapsed=2.893551e+03 cycle=89400 time=2.897374e+00 dt=3.260256e-05
elapsed=2.896858e+03 cycle=89500 time=2.900714e+00 dt=3.338816e-05
elapsed=2.900049e+03 cycle=89600 time=2.904056e+00 dt=3.333807e-05
elapsed=2.903241e+03 cycle=89700 time=2.907317e+00 dt=3.127171e-05
elapsed=2.906549e+03 cycle=89800 time=2.910355e+00 dt=2.949638e-05
elapsed=2.909744e+03 cycle=89900 time=2.913097e+00 dt=2.587257e-05
elapsed=2.912939e+03 cycle=90000 time=2.915875e+00 dt=3.016368e-05
elapsed=2.916134e+03 cycle=90100 time=2.918907e+00 dt=3.050036e-05
elapsed=2.919444e+03 cycle=90200 time=2.921986e+00 dt=3.047784e-05
elapsed=2.922641e+03 cycle=90300 time=2.925051e+00 dt=3.042435e-05
elapsed=2.925839e+03 cycle=90400 time=2.928049e+00 dt=2.923628e-05
elapsed=2.929151e+03 cycle=90500 time=2.930859e+00 dt=2.714256e-05
elapsed=2.932350e+03 cycle=90600 time=2.933562e+00 dt=2.796477e-05
elapsed=2.935550e+03 cycle=90700 time=2.936488e+00 dt=3.102891e-05
elapsed=2.938752e+03 cycle=90800 time=2.939578e+00 dt=3.070410e-05
elapsed=2.942068e+03 cycle=90900 time=2.942624e+00 dt=3.023338e-05
elapsed=2.945271e+03 cycle=91000 time=2.945632e+00 dt=2.988289e-05
elapsed=2.948474e+03 cycle=91100 time=2.948565e+00 dt=2.887908e-05
elapsed=2.951790e+03 cycle=91200 time=2.951463e+00 dt=2.926355e-05
elapsed=2.954989e+03 cycle=91300 time=2.954497e+00 dt=3.068534e-05
elapsed=2.958188e+03 cycle=91400 time=2.957515e+00 dt=2.971049e-05
elapsed=2.961501e+03 cycle=91500 time=2.960464e+00 dt=2.942030e-05
elapsed=2.964699e+03 cycle=91600 time=2.963431e+00 dt=3.008725e-05
elapsed=2.967897e+03 cycle=91700 time=2.966410e+00 dt=2.933114e-05
elapsed=2.971095e+03 cycle=91800 time=2.969275e+00 dt=2.788428e-05
elapsed=2.974407e+03 cycle=91900 time=2.971992e+00 dt=2.650213e-05
elapsed=2.977607e+03 cycle=92000 time=2.974573e+00 dt=2.515330e-05
elapsed=2.980807e+03 cycle=92100 time=2.977067e+00 dt=2.474448e-05
elapsed=2.984006e+03 cycle=92200 time=2.979561e+00 dt=2.614881e-05
elapsed=2.987317e+03 cycle=92300 time=2.982359e+00 dt=2.846969e-05
elapsed=2.990514e+03 cycle=92400 time=2.985426e+00 dt=3.320912e-05
elapsed=2.993710e+03 cycle=92500 time=2.988777e+00 dt=3.280088e-05
elapsed=2.997019e+03 cycle=92600 time=2.992077e+00 dt=3.269988e-05
elapsed=3.000215e+03 cycle=92700 time=2.995305e+00 dt=3.209435e-05
elapsed=3.003410e+03 cycle=92800 time=2.998570e+00 dt=3.430891e-05
elapsed=3.006771e+03 cycle=92900 time=3.001981e+00 dt=3.383910e-05
elapsed=3.009967e+03 cycle=93000 time=3.005348e+00 dt=3.351790e-05
elapsed=3.013164e+03 cycle=93100 time=3.008698e+00 dt=3.351683e-05
elapsed=3.016474e+03 cycle=93200 time=3.012052e+00 dt=3.359921e-05
elapsed=3.019672e+03 cycle=93300 time=3.015377e+00 dt=3.222943e-05
elapsed=3.022870e+03 cycle=93400 time=3.018610e+00 dt=3.323169e-05
elapsed=3.026182e+03 cycle=93500 time=3.021945e+00 dt=3.373720e-05
elapsed=3.029379e+03 cycle=93600 time=3.025354e+00 dt=3.406828e-05
elapsed=3.032574e+03 cycle=93700 time=3.028724e+00 dt=3.345436e-05
elapsed=3.035884e+03 cycle=93800 time=3.032026e+00 dt=3.274837e-05
elapsed=3.039082e+03 cycle=93900 time=3.035361e+00 dt=3.458256e-05
elapsed=3.042280e+03 cycle=94000 time=3.038658e+00 dt=3.305597e-05
elapsed=3.045594e+03 cycle=94100 time=3.042073e+00 dt=3.461594e-05
elapsed=3.048796e+03 cycle=94200 time=3.045459e+00 dt=3.219442e-05
elapsed=3.051997e+03 cycle=94300 time=3.048768e+00 dt=3.367051e-05
elapsed=3.055308e+03 cycle=94400 time=3.052165e+00 dt=3.390494e-05
elapsed=3.058506e+03 cycle=94500 time=3.055557e+00 dt=3.380924e-05
elapsed=3.061704e+03 cycle=94600 time=3.058937e+00 dt=3.299113e-05
elapsed=3.065013e+03 cycle=94700 time=3.062303e+00 dt=3.388370e-05
elapsed=3.068207e+03 cycle=94800 time=3.065663e+00 dt=3.310589e-05
elapsed=3.071402e+03 cycle=94900 time=3.068927e+00 dt=3.207415e-05
elapsed=3.074710e+03 cycle=95000 time=3.072073e+00 dt=3.081995e-05
elapsed=3.077904e+03 cycle=95100 time=3.075101e+00 dt=2.997098e-05
elapsed=3.081097e+03 cycle=95200 time=3.078100e+00 dt=3.007628e-05
elapsed=3.084408e+03 cycle=95300 time=3.081104e+00 dt=2.995040e-05
elapsed=3.087602e+03 cycle=95400 time=3.084092e+00 dt=2.989010e-05
elapsed=3.090797e+03 cycle=95500 time=3.087081e+00 dt=2.974557e-05
elapsed=3.094105e+03 cycle=95600 time=3.090108e+00 dt=3.074761e-05
elapsed=3.097297e+03 cycle=95700 time=3.093078e+00 dt=2.891019e-05
elapsed=3.100490e+03 cycle=95800 time=3.095934e+00 dt=2.874559e-05
elapsed=3.103682e+03 cycle=95900 time=3.098874e+00 dt=2.979446e-05
elapsed=3.106989e+03 cycle=96000 time=3.101873e+00 dt=3.061877e-05
elapsed=3.110178e+03 cycle=96100 time=3.104956e+00 dt=3.102984e-05
elapsed=3.113367e+03 cycle=96200 time=3.108157e+00 dt=3.314109e-05
elapsed=3.116670e+03 cycle=96300 time=3.111401e+00 dt=3.235640e-05
elapsed=3.119859e+03 cycle=96400 time=3.114580e+00 dt=3.111343e-05
elapsed=3.123047e+03 cycle=96500 time=3.117743e+00 dt=3.158461e-05
elapsed=3.126347e+03 cycle=96600 time=3.120938e+00 dt=3.335939e-05
elapsed=3.129537e+03 cycle=96700 time=3.124219e+00 dt=3.248710e-05
elapsed=3.132729e+03 cycle=96800 time=3.127447e+00 dt=3.217417e-05
elapsed=3.136033e+03 cycle=96900 time=3.130625e+00 dt=3.115340e-05
elapsed=3.139225e+03 cycle=97000 time=3.133690e+00 dt=3.018382e-05
elapsed=3.142418e+03 cycle=97100 time=3.136650e+00 dt=2.852149e-05
elapsed=3.145612e+03 cycle=97200 time=3.139437e+00 dt=2.784446e-05
elapsed=3.148920e+03 cycle=97300 time=3.142408e+00 dt=3.007907e-05
elapsed=3.152115e+03 cycle=97400 time=3.145419e+00 dt=3.033643e-05
elapsed=3.155310e+03 cycle=97500 time=3.148358e+00 dt=2.828952e-05
elapsed=3.158617e+03 cycle=97600 time=3.151025e+00 dt=2.499046e-05
elapsed=3.161812e+03 cycle=97700 time=3.153661e+00 dt=2.653037e-05
elapsed=3.165006e+03 cycle=97800 time=3.156317e+00 dt=2.653627e-05
elapsed=3.168200e+03 cycle=97900 time=3.158947e+00 dt=2.605594e-05
elapsed=3.171508e+03 cycle=98000 time=3.161493e+00 dt=2.485175e-05
elapsed=3.174703e+03 cycle=98100 time=3.163958e+00 dt=2.478333e-05
elapsed=3.177897e+03 cycle=98200 time=3.166506e+00 dt=2.612534e-05
elapsed=3.181090e+03 cycle=98300 time=3.169242e+00 dt=2.894904e-05
elapsed=3.184400e+03 cycle=98400 time=3.172183e+00 dt=2.914043e-05
elapsed=3.187595e+03 cycle=98500 time=3.175101e+00 dt=2.887993e-05
elapsed=3.190790e+03 cycle=98600 time=3.177976e+00 dt=2.902573e-05
elapsed=3.194099e+03 cycle=98700 time=3.180784e+00 dt=2.680552e-05
elapsed=3.197294e+03 cycle=98800 time=3.183389e+00 dt=2.591679e-05
elapsed=3.200491e+03 cycle=98900 time=3.186174e+00 dt=3.000472e-05
elapsed=3.203688e+03 cycle=99000 time=3.189370e+00 dt=3.296956e-05
elapsed=3.206999e+03 cycle=99100 time=3.192488e+00 dt=2.990826e-05
elapsed=3.210196e+03 cycle=99200 time=3.195534e+00 dt=3.098838e-05
elapsed=3.213394e+03 cycle=99300 time=3.198599e+00 dt=3.114162e-05
elapsed=3.216706e+03 cycle=99400 time=3.201671e+00 dt=2.901843e-05
elapsed=3.219902e+03 cycle=99500 time=3.204546e+00 dt=3.123376e-05
elapsed=3.223097e+03 cycle=99600 time=3.207656e+00 dt=3.091763e-05
elapsed=3.226409e+03 cycle=99700 time=3.210729e+00 dt=3.043939e-05
elapsed=3.229608e+03 cycle=99800 time=3.213750e+00 dt=3.015058e-05
elapsed=3.232807e+03 cycle=99900 time=3.216761e+00 dt=2.999643e-05
elapsed=3.236005e+03 cycle=100000 time=3.219739e+00 dt=2.960272e-05
elapsed=3.239316e+03 cycle=100100 time=3.222683e+00 dt=2.928811e-05
elapsed=3.242513e+03 cycle=100200 time=3.225595e+00 dt=2.902874e-05
elapsed=3.245707e+03 cycle=100300 time=3.228482e+00 dt=2.859004e-05
elapsed=3.249015e+03 cycle=100400 time=3.231319e+00 dt=2.828514e-05
elapsed=3.252209e+03 cycle=100500 time=3.234168e+00 dt=2.844035e-05
elapsed=3.255404e+03 cycle=100600 time=3.237027e+00 dt=2.885326e-05
elapsed=3.258599e+03 cycle=100700 time=3.239883e+00 dt=2.801539e-05
elapsed=3.261906e+03 cycle=100800 time=3.242737e+00 dt=2.962840e-05
elapsed=3.265097e+03 cycle=100900 time=3.245691e+00 dt=2.878933e-05
elapsed=3.268289e+03 cycle=101000 time=3.248537e+00 dt=2.777664e-05
elapsed=3.271601e+03 cycle=101100 time=3.251302e+00 dt=2.803246e-05
elapsed=3.274796e+03 cycle=101200 time=3.254048e+00 dt=2.646692e-05
elapsed=3.277992e+03 cycle=101300 time=3.256744e+00 dt=2.836785e-05
elapsed=3.281189e+03 cycle=101400 time=3.259640e+00 dt=2.962507e-05
elapsed=3.284497e+03 cycle=101500 time=3.262650e+00 dt=3.069524e-05
elapsed=3.287694e+03 cycle=101600 time=3.265724e+00 dt=3.076571e-05
elapsed=3.290893e+03 cycle=101700 time=3.268794e+00 dt=3.045517e-05
elapsed=3.294205e+03 cycle=101800 time=3.271801e+00 dt=2.965299e-05
elapsed=3.297404e+03 cycle=101900 time=3.274764e+00 dt=2.931279e-05
elapsed=3.300602e+03 cycle=102000 time=3.277672e+00 dt=2.902119e-05
elapsed=3.303914e+03 cycle=102100 time=3.280534e+00 dt=2.845810e-05
elapsed=3.307112e+03 cycle=102200 time=3.283378e+00 dt=2.831440e-05
elapsed=3.310309e+03 cycle=102300 time=3.286198e+00 dt=2.809475e-05
elapsed=3.313507e+03 cycle=102400 time=3.288994e+00 dt=2.797314e-05
elapsed=3.316817e+03 cycle=102500 time=3.291802e+00 dt=2.820360e-05
elapsed=3.320016e+03 cycle=102600 time=3.294639e+00 dt=2.842192e-05
elapsed=3.323214e+03 cycle=102700 time=3.297474e+00 dt=2.835502e-05
elapsed=3.326525e+03 cycle=102800 time=3.300299e+00 dt=2.793087e-05
elapsed=3.329723e+03 cycle=102900 time=3.303059e+00 dt=2.738540e-05
elapsed=3.332923e+03 cycle=103000 time=3.305812e+00 dt=2.749264e-05
elapsed=3.336123e+03 cycle=103100 time=3.308526e+00 dt=2.656310e-05
elapsed=3.339436e+03 cycle=103200 time=3.311161e+00 dt=2.625715e-05
elapsed=3.342634e+03 cycle=103300 time=3.313788e+00 dt=2.609506e-05
elapsed=3.345832e+03 cycle=103400 time=3.316351e+00 dt=2.489362e-05
elapsed=3.349032e+03 cycle=103500 time=3.318860e+00 dt=2.587189e-05
elapsed=3.352345e+03 cycle=103600 time=3.321647e+00 dt=2.965195e-05
elapsed=3.355545e+03 cycle=103700 time=3.324560e+00 dt=2.773932e-05
elapsed=3.358745e+03 cycle=103800 time=3.327175e+00 dt=2.522330e-05
elapsed=3.361945e+03 cycle=103900 time=3.329733e+00 dt=2.806459e-05
elapsed=3.365254e+03 cycle=104000 time=3.332404e+00 dt=2.541589e-05
elapsed=3.368450e+03 cycle=104100 time=3.334951e+00 dt=2.778302e-05
elapsed=3.371644e+03 cycle=104200 time=3.337777e+00 dt=2.800023e-05
elapsed=3.374956e+03 cycle=104300 time=3.340579e+00 dt=2.818975e-05
elapsed=3.378151e+03 cycle=104400 time=3.343328e+00 dt=2.708393e-05
elapsed=3.381344e+03 cycle=104500 time=3.346008e+00 dt=2.656357e-05
elapsed=3.384537e+03 cycle=104600 time=3.348649e+00 dt=2.635234e-05
elapsed=3.387843e+03 cycle=104700 time=3.351295e+00 dt=2.670702e-05
elapsed=3.391034e+03 cycle=104800 time=3.353993e+00 dt=2.711464e-05
elapsed=3.394226e+03 cycle=104900 time=3.356718e+00 dt=2.717194e-05
elapsed=3.397417e+03 cycle=105000 time=3.359490e+00 dt=2.829025e-05
elapsed=3.400722e+03 cycle=105100 time=3.362229e+00 dt=2.596389e-05
elapsed=3.403914e+03 cycle=105200 time=3.364725e+00 dt=2.487219e-05
elapsed=3.407106e+03 cycle=105300 time=3.367417e+00 dt=2.864372e-05
elapsed=3.410412e+03 cycle=105400 time=3.370288e+00 dt=2.845955e-05
elapsed=3.413604e+03 cycle=105500 time=3.373112e+00 dt=2.802139e-05
elapsed=3.416795e+03 cycle=105600 time=3.375839e+00 dt=2.665413e-05
elapsed=3.419986e+03 cycle=105700 time=3.378655e+00 dt=2.857399e-05
elapsed=3.423290e+03 cycle=105800 time=3.381505e+00 dt=2.858635e-05
elapsed=3.426478e+03 cycle=105900 time=3.384379e+00 dt=2.905618e-05
elapsed=3.429667e+03 cycle=106000 time=3.387266e+00 dt=2.873074e-05
elapsed=3.432969e+03 cycle=106100 time=3.390143e+00 dt=2.889200e-05
elapsed=3.436157e+03 cycle=106200 time=3.393058e+00 dt=2.918511e-05
elapsed=3.439344e+03 cycle=106300 time=3.395847e+00 dt=2.800550e-05
elapsed=3.442531e+03 cycle=106400 time=3.398605e+00 dt=2.735817e-05
elapsed=3.445833e+03 cycle=106500 time=3.401440e+00 dt=2.903282e-05
elapsed=3.449018e+03 cycle=106600 time=3.404271e+00 dt=2.709087e-05
elapsed=3.452204e+03 cycle=106700 time=3.407026e+00 dt=2.849304e-05
elapsed=3.455388e+03 cycle=106800 time=3.409834e+00 dt=2.781945e-05
elapsed=3.458687e+03 cycle=106900 time=3.412575e+00 dt=2.699818e-05
elapsed=3.461870e+03 cycle=107000 time=3.415265e+00 dt=2.681688e-05
elapsed=3.465053e+03 cycle=107100 time=3.417975e+00 dt=2.739917e-05
elapsed=3.468349e+03 cycle=107200 time=3.420725e+00 dt=2.740213e-05
elapsed=3.471531e+03 cycle=107300 time=3.423476e+00 dt=2.746028e-05
elapsed=3.474713e+03 cycle=107400 time=3.426216e+00 dt=2.710601e-05
elapsed=3.477895e+03 cycle=107500 time=3.428899e+00 dt=2.657329e-05
elapsed=3.481192e+03 cycle=107600 time=3.431530e+00 dt=2.612288e-05
elapsed=3.484376e+03 cycle=107700 time=3.434146e+00 dt=2.659126e-05
elapsed=3.487562e+03 cycle=107800 time=3.436847e+00 dt=2.751840e-05
elapsed=3.490751e+03 cycle=107900 time=3.439594e+00 dt=2.739966e-05
elapsed=3.494052e+03 cycle=108000 time=3.442455e+00 dt=2.998913e-05
elapsed=3.497240e+03 cycle=108100 time=3.445425e+00 dt=2.968672e-05
elapsed=3.500431e+03 cycle=108200 time=3.448413e+00 dt=2.989554e-05
elapsed=3.503738e+03 cycle=108300 time=3.451319e+00 dt=2.810385e-05
elapsed=3.506932e+03 cycle=108400 time=3.454179e+00 dt=2.869461e-05
elapsed=3.510125e+03 cycle=108500 time=3.457046e+00 dt=2.884810e-05
elapsed=3.513317e+03 cycle=108600 time=3.459940e+00 dt=2.902561e-05
elapsed=3.516622e+03 cycle=108700 time=3.462835e+00 dt=2.886219e-05
elapsed=3.519813e+03 cycle=108800 time=3.465703e+00 dt=2.867110e-05
elapsed=3.523005e+03 cycle=108900 time=3.468576e+00 dt=2.843131e-05
elapsed=3.526312e+03 cycle=109000 time=3.471412e+00 dt=2.903249e-05
elapsed=3.529504e+03 cycle=109100 time=3.474284e+00 dt=2.861329e-05
elapsed=3.532696e+03 cycle=109200 time=3.477001e+00 dt=2.613097e-05
elapsed=3.535891e+03 cycle=109300 time=3.479588e+00 dt=2.662211e-05
elapsed=3.539200e+03 cycle=109400 time=3.482494e+00 dt=2.971573e-05
elapsed=3.542397e+03 cycle=109500 time=3.485420e+00 dt=2.888811e-05
elapsed=3.545595e+03 cycle=109600 time=3.488273e+00 dt=2.815672e-05
elapsed=3.548904e+03 cycle=109700 time=3.491050e+00 dt=2.765061e-05
elapsed=3.552100e+03 cycle=109800 time=3.493825e+00 dt=2.797751e-05
elapsed=3.555296e+03 cycle=109900 time=3.496641e+00 dt=2.868282e-05
elapsed=3.558491e+03 cycle=110000 time=3.499519e+00 dt=2.886212e-05
elapsed=3.561798e+03 cycle=110100 time=3.502347e+00 dt=2.773377e-05
elapsed=3.564991e+03 cycle=110200 time=3.505112e+00 dt=2.787835e-05
elapsed=3.568183e+03 cycle=110300 time=3.507877e+00 dt=2.747517e-05
elapsed=3.571488e+03 cycle=110400 time=3.510767e+00 dt=3.007116e-05
elapsed=3.574679e+03 cycle=110500 time=3.513852e+00 dt=3.116855e-05
elapsed=3.577872e+03 cycle=110600 time=3.516957e+00 dt=3.098255e-05
elapsed=3.581179e+03 cycle=110700 time=3.520047e+00 dt=3.087497e-05
elapsed=3.584372e+03 cycle=110800 time=3.523071e+00 dt=2.921144e-05
elapsed=3.587563e+03 cycle=110900 time=3.526023e+00 dt=3.058147e-05
elapsed=3.590751e+03 cycle=111000 time=3.529095e+00 dt=3.097204e-05
elapsed=3.594051e+03 cycle=111100 time=3.532227e+00 dt=3.161359e-05
elapsed=3.597236e+03 cycle=111200 time=3.535439e+00 dt=3.250011e-05
elapsed=3.600424e+03 cycle=111300 time=3.538624e+00 dt=3.113942e-05
elapsed=3.603726e+03 cycle=111400 time=3.541696e+00 dt=3.065022e-05
elapsed=3.606917e+03 cycle=111500 time=3.544719e+00 dt=3.014036e-05
elapsed=3.610109e+03 cycle=111600 time=3.547667e+00 dt=2.861411e-05
elapsed=3.613415e+03 cycle=111700 time=3.550442e+00 dt=2.691411e-05
elapsed=3.616608e+03 cycle=111800 time=3.553103e+00 dt=2.650383e-05
elapsed=3.619800e+03 cycle=111900 time=3.555759e+00 dt=2.650261e-05
elapsed=3.622993e+03 cycle=112000 time=3.558425e+00 dt=2.626069e-05
elapsed=3.626301e+03 cycle=112100 time=3.561037e+00 dt=2.693868e-05
elapsed=3.629495e+03 cycle=112200 time=3.563751e+00 dt=2.640573e-05
elapsed=3.632689e+03 cycle=112300 time=3.566364e+00 dt=2.623941e-05
elapsed=3.635883e+03 cycle=112400 time=3.568906e+00 dt=2.449456e-05
elapsed=3.639191e+03 cycle=112500 time=3.571355e+00 dt=2.470102e-05
elapsed=3.642384e+03 cycle=112600 time=3.574045e+00 dt=2.818541e-05
elapsed=3.645579e+03 cycle=112700 time=3.577032e+00 dt=3.178797e-05
elapsed=3.648887e+03 cycle=112800 time=3.580176e+00 dt=3.089001e-05
elapsed=3.652083e+03 cycle=112900 time=3.583220e+00 dt=3.013372e-05
elapsed=3.655278e+03 cycle=113000 time=3.586190e+00 dt=2.888091e-05
elapsed=3.658472e+03 cycle=113100 time=3.589027e+00 dt=2.830138e-05
elapsed=3.661779e+03 cycle=113200 time=3.591967e+00 dt=2.974464e-05
elapsed=3.664971e+03 cycle=113300 time=3.594898e+00 dt=2.829426e-05
elapsed=3.668163e+03 cycle=113400 time=3.597713e+00 dt=3.016483e-05
elapsed=3.671470e+03 cycle=113500 time=3.600730e+00 dt=2.968369e-05
elapsed=3.674664e+03 cycle=113600 time=3.603704e+00 dt=3.039697e-05
elapsed=3.677859e+03 cycle=113700 time=3.606688e+00 dt=2.912611e-05
elapsed=3.681055e+03 cycle=113800 time=3.609641e+00 dt=3.118060e-05
elapsed=3.684364e+03 cycle=113900 time=3.612816e+00 dt=3.188068e-05
elapsed=3.687560e+03 cycle=114000 time=3.615883e+00 dt=3.130070e-05
elapsed=3.690756e+03 cycle=114100 time=3.618987e+00 dt=2.984979e-05
elapsed=3.694069e+03 cycle=114200 time=3.621923e+00 dt=2.983462e-05
elapsed=3.697267e+03 cycle=114300 time=3.625068e+00 dt=3.171331e-05
elapsed=3.700464e+03 cycle=114400 time=3.628219e+00 dt=3.152975e-05
elapsed=3.703774e+03 cycle=114500 time=3.631428e+00 dt=3.243793e-05
elapsed=3.706968e+03 cycle=114600 time=3.634668e+00 dt=3.238583e-05
elapsed=3.710162e+03 cycle=114700 time=3.637881e+00 dt=3.158353e-05
elapsed=3.713472e+03 cycle=114800 time=3.641002e+00 dt=3.090042e-05
elapsed=3.716669e+03 cycle=114900 time=3.644090e+00 dt=3.059155e-05
elapsed=3.719865e+03 cycle=115000 time=3.647087e+00 dt=2.924799e-05
elapsed=3.723060e+03 cycle=115100 time=3.649873e+00 dt=2.732736e-05
elapsed=3.726370e+03 cycle=115200 time=3.652596e+00 dt=2.817217e-05
elapsed=3.729565e+03 cycle=115300 time=3.655618e+00 dt=3.249477e-05
elapsed=3.732758e+03 cycle=115400 time=3.658783e+00 dt=3.109623e-05
elapsed=3.736062e+03 cycle=115500 time=3.661898e+00 dt=3.132083e-05
elapsed=3.739253e+03 cycle=115600 time=3.665050e+00 dt=3.218654e-05
elapsed=3.742443e+03 cycle=115700 time=3.668426e+00 dt=3.424834e-05
elapsed=3.745747e+03 cycle=115800 time=3.671817e+00 dt=3.346696e-05
elapsed=3.748935e+03 cycle=115900 time=3.675170e+00 dt=3.390953e-05
elapsed=3.752124e+03 cycle=116000 time=3.678594e+00 dt=3.433209e-05
elapsed=3.755427e+03 cycle=116100 time=3.682023e+00 dt=3.391086e-05
elapsed=3.758616e+03 cycle=116200 time=3.685440e+00 dt=3.419361e-05
elapsed=3.761806e+03 cycle=116300 time=3.688825e+00 dt=3.351034e-05
elapsed=3.765109e+03 cycle=116400 time=3.692158e+00 dt=3.333416e-05
elapsed=3.768299e+03 cycle=116500 time=3.695471e+00 dt=3.236050e-05
elapsed=3.771490e+03 cycle=116600 time=3.698699e+00 dt=3.264291e-05
elapsed=3.774794e+03 cycle=116700 time=3.701955e+00 dt=3.327039e-05
elapsed=3.777984e+03 cycle=116800 time=3.705276e+00 dt=3.328830e-05
elapsed=3.781173e+03 cycle=116900 time=3.708604e+00 dt=3.232012e-05
elapsed=3.784475e+03 cycle=117000 time=3.711805e+00 dt=3.266941e-05
elapsed=3.787666e+03 cycle=117100 time=3.715022e+00 dt=3.159433e-05
elapsed=3.790857e+03 cycle=117200 time=3.718095e+00 dt=2.969070e-05
elapsed=3.794160e+03 cycle=117300 time=3.720956e+00 dt=2.745425e-05
elapsed=3.797350e+03 cycle=117400 time=3.723596e+00 dt=2.550123e-05
elapsed=3.800539e+03 cycle=117500 time=3.726041e+00 dt=2.369848e-05
elapsed=3.803727e+03 cycle=117600 time=3.728642e+00 dt=3.353754e-05
elapsed=3.807030e+03 cycle=117700 time=3.732076e+00 dt=3.369582e-05
elapsed=3.810220e+03 cycle=117800 time=3.735438e+00 dt=3.353632e-05
elapsed=3.813410e+03 cycle=117900 time=3.738734e+00 dt=3.225838e-05
elapsed=3.816715e+03 cycle=118000 time=3.741879e+00 dt=3.116649e-05
elapsed=3.819908e+03 cycle=118100 time=3.744975e+00 dt=3.101650e-05
elapsed=3.823101e+03 cycle=118200 time=3.748128e+00 dt=3.197813e-05
elapsed=3.826407e+03 cycle=118300 time=3.751243e+00 dt=3.040416e-05
elapsed=3.829601e+03 cycle=118400 time=3.754421e+00 dt=3.365741e-05
elapsed=3.832795e+03 cycle=118500 time=3.757740e+00 dt=3.307199e-05
elapsed=3.836102e+03 cycle=118600 time=3.760889e+00 dt=3.022340e-05
elapsed=3.839297e+03 cycle=118700 time=3.763906e+00 dt=3.010355e-05
elapsed=3.842492e+03 cycle=118800 time=3.766962e+00 dt=3.005850e-05
elapsed=3.845687e+03 cycle=118900 time=3.769862e+00 dt=2.811067e-05
elapsed=3.848996e+03 cycle=119000 time=3.772673e+00 dt=2.854431e-05
elapsed=3.852190e+03 cycle=119100 time=3.775701e+00 dt=3.237546e-05
elapsed=3.855384e+03 cycle=119200 time=3.778930e+00 dt=3.211038e-05
elapsed=3.858692e+03 cycle=119300 time=3.782111e+00 dt=3.117150e-05
elapsed=3.861887e+03 cycle=119400 time=3.785095e+00 dt=2.875331e-05
elapsed=3.865083e+03 cycle=119500 time=3.787887e+00 dt=2.802771e-05
elapsed=3.868393e+03 cycle=119600 time=3.790639e+00 dt=2.675144e-05
elapsed=3.871589e+03 cycle=119700 time=3.793271e+00 dt=2.660424e-05
elapsed=3.874786e+03 cycle=119800 time=3.796137e+00 dt=3.069849e-05
elapsed=3.877982e+03 cycle=119900 time=3.799192e+00 dt=3.130423e-05
elapsed=3.881293e+03 cycle=120000 time=3.802219e+00 dt=2.881885e-05
elapsed=3.884488e+03 cycle=120100 time=3.804979e+00 dt=2.700610e-05
elapsed=3.887684e+03 cycle=120200 time=3.807631e+00 dt=2.689594e-05
elapsed=3.890996e+03 cycle=120300 time=3.810411e+00 dt=2.742182e-05
elapsed=3.894192e+03 cycle=120400 time=3.813354e+00 dt=3.323539e-05
elapsed=3.897388e+03 cycle=120500 time=3.816675e+00 dt=3.318917e-05
elapsed=3.900584e+03 cycle=120600 time=3.819938e+00 dt=3.203905e-05
elapsed=3.903893e+03 cycle=120700 time=3.823093e+00 dt=3.098001e-05
elapsed=3.907092e+03 cycle=120800 time=3.826190e+00 dt=3.150391e-05
elapsed=3.910289e+03 cycle=120900 time=3.829533e+00 dt=3.444992e-05
elapsed=3.913599e+03 cycle=121000 time=3.832940e+00 dt=3.398514e-05
elapsed=3.916797e+03 cycle=121100 time=3.836272e+00 dt=3.200765e-05
elapsed=3.919995e+03 cycle=121200 time=3.839324e+00 dt=2.936196e-05
elapsed=3.923306e+03 cycle=121300 time=3.842347e+00 dt=3.187325e-05
elapsed=3.926502e+03 cycle=121400 time=3.845462e+00 dt=2.860775e-05
elapsed=3.929697e+03 cycle=121500 time=3.848690e+00 dt=3.354352e-05
elapsed=3.933006e+03 cycle=121600 time=3.851978e+00 dt=3.235686e-05
elapsed=3.936200e+03 cycle=121700 time=3.855218e+00 dt=3.253636e-05
elapsed=3.939392e+03 cycle=121800 time=3.858501e+00 dt=3.316651e-05
elapsed=3.942699e+03 cycle=121900 time=3.861780e+00 dt=3.233542e-05
elapsed=3.945893e+03 cycle=122000 time=3.864974e+00 dt=3.154449e-05
elapsed=3.949089e+03 cycle=122100 time=3.868082e+00 dt=3.068847e-05
elapsed=3.952396e+03 cycle=122200 time=3.871113e+00 dt=3.006843e-05
elapsed=3.955590e+03 cycle=122300 time=3.874076e+00 dt=2.951860e-05
elapsed=3.958784e+03 cycle=122400 time=3.877121e+00 dt=3.067178e-05
elapsed=3.962092e+03 cycle=122500 time=3.880227e+00 dt=3.132759e-05
elapsed=3.965286e+03 cycle=122600 time=3.883370e+00 dt=3.134274e-05
elapsed=3.968480e+03 cycle=122700 time=3.886505e+00 dt=3.136601e-05
elapsed=3.971672e+03 cycle=122800 time=3.889632e+00 dt=3.097929e-05
elapsed=3.974978e+03 cycle=122900 time=3.892686e+00 dt=2.989031e-05
elapsed=3.978168e+03 cycle=123000 time=3.895641e+00 dt=2.927886e-05
elapsed=3.981358e+03 cycle=123100 time=3.898604e+00 dt=2.975472e-05
elapsed=3.984663e+03 cycle=123200 time=3.901593e+00 dt=2.991759e-05
elapsed=3.987856e+03 cycle=123300 time=3.904620e+00 dt=3.073488e-05
elapsed=3.991049e+03 cycle=123400 time=3.907743e+00 dt=3.162767e-05
elapsed=3.994358e+03 cycle=123500 time=3.910926e+00 dt=3.207628e-05
elapsed=3.997550e+03 cycle=123600 time=3.914123e+00 dt=3.103733e-05
elapsed=4.000741e+03 cycle=123700 time=3.917100e+00 dt=3.037300e-05
elapsed=4.004046e+03 cycle=123800 time=3.920261e+00 dt=3.200022e-05
elapsed=4.007237e+03 cycle=123900 time=3.923461e+00 dt=3.188997e-05
elapsed=4.010428e+03 cycle=124000 time=3.926653e+00 dt=3.186667e-05
elapsed=4.013620e+03 cycle=124100 time=3.929840e+00 dt=3.182014e-05
elapsed=4.016927e+03 cycle=124200 time=3.933014e+00 dt=3.172770e-05
elapsed=4.020124e+03 cycle=124300 time=3.936180e+00 dt=3.133502e-05
elapsed=4.023321e+03 cycle=124400 time=3.939294e+00 dt=3.091466e-05
elapsed=4.026631e+03 cycle=124500 time=3.942375e+00 dt=3.072902e-05
elapsed=4.029829e+03 cycle=124600 time=3.945529e+00 dt=3.207338e-05
elapsed=4.033025e+03 cycle=124700 time=3.948730e+00 dt=3.110253e-05
elapsed=4.036336e+03 cycle=124800 time=3.951824e+00 dt=3.189665e-05
elapsed=4.039533e+03 cycle=124900 time=3.955200e+00 dt=3.342969e-05
elapsed=4.042731e+03 cycle=125000 time=3.958414e+00 dt=3.176280e-05
elapsed=4.046045e+03 cycle=125100 time=3.961569e+00 dt=3.144255e-05
elapsed=4.049247e+03 cycle=125200 time=3.964920e+00 dt=3.443240e-05
elapsed=4.052448e+03 cycle=125300 time=3.968336e+00 dt=3.345609e-05
elapsed=4.055764e+03 cycle=125400 time=3.971481e+00 dt=2.961378e-05
elapsed=4.058967e+03 cycle=125500 time=3.974399e+00 dt=2.923169e-05
elapsed=4.062169e+03 cycle=125600 time=3.977161e+00 dt=2.799459e-05
elapsed=4.065483e+03 cycle=125700 time=3.980373e+00 dt=3.318891e-05
elapsed=4.068681e+03 cycle=125800 time=3.983690e+00 dt=3.318740e-05
elapsed=4.071878e+03 cycle=125900 time=3.987011e+00 dt=3.318078e-05
elapsed=4.075189e+03 cycle=126000 time=3.990287e+00 dt=3.223347e-05
elapsed=4.078386e+03 cycle=126100 time=3.993467e+00 dt=3.132024e-05
elapsed=4.081582e+03 cycle=126200 time=3.996515e+00 dt=2.998568e-05
elapsed=4.084778e+03 cycle=126300 time=3.999474e+00 dt=2.912390e-05
elapsed=4.088120e+03 cycle=126400 time=4.002369e+00 dt=2.877281e-05
elapsed=4.091313e+03 cycle=126500 time=4.005222e+00 dt=2.834900e-05
elapsed=4.094506e+03 cycle=126600 time=4.008056e+00 dt=2.845476e-05
elapsed=4.097814e+03 cycle=126700 time=4.010915e+00 dt=2.934400e-05
elapsed=4.101005e+03 cycle=126800 time=4.013930e+00 dt=3.027672e-05
elapsed=4.104193e+03 cycle=126900 time=4.017045e+00 dt=3.204450e-05
elapsed=4.107495e+03 cycle=127000 time=4.020098e+00 dt=2.968512e-05
elapsed=4.110681e+03 cycle=127100 time=4.023226e+00 dt=3.121216e-05
elapsed=4.113865e+03 cycle=127200 time=4.026340e+00 dt=3.127671e-05
elapsed=4.117049e+03 cycle=127300 time=4.029470e+00 dt=3.122928e-05
elapsed=4.120350e+03 cycle=127400 time=4.032599e+00 dt=3.133496e-05
elapsed=4.123535e+03 cycle=127500 time=4.035758e+00 dt=3.174247e-05
elapsed=4.126720e+03 cycle=127600 time=4.038940e+00 dt=3.187308e-05
elapsed=4.130020e+03 cycle=127700 time=4.042143e+00 dt=3.242895e-05
elapsed=4.133205e+03 cycle=127800 time=4.045391e+00 dt=3.293469e-05
elapsed=4.136390e+03 cycle=127900 time=4.048623e+00 dt=3.158960e-05
elapsed=4.139691e+03 cycle=128000 time=4.051742e+00 dt=3.088246e-05
elapsed=4.142877e+03 cycle=128100 time=4.054788e+00 dt=3.057279e-05
elapsed=4.146063e+03 cycle=128200 time=4.057761e+00 dt=3.050129e-05
elapsed=4.149365e+03 cycle=128300 time=4.060930e+00 dt=3.168949e-05
elapsed=4.152550e+03 cycle=128400 time=4.064149e+00 dt=3.323598e-05
elapsed=4.155736e+03 cycle=128500 time=4.067464e+00 dt=3.290711e-05
elapsed=4.159038e+03 cycle=128600 time=4.070766e+00 dt=3.331502e-05
elapsed=4.162224e+03 cycle=128700 time=4.074100e+00 dt=3.322465e-05
elapsed=4.165407e+03 cycle=128800 time=4.077421e+00 dt=3.324126e-05
elapsed=4.168708e+03 cycle=128900 time=4.080740e+00 dt=3.305024e-05
elapsed=4.171891e+03 cycle=129000 time=4.084022e+00 dt=3.198356e-05
elapsed=4.175072e+03 cycle=129100 time=4.087113e+00 dt=2.994156e-05
elapsed=4.178369e+03 cycle=129200 time=4.090031e+00 dt=2.946118e-05
elapsed=4.181548e+03 cycle=129300 time=4.092968e+00 dt=2.949995e-05
elapsed=4.184726e+03 cycle=129400 time=4.095970e+00 dt=3.005106e-05
elapsed=4.187904e+03 cycle=129500 time=4.099125e+00 dt=3.405546e-05
elapsed=4.191202e+03 cycle=129600 time=4.102513e+00 dt=3.329037e-05
elapsed=4.194383e+03 cycle=129700 time=4.105763e+00 dt=3.179798e-05
elapsed=4.197564e+03 cycle=129800 time=4.108890e+00 dt=3.082873e-05
elapsed=4.200866e+03 cycle=129900 time=4.111936e+00 dt=3.046501e-05
elapsed=4.204046e+03 cycle=130000 time=4.115020e+00 dt=3.137190e-05
elapsed=4.207226e+03 cycle=130100 time=4.118266e+00 dt=3.371136e-05
elapsed=4.210523e+03 cycle=130200 time=4.121609e+00 dt=3.353356e-05
elapsed=4.213702e+03 cycle=130300 time=4.125029e+00 dt=3.413001e-05
elapsed=4.216882e+03 cycle=130400 time=4.128365e+00 dt=3.272859e-05
elapsed=4.220176e+03 cycle=130500 time=4.131648e+00 dt=3.276329e-05
elapsed=4.223354e+03 cycle=130600 time=4.134887e+00 dt=3.208266e-05
elapsed=4.226531e+03 cycle=130700 time=4.138056e+00 dt=3.125839e-05
elapsed=4.229824e+03 cycle=130800 time=4.141140e+00 dt=3.039074e-05
elapsed=4.233001e+03 cycle=130900 time=4.144142e+00 dt=2.955440e-05
elapsed=4.236178e+03 cycle=131000 time=4.147071e+00 dt=2.933578e-05
elapsed=4.239468e+03 cycle=131100 time=4.150137e+00 dt=3.182467e-05
elapsed=4.242641e+03 cycle=131200 time=4.153265e+00 dt=3.113302e-05
elapsed=4.245813e+03 cycle=131300 time=4.156385e+00 dt=3.106144e-05
elapsed=4.248984e+03 cycle=131400 time=4.159446e+00 dt=3.027247e-05
elapsed=4.252269e+03 cycle=131500 time=4.162434e+00 dt=2.950569e-05
elapsed=4.255439e+03 cycle=131600 time=4.165401e+00 dt=3.055159e-05
elapsed=4.258608e+03 cycle=131700 time=4.168448e+00 dt=2.941134e-05
elapsed=4.261892e+03 cycle=131800 time=4.171462e+00 dt=3.163296e-05
elapsed=4.265061e+03 cycle=131900 time=4.174724e+00 dt=3.254447e-05
elapsed=4.268228e+03 cycle=132000 time=4.177973e+00 dt=3.256356e-05
elapsed=4.271512e+03 cycle=132100 time=4.181223e+00 dt=3.208650e-05
elapsed=4.274679e+03 cycle=132200 time=4.184383e+00 dt=3.116836e-05
elapsed=4.277846e+03 cycle=132300 time=4.187450e+00 dt=3.039010e-05
elapsed=4.281130e+03 cycle=132400 time=4.190534e+00 dt=3.202062e-05
elapsed=4.284297e+03 cycle=132500 time=4.193910e+00 dt=3.333727e-05
elapsed=4.287464e+03 cycle=132600 time=4.197164e+00 dt=3.184683e-05
elapsed=4.290749e+03 cycle=132700 time=4.200409e+00 dt=3.262871e-05
elapsed=4.293918e+03 cycle=132800 time=4.203739e+00 dt=3.373397e-05
elapsed=4.297089e+03 cycle=132900 time=4.207177e+00 dt=3.477323e-05
elapsed=4.300375e+03 cycle=133000 time=4.210621e+00 dt=3.346638e-05
elapsed=4.303547e+03 cycle=133100 time=4.213902e+00 dt=3.267131e-05
elapsed=4.306719e+03 cycle=133200 time=4.217241e+00 dt=3.239339e-05
elapsed=4.310008e+03 cycle=133300 time=4.220345e+00 dt=2.993385e-05
elapsed=4.313182e+03 cycle=133400 time=4.223324e+00 dt=2.986073e-05
elapsed=4.316356e+03 cycle=133500 time=4.226204e+00 dt=3.050712e-05
elapsed=4.319532e+03 cycle=133600 time=4.229482e+00 dt=3.302247e-05
elapsed=4.322823e+03 cycle=133700 time=4.232800e+00 dt=3.323997e-05
elapsed=4.326001e+03 cycle=133800 time=4.236156e+00 dt=3.396511e-05
elapsed=4.329182e+03 cycle=133900 time=4.239546e+00 dt=3.347644e-05
elapsed=4.332484e+03 cycle=134000 time=4.242773e+00 dt=3.097274e-05
elapsed=4.335668e+03 cycle=134100 time=4.245767e+00 dt=2.905061e-05
elapsed=4.338855e+03 cycle=134200 time=4.248624e+00 dt=2.859762e-05
elapsed=4.342155e+03 cycle=134300 time=4.251374e+00 dt=2.603295e-05
elapsed=4.345339e+03 cycle=134400 time=4.254008e+00 dt=2.761656e-05
elapsed=4.348524e+03 cycle=134500 time=4.256922e+00 dt=3.021307e-05
elapsed=4.351708e+03 cycle=134600 time=4.259889e+00 dt=2.929058e-05
elapsed=4.355010e+03 cycle=134700 time=4.262803e+00 dt=2.920846e-05
elapsed=4.358196e+03 cycle=134800 time=4.265732e+00 dt=2.933314e-05
elapsed=4.361381e+03 cycle=134900 time=4.268730e+00 dt=3.024104e-05
elapsed=4.364708e+03 cycle=135000 time=4.271732e+00 dt=3.011434e-05
elapsed=4.367894e+03 cycle=135100 time=4.274799e+00 dt=3.063353e-05
elapsed=4.371078e+03 cycle=135200 time=4.277862e+00 dt=3.084249e-05
elapsed=4.374379e+03 cycle=135300 time=4.280940e+00 dt=3.027912e-05
elapsed=4.377562e+03 cycle=135400 time=4.283937e+00 dt=2.956344e-05
elapsed=4.380745e+03 cycle=135500 time=4.286829e+00 dt=2.882472e-05
elapsed=4.383929e+03 cycle=135600 time=4.289878e+00 dt=3.095586e-05
elapsed=4.387227e+03 cycle=135700 time=4.292983e+00 dt=3.235987e-05
elapsed=4.390410e+03 cycle=135800 time=4.296257e+00 dt=3.345761e-05
elapsed=4.393593e+03 cycle=135900 time=4.299626e+00 dt=3.317660e-05
elapsed=4.396893e+03 cycle=136000 time=4.302860e+00 dt=3.126928e-05
elapsed=4.400076e+03 cycle=136100 time=4.305873e+00 dt=2.940356e-05
elapsed=4.403258e+03 cycle=136200 time=4.309077e+00 dt=3.360938e-05
elapsed=4.406557e+03 cycle=136300 time=4.312430e+00 dt=3.329908e-05
elapsed=4.409741e+03 cycle=136400 time=4.315721e+00 dt=3.225883e-05
elapsed=4.412926e+03 cycle=136500 time=4.318893e+00 dt=3.095114e-05
elapsed=4.416227e+03 cycle=136600 time=4.321917e+00 dt=3.010351e-05
elapsed=4.419411e+03 cycle=136700 time=4.324896e+00 dt=2.915602e-05
elapsed=4.422595e+03 cycle=136800 time=4.327832e+00 dt=3.027986e-05
elapsed=4.425892e+03 cycle=136900 time=4.330916e+00 dt=3.117353e-05
elapsed=4.429074e+03 cycle=137000 time=4.334011e+00 dt=3.118412e-05
elapsed=4.432256e+03 cycle=137100 time=4.337075e+00 dt=3.002835e-05
elapsed=4.435551e+03 cycle=137200 time=4.340175e+00 dt=3.134975e-05
elapsed=4.438732e+03 cycle=137300 time=4.343317e+00 dt=3.143796e-05
elapsed=4.441914e+03 cycle=137400 time=4.346461e+00 dt=3.092096e-05
elapsed=4.445095e+03 cycle=137500 time=4.349617e+00 dt=3.139033e-05
elapsed=4.448397e+03 cycle=137600 time=4.352738e+00 dt=3.095411e-05
elapsed=4.451579e+03 cycle=137700 time=4.355799e+00 dt=3.023204e-05
elapsed=4.454761e+03 cycle=137800 time=4.358804e+00 dt=3.029924e-05
elapsed=4.458058e+03 cycle=137900 time=4.361914e+00 dt=3.112960e-05
elapsed=4.461240e+03 cycle=138000 time=4.364970e+00 dt=3.074743e-05
elapsed=4.464423e+03 cycle=138100 time=4.368114e+00 dt=3.191835e-05
elapsed=4.467728e+03 cycle=138200 time=4.371182e+00 dt=2.953579e-05
elapsed=4.470915e+03 cycle=138300 time=4.374298e+00 dt=3.259006e-05
elapsed=4.474103e+03 cycle=138400 time=4.377502e+00 dt=3.153494e-05
elapsed=4.477406e+03 cycle=138500 time=4.380585e+00 dt=3.013479e-05
elapsed=4.480596e+03 cycle=138600 time=4.383525e+00 dt=2.843133e-05
elapsed=4.483787e+03 cycle=138700 time=4.386270e+00 dt=2.654270e-05
elapsed=4.486977e+03 cycle=138800 time=4.388877e+00 dt=2.589269e-05
elapsed=4.490284e+03 cycle=138900 time=4.391591e+00 dt=2.829304e-05
elapsed=4.493476e+03 cycle=139000 time=4.394535e+00 dt=3.071049e-05
elapsed=4.496667e+03 cycle=139100 time=4.397679e+00 dt=3.065665e-05
elapsed=4.499971e+03 cycle=139200 time=4.400653e+00 dt=2.916633e-05
elapsed=4.503160e+03 cycle=139300 time=4.403730e+00 dt=3.352399e-05
elapsed=4.506348e+03 cycle=139400 time=4.407072e+00 dt=3.343562e-05
elapsed=4.509650e+03 cycle=139500 time=4.410421e+00 dt=3.360550e-05
elapsed=4.512838e+03 cycle=139600 time=4.413765e+00 dt=3.317871e-05
elapsed=4.516028e+03 cycle=139700 time=4.417065e+00 dt=3.283112e-05
elapsed=4.519332e+03 cycle=139800 time=4.420330e+00 dt=3.251631e-05
elapsed=4.522524e+03 cycle=139900 time=4.423577e+00 dt=3.214391e-05
elapsed=4.525718e+03 cycle=140000 time=4.426703e+00 dt=3.055487e-05
elapsed=4.528911e+03 cycle=140100 time=4.429839e+00 dt=3.252118e-05
elapsed=4.532217e+03 cycle=140200 time=4.433032e+00 dt=3.120388e-05
elapsed=4.535408e+03 cycle=140300 time=4.436105e+00 dt=3.021209e-05
elapsed=4.538601e+03 cycle=140400 time=4.439096e+00 dt=2.961380e-05
elapsed=4.541909e+03 cycle=140500 time=4.442030e+00 dt=2.920914e-05
elapsed=4.545102e+03 cycle=140600 time=4.444975e+00 dt=2.953795e-05
elapsed=4.548295e+03 cycle=140700 time=4.448020e+00 dt=3.081507e-05
elapsed=4.551606e+03 cycle=140800 time=4.451064e+00 dt=3.030827e-05
elapsed=4.554800e+03 cycle=140900 time=4.454075e+00 dt=2.995811e-05
elapsed=4.557993e+03 cycle=141000 time=4.457063e+00 dt=2.967772e-05
elapsed=4.561303e+03 cycle=141100 time=4.460035e+00 dt=2.956679e-05
elapsed=4.564499e+03 cycle=141200 time=4.462960e+00 dt=2.887782e-05
elapsed=4.567694e+03 cycle=141300 time=4.465887e+00 dt=2.954944e-05
elapsed=4.570889e+03 cycle=141400 time=4.468804e+00 dt=2.838629e-05
elapsed=4.574200e+03 cycle=141500 time=4.471578e+00 dt=2.729629e-05
elapsed=4.577393e+03 cycle=141600 time=4.474363e+00 dt=2.809922e-05
elapsed=4.580585e+03 cycle=141700 time=4.477134e+00 dt=2.735152e-05
elapsed=4.583777e+03 cycle=141800 time=4.479840e+00 dt=2.645543e-05
elapsed=4.587085e+03 cycle=141900 time=4.482395e+00 dt=2.452095e-05
elapsed=4.590277e+03 cycle=142000 time=4.484773e+00 dt=2.330536e-05
elapsed=4.593471e+03 cycle=142100 time=4.487310e+00 dt=2.891947e-05
elapsed=4.596779e+03 cycle=142200 time=4.490397e+00 dt=3.063290e-05
elapsed=4.599973e+03 cycle=142300 time=4.493497e+00 dt=3.162250e-05
elapsed=4.603167e+03 cycle=142400 time=4.496758e+00 dt=3.303849e-05
elapsed=4.606361e+03 cycle=142500 time=4.499946e+00 dt=3.107281e-05
elapsed=4.609673e+03 cycle=142600 time=4.503093e+00 dt=3.230936e-05
elapsed=4.612868e+03 cycle=142700 time=4.506416e+00 dt=3.331124e-05
elapsed=4.616061e+03 cycle=142800 time=4.509657e+00 dt=3.152016e-05
elapsed=4.619373e+03 cycle=142900 time=4.512800e+00 dt=3.159222e-05
elapsed=4.622567e+03 cycle=143000 time=4.515875e+00 dt=2.984438e-05
elapsed=4.625760e+03 cycle=143100 time=4.518854e+00 dt=3.066907e-05
elapsed=4.629069e+03 cycle=143200 time=4.521976e+00 dt=2.978222e-05
elapsed=4.632262e+03 cycle=143300 time=4.524951e+00 dt=2.950228e-05
elapsed=4.635456e+03 cycle=143400 time=4.527935e+00 dt=2.947178e-05
elapsed=4.638764e+03 cycle=143500 time=4.530836e+00 dt=2.830065e-05
elapsed=4.641956e+03 cycle=143600 time=4.533604e+00 dt=2.734245e-05
elapsed=4.645148e+03 cycle=143700 time=4.536330e+00 dt=2.722759e-05
elapsed=4.648339e+03 cycle=143800 time=4.539067e+00 dt=2.771311e-05
elapsed=4.651646e+03 cycle=143900 time=4.541892e+00 dt=2.830182e-05
elapsed=4.654838e+03 cycle=144000 time=4.544717e+00 dt=2.945799e-05
elapsed=4.658028e+03 cycle=144100 time=4.547755e+00 dt=3.074641e-05
elapsed=4.661336e+03 cycle=144200 time=4.550715e+00 dt=2.852131e-05
elapsed=4.664528e+03 cycle=144300 time=4.553475e+00 dt=2.647298e-05
elapsed=4.667720e+03 cycle=144400 time=4.556033e+00 dt=2.557725e-05
elapsed=4.670913e+03 cycle=144500 time=4.558749e+00 dt=2.989617e-05
elapsed=4.674223e+03 cycle=144600 time=4.561769e+00 dt=2.990181e-05
elapsed=4.677418e+03 cycle=144700 time=4.564774e+00 dt=2.987476e-05
elapsed=4.680614e+03 cycle=144800 time=4.567672e+00 dt=2.823017e-05
elapsed=4.683925e+03 cycle=144900 time=4.570702e+00 dt=3.345844e-05
elapsed=4.687121e+03 cycle=145000 time=4.574055e+00 dt=3.271131e-05
elapsed=4.690318e+03 cycle=145100 time=4.577328e+00 dt=3.283039e-05
elapsed=4.693631e+03 cycle=145200 time=4.580569e+00 dt=3.222980e-05
elapsed=4.696830e+03 cycle=145300 time=4.583718e+00 dt=3.031735e-05
elapsed=4.700031e+03 cycle=145400 time=4.586615e+00 dt=2.735609e-05
elapsed=4.703233e+03 cycle=145500 time=4.589479e+00 dt=2.961505e-05
elapsed=4.706550e+03 cycle=145600 time=4.592372e+00 dt=2.824011e-05
elapsed=4.709753e+03 cycle=145700 time=4.595137e+00 dt=2.835311e-05
elapsed=4.712957e+03 cycle=145800 time=4.598183e+00 dt=3.042323e-05
elapsed=4.716276e+03 cycle=145900 time=4.601211e+00 dt=3.029802e-05
elapsed=4.719481e+03 cycle=146000 time=4.604265e+00 dt=3.068562e-05
elapsed=4.722685e+03 cycle=146100 time=4.607302e+00 dt=3.022681e-05
elapsed=4.726008e+03 cycle=146200 time=4.610297e+00 dt=2.976744e-05
elapsed=4.729212e+03 cycle=146300 time=4.613287e+00 dt=3.032071e-05
elapsed=4.732415e+03 cycle=146400 time=4.616341e+00 dt=3.031223e-05
elapsed=4.735619e+03 cycle=146500 time=4.619343e+00 dt=2.985538e-05
elapsed=4.738939e+03 cycle=146600 time=4.622286e+00 dt=2.844786e-05
elapsed=4.742141e+03 cycle=146700 time=4.625200e+00 dt=2.953112e-05
elapsed=4.745340e+03 cycle=146800 time=4.628158e+00 dt=2.981628e-05
elapsed=4.748654e+03 cycle=146900 time=4.631185e+00 dt=3.039316e-05
elapsed=4.751853e+03 cycle=147000 time=4.634200e+00 dt=3.019989e-05
elapsed=4.755049e+03 cycle=147100 time=4.637165e+00 dt=2.888458e-05
elapsed=4.758361e+03 cycle=147200 time=4.640078e+00 dt=2.964810e-05
elapsed=4.761555e+03 cycle=147300 time=4.643180e+00 dt=3.178039e-05
elapsed=4.764747e+03 cycle=147400 time=4.646430e+00 dt=3.272721e-05
elapsed=4.767939e+03 cycle=147500 time=4.649710e+00 dt=3.293663e-05
elapsed=4.771249e+03 cycle=147600 time=4.652988e+00 dt=3.258458e-05
elapsed=4.774443e+03 cycle=147700 time=4.656234e+00 dt=3.187975e-05
elapsed=4.777638e+03 cycle=147800 time=4.659356e+00 dt=3.013724e-05
elapsed=4.780946e+03 cycle=147900 time=4.662322e+00 dt=3.029817e-05
elapsed=4.784139e+03 cycle=148000 time=4.665380e+00 dt=3.097354e-05
elapsed=4.787330e+03 cycle=148100 time=4.668498e+00 dt=3.121308e-05
elapsed=4.790634e+03 cycle=148200 time=4.671536e+00 dt=2.970959e-05
elapsed=4.793822e+03 cycle=148300 time=4.674567e+00 dt=3.005597e-05
elapsed=4.797011e+03 cycle=148400 time=4.677446e+00 dt=2.792902e-05
elapsed=4.800314e+03 cycle=148500 time=4.680246e+00 dt=2.853297e-05
elapsed=4.803504e+03 cycle=148600 time=4.683256e+00 dt=3.213188e-05
elapsed=4.806696e+03 cycle=148700 time=4.686469e+00 dt=3.190327e-05
elapsed=4.809887e+03 cycle=148800 time=4.689670e+00 dt=3.211248e-05
elapsed=4.813194e+03 cycle=148900 time=4.692802e+00 dt=3.062761e-05
elapsed=4.816383e+03 cycle=149000 time=4.695782e+00 dt=2.884664e-05
elapsed=4.819570e+03 cycle=149100 time=4.698665e+00 dt=2.892658e-05
elapsed=4.822873e+03 cycle=149200 time=4.701591e+00 dt=2.998429e-05
elapsed=4.826060e+03 cycle=149300 time=4.704447e+00 dt=2.678985e-05
elapsed=4.829247e+03 cycle=149400 time=4.707097e+00 dt=2.878162e-05
elapsed=4.832551e+03 cycle=149500 time=4.710200e+00 dt=3.029494e-05
elapsed=4.835737e+03 cycle=149600 time=4.713211e+00 dt=2.925508e-05
elapsed=4.838923e+03 cycle=149700 time=4.716010e+00 dt=2.728453e-05
elapsed=4.842109e+03 cycle=149800 time=4.718826e+00 dt=2.794213e-05
elapsed=4.845411e+03 cycle=149900 time=4.721594e+00 dt=2.780815e-05
elapsed=4.848598e+03 cycle=150000 time=4.724362e+00 dt=2.733714e-05
elapsed=4.851783e+03 cycle=150100 time=4.727153e+00 dt=2.837077e-05
elapsed=4.855085e+03 cycle=150200 time=4.730010e+00 dt=2.901181e-05
elapsed=4.858273e+03 cycle=150300 time=4.732982e+00 dt=2.988884e-05
elapsed=4.861461e+03 cycle=150400 time=4.736002e+00 dt=3.041220e-05
elapsed=4.864646e+03 cycle=150500 time=4.738991e+00 dt=2.839259e-05
elapsed=4.867944e+03 cycle=150600 time=4.741838e+00 dt=2.964337e-05
elapsed=4.871128e+03 cycle=150700 time=4.744790e+00 dt=2.908880e-05
elapsed=4.874312e+03 cycle=150800 time=4.747645e+00 dt=2.800828e-05
elapsed=4.877616e+03 cycle=150900 time=4.750405e+00 dt=2.730233e-05
elapsed=4.880802e+03 cycle=151000 time=4.753113e+00 dt=2.685638e-05
elapsed=4.883989e+03 cycle=151100 time=4.755786e+00 dt=2.665245e-05
elapsed=4.887176e+03 cycle=151200 time=4.758466e+00 dt=2.718261e-05
elapsed=4.890480e+03 cycle=151300 time=4.761262e+00 dt=2.810341e-05
elapsed=4.893667e+03 cycle=151400 time=4.764018e+00 dt=2.689080e-05
elapsed=4.896856e+03 cycle=151500 time=4.766645e+00 dt=2.585763e-05
elapsed=4.900044e+03 cycle=151600 time=4.769306e+00 dt=2.793922e-05
elapsed=4.903375e+03 cycle=151700 time=4.772074e+00 dt=2.729781e-05
elapsed=4.906564e+03 cycle=151800 time=4.774827e+00 dt=2.836548e-05
elapsed=4.909753e+03 cycle=151900 time=4.777654e+00 dt=2.792082e-05
elapsed=4.913058e+03 cycle=152000 time=4.780373e+00 dt=2.638596e-05
elapsed=4.916248e+03 cycle=152100 time=4.782943e+00 dt=2.498481e-05
elapsed=4.919439e+03 cycle=152200 time=4.785411e+00 dt=2.452315e-05
elapsed=4.922630e+03 cycle=152300 time=4.787823e+00 dt=2.359333e-05
elapsed=4.925939e+03 cycle=152400 time=4.790216e+00 dt=2.506580e-05
elapsed=4.929131e+03 cycle=152500 time=4.792923e+00 dt=2.929823e-05
elapsed=4.932321e+03 cycle=152600 time=4.795886e+00 dt=2.810167e-05
elapsed=4.935512e+03 cycle=152700 time=4.798722e+00 dt=2.989440e-05
elapsed=4.938817e+03 cycle=152800 time=4.801646e+00 dt=2.865725e-05
elapsed=4.942008e+03 cycle=152900 time=4.804525e+00 dt=2.925353e-05
elapsed=4.945200e+03 cycle=153000 time=4.807403e+00 dt=2.818672e-05
elapsed=4.948508e+03 cycle=153100 time=4.810264e+00 dt=2.871878e-05
elapsed=4.951700e+03 cycle=153200 time=4.813073e+00 dt=2.853498e-05
elapsed=4.954890e+03 cycle=153300 time=4.816077e+00 dt=3.033455e-05
elapsed=4.958079e+03 cycle=153400 time=4.819106e+00 dt=3.021723e-05
elapsed=4.961382e+03 cycle=153500 time=4.822106e+00 dt=2.973173e-05
elapsed=4.964571e+03 cycle=153600 time=4.825058e+00 dt=2.939561e-05
elapsed=4.967759e+03 cycle=153700 time=4.827980e+00 dt=2.882143e-05
elapsed=4.971061e+03 cycle=153800 time=4.830888e+00 dt=2.953044e-05
elapsed=4.974247e+03 cycle=153900 time=4.833848e+00 dt=2.965799e-05
elapsed=4.977434e+03 cycle=154000 time=4.836781e+00 dt=2.891623e-05
elapsed=4.980620e+03 cycle=154100 time=4.839708e+00 dt=2.942223e-05
elapsed=4.983921e+03 cycle=154200 time=4.842612e+00 dt=2.862630e-05
elapsed=4.987105e+03 cycle=154300 time=4.845390e+00 dt=2.661910e-05
elapsed=4.990289e+03 cycle=154400 time=4.847858e+00 dt=2.298596e-05
elapsed=4.993587e+03 cycle=154500 time=4.850183e+00 dt=2.469285e-05
elapsed=4.996770e+03 cycle=154600 time=4.852671e+00 dt=2.634188e-05
elapsed=4.999951e+03 cycle=154700 time=4.855584e+00 dt=3.020930e-05
elapsed=5.003133e+03 cycle=154800 time=4.858620e+00 dt=3.027437e-05
elapsed=5.006431e+03 cycle=154900 time=4.861599e+00 dt=2.929622e-05
elapsed=5.009615e+03 cycle=155000 time=4.864514e+00 dt=2.902806e-05
elapsed=5.012800e+03 cycle=155100 time=4.867429e+00 dt=2.930112e-05
elapsed=5.016101e+03 cycle=155200 time=4.870362e+00 dt=2.930031e-05
elapsed=5.019284e+03 cycle=155300 time=4.873308e+00 dt=2.949551e-05
elapsed=5.022468e+03 cycle=155400 time=4.876271e+00 dt=2.977336e-05
elapsed=5.025652e+03 cycle=155500 time=4.879252e+00 dt=3.005749e-05
elapsed=5.028950e+03 cycle=155600 time=4.882220e+00 dt=2.907925e-05
elapsed=5.032134e+03 cycle=155700 time=4.885074e+00 dt=2.873813e-05
elapsed=5.035319e+03 cycle=155800 time=4.888004e+00 dt=3.024419e-05
elapsed=5.038617e+03 cycle=155900 time=4.891118e+00 dt=3.125472e-05
elapsed=5.041800e+03 cycle=156000 time=4.894206e+00 dt=2.975456e-05
elapsed=5.044982e+03 cycle=156100 time=4.897234e+00 dt=2.949826e-05
elapsed=5.048279e+03 cycle=156200 time=4.900123e+00 dt=2.756643e-05
elapsed=5.051459e+03 cycle=156300 time=4.902841e+00 dt=2.705995e-05
elapsed=5.054641e+03 cycle=156400 time=4.905690e+00 dt=2.896225e-05
elapsed=5.057824e+03 cycle=156500 time=4.908487e+00 dt=2.768170e-05
elapsed=5.061127e+03 cycle=156600 time=4.911203e+00 dt=2.717774e-05
elapsed=5.064313e+03 cycle=156700 time=4.913969e+00 dt=2.828996e-05
elapsed=5.067501e+03 cycle=156800 time=4.916733e+00 dt=2.847584e-05
elapsed=5.070691e+03 cycle=156900 time=4.919665e+00 dt=3.071201e-05
elapsed=5.073998e+03 cycle=157000 time=4.922757e+00 dt=3.074399e-05
elapsed=5.077189e+03 cycle=157100 time=4.925817e+00 dt=3.070251e-05
elapsed=5.080379e+03 cycle=157200 time=4.928896e+00 dt=3.002233e-05
elapsed=5.083684e+03 cycle=157300 time=4.931888e+00 dt=2.920944e-05
elapsed=5.086874e+03 cycle=157400 time=4.934627e+00 dt=2.603556e-05
elapsed=5.090064e+03 cycle=157500 time=4.937243e+00 dt=2.754875e-05
elapsed=5.093257e+03 cycle=157600 time=4.939928e+00 dt=2.561057e-05
elapsed=5.096563e+03 cycle=157700 time=4.942570e+00 dt=2.681385e-05
elapsed=5.099752e+03 cycle=157800 time=4.945327e+00 dt=2.808760e-05
elapsed=5.102939e+03 cycle=157900 time=4.948229e+00 dt=2.952017e-05
elapsed=5.106241e+03 cycle=158000 time=4.951151e+00 dt=2.895318e-05
elapsed=5.109428e+03 cycle=158100 time=4.954041e+00 dt=2.893372e-05
elapsed=5.112613e+03 cycle=158200 time=4.956854e+00 dt=2.660599e-05
elapsed=5.115794e+03 cycle=158300 time=4.959445e+00 dt=2.608341e-05
elapsed=5.119090e+03 cycle=158400 time=4.962245e+00 dt=2.896541e-05
elapsed=5.122271e+03 cycle=158500 time=4.965100e+00 dt=2.819690e-05
elapsed=5.125453e+03 cycle=158600 time=4.967908e+00 dt=2.775484e-05
elapsed=5.128750e+03 cycle=158700 time=4.970762e+00 dt=3.037724e-05
elapsed=5.131930e+03 cycle=158800 time=4.973794e+00 dt=3.025377e-05
elapsed=5.135110e+03 cycle=158900 time=4.976642e+00 dt=2.801979e-05
elapsed=5.138290e+03 cycle=159000 time=4.979430e+00 dt=2.814361e-05
elapsed=5.141586e+03 cycle=159100 time=4.982254e+00 dt=2.886532e-05
elapsed=5.144768e+03 cycle=159200 time=4.985316e+00 dt=3.076231e-05
elapsed=5.147951e+03 cycle=159300 time=4.988366e+00 dt=3.023599e-05
elapsed=5.151251e+03 cycle=159400 time=4.991407e+00 dt=3.060474e-05
elapsed=5.154434e+03 cycle=159500 time=4.994424e+00 dt=2.982207e-05
elapsed=5.157619e+03 cycle=159600 time=4.997376e+00 dt=2.958600e-05
elapsed=5.160955e+03 cycle=159700 time=5.000377e+00 dt=3.008832e-05
elapsed=5.164142e+03 cycle=159800 time=5.003344e+00 dt=2.937399e-05
elapsed=5.167330e+03 cycle=159900 time=5.006360e+00 dt=3.102233e-05
elapsed=5.170519e+03 cycle=160000 time=5.009449e+00 dt=3.078177e-05
elapsed=5.173823e+03 cycle=160100 time=5.012518e+00 dt=3.052010e-05
elapsed=5.177013e+03 cycle=160200 time=5.015523e+00 dt=2.926610e-05
elapsed=5.180203e+03 cycle=160300 time=5.018461e+00 dt=2.999062e-05
elapsed=5.183508e+03 cycle=160400 time=5.021487e+00 dt=3.034792e-05
elapsed=5.186699e+03 cycle=160500 time=5.024517e+00 dt=3.021118e-05
elapsed=5.189890e+03 cycle=160600 time=5.027536e+00 dt=3.024125e-05
elapsed=5.193195e+03 cycle=160700 time=5.030555e+00 dt=3.018223e-05
elapsed=5.196384e+03 cycle=160800 time=5.033584e+00 dt=3.033888e-05
elapsed=5.199575e+03 cycle=160900 time=5.036621e+00 dt=3.041997e-05
elapsed=5.202766e+03 cycle=161000 time=5.039665e+00 dt=3.048751e-05
elapsed=5.206072e+03 cycle=161100 time=5.042718e+00 dt=2.999017e-05
elapsed=5.209264e+03 cycle=161200 time=5.045665e+00 dt=2.895923e-05
elapsed=5.212455e+03 cycle=161300 time=5.048512e+00 dt=2.834875e-05
elapsed=5.215763e+03 cycle=161400 time=5.051297e+00 dt=2.682616e-05
elapsed=5.218954e+03 cycle=161500 time=5.054079e+00 dt=2.982845e-05
elapsed=5.222145e+03 cycle=161600 time=5.057078e+00 dt=3.041021e-05
elapsed=5.225455e+03 cycle=161700 time=5.060124e+00 dt=3.105069e-05
elapsed=5.228648e+03 cycle=161800 time=5.063191e+00 dt=2.991340e-05
elapsed=5.231839e+03 cycle=161900 time=5.066212e+00 dt=3.140194e-05
elapsed=5.235030e+03 cycle=162000 time=5.069331e+00 dt=3.092555e-05
elapsed=5.238337e+03 cycle=162100 time=5.072402e+00 dt=3.017879e-05
elapsed=5.241530e+03 cycle=162200 time=5.075413e+00 dt=2.942055e-05
elapsed=5.244723e+03 cycle=162300 time=5.078352e+00 dt=2.927841e-05
elapsed=5.248033e+03 cycle=162400 time=5.081209e+00 dt=2.776839e-05
elapsed=5.251227e+03 cycle=162500 time=5.083903e+00 dt=2.644705e-05
elapsed=5.254422e+03 cycle=162600 time=5.086811e+00 dt=3.201204e-05
elapsed=5.257619e+03 cycle=162700 time=5.089978e+00 dt=3.114851e-05
elapsed=5.260931e+03 cycle=162800 time=5.093002e+00 dt=2.915573e-05
elapsed=5.264128e+03 cycle=162900 time=5.095811e+00 dt=2.749879e-05
elapsed=5.267326e+03 cycle=163000 time=5.098732e+00 dt=3.238357e-05
elapsed=5.270638e+03 cycle=163100 time=5.102066e+00 dt=3.324500e-05
elapsed=5.273836e+03 cycle=163200 time=5.105350e+00 dt=3.249645e-05
elapsed=5.277033e+03 cycle=163300 time=5.108589e+00 dt=3.231396e-05
elapsed=5.280347e+03 cycle=163400 time=5.111807e+00 dt=3.247723e-05
elapsed=5.283546e+03 cycle=163500 time=5.115024e+00 dt=3.171199e-05
elapsed=5.286745e+03 cycle=163600 time=5.118152e+00 dt=3.064458e-05
elapsed=5.290061e+03 cycle=163700 time=5.121268e+00 dt=3.143481e-05
elapsed=5.293261e+03 cycle=163800 time=5.124344e+00 dt=3.001254e-05
elapsed=5.296462e+03 cycle=163900 time=5.127231e+00 dt=2.841338e-05
elapsed=5.299778e+03 cycle=164000 time=5.130231e+00 dt=3.246016e-05
elapsed=5.302977e+03 cycle=164100 time=5.133454e+00 dt=3.215346e-05
elapsed=5.306177e+03 cycle=164200 time=5.136623e+00 dt=3.141120e-05
elapsed=5.309376e+03 cycle=164300 time=5.139826e+00 dt=3.272318e-05
elapsed=5.312692e+03 cycle=164400 time=5.143137e+00 dt=3.305010e-05
elapsed=5.315889e+03 cycle=164500 time=5.146408e+00 dt=3.238279e-05
elapsed=5.319087e+03 cycle=164600 time=5.149633e+00 dt=3.216813e-05
elapsed=5.322400e+03 cycle=164700 time=5.152852e+00 dt=3.228624e-05
elapsed=5.325598e+03 cycle=164800 time=5.155990e+00 dt=3.118991e-05
elapsed=5.328798e+03 cycle=164900 time=5.159079e+00 dt=3.006232e-05
elapsed=5.332113e+03 cycle=165000 time=5.162230e+00 dt=3.145157e-05
elapsed=5.335311e+03 cycle=165100 time=5.165373e+00 dt=3.145318e-05
elapsed=5.338508e+03 cycle=165200 time=5.168480e+00 dt=3.076968e-05
elapsed=5.341822e+03 cycle=165300 time=5.171619e+00 dt=3.193611e-05
elapsed=5.345020e+03 cycle=165400 time=5.174799e+00 dt=3.165050e-05
elapsed=5.348219e+03 cycle=165500 time=5.177852e+00 dt=2.948843e-05
elapsed=5.351534e+03 cycle=165600 time=5.180810e+00 dt=2.980766e-05
elapsed=5.354734e+03 cycle=165700 time=5.183709e+00 dt=2.792190e-05
elapsed=5.357933e+03 cycle=165800 time=5.186601e+00 dt=2.902297e-05
elapsed=5.361131e+03 cycle=165900 time=5.189444e+00 dt=2.784813e-05
elapsed=5.364446e+03 cycle=166000 time=5.192331e+00 dt=2.937016e-05
elapsed=5.367643e+03 cycle=166100 time=5.195215e+00 dt=2.822024e-05
elapsed=5.370841e+03 cycle=166200 time=5.198002e+00 dt=2.744168e-05
elapsed=5.374156e+03 cycle=166300 time=5.200741e+00 dt=2.770945e-05
elapsed=5.377355e+03 cycle=166400 time=5.203602e+00 dt=2.878362e-05
elapsed=5.380556e+03 cycle=166500 time=5.206445e+00 dt=2.825936e-05
elapsed=5.383754e+03 cycle=166600 time=5.209279e+00 dt=2.854975e-05
elapsed=5.387070e+03 cycle=166700 time=5.212195e+00 dt=2.977056e-05
elapsed=5.390268e+03 cycle=166800 time=5.215177e+00 dt=2.968435e-05
elapsed=5.393466e+03 cycle=166900 time=5.218101e+00 dt=2.993881e-05
elapsed=5.396778e+03 cycle=167000 time=5.221093e+00 dt=2.978979e-05
elapsed=5.399978e+03 cycle=167100 time=5.224066e+00 dt=2.981960e-05
elapsed=5.403177e+03 cycle=167200 time=5.227071e+00 dt=3.071916e-05
elapsed=5.406492e+03 cycle=167300 time=5.230169e+00 dt=3.060673e-05
elapsed=5.409692e+03 cycle=167400 time=5.233192e+00 dt=2.992259e-05
elapsed=5.412891e+03 cycle=167500 time=5.236157e+00 dt=2.927830e-05
elapsed=5.416091e+03 cycle=167600 time=5.239017e+00 dt=2.813630e-05
elapsed=5.419405e+03 cycle=167700 time=5.241853e+00 dt=2.897284e-05
elapsed=5.422603e+03 cycle=167800 time=5.244747e+00 dt=2.869899e-05
elapsed=5.425801e+03 cycle=167900 time=5.247603e+00 dt=2.842797e-05
elapsed=5.429116e+03 cycle=168000 time=5.250427e+00 dt=2.797565e-05
elapsed=5.432316e+03 cycle=168100 time=5.253190e+00 dt=2.729849e-05
elapsed=5.435514e+03 cycle=168200 time=5.255918e+00 dt=2.734549e-05
elapsed=5.438712e+03 cycle=168300 time=5.258623e+00 dt=2.620717e-05
elapsed=5.442025e+03 cycle=168400 time=5.261137e+00 dt=2.410827e-05
elapsed=5.445222e+03 cycle=168500 time=5.263495e+00 dt=2.375056e-05
elapsed=5.448421e+03 cycle=168600 time=5.266066e+00 dt=2.811631e-05
elapsed=5.451622e+03 cycle=168700 time=5.268838e+00 dt=2.731977e-05
elapsed=5.454940e+03 cycle=168800 time=5.271487e+00 dt=2.583548e-05
elapsed=5.458142e+03 cycle=168900 time=5.273948e+00 dt=2.384623e-05
elapsed=5.461345e+03 cycle=169000 time=5.276644e+00 dt=3.143990e-05
elapsed=5.464548e+03 cycle=169100 time=5.279814e+00 dt=2.992002e-05
elapsed=5.467864e+03 cycle=169200 time=5.282744e+00 dt=3.073773e-05
elapsed=5.471068e+03 cycle=169300 time=5.285658e+00 dt=2.969886e-05
elapsed=5.474272e+03 cycle=169400 time=5.288524e+00 dt=2.810072e-05
elapsed=5.477593e+03 cycle=169500 time=5.291354e+00 dt=3.008514e-05
elapsed=5.480797e+03 cycle=169600 time=5.294288e+00 dt=2.872450e-05
elapsed=5.484000e+03 cycle=169700 time=5.297144e+00 dt=3.007434e-05
elapsed=5.487319e+03 cycle=169800 time=5.300251e+00 dt=3.131181e-05
elapsed=5.490519e+03 cycle=169900 time=5.303377e+00 dt=3.128558e-05
elapsed=5.493719e+03 cycle=170000 time=5.306329e+00 dt=2.692225e-05
elapsed=5.496919e+03 cycle=170100 time=5.308959e+00 dt=3.073810e-05
elapsed=5.500231e+03 cycle=170200 time=5.312014e+00 dt=3.084384e-05
elapsed=5.503426e+03 cycle=170300 time=5.315170e+00 dt=3.206986e-05
elapsed=5.506621e+03 cycle=170400 time=5.318323e+00 dt=3.123379e-05
elapsed=5.509929e+03 cycle=170500 time=5.321352e+00 dt=2.903864e-05
elapsed=5.513119e+03 cycle=170600 time=5.324200e+00 dt=2.836115e-05
elapsed=5.516308e+03 cycle=170700 time=5.327127e+00 dt=3.151152e-05
elapsed=5.519613e+03 cycle=170800 time=5.330250e+00 dt=3.069315e-05
elapsed=5.522799e+03 cycle=170900 time=5.333268e+00 dt=2.980662e-05
elapsed=5.525982e+03 cycle=171000 time=5.336239e+00 dt=2.987657e-05
elapsed=5.529165e+03 cycle=171100 time=5.339273e+00 dt=3.009897e-05
elapsed=5.532462e+03 cycle=171200 time=5.342171e+00 dt=2.833375e-05
elapsed=5.535647e+03 cycle=171300 time=5.345032e+00 dt=2.929773e-05
elapsed=5.538834e+03 cycle=171400 time=5.348035e+00 dt=3.014875e-05
elapsed=5.542141e+03 cycle=171500 time=5.351037e+00 dt=2.985691e-05
elapsed=5.545329e+03 cycle=171600 time=5.354009e+00 dt=2.972614e-05
elapsed=5.548520e+03 cycle=171700 time=5.357011e+00 dt=2.978053e-05
elapsed=5.551711e+03 cycle=171800 time=5.359916e+00 dt=2.858727e-05
elapsed=5.555017e+03 cycle=171900 time=5.362789e+00 dt=2.915904e-05
elapsed=5.558206e+03 cycle=172000 time=5.365779e+00 dt=2.960237e-05
elapsed=5.561394e+03 cycle=172100 time=5.368683e+00 dt=2.910925e-05
elapsed=5.564697e+03 cycle=172200 time=5.371632e+00 dt=2.905106e-05
elapsed=5.567884e+03 cycle=172300 time=5.374533e+00 dt=2.961890e-05
elapsed=5.571071e+03 cycle=172400 time=5.377501e+00 dt=2.946112e-05
elapsed=5.574372e+03 cycle=172500 time=5.380347e+00 dt=2.747962e-05
elapsed=5.577559e+03 cycle=172600 time=5.383036e+00 dt=2.596974e-05
elapsed=5.580744e+03 cycle=172700 time=5.385514e+00 dt=2.394584e-05
elapsed=5.583929e+03 cycle=172800 time=5.387962e+00 dt=2.690374e-05
elapsed=5.587230e+03 cycle=172900 time=5.390739e+00 dt=2.813857e-05
elapsed=5.590417e+03 cycle=173000 time=5.393557e+00 dt=2.730539e-05
elapsed=5.593604e+03 cycle=173100 time=5.396146e+00 dt=2.595666e-05
elapsed=5.596791e+03 cycle=173200 time=5.398934e+00 dt=2.906938e-05
elapsed=5.600094e+03 cycle=173300 time=5.401804e+00 dt=2.826074e-05
elapsed=5.603279e+03 cycle=173400 time=5.404550e+00 dt=2.601173e-05
elapsed=5.606464e+03 cycle=173500 time=5.407197e+00 dt=2.801036e-05
elapsed=5.609647e+03 cycle=173600 time=5.409994e+00 dt=2.870663e-05
elapsed=5.612947e+03 cycle=173700 time=5.412968e+00 dt=2.960446e-05
elapsed=5.616128e+03 cycle=173800 time=5.415875e+00 dt=2.820153e-05
elapsed=5.619311e+03 cycle=173900 time=5.418668e+00 dt=2.757639e-05
elapsed=5.622610e+03 cycle=174000 time=5.421432e+00 dt=2.763192e-05
elapsed=5.625791e+03 cycle=174100 time=5.424121e+00 dt=2.565912e-05
elapsed=5.628970e+03 cycle=174200 time=5.426561e+00 dt=2.404551e-05
elapsed=5.632151e+03 cycle=174300 time=5.429014e+00 dt=2.514204e-05
elapsed=5.635448e+03 cycle=174400 time=5.431559e+00 dt=2.623530e-05
elapsed=5.638632e+03 cycle=174500 time=5.434287e+00 dt=2.961941e-05
elapsed=5.641817e+03 cycle=174600 time=5.437247e+00 dt=2.931102e-05
elapsed=5.645120e+03 cycle=174700 time=5.440148e+00 dt=2.871731e-05
elapsed=5.648305e+03 cycle=174800 time=5.442999e+00 dt=2.816090e-05
elapsed=5.651489e+03 cycle=174900 time=5.445672e+00 dt=2.511050e-05
elapsed=5.654673e+03 cycle=175000 time=5.448152e+00 dt=2.696390e-05
elapsed=5.657973e+03 cycle=175100 time=5.450953e+00 dt=2.795468e-05
elapsed=5.661157e+03 cycle=175200 time=5.453804e+00 dt=2.837975e-05
elapsed=5.664340e+03 cycle=175300 time=5.456509e+00 dt=2.573920e-05
elapsed=5.667522e+03 cycle=175400 time=5.459025e+00 dt=2.619676e-05
elapsed=5.670820e+03 cycle=175500 time=5.461757e+00 dt=2.711900e-05
elapsed=5.674000e+03 cycle=175600 time=5.464402e+00 dt=2.586151e-05
elapsed=5.677179e+03 cycle=175700 time=5.466978e+00 dt=2.573069e-05
elapsed=5.680360e+03 cycle=175800 time=5.469615e+00 dt=2.682457e-05
elapsed=5.683660e+03 cycle=175900 time=5.472248e+00 dt=2.570332e-05
elapsed=5.686843e+03 cycle=176000 time=5.474760e+00 dt=2.479115e-05
elapsed=5.690022e+03 cycle=176100 time=5.477250e+00 dt=2.411085e-05
elapsed=5.693201e+03 cycle=176200 time=5.479590e+00 dt=2.368950e-05
elapsed=5.696499e+03 cycle=176300 time=5.482201e+00 dt=2.987034e-05
elapsed=5.699677e+03 cycle=176400 time=5.485316e+00 dt=3.130084e-05
elapsed=5.702850e+03 cycle=176500 time=5.488272e+00 dt=2.828149e-05
elapsed=5.706144e+03 cycle=176600 time=5.491214e+00 dt=3.156357e-05
elapsed=5.709316e+03 cycle=176700 time=5.494370e+00 dt=3.120370e-05
elapsed=5.712488e+03 cycle=176800 time=5.497413e+00 dt=2.915831e-05
elapsed=5.715780e+03 cycle=176900 time=5.500316e+00 dt=2.941546e-05
elapsed=5.718955e+03 cycle=177000 time=5.503219e+00 dt=2.857691e-05
elapsed=5.722132e+03 cycle=177100 time=5.506070e+00 dt=2.854441e-05
elapsed=5.725310e+03 cycle=177200 time=5.508945e+00 dt=2.908322e-05
elapsed=5.728607e+03 cycle=177300 time=5.511870e+00 dt=2.923344e-05
elapsed=5.731784e+03 cycle=177400 time=5.514775e+00 dt=2.881786e-05
elapsed=5.734958e+03 cycle=177500 time=5.517595e+00 dt=2.714050e-05
elapsed=5.738248e+03 cycle=177600 time=5.520195e+00 dt=2.486824e-05
elapsed=5.741421e+03 cycle=177700 time=5.522659e+00 dt=2.553527e-05
elapsed=5.744593e+03 cycle=177800 time=5.525365e+00 dt=2.729950e-05
elapsed=5.747765e+03 cycle=177900 time=5.528148e+00 dt=2.853135e-05
elapsed=5.751058e+03 cycle=178000 time=5.531059e+00 dt=2.914585e-05
elapsed=5.754232e+03 cycle=178100 time=5.533984e+00 dt=2.947322e-05
elapsed=5.757409e+03 cycle=178200 time=5.536936e+00 dt=2.919605e-05
elapsed=5.760590e+03 cycle=178300 time=5.539793e+00 dt=2.798925e-05
elapsed=5.763890e+03 cycle=178400 time=5.542551e+00 dt=2.704388e-05
elapsed=5.767072e+03 cycle=178500 time=5.545219e+00 dt=2.637893e-05
elapsed=5.770252e+03 cycle=178600 time=5.547838e+00 dt=2.614137e-05
elapsed=5.773550e+03 cycle=178700 time=5.550415e+00 dt=2.529733e-05
elapsed=5.776729e+03 cycle=178800 time=5.552935e+00 dt=2.537320e-05
elapsed=5.779907e+03 cycle=178900 time=5.555539e+00 dt=2.628973e-05
elapsed=5.783083e+03 cycle=179000 time=5.558133e+00 dt=2.603948e-05
elapsed=5.786375e+03 cycle=179100 time=5.560735e+00 dt=2.593575e-05
elapsed=5.789552e+03 cycle=179200 time=5.563288e+00 dt=2.505146e-05
elapsed=5.792730e+03 cycle=179300 time=5.565780e+00 dt=2.603743e-05
elapsed=5.795908e+03 cycle=179400 time=5.568537e+00 dt=2.741229e-05
elapsed=5.799206e+03 cycle=179500 time=5.571244e+00 dt=2.668650e-05
elapsed=5.802385e+03 cycle=179600 time=5.573878e+00 dt=2.602673e-05
elapsed=5.805566e+03 cycle=179700 time=5.576465e+00 dt=2.579865e-05
elapsed=5.808749e+03 cycle=179800 time=5.579085e+00 dt=2.643090e-05
elapsed=5.812052e+03 cycle=179900 time=5.581737e+00 dt=2.677746e-05
elapsed=5.815239e+03 cycle=180000 time=5.584386e+00 dt=2.725938e-05
elapsed=5.818425e+03 cycle=180100 time=5.587206e+00 dt=2.793889e-05
elapsed=5.821613e+03 cycle=180200 time=5.589969e+00 dt=2.735988e-05
elapsed=5.824922e+03 cycle=180300 time=5.592712e+00 dt=2.740250e-05
elapsed=5.828111e+03 cycle=180400 time=5.595487e+00 dt=2.826024e-05
elapsed=5.831300e+03 cycle=180500 time=5.598391e+00 dt=2.985630e-05
elapsed=5.834607e+03 cycle=180600 time=5.601325e+00 dt=2.845811e-05
elapsed=5.837797e+03 cycle=180700 time=5.604143e+00 dt=2.817407e-05
elapsed=5.840987e+03 cycle=180800 time=5.606919e+00 dt=2.762561e-05
elapsed=5.844175e+03 cycle=180900 time=5.609844e+00 dt=3.121184e-05
elapsed=5.847481e+03 cycle=181000 time=5.612919e+00 dt=2.962979e-05
elapsed=5.850669e+03 cycle=181100 time=5.615745e+00 dt=2.704139e-05
elapsed=5.853856e+03 cycle=181200 time=5.618387e+00 dt=2.640426e-05
elapsed=5.857160e+03 cycle=181300 time=5.621361e+00 dt=3.061148e-05
elapsed=5.860346e+03 cycle=181400 time=5.624433e+00 dt=3.088045e-05
elapsed=5.863532e+03 cycle=181500 time=5.627508e+00 dt=3.044536e-05
elapsed=5.866834e+03 cycle=181600 time=5.630399e+00 dt=2.784337e-05
elapsed=5.870021e+03 cycle=181700 time=5.633313e+00 dt=2.875810e-05
elapsed=5.873208e+03 cycle=181800 time=5.636200e+00 dt=2.975242e-05
elapsed=5.876395e+03 cycle=181900 time=5.639426e+00 dt=3.295739e-05
elapsed=5.879699e+03 cycle=182000 time=5.642723e+00 dt=3.202072e-05
elapsed=5.882889e+03 cycle=182100 time=5.645763e+00 dt=2.859127e-05
elapsed=5.886081e+03 cycle=182200 time=5.648489e+00 dt=2.698476e-05
elapsed=5.889391e+03 cycle=182300 time=5.651115e+00 dt=2.721126e-05
elapsed=5.892581e+03 cycle=182400 time=5.653924e+00 dt=2.843225e-05
elapsed=5.895769e+03 cycle=182500 time=5.656895e+00 dt=3.028845e-05
elapsed=5.898956e+03 cycle=182600 time=5.659908e+00 dt=2.996658e-05
elapsed=5.902260e+03 cycle=182700 time=5.662828e+00 dt=2.917464e-05
elapsed=5.905446e+03 cycle=182800 time=5.665877e+00 dt=3.118328e-05
elapsed=5.908632e+03 cycle=182900 time=5.668935e+00 dt=3.034782e-05
elapsed=5.911937e+03 cycle=183000 time=5.672042e+00 dt=3.237807e-05
elapsed=5.915124e+03 cycle=183100 time=5.675309e+00 dt=3.232246e-05
elapsed=5.918308e+03 cycle=183200 time=5.678486e+00 dt=3.143317e-05
elapsed=5.921609e+03 cycle=183300 time=5.681631e+00 dt=3.145317e-05
elapsed=5.924794e+03 cycle=183400 time=5.684662e+00 dt=2.926250e-05
elapsed=5.927980e+03 cycle=183500 time=5.687709e+00 dt=3.111035e-05
elapsed=5.931282e+03 cycle=183600 time=5.690795e+00 dt=3.073567e-05
elapsed=5.934467e+03 cycle=183700 time=5.693866e+00 dt=3.067553e-05
elapsed=5.937654e+03 cycle=183800 time=5.696972e+00 dt=3.129874e-05
elapsed=5.940958e+03 cycle=183900 time=5.700065e+00 dt=3.047119e-05
elapsed=5.944148e+03 cycle=184000 time=5.703066e+00 dt=2.957226e-05
elapsed=5.947340e+03 cycle=184100 time=5.706006e+00 dt=2.940067e-05
elapsed=5.950530e+03 cycle=184200 time=5.708963e+00 dt=2.987793e-05
elapsed=5.953838e+03 cycle=184300 time=5.711943e+00 dt=2.905537e-05
elapsed=5.957028e+03 cycle=184400 time=5.714752e+00 dt=2.737130e-05
elapsed=5.960220e+03 cycle=184500 time=5.717464e+00 dt=2.744355e-05
elapsed=5.963528e+03 cycle=184600 time=5.720141e+00 dt=2.588054e-05
elapsed=5.966720e+03 cycle=184700 time=5.722624e+00 dt=2.375947e-05
elapsed=5.969913e+03 cycle=184800 time=5.724937e+00 dt=2.284226e-05
elapsed=5.973105e+03 cycle=184900 time=5.727393e+00 dt=2.839809e-05
elapsed=5.976418e+03 cycle=185000 time=5.730514e+00 dt=3.166131e-05
elapsed=5.979612e+03 cycle=185100 time=5.733696e+00 dt=3.100012e-05
elapsed=5.982807e+03 cycle=185200 time=5.736587e+00 dt=2.993881e-05
elapsed=5.986003e+03 cycle=185300 time=5.739724e+00 dt=3.184852e-05
elapsed=5.989315e+03 cycle=185400 time=5.742893e+00 dt=3.149747e-05
elapsed=5.992508e+03 cycle=185500 time=5.746006e+00 dt=3.027330e-05
elapsed=5.995701e+03 cycle=185600 time=5.748977e+00 dt=3.074045e-05
elapsed=5.999012e+03 cycle=185700 time=5.752101e+00 dt=3.114844e-05
elapsed=6.002203e+03 cycle=185800 time=5.755162e+00 dt=3.003610e-05
elapsed=6.005392e+03 cycle=185900 time=5.758166e+00 dt=2.974064e-05
elapsed=6.008698e+03 cycle=186000 time=5.761133e+00 dt=2.950862e-05
elapsed=6.011886e+03 cycle=186100 time=5.764057e+00 dt=2.858798e-05
elapsed=6.015072e+03 cycle=186200 time=5.766948e+00 dt=3.011357e-05
elapsed=6.018374e+03 cycle=186300 time=5.770060e+00 dt=3.109270e-05
elapsed=6.021558e+03 cycle=186400 time=5.773104e+00 dt=2.982358e-05
elapsed=6.024741e+03 cycle=186500 time=5.776052e+00 dt=2.934533e-05
elapsed=6.027924e+03 cycle=186600 time=5.779016e+00 dt=3.002599e-05
elapsed=6.031221e+03 cycle=186700 time=5.781995e+00 dt=2.955423e-05
elapsed=6.034403e+03 cycle=186800 time=5.784943e+00 dt=2.951912e-05
elapsed=6.037586e+03 cycle=186900 time=5.787913e+00 dt=2.934756e-05
elapsed=6.040887e+03 cycle=187000 time=5.790876e+00 dt=2.953493e-05
elapsed=6.044071e+03 cycle=187100 time=5.793768e+00 dt=2.938918e-05
elapsed=6.047254e+03 cycle=187200 time=5.796686e+00 dt=2.906806e-05
elapsed=6.050435e+03 cycle=187300 time=5.799593e+00 dt=2.890831e-05
elapsed=6.053732e+03 cycle=187400 time=5.802456e+00 dt=2.840829e-05
elapsed=6.056914e+03 cycle=187500 time=5.805271e+00 dt=2.773317e-05
elapsed=6.060095e+03 cycle=187600 time=5.807999e+00 dt=2.703212e-05
elapsed=6.063392e+03 cycle=187700 time=5.810719e+00 dt=2.720480e-05
elapsed=6.066568e+03 cycle=187800 time=5.813437e+00 dt=2.693043e-05
elapsed=6.069747e+03 cycle=187900 time=5.816111e+00 dt=2.673292e-05
elapsed=6.072923e+03 cycle=188000 time=5.818771e+00 dt=2.648923e-05
elapsed=6.076212e+03 cycle=188100 time=5.821483e+00 dt=2.808281e-05
elapsed=6.079385e+03 cycle=188200 time=5.824407e+00 dt=3.035507e-05
elapsed=6.082559e+03 cycle=188300 time=5.827438e+00 dt=3.009763e-05
elapsed=6.085852e+03 cycle=188400 time=5.830422e+00 dt=2.968173e-05
elapsed=6.089029e+03 cycle=188500 time=5.833375e+00 dt=2.934553e-05
elapsed=6.092206e+03 cycle=188600 time=5.836293e+00 dt=2.901179e-05
elapsed=6.095384e+03 cycle=188700 time=5.839183e+00 dt=2.875347e-05
elapsed=6.098679e+03 cycle=188800 time=5.842034e+00 dt=2.808418e-05
elapsed=6.101857e+03 cycle=188900 time=5.844776e+00 dt=2.661812e-05
elapsed=6.105036e+03 cycle=189000 time=5.847350e+00 dt=2.484559e-05
elapsed=6.108213e+03 cycle=189100 time=5.849758e+00 dt=2.338154e-05
elapsed=6.111508e+03 cycle=189200 time=5.852049e+00 dt=2.251385e-05
elapsed=6.114686e+03 cycle=189300 time=5.854308e+00 dt=2.294786e-05
elapsed=6.117866e+03 cycle=189400 time=5.856730e+00 dt=2.687339e-05
elapsed=6.121045e+03 cycle=189500 time=5.859596e+00 dt=2.995761e-05
elapsed=6.124342e+03 cycle=189600 time=5.862577e+00 dt=2.961842e-05
elapsed=6.127520e+03 cycle=189700 time=5.865476e+00 dt=2.806176e-05
elapsed=6.130699e+03 cycle=189800 time=5.868251e+00 dt=2.725796e-05
elapsed=6.133998e+03 cycle=189900 time=5.870871e+00 dt=2.512253e-05
elapsed=6.137175e+03 cycle=190000 time=5.873339e+00 dt=2.505466e-05
elapsed=6.140352e+03 cycle=190100 time=5.875999e+00 dt=2.738188e-05
elapsed=6.143526e+03 cycle=190200 time=5.878765e+00 dt=2.778353e-05
elapsed=6.146816e+03 cycle=190300 time=5.881559e+00 dt=2.819677e-05
elapsed=6.149991e+03 cycle=190400 time=5.884380e+00 dt=2.788205e-05
elapsed=6.153166e+03 cycle=190500 time=5.887141e+00 dt=2.741384e-05
elapsed=6.156341e+03 cycle=190600 time=5.889873e+00 dt=2.702749e-05
elapsed=6.159633e+03 cycle=190700 time=5.892617e+00 dt=2.818363e-05
elapsed=6.162808e+03 cycle=190800 time=5.895469e+00 dt=2.867475e-05
elapsed=6.165984e+03 cycle=190900 time=5.898332e+00 dt=2.890688e-05
elapsed=6.169275e+03 cycle=191000 time=5.901292e+00 dt=2.974389e-05
elapsed=6.172451e+03 cycle=191100 time=5.904230e+00 dt=2.931864e-05
elapsed=6.175627e+03 cycle=191200 time=5.907243e+00 dt=3.077878e-05
elapsed=6.178921e+03 cycle=191300 time=5.910275e+00 dt=3.026589e-05
elapsed=6.182096e+03 cycle=191400 time=5.913376e+00 dt=3.224576e-05
elapsed=6.185269e+03 cycle=191500 time=5.916556e+00 dt=3.101174e-05
elapsed=6.188442e+03 cycle=191600 time=5.919642e+00 dt=3.182789e-05
elapsed=6.191734e+03 cycle=191700 time=5.922912e+00 dt=3.319728e-05
elapsed=6.194908e+03 cycle=191800 time=5.926203e+00 dt=3.239126e-05
elapsed=6.198081e+03 cycle=191900 time=5.929375e+00 dt=3.143849e-05
elapsed=6.201373e+03 cycle=192000 time=5.932489e+00 dt=3.019380e-05
elapsed=6.204549e+03 cycle=192100 time=5.935430e+00 dt=2.896751e-05
elapsed=6.207725e+03 cycle=192200 time=5.938339e+00 dt=2.938668e-05
elapsed=6.211017e+03 cycle=192300 time=5.941356e+00 dt=3.081964e-05
elapsed=6.214193e+03 cycle=192400 time=5.944404e+00 dt=3.002623e-05
elapsed=6.217370e+03 cycle=192500 time=5.947335e+00 dt=2.838006e-05
elapsed=6.220664e+03 cycle=192600 time=5.950088e+00 dt=2.709474e-05
elapsed=6.223840e+03 cycle=192700 time=5.952998e+00 dt=3.262054e-05
elapsed=6.227016e+03 cycle=192800 time=5.956323e+00 dt=3.290800e-05
elapsed=6.230192e+03 cycle=192900 time=5.959498e+00 dt=3.085653e-05
elapsed=6.233484e+03 cycle=193000 time=5.962501e+00 dt=2.938967e-05
elapsed=6.236659e+03 cycle=193100 time=5.965534e+00 dt=3.269229e-05
elapsed=6.239834e+03 cycle=193200 time=5.968858e+00 dt=3.173862e-05
elapsed=6.243122e+03 cycle=193300 time=5.971830e+00 dt=2.847597e-05
elapsed=6.246295e+03 cycle=193400 time=5.974653e+00 dt=2.697908e-05
elapsed=6.249467e+03 cycle=193500 time=5.977385e+00 dt=2.963884e-05
elapsed=6.252754e+03 cycle=193600 time=5.980269e+00 dt=2.811273e-05
elapsed=6.255926e+03 cycle=193700 time=5.983536e+00 dt=3.386209e-05
elapsed=6.259100e+03 cycle=193800 time=5.986908e+00 dt=3.349676e-05
elapsed=6.262391e+03 cycle=193900 time=5.990230e+00 dt=3.289517e-05
elapsed=6.265568e+03 cycle=194000 time=5.993496e+00 dt=3.248554e-05
elapsed=6.268744e+03 cycle=194100 time=5.996748e+00 dt=3.263937e-05
elapsed=6.271923e+03 cycle=194200 time=5.999982e+00 dt=3.211511e-05
elapsed=6.275256e+03 cycle=194300 time=6.003211e+00 dt=3.261937e-05
elapsed=6.278436e+03 cycle=194400 time=6.006488e+00 dt=3.280227e-05
elapsed=6.281617e+03 cycle=194500 time=6.009782e+00 dt=3.223596e-05
elapsed=6.284911e+03 cycle=194600 time=6.013114e+00 dt=3.405822e-05
elapsed=6.288091e+03 cycle=194700 time=6.016471e+00 dt=3.305845e-05
elapsed=6.291273e+03 cycle=194800 time=6.019737e+00 dt=3.239491e-05
elapsed=6.294570e+03 cycle=194900 time=6.022966e+00 dt=3.232881e-05
elapsed=6.297753e+03 cycle=195000 time=6.026199e+00 dt=3.232154e-05
elapsed=6.300935e+03 cycle=195100 time=6.029438e+00 dt=3.248904e-05
elapsed=6.304232e+03 cycle=195200 time=6.032707e+00 dt=3.317616e-05
elapsed=6.307414e+03 cycle=195300 time=6.035986e+00 dt=3.242390e-05
elapsed=6.310596e+03 cycle=195400 time=6.039204e+00 dt=3.190837e-05
elapsed=6.313895e+03 cycle=195500 time=6.042365e+00 dt=3.160928e-05
elapsed=6.317079e+03 cycle=195600 time=6.045536e+00 dt=3.183022e-05
elapsed=6.320263e+03 cycle=195700 time=6.048687e+00 dt=3.118857e-05
elapsed=6.323560e+03 cycle=195800 time=6.051767e+00 dt=3.024367e-05
elapsed=6.326742e+03 cycle=195900 time=6.054724e+00 dt=2.930002e-05
elapsed=6.329923e+03 cycle=196000 time=6.057607e+00 dt=2.839593e-05
elapsed=6.333216e+03 cycle=196100 time=6.060434e+00 dt=2.816431e-05
elapsed=6.336393e+03 cycle=196200 time=6.063313e+00 dt=2.932497e-05
elapsed=6.339571e+03 cycle=196300 time=6.066316e+00 dt=3.098961e-05
elapsed=6.342749e+03 cycle=196400 time=6.069393e+00 dt=2.986959e-05
elapsed=6.346043e+03 cycle=196500 time=6.072330e+00 dt=2.863947e-05
elapsed=6.349222e+03 cycle=196600 time=6.075060e+00 dt=2.615913e-05
elapsed=6.352402e+03 cycle=196700 time=6.077638e+00 dt=2.584993e-05
elapsed=6.355699e+03 cycle=196800 time=6.080349e+00 dt=2.821042e-05
elapsed=6.358879e+03 cycle=196900 time=6.083232e+00 dt=2.986279e-05
elapsed=6.362059e+03 cycle=197000 time=6.086354e+00 dt=3.200384e-05
elapsed=6.365239e+03 cycle=197100 time=6.089393e+00 dt=2.931683e-05
elapsed=6.368533e+03 cycle=197200 time=6.092231e+00 dt=2.768591e-05
elapsed=6.371711e+03 cycle=197300 time=6.095016e+00 dt=2.802327e-05
elapsed=6.374893e+03 cycle=197400 time=6.098075e+00 dt=3.254722e-05
elapsed=6.378190e+03 cycle=197500 time=6.101360e+00 dt=3.266295e-05
elapsed=6.381373e+03 cycle=197600 time=6.104587e+00 dt=3.189894e-05
elapsed=6.384556e+03 cycle=197700 time=6.107762e+00 dt=3.150472e-05
elapsed=6.387855e+03 cycle=197800 time=6.110913e+00 dt=3.150864e-05
elapsed=6.391040e+03 cycle=197900 time=6.114031e+00 dt=3.022426e-05
elapsed=6.394226e+03 cycle=198000 time=6.116937e+00 dt=2.892840e-05
elapsed=6.397412e+03 cycle=198100 time=6.119998e+00 dt=3.143742e-05
elapsed=6.400716e+03 cycle=198200 time=6.123161e+00 dt=3.192231e-05
elapsed=6.403905e+03 cycle=198300 time=6.126381e+00 dt=3.261703e-05
elapsed=6.407095e+03 cycle=198400 time=6.129673e+00 dt=3.275820e-05
elapsed=6.410400e+03 cycle=198500 time=6.132911e+00 dt=3.206528e-05
elapsed=6.413592e+03 cycle=198600 time=6.136105e+00 dt=3.146172e-05
elapsed=6.416784e+03 cycle=198700 time=6.139215e+00 dt=3.115321e-05
elapsed=6.420088e+03 cycle=198800 time=6.142352e+00 dt=3.175044e-05
elapsed=6.423279e+03 cycle=198900 time=6.145521e+00 dt=3.166189e-05
elapsed=6.426469e+03 cycle=199000 time=6.148681e+00 dt=3.146679e-05
elapsed=6.429774e+03 cycle=199100 time=6.151818e+00 dt=3.129357e-05
elapsed=6.432964e+03 cycle=199200 time=6.154962e+00 dt=3.172929e-05
elapsed=6.436153e+03 cycle=199300 time=6.158143e+00 dt=3.150711e-05
elapsed=6.439454e+03 cycle=199400 time=6.161271e+00 dt=3.125243e-05
elapsed=6.442640e+03 cycle=199500 time=6.164395e+00 dt=3.118701e-05
elapsed=6.445826e+03 cycle=199600 time=6.167442e+00 dt=3.008807e-05
elapsed=6.449126e+03 cycle=199700 time=6.170344e+00 dt=2.935942e-05
elapsed=6.452311e+03 cycle=199800 time=6.173299e+00 dt=2.959772e-05
elapsed=6.455496e+03 cycle=199900 time=6.176325e+00 dt=3.029557e-05
elapsed=6.458681e+03 cycle=200000 time=6.179310e+00 dt=2.929121e-05
elapsed=6.461981e+03 cycle=200100 time=6.182226e+00 dt=2.884494e-05
elapsed=6.465166e+03 cycle=200200 time=6.185081e+00 dt=2.823644e-05
elapsed=6.468350e+03 cycle=200300 time=6.187824e+00 dt=2.665579e-05
elapsed=6.471651e+03 cycle=200400 time=6.190456e+00 dt=2.648094e-05
elapsed=6.474837e+03 cycle=200500 time=6.193210e+00 dt=2.869485e-05
elapsed=6.478024e+03 cycle=200600 time=6.196148e+00 dt=2.997092e-05
elapsed=6.481211e+03 cycle=200700 time=6.199200e+00 dt=3.033768e-05
elapsed=6.484514e+03 cycle=200800 time=6.202228e+00 dt=3.068780e-05
elapsed=6.487701e+03 cycle=200900 time=6.205326e+00 dt=3.079542e-05
elapsed=6.490886e+03 cycle=201000 time=6.208359e+00 dt=2.965381e-05
elapsed=6.494186e+03 cycle=201100 time=6.211331e+00 dt=3.034450e-05
elapsed=6.497371e+03 cycle=201200 time=6.214406e+00 dt=3.085978e-05
elapsed=6.500555e+03 cycle=201300 time=6.217570e+00 dt=3.224947e-05
elapsed=6.503852e+03 cycle=201400 time=6.220826e+00 dt=3.300630e-05
elapsed=6.507036e+03 cycle=201500 time=6.224147e+00 dt=3.336817e-05
elapsed=6.510220e+03 cycle=201600 time=6.227488e+00 dt=3.346124e-05
elapsed=6.513520e+03 cycle=201700 time=6.230818e+00 dt=3.330674e-05
elapsed=6.516705e+03 cycle=201800 time=6.234128e+00 dt=3.284374e-05
elapsed=6.519890e+03 cycle=201900 time=6.237362e+00 dt=3.177717e-05
elapsed=6.523191e+03 cycle=202000 time=6.240544e+00 dt=3.209887e-05
elapsed=6.526377e+03 cycle=202100 time=6.243726e+00 dt=3.143420e-05
elapsed=6.529562e+03 cycle=202200 time=6.246825e+00 dt=3.049038e-05
elapsed=6.532746e+03 cycle=202300 time=6.249842e+00 dt=2.987821e-05
elapsed=6.536046e+03 cycle=202400 time=6.252821e+00 dt=2.971168e-05
elapsed=6.539229e+03 cycle=202500 time=6.255813e+00 dt=3.025964e-05
elapsed=6.542410e+03 cycle=202600 time=6.258891e+00 dt=3.129871e-05
elapsed=6.545704e+03 cycle=202700 time=6.262062e+00 dt=3.189708e-05
elapsed=6.548883e+03 cycle=202800 time=6.265291e+00 dt=3.234739e-05
elapsed=6.552064e+03 cycle=202900 time=6.268494e+00 dt=3.182178e-05
elapsed=6.555362e+03 cycle=203000 time=6.271678e+00 dt=3.185381e-05
elapsed=6.558540e+03 cycle=203100 time=6.274892e+00 dt=3.223234e-05
elapsed=6.561718e+03 cycle=203200 time=6.278118e+00 dt=3.233559e-05
elapsed=6.565010e+03 cycle=203300 time=6.281355e+00 dt=3.248297e-05
elapsed=6.568187e+03 cycle=203400 time=6.284598e+00 dt=3.211043e-05
elapsed=6.571365e+03 cycle=203500 time=6.287767e+00 dt=3.126716e-05
elapsed=6.574659e+03 cycle=203600 time=6.290847e+00 dt=3.064759e-05
elapsed=6.577831e+03 cycle=203700 time=6.293938e+00 dt=3.040857e-05
elapsed=6.581003e+03 cycle=203800 time=6.297009e+00 dt=3.167623e-05
elapsed=6.584289e+03 cycle=203900 time=6.300129e+00 dt=3.092383e-05
elapsed=6.587460e+03 cycle=204000 time=6.303182e+00 dt=3.033706e-05
elapsed=6.590632e+03 cycle=204100 time=6.306206e+00 dt=3.032595e-05
elapsed=6.593803e+03 cycle=204200 time=6.309240e+00 dt=3.027403e-05
elapsed=6.597088e+03 cycle=204300 time=6.312265e+00 dt=3.035826e-05
elapsed=6.600257e+03 cycle=204400 time=6.315313e+00 dt=3.067252e-05
elapsed=6.603427e+03 cycle=204500 time=6.318323e+00 dt=2.914692e-05
elapsed=6.606713e+03 cycle=204600 time=6.321189e+00 dt=2.886485e-05
elapsed=6.609882e+03 cycle=204700 time=6.324272e+00 dt=3.074420e-05
elapsed=6.613050e+03 cycle=204800 time=6.327335e+00 dt=3.057639e-05
elapsed=6.616333e+03 cycle=204900 time=6.330409e+00 dt=3.064789e-05
elapsed=6.619501e+03 cycle=205000 time=6.333470e+00 dt=3.054545e-05
elapsed=6.622667e+03 cycle=205100 time=6.336539e+00 dt=3.083996e-05
elapsed=6.625833e+03 cycle=205200 time=6.339658e+00 dt=3.131050e-05
elapsed=6.629117e+03 cycle=205300 time=6.342746e+00 dt=3.025190e-05
elapsed=6.632285e+03 cycle=205400 time=6.345744e+00 dt=2.982792e-05
elapsed=6.635454e+03 cycle=205500 time=6.348619e+00 dt=2.763874e-05
elapsed=6.638739e+03 cycle=205600 time=6.351311e+00 dt=2.634929e-05
elapsed=6.641911e+03 cycle=205700 time=6.353886e+00 dt=2.560319e-05
elapsed=6.645081e+03 cycle=205800 time=6.356556e+00 dt=2.893067e-05
elapsed=6.648251e+03 cycle=205900 time=6.359625e+00 dt=3.141650e-05
elapsed=6.651534e+03 cycle=206000 time=6.362729e+00 dt=3.015082e-05
elapsed=6.654699e+03 cycle=206100 time=6.365705e+00 dt=2.935271e-05
elapsed=6.657865e+03 cycle=206200 time=6.368771e+00 dt=3.144099e-05
elapsed=6.661147e+03 cycle=206300 time=6.371882e+00 dt=2.957315e-05
elapsed=6.664314e+03 cycle=206400 time=6.374902e+00 dt=3.068940e-05
elapsed=6.667481e+03 cycle=206500 time=6.377963e+00 dt=3.021378e-05
elapsed=6.670765e+03 cycle=206600 time=6.380950e+00 dt=2.961565e-05
elapsed=6.673932e+03 cycle=206700 time=6.383897e+00 dt=2.933717e-05
elapsed=6.677101e+03 cycle=206800 time=6.386824e+00 dt=2.925966e-05
elapsed=6.680269e+03 cycle=206900 time=6.389748e+00 dt=2.924696e-05
elapsed=6.683554e+03 cycle=207000 time=6.392675e+00 dt=2.935425e-05
elapsed=6.686724e+03 cycle=207100 time=6.395624e+00 dt=2.949376e-05
elapsed=6.689895e+03 cycle=207200 time=6.398572e+00 dt=2.942835e-05
elapsed=6.693179e+03 cycle=207300 time=6.401512e+00 dt=2.949415e-05
elapsed=6.696349e+03 cycle=207400 time=6.404482e+00 dt=3.000702e-05
elapsed=6.699520e+03 cycle=207500 time=6.407502e+00 dt=2.997297e-05
elapsed=6.702807e+03 cycle=207600 time=6.410496e+00 dt=2.992296e-05
elapsed=6.705979e+03 cycle=207700 time=6.413481e+00 dt=2.968926e-05
elapsed=6.709151e+03 cycle=207800 time=6.416473e+00 dt=2.980700e-05
elapsed=6.712324e+03 cycle=207900 time=6.419476e+00 dt=3.023657e-05
elapsed=6.715614e+03 cycle=208000 time=6.422449e+00 dt=2.914534e-05
elapsed=6.718789e+03 cycle=208100 time=6.425313e+00 dt=2.862810e-05
elapsed=6.721963e+03 cycle=208200 time=6.428131e+00 dt=2.734825e-05
elapsed=6.725253e+03 cycle=208300 time=6.430870e+00 dt=2.791924e-05
elapsed=6.728429e+03 cycle=208400 time=6.433532e+00 dt=2.689058e-05
elapsed=6.731605e+03 cycle=208500 time=6.436295e+00 dt=2.741687e-05
elapsed=6.734783e+03 cycle=208600 time=6.438947e+00 dt=2.569720e-05
elapsed=6.738075e+03 cycle=208700 time=6.441462e+00 dt=2.477937e-05
elapsed=6.741254e+03 cycle=208800 time=6.443935e+00 dt=2.453261e-05
elapsed=6.744431e+03 cycle=208900 time=6.446477e+00 dt=2.665961e-05
elapsed=6.747608e+03 cycle=209000 time=6.449221e+00 dt=2.730075e-05
elapsed=6.750900e+03 cycle=209100 time=6.451934e+00 dt=2.722585e-05
elapsed=6.754077e+03 cycle=209200 time=6.454718e+00 dt=2.858832e-05
elapsed=6.757253e+03 cycle=209300 time=6.457593e+00 dt=2.855569e-05
elapsed=6.760543e+03 cycle=209400 time=6.460429e+00 dt=2.818580e-05
elapsed=6.763720e+03 cycle=209500 time=6.463241e+00 dt=2.817134e-05
elapsed=6.766897e+03 cycle=209600 time=6.466074e+00 dt=2.844848e-05
elapsed=6.770076e+03 cycle=209700 time=6.468894e+00 dt=2.813361e-05
elapsed=6.773369e+03 cycle=209800 time=6.471735e+00 dt=2.845620e-05
elapsed=6.776548e+03 cycle=209900 time=6.474557e+00 dt=2.805007e-05
elapsed=6.779727e+03 cycle=210000 time=6.477349e+00 dt=2.782492e-05
elapsed=6.783020e+03 cycle=210100 time=6.480115e+00 dt=2.747005e-05
elapsed=6.786199e+03 cycle=210200 time=6.482848e+00 dt=2.718670e-05
elapsed=6.789378e+03 cycle=210300 time=6.485560e+00 dt=2.716936e-05
elapsed=6.792556e+03 cycle=210400 time=6.488296e+00 dt=2.777487e-05
elapsed=6.795851e+03 cycle=210500 time=6.491122e+00 dt=2.846826e-05
elapsed=6.799030e+03 cycle=210600 time=6.493937e+00 dt=2.784065e-05
elapsed=6.802209e+03 cycle=210700 time=6.496691e+00 dt=2.724945e-05
elapsed=6.805389e+03 cycle=210800 time=6.499403e+00 dt=2.701449e-05
elapsed=6.808681e+03 cycle=210900 time=6.502101e+00 dt=2.710233e-05
elapsed=6.811858e+03 cycle=211000 time=6.504850e+00 dt=2.715864e-05
elapsed=6.815034e+03 cycle=211100 time=6.507525e+00 dt=2.641070e-05
elapsed=6.818324e+03 cycle=211200 time=6.510139e+00 dt=2.589575e-05
elapsed=6.821500e+03 cycle=211300 time=6.512753e+00 dt=2.654645e-05
elapsed=6.824675e+03 cycle=211400 time=6.515415e+00 dt=2.666614e-05
elapsed=6.827848e+03 cycle=211500 time=6.518090e+00 dt=2.694200e-05
elapsed=6.831134e+03 cycle=211600 time=6.520813e+00 dt=2.771827e-05
elapsed=6.834305e+03 cycle=211700 time=6.523614e+00 dt=2.859642e-05
elapsed=6.837476e+03 cycle=211800 time=6.526517e+00 dt=2.897037e-05
elapsed=6.840647e+03 cycle=211900 time=6.529439e+00 dt=2.887737e-05
elapsed=6.843935e+03 cycle=212000 time=6.532308e+00 dt=3.012734e-05
elapsed=6.847108e+03 cycle=212100 time=6.535314e+00 dt=2.884687e-05
elapsed=6.850279e+03 cycle=212200 time=6.538106e+00 dt=2.901198e-05
elapsed=6.853565e+03 cycle=212300 time=6.540978e+00 dt=2.881147e-05
elapsed=6.856739e+03 cycle=212400 time=6.543908e+00 dt=2.973049e-05
elapsed=6.859915e+03 cycle=212500 time=6.546855e+00 dt=2.861531e-05
elapsed=6.863091e+03 cycle=212600 time=6.549570e+00 dt=2.592167e-05
elapsed=6.866380e+03 cycle=212700 time=6.552391e+00 dt=2.991488e-05
elapsed=6.869553e+03 cycle=212800 time=6.555383e+00 dt=2.956393e-05
elapsed=6.872724e+03 cycle=212900 time=6.558300e+00 dt=2.910172e-05
elapsed=6.876010e+03 cycle=213000 time=6.561224e+00 dt=2.959394e-05
elapsed=6.879182e+03 cycle=213100 time=6.564185e+00 dt=2.961904e-05
elapsed=6.882352e+03 cycle=213200 time=6.567099e+00 dt=2.869374e-05
elapsed=6.885525e+03 cycle=213300 time=6.569921e+00 dt=2.771097e-05
elapsed=6.888812e+03 cycle=213400 time=6.572619e+00 dt=2.604901e-05
elapsed=6.891983e+03 cycle=213500 time=6.575098e+00 dt=2.352243e-05
elapsed=6.895155e+03 cycle=213600 time=6.577379e+00 dt=2.359119e-05
elapsed=6.898445e+03 cycle=213700 time=6.580015e+00 dt=2.746936e-05
elapsed=6.901619e+03 cycle=213800 time=6.582762e+00 dt=2.742115e-05
elapsed=6.904791e+03 cycle=213900 time=6.585510e+00 dt=2.774425e-05
elapsed=6.907962e+03 cycle=214000 time=6.588309e+00 dt=2.806428e-05
elapsed=6.911248e+03 cycle=214100 time=6.591110e+00 dt=2.809082e-05
elapsed=6.914417e+03 cycle=214200 time=6.594002e+00 dt=2.901801e-05
elapsed=6.917585e+03 cycle=214300 time=6.596880e+00 dt=2.828512e-05
elapsed=6.920754e+03 cycle=214400 time=6.599637e+00 dt=2.799102e-05
elapsed=6.924039e+03 cycle=214500 time=6.602370e+00 dt=2.671490e-05
elapsed=6.927207e+03 cycle=214600 time=6.605002e+00 dt=2.595102e-05
elapsed=6.930375e+03 cycle=214700 time=6.607560e+00 dt=2.519137e-05
elapsed=6.933661e+03 cycle=214800 time=6.610057e+00 dt=2.486116e-05
elapsed=6.936826e+03 cycle=214900 time=6.612530e+00 dt=2.456310e-05
elapsed=6.939991e+03 cycle=215000 time=6.615008e+00 dt=2.479066e-05
elapsed=6.943155e+03 cycle=215100 time=6.617409e+00 dt=2.315389e-05
elapsed=6.946321e+03 cycle=215200 time=6.619680e+00 dt=2.362568e-05
elapsed=6.949602e+03 cycle=215300 time=6.622120e+00 dt=2.425451e-05
elapsed=6.952769e+03 cycle=215400 time=6.624536e+00 dt=2.434854e-05
elapsed=6.955936e+03 cycle=215500 time=6.627000e+00 dt=2.503020e-05
elapsed=6.959104e+03 cycle=215600 time=6.629507e+00 dt=2.497708e-05
elapsed=6.962386e+03 cycle=215700 time=6.631986e+00 dt=2.475629e-05
elapsed=6.965554e+03 cycle=215800 time=6.634518e+00 dt=2.640451e-05
elapsed=6.968720e+03 cycle=215900 time=6.637336e+00 dt=2.941283e-05
elapsed=6.972002e+03 cycle=216000 time=6.640312e+00 dt=3.020876e-05
elapsed=6.975170e+03 cycle=216100 time=6.643336e+00 dt=3.028523e-05
elapsed=6.978339e+03 cycle=216200 time=6.646369e+00 dt=3.045300e-05
elapsed=6.981509e+03 cycle=216300 time=6.649432e+00 dt=3.057782e-05
elapsed=6.984792e+03 cycle=216400 time=6.652483e+00 dt=3.051566e-05
elapsed=6.987963e+03 cycle=216500 time=6.655455e+00 dt=2.881063e-05
elapsed=6.991131e+03 cycle=216600 time=6.658341e+00 dt=2.859885e-05
elapsed=6.994414e+03 cycle=216700 time=6.661159e+00 dt=2.769683e-05
elapsed=6.997581e+03 cycle=216800 time=6.663870e+00 dt=2.657194e-05
elapsed=7.000748e+03 cycle=216900 time=6.666501e+00 dt=2.612955e-05
elapsed=7.003915e+03 cycle=217000 time=6.669092e+00 dt=2.571560e-05
elapsed=7.007198e+03 cycle=217100 time=6.671692e+00 dt=2.650442e-05
elapsed=7.010365e+03 cycle=217200 time=6.674305e+00 dt=2.572000e-05
elapsed=7.013530e+03 cycle=217300 time=6.676828e+00 dt=2.478124e-05
elapsed=7.016697e+03 cycle=217400 time=6.679249e+00 dt=2.310539e-05
elapsed=7.019980e+03 cycle=217500 time=6.681473e+00 dt=2.319266e-05
elapsed=7.023149e+03 cycle=217600 time=6.684065e+00 dt=2.695847e-05
elapsed=7.026320e+03 cycle=217700 time=6.686800e+00 dt=2.765665e-05
elapsed=7.029492e+03 cycle=217800 time=6.689563e+00 dt=2.760247e-05
elapsed=7.032779e+03 cycle=217900 time=6.692315e+00 dt=2.680038e-05
elapsed=7.035951e+03 cycle=218000 time=6.695032e+00 dt=2.887753e-05
elapsed=7.039122e+03 cycle=218100 time=6.698032e+00 dt=3.001961e-05
elapsed=7.042415e+03 cycle=218200 time=6.701024e+00 dt=2.971117e-05
elapsed=7.045587e+03 cycle=218300 time=6.703979e+00 dt=2.936830e-05
elapsed=7.048759e+03 cycle=218400 time=6.706904e+00 dt=2.914308e-05
elapsed=7.051932e+03 cycle=218500 time=6.709820e+00 dt=2.908869e-05
elapsed=7.055219e+03 cycle=218600 time=6.712718e+00 dt=2.909625e-05
elapsed=7.058391e+03 cycle=218700 time=6.715670e+00 dt=3.005807e-05
elapsed=7.061563e+03 cycle=218800 time=6.718689e+00 dt=3.011369e-05
elapsed=7.064851e+03 cycle=218900 time=6.721694e+00 dt=3.009445e-05
elapsed=7.068023e+03 cycle=219000 time=6.724706e+00 dt=3.023336e-05
elapsed=7.071195e+03 cycle=219100 time=6.727752e+00 dt=3.077911e-05
elapsed=7.074481e+03 cycle=219200 time=6.730841e+00 dt=3.062914e-05
elapsed=7.077653e+03 cycle=219300 time=6.733853e+00 dt=2.973253e-05
elapsed=7.080824e+03 cycle=219400 time=6.736779e+00 dt=2.891097e-05
elapsed=7.083995e+03 cycle=219500 time=6.739657e+00 dt=2.853346e-05
elapsed=7.087284e+03 cycle=219600 time=6.742530e+00 dt=2.849344e-05
elapsed=7.090458e+03 cycle=219700 time=6.745381e+00 dt=2.956250e-05
elapsed=7.093632e+03 cycle=219800 time=6.748404e+00 dt=3.029787e-05
elapsed=7.096923e+03 cycle=219900 time=6.751429e+00 dt=3.016661e-05
elapsed=7.100099e+03 cycle=220000 time=6.754426e+00 dt=2.979623e-05
elapsed=7.103276e+03 cycle=220100 time=6.757388e+00 dt=2.953207e-05
elapsed=7.106567e+03 cycle=220200 time=6.760315e+00 dt=2.864336e-05
elapsed=7.109741e+03 cycle=220300 time=6.763146e+00 dt=2.808823e-05
elapsed=7.112914e+03 cycle=220400 time=6.765899e+00 dt=2.687356e-05
elapsed=7.116088e+03 cycle=220500 time=6.768541e+00 dt=2.604059e-05
elapsed=7.119378e+03 cycle=220600 time=6.771152e+00 dt=2.645090e-05
elapsed=7.122553e+03 cycle=220700 time=6.773880e+00 dt=2.756833e-05
elapsed=7.125729e+03 cycle=220800 time=6.776575e+00 dt=2.688537e-05
elapsed=7.128903e+03 cycle=220900 time=6.779245e+00 dt=2.492523e-05
elapsed=7.132191e+03 cycle=221000 time=6.781806e+00 dt=2.631740e-05
elapsed=7.135364e+03 cycle=221100 time=6.784550e+00 dt=2.854097e-05
elapsed=7.138538e+03 cycle=221200 time=6.787347e+00 dt=2.733684e-05
elapsed=7.141828e+03 cycle=221300 time=6.790067e+00 dt=2.747919e-05
elapsed=7.145006e+03 cycle=221400 time=6.792770e+00 dt=2.648937e-05
elapsed=7.148184e+03 cycle=221500 time=6.795393e+00 dt=2.614555e-05
elapsed=7.151363e+03 cycle=221600 time=6.797999e+00 dt=2.550387e-05
elapsed=7.154661e+03 cycle=221700 time=6.800590e+00 dt=2.631401e-05
elapsed=7.157842e+03 cycle=221800 time=6.803212e+00 dt=2.659370e-05
elapsed=7.161022e+03 cycle=221900 time=6.805798e+00 dt=2.450470e-05
elapsed=7.164202e+03 cycle=222000 time=6.808183e+00 dt=2.329478e-05
elapsed=7.167496e+03 cycle=222100 time=6.810483e+00 dt=2.279283e-05
elapsed=7.170676e+03 cycle=222200 time=6.812709e+00 dt=2.189783e-05
elapsed=7.173858e+03 cycle=222300 time=6.814927e+00 dt=2.296514e-05
elapsed=7.177037e+03 cycle=222400 time=6.817320e+00 dt=2.531038e-05
elapsed=7.180332e+03 cycle=222500 time=6.820042e+00 dt=2.787964e-05
elapsed=7.183513e+03 cycle=222600 time=6.822853e+00 dt=2.820574e-05
elapsed=7.186693e+03 cycle=222700 time=6.825732e+00 dt=2.958715e-05
elapsed=7.189873e+03 cycle=222800 time=6.828732e+00 dt=3.021885e-05
elapsed=7.193168e+03 cycle=222900 time=6.831778e+00 dt=3.115243e-05
elapsed=7.196348e+03 cycle=223000 time=6.834955e+00 dt=3.294147e-05
elapsed=7.199528e+03 cycle=223100 time=6.838224e+00 dt=3.158160e-05
elapsed=7.202823e+03 cycle=223200 time=6.841302e+00 dt=3.026327e-05
elapsed=7.206003e+03 cycle=223300 time=6.844251e+00 dt=2.814086e-05
elapsed=7.209182e+03 cycle=223400 time=6.846991e+00 dt=2.692439e-05
elapsed=7.212361e+03 cycle=223500 time=6.849708e+00 dt=2.819513e-05
elapsed=7.215654e+03 cycle=223600 time=6.852755e+00 dt=3.260556e-05
elapsed=7.218832e+03 cycle=223700 time=6.856032e+00 dt=3.338301e-05
elapsed=7.222009e+03 cycle=223800 time=6.859389e+00 dt=3.350046e-05
elapsed=7.225301e+03 cycle=223900 time=6.862647e+00 dt=3.134648e-05
elapsed=7.228479e+03 cycle=224000 time=6.865627e+00 dt=2.828102e-05
elapsed=7.231658e+03 cycle=224100 time=6.868522e+00 dt=3.133420e-05
elapsed=7.234954e+03 cycle=224200 time=6.871829e+00 dt=3.352930e-05
elapsed=7.238137e+03 cycle=224300 time=6.875067e+00 dt=3.128250e-05
elapsed=7.241319e+03 cycle=224400 time=6.878111e+00 dt=2.963277e-05
elapsed=7.244615e+03 cycle=224500 time=6.881188e+00 dt=3.397091e-05
elapsed=7.247795e+03 cycle=224600 time=6.884554e+00 dt=3.314967e-05
elapsed=7.250975e+03 cycle=224700 time=6.887864e+00 dt=3.329565e-05
elapsed=7.254274e+03 cycle=224800 time=6.891185e+00 dt=3.314438e-05
elapsed=7.257458e+03 cycle=224900 time=6.894492e+00 dt=3.297705e-05
elapsed=7.260644e+03 cycle=225000 time=6.897792e+00 dt=3.320491e-05
elapsed=7.263947e+03 cycle=225100 time=6.901155e+00 dt=3.397874e-05
elapsed=7.267133e+03 cycle=225200 time=6.904574e+00 dt=3.388882e-05
elapsed=7.270320e+03 cycle=225300 time=6.907984e+00 dt=3.391047e-05
elapsed=7.273615e+03 cycle=225400 time=6.911328e+00 dt=3.291190e-05
elapsed=7.276797e+03 cycle=225500 time=6.914563e+00 dt=3.169663e-05
elapsed=7.279979e+03 cycle=225600 time=6.917626e+00 dt=2.935116e-05
elapsed=7.283276e+03 cycle=225700 time=6.920440e+00 dt=2.696213e-05
elapsed=7.286459e+03 cycle=225800 time=6.923018e+00 dt=2.499539e-05
elapsed=7.289642e+03 cycle=225900 time=6.925621e+00 dt=2.878179e-05
elapsed=7.292826e+03 cycle=226000 time=6.928690e+00 dt=3.214047e-05
elapsed=7.296125e+03 cycle=226100 time=6.931846e+00 dt=3.109453e-05
elapsed=7.299309e+03 cycle=226200 time=6.934992e+00 dt=3.269998e-05
elapsed=7.302494e+03 cycle=226300 time=6.938402e+00 dt=3.486093e-05
elapsed=7.305793e+03 cycle=226400 time=6.941887e+00 dt=3.478948e-05
elapsed=7.308977e+03 cycle=226500 time=6.945368e+00 dt=3.475820e-05
elapsed=7.312159e+03 cycle=226600 time=6.948806e+00 dt=3.395615e-05
elapsed=7.315456e+03 cycle=226700 time=6.952082e+00 dt=3.133869e-05
elapsed=7.318636e+03 cycle=226800 time=6.955044e+00 dt=3.060601e-05
elapsed=7.321817e+03 cycle=226900 time=6.958392e+00 dt=3.359555e-05
elapsed=7.325109e+03 cycle=227000 time=6.961721e+00 dt=3.291522e-05
elapsed=7.328286e+03 cycle=227100 time=6.964990e+00 dt=3.248612e-05
elapsed=7.331464e+03 cycle=227200 time=6.968211e+00 dt=3.125179e-05
elapsed=7.334760e+03 cycle=227300 time=6.971191e+00 dt=2.885681e-05
elapsed=7.337938e+03 cycle=227400 time=6.974186e+00 dt=2.983196e-05
elapsed=7.341114e+03 cycle=227500 time=6.977077e+00 dt=2.817799e-05
elapsed=7.344290e+03 cycle=227600 time=6.979833e+00 dt=2.574553e-05
elapsed=7.347583e+03 cycle=227700 time=6.982437e+00 dt=3.160038e-05
elapsed=7.350761e+03 cycle=227800 time=6.985580e+00 dt=3.136106e-05
elapsed=7.353940e+03 cycle=227900 time=6.988728e+00 dt=3.149773e-05
elapsed=7.357231e+03 cycle=228000 time=6.991796e+00 dt=3.146139e-05
elapsed=7.360407e+03 cycle=228100 time=6.994841e+00 dt=3.035539e-05
elapsed=7.363581e+03 cycle=228200 time=6.997949e+00 dt=3.068585e-05
elapsed=7.366904e+03 cycle=228300 time=7.001016e+00 dt=3.114229e-05
elapsed=7.370076e+03 cycle=228400 time=7.004268e+00 dt=3.351578e-05
elapsed=7.373248e+03 cycle=228500 time=7.007626e+00 dt=3.354647e-05
elapsed=7.376536e+03 cycle=228600 time=7.010984e+00 dt=3.358494e-05
elapsed=7.379710e+03 cycle=228700 time=7.014236e+00 dt=3.151343e-05
elapsed=7.382883e+03 cycle=228800 time=7.017334e+00 dt=3.032981e-05
elapsed=7.386171e+03 cycle=228900 time=7.020309e+00 dt=2.945669e-05
elapsed=7.389346e+03 cycle=229000 time=7.023271e+00 dt=2.970997e-05
elapsed=7.392524e+03 cycle=229100 time=7.026276e+00 dt=3.080256e-05
elapsed=7.395701e+03 cycle=229200 time=7.029477e+00 dt=3.303871e-05
elapsed=7.398998e+03 cycle=229300 time=7.032638e+00 dt=3.114221e-05
elapsed=7.402177e+03 cycle=229400 time=7.035799e+00 dt=3.293637e-05
elapsed=7.405356e+03 cycle=229500 time=7.039085e+00 dt=3.297681e-05
elapsed=7.408646e+03 cycle=229600 time=7.042335e+00 dt=3.231801e-05
elapsed=7.411821e+03 cycle=229700 time=7.045554e+00 dt=3.178225e-05
elapsed=7.414995e+03 cycle=229800 time=7.048704e+00 dt=3.118402e-05
elapsed=7.418282e+03 cycle=229900 time=7.051779e+00 dt=3.003788e-05
elapsed=7.421456e+03 cycle=230000 time=7.054756e+00 dt=2.950090e-05
elapsed=7.424630e+03 cycle=230100 time=7.057698e+00 dt=2.945179e-05
elapsed=7.427916e+03 cycle=230200 time=7.060648e+00 dt=2.989191e-05
elapsed=7.431089e+03 cycle=230300 time=7.063738e+00 dt=3.144989e-05
elapsed=7.434261e+03 cycle=230400 time=7.066921e+00 dt=3.191600e-05
elapsed=7.437548e+03 cycle=230500 time=7.070086e+00 dt=3.137653e-05
elapsed=7.440722e+03 cycle=230600 time=7.073252e+00 dt=3.190940e-05
elapsed=7.443897e+03 cycle=230700 time=7.076401e+00 dt=3.109956e-05
elapsed=7.447073e+03 cycle=230800 time=7.079514e+00 dt=3.117107e-05
elapsed=7.450365e+03 cycle=230900 time=7.082616e+00 dt=3.087493e-05
elapsed=7.453542e+03 cycle=231000 time=7.085716e+00 dt=3.136727e-05
elapsed=7.456717e+03 cycle=231100 time=7.088873e+00 dt=3.095560e-05
elapsed=7.460008e+03 cycle=231200 time=7.091878e+00 dt=3.058002e-05
elapsed=7.463183e+03 cycle=231300 time=7.094855e+00 dt=2.893674e-05
elapsed=7.466357e+03 cycle=231400 time=7.097780e+00 dt=3.047008e-05
elapsed=7.469643e+03 cycle=231500 time=7.100888e+00 dt=3.132579e-05
elapsed=7.472816e+03 cycle=231600 time=7.104051e+00 dt=3.201327e-05
elapsed=7.475987e+03 cycle=231700 time=7.107273e+00 dt=3.203588e-05
elapsed=7.479274e+03 cycle=231800 time=7.110492e+00 dt=3.252366e-05
elapsed=7.482445e+03 cycle=231900 time=7.113691e+00 dt=3.146805e-05
elapsed=7.485616e+03 cycle=232000 time=7.116789e+00 dt=3.043413e-05
elapsed=7.488789e+03 cycle=232100 time=7.119732e+00 dt=2.828281e-05
elapsed=7.492080e+03 cycle=232200 time=7.122480e+00 dt=2.725373e-05
elapsed=7.495257e+03 cycle=232300 time=7.125349e+00 dt=3.119308e-05
elapsed=7.498435e+03 cycle=232400 time=7.128458e+00 dt=3.124366e-05
elapsed=7.501730e+03 cycle=232500 time=7.131596e+00 dt=3.122735e-05
elapsed=7.504910e+03 cycle=232600 time=7.134667e+00 dt=3.012026e-05
elapsed=7.508089e+03 cycle=232700 time=7.137618e+00 dt=2.891908e-05
elapsed=7.511383e+03 cycle=232800 time=7.140518e+00 dt=2.872317e-05
elapsed=7.514561e+03 cycle=232900 time=7.143357e+00 dt=2.807721e-05
elapsed=7.517738e+03 cycle=233000 time=7.146138e+00 dt=2.742567e-05
elapsed=7.520914e+03 cycle=233100 time=7.148846e+00 dt=2.686911e-05
elapsed=7.524206e+03 cycle=233200 time=7.151503e+00 dt=2.609989e-05
elapsed=7.527380e+03 cycle=233300 time=7.154083e+00 dt=2.565165e-05
elapsed=7.530554e+03 cycle=233400 time=7.156657e+00 dt=2.634572e-05
elapsed=7.533728e+03 cycle=233500 time=7.159379e+00 dt=2.851974e-05
elapsed=7.537015e+03 cycle=233600 time=7.162327e+00 dt=3.038413e-05
elapsed=7.540190e+03 cycle=233700 time=7.165556e+00 dt=3.301670e-05
elapsed=7.543364e+03 cycle=233800 time=7.168804e+00 dt=3.246204e-05
elapsed=7.546653e+03 cycle=233900 time=7.172010e+00 dt=3.083603e-05
elapsed=7.549827e+03 cycle=234000 time=7.175090e+00 dt=3.317802e-05
elapsed=7.553002e+03 cycle=234100 time=7.178337e+00 dt=3.091590e-05
elapsed=7.556292e+03 cycle=234200 time=7.181466e+00 dt=3.060629e-05
elapsed=7.559469e+03 cycle=234300 time=7.184473e+00 dt=2.986807e-05
elapsed=7.562648e+03 cycle=234400 time=7.187583e+00 dt=3.179377e-05
elapsed=7.565943e+03 cycle=234500 time=7.190773e+00 dt=3.207879e-05
elapsed=7.569123e+03 cycle=234600 time=7.193899e+00 dt=3.034882e-05
elapsed=7.572304e+03 cycle=234700 time=7.196861e+00 dt=2.896503e-05
elapsed=7.575484e+03 cycle=234800 time=7.199764e+00 dt=2.973069e-05
elapsed=7.578779e+03 cycle=234900 time=7.202732e+00 dt=2.967088e-05
elapsed=7.581959e+03 cycle=235000 time=7.205705e+00 dt=2.972725e-05
elapsed=7.585139e+03 cycle=235100 time=7.208663e+00 dt=2.995083e-05
elapsed=7.588434e+03 cycle=235200 time=7.211658e+00 dt=2.945473e-05
elapsed=7.591614e+03 cycle=235300 time=7.214564e+00 dt=2.857318e-05
elapsed=7.594792e+03 cycle=235400 time=7.217385e+00 dt=2.770518e-05
elapsed=7.598087e+03 cycle=235500 time=7.220135e+00 dt=2.823245e-05
elapsed=7.601265e+03 cycle=235600 time=7.222977e+00 dt=2.853665e-05
elapsed=7.604443e+03 cycle=235700 time=7.225861e+00 dt=2.866938e-05
elapsed=7.607619e+03 cycle=235800 time=7.228685e+00 dt=2.784978e-05
elapsed=7.610912e+03 cycle=235900 time=7.231391e+00 dt=2.678816e-05
elapsed=7.614091e+03 cycle=236000 time=7.234021e+00 dt=2.612287e-05
elapsed=7.617271e+03 cycle=236100 time=7.236662e+00 dt=2.651798e-05
elapsed=7.620451e+03 cycle=236200 time=7.239310e+00 dt=2.640153e-05
elapsed=7.623746e+03 cycle=236300 time=7.242034e+00 dt=2.766799e-05
elapsed=7.626926e+03 cycle=236400 time=7.244783e+00 dt=2.761908e-05
elapsed=7.630106e+03 cycle=236500 time=7.247583e+00 dt=2.802932e-05
elapsed=7.633402e+03 cycle=236600 time=7.250348e+00 dt=2.898987e-05
elapsed=7.636583e+03 cycle=236700 time=7.253251e+00 dt=2.850775e-05
elapsed=7.639764e+03 cycle=236800 time=7.256204e+00 dt=3.044067e-05
elapsed=7.642946e+03 cycle=236900 time=7.259303e+00 dt=3.122861e-05
elapsed=7.646243e+03 cycle=237000 time=7.262431e+00 dt=3.122080e-05
elapsed=7.649425e+03 cycle=237100 time=7.265529e+00 dt=3.084207e-05
elapsed=7.652607e+03 cycle=237200 time=7.268601e+00 dt=3.059993e-05
elapsed=7.655902e+03 cycle=237300 time=7.271676e+00 dt=3.152323e-05
elapsed=7.659080e+03 cycle=237400 time=7.274822e+00 dt=3.131180e-05
elapsed=7.662257e+03 cycle=237500 time=7.277947e+00 dt=3.095873e-05
elapsed=7.665548e+03 cycle=237600 time=7.280930e+00 dt=2.831640e-05
elapsed=7.668725e+03 cycle=237700 time=7.283810e+00 dt=2.889367e-05
elapsed=7.671903e+03 cycle=237800 time=7.286722e+00 dt=2.886258e-05
elapsed=7.675080e+03 cycle=237900 time=7.289610e+00 dt=2.959824e-05
elapsed=7.678371e+03 cycle=238000 time=7.292386e+00 dt=2.690462e-05
elapsed=7.681547e+03 cycle=238100 time=7.295204e+00 dt=2.887009e-05
elapsed=7.684723e+03 cycle=238200 time=7.298095e+00 dt=2.912289e-05
elapsed=7.688015e+03 cycle=238300 time=7.301024e+00 dt=2.937193e-05
elapsed=7.691191e+03 cycle=238400 time=7.303965e+00 dt=2.947347e-05
elapsed=7.694366e+03 cycle=238500 time=7.306915e+00 dt=2.922144e-05
elapsed=7.697541e+03 cycle=238600 time=7.309727e+00 dt=2.772792e-05
elapsed=7.700831e+03 cycle=238700 time=7.312517e+00 dt=2.801873e-05
elapsed=7.704007e+03 cycle=238800 time=7.315373e+00 dt=2.915723e-05
elapsed=7.707182e+03 cycle=238900 time=7.318285e+00 dt=2.920528e-05
elapsed=7.710471e+03 cycle=239000 time=7.321225e+00 dt=2.943292e-05
elapsed=7.713646e+03 cycle=239100 time=7.324152e+00 dt=2.886370e-05
elapsed=7.716819e+03 cycle=239200 time=7.327045e+00 dt=2.927682e-05
elapsed=7.719992e+03 cycle=239300 time=7.329989e+00 dt=2.966205e-05
elapsed=7.723280e+03 cycle=239400 time=7.332976e+00 dt=2.995990e-05
elapsed=7.726453e+03 cycle=239500 time=7.335975e+00 dt=3.020314e-05
elapsed=7.729626e+03 cycle=239600 time=7.338949e+00 dt=2.915036e-05
elapsed=7.732913e+03 cycle=239700 time=7.341826e+00 dt=2.824270e-05
elapsed=7.736084e+03 cycle=239800 time=7.344743e+00 dt=2.908345e-05
elapsed=7.739255e+03 cycle=239900 time=7.347624e+00 dt=2.859332e-05
elapsed=7.742543e+03 cycle=240000 time=7.350467e+00 dt=2.830666e-05
elapsed=7.745715e+03 cycle=240100 time=7.353317e+00 dt=2.870054e-05
elapsed=7.748888e+03 cycle=240200 time=7.356205e+00 dt=2.858229e-05
elapsed=7.752061e+03 cycle=240300 time=7.359042e+00 dt=2.751494e-05
elapsed=7.755349e+03 cycle=240400 time=7.361719e+00 dt=2.682992e-05
elapsed=7.758523e+03 cycle=240500 time=7.364646e+00 dt=3.039051e-05
elapsed=7.761695e+03 cycle=240600 time=7.367701e+00 dt=3.083902e-05
elapsed=7.764983e+03 cycle=240700 time=7.370739e+00 dt=2.945973e-05
elapsed=7.768155e+03 cycle=240800 time=7.373556e+00 dt=2.728743e-05
elapsed=7.771327e+03 cycle=240900 time=7.376437e+00 dt=3.003920e-05
elapsed=7.774499e+03 cycle=241000 time=7.379417e+00 dt=2.964873e-05
elapsed=7.777784e+03 cycle=241100 time=7.382366e+00 dt=2.934959e-05
elapsed=7.780957e+03 cycle=241200 time=7.385305e+00 dt=2.938636e-05
elapsed=7.784128e+03 cycle=241300 time=7.388257e+00 dt=2.968714e-05
elapsed=7.787415e+03 cycle=241400 time=7.391233e+00 dt=2.977201e-05
elapsed=7.790586e+03 cycle=241500 time=7.394220e+00 dt=2.981320e-05
elapsed=7.793756e+03 cycle=241600 time=7.397157e+00 dt=2.904922e-05
elapsed=7.797041e+03 cycle=241700 time=7.400024e+00 dt=2.843401e-05
elapsed=7.800212e+03 cycle=241800 time=7.402846e+00 dt=2.810321e-05
elapsed=7.803382e+03 cycle=241900 time=7.405637e+00 dt=2.786345e-05
elapsed=7.806552e+03 cycle=242000 time=7.408486e+00 dt=2.938557e-05
elapsed=7.809837e+03 cycle=242100 time=7.411450e+00 dt=2.916765e-05
elapsed=7.813007e+03 cycle=242200 time=7.414353e+00 dt=2.942984e-05
elapsed=7.816177e+03 cycle=242300 time=7.417309e+00 dt=3.012256e-05
elapsed=7.819463e+03 cycle=242400 time=7.420277e+00 dt=2.887789e-05
elapsed=7.822634e+03 cycle=242500 time=7.423115e+00 dt=2.852048e-05
elapsed=7.825806e+03 cycle=242600 time=7.426069e+00 dt=2.990250e-05
elapsed=7.828978e+03 cycle=242700 time=7.429032e+00 dt=2.900719e-05
elapsed=7.832266e+03 cycle=242800 time=7.431885e+00 dt=2.804591e-05
elapsed=7.835439e+03 cycle=242900 time=7.434725e+00 dt=2.912136e-05
elapsed=7.838612e+03 cycle=243000 time=7.437644e+00 dt=2.913700e-05
elapsed=7.841899e+03 cycle=243100 time=7.440523e+00 dt=2.796714e-05
elapsed=7.845074e+03 cycle=243200 time=7.443236e+00 dt=2.639300e-05
elapsed=7.848249e+03 cycle=243300 time=7.445805e+00 dt=2.503861e-05
elapsed=7.851424e+03 cycle=243400 time=7.448277e+00 dt=2.439358e-05
elapsed=7.854715e+03 cycle=243500 time=7.450692e+00 dt=2.406193e-05
elapsed=7.857892e+03 cycle=243600 time=7.453231e+00 dt=2.858855e-05
elapsed=7.861068e+03 cycle=243700 time=7.456068e+00 dt=2.821007e-05
elapsed=7.864246e+03 cycle=243800 time=7.458880e+00 dt=2.803448e-05
elapsed=7.867539e+03 cycle=243900 time=7.461675e+00 dt=2.789717e-05
elapsed=7.870718e+03 cycle=244000 time=7.464461e+00 dt=2.766399e-05
elapsed=7.873896e+03 cycle=244100 time=7.467216e+00 dt=2.724206e-05
elapsed=7.877076e+03 cycle=244200 time=7.469932e+00 dt=2.682317e-05
elapsed=7.880372e+03 cycle=244300 time=7.472586e+00 dt=2.673025e-05
elapsed=7.883553e+03 cycle=244400 time=7.475354e+00 dt=2.828643e-05
elapsed=7.886734e+03 cycle=244500 time=7.478193e+00 dt=2.829305e-05
elapsed=7.890030e+03 cycle=244600 time=7.480897e+00 dt=2.675439e-05
elapsed=7.893212e+03 cycle=244700 time=7.483621e+00 dt=2.679159e-05
elapsed=7.896391e+03 cycle=244800 time=7.486244e+00 dt=2.575167e-05
elapsed=7.899571e+03 cycle=244900 time=7.488783e+00 dt=2.506067e-05
elapsed=7.902865e+03 cycle=245000 time=7.491264e+00 dt=2.464209e-05
elapsed=7.906043e+03 cycle=245100 time=7.493731e+00 dt=2.450992e-05
elapsed=7.909222e+03 cycle=245200 time=7.496293e+00 dt=2.617244e-05
elapsed=7.912400e+03 cycle=245300 time=7.498958e+00 dt=2.722168e-05
elapsed=7.915693e+03 cycle=245400 time=7.501634e+00 dt=2.599117e-05
elapsed=7.918873e+03 cycle=245500 time=7.504186e+00 dt=2.547253e-05
elapsed=7.922052e+03 cycle=245600 time=7.506796e+00 dt=2.692959e-05
elapsed=7.925230e+03 cycle=245700 time=7.509460e+00 dt=2.651596e-05
elapsed=7.928527e+03 cycle=245800 time=7.512121e+00 dt=2.695615e-05
elapsed=7.931704e+03 cycle=245900 time=7.514754e+00 dt=2.551018e-05
elapsed=7.934880e+03 cycle=246000 time=7.517385e+00 dt=2.707646e-05
elapsed=7.938169e+03 cycle=246100 time=7.520239e+00 dt=2.991959e-05
elapsed=7.941342e+03 cycle=246200 time=7.523239e+00 dt=2.985227e-05
elapsed=7.944514e+03 cycle=246300 time=7.526202e+00 dt=2.946123e-05
elapsed=7.947687e+03 cycle=246400 time=7.529132e+00 dt=2.906651e-05
elapsed=7.950976e+03 cycle=246500 time=7.531964e+00 dt=2.719622e-05
elapsed=7.954148e+03 cycle=246600 time=7.534749e+00 dt=2.841890e-05
elapsed=7.957321e+03 cycle=246700 time=7.537574e+00 dt=2.800209e-05
elapsed=7.960610e+03 cycle=246800 time=7.540344e+00 dt=2.644497e-05
elapsed=7.963785e+03 cycle=246900 time=7.542920e+00 dt=2.640105e-05
elapsed=7.966959e+03 cycle=247000 time=7.545483e+00 dt=2.556242e-05
elapsed=7.970133e+03 cycle=247100 time=7.548396e+00 dt=3.131530e-05
elapsed=7.973422e+03 cycle=247200 time=7.551415e+00 dt=2.872696e-05
elapsed=7.976596e+03 cycle=247300 time=7.554298e+00 dt=2.928898e-05
elapsed=7.979770e+03 cycle=247400 time=7.557345e+00 dt=3.079077e-05
elapsed=7.983063e+03 cycle=247500 time=7.560315e+00 dt=2.880953e-05
elapsed=7.986240e+03 cycle=247600 time=7.563234e+00 dt=2.960514e-05
elapsed=7.989416e+03 cycle=247700 time=7.566216e+00 dt=3.081159e-05
elapsed=7.992592e+03 cycle=247800 time=7.569215e+00 dt=2.849363e-05
elapsed=7.995884e+03 cycle=247900 time=7.571971e+00 dt=2.791116e-05
elapsed=7.999060e+03 cycle=248000 time=7.574899e+00 dt=3.034326e-05
elapsed=8.002235e+03 cycle=248100 time=7.577907e+00 dt=2.981699e-05
elapsed=8.005526e+03 cycle=248200 time=7.580865e+00 dt=2.939798e-05
elapsed=8.008701e+03 cycle=248300 time=7.583754e+00 dt=2.811712e-05
elapsed=8.011875e+03 cycle=248400 time=7.586516e+00 dt=2.745937e-05
elapsed=8.015050e+03 cycle=248500 time=7.589263e+00 dt=2.820426e-05
elapsed=8.018338e+03 cycle=248600 time=7.592109e+00 dt=2.839693e-05
elapsed=8.021512e+03 cycle=248700 time=7.594940e+00 dt=2.850798e-05
elapsed=8.024687e+03 cycle=248800 time=7.597818e+00 dt=2.860264e-05
elapsed=8.027974e+03 cycle=248900 time=7.600715e+00 dt=2.913180e-05
elapsed=8.031149e+03 cycle=249000 time=7.603632e+00 dt=2.937679e-05
elapsed=8.034327e+03 cycle=249100 time=7.606548e+00 dt=2.892011e-05
elapsed=8.037505e+03 cycle=249200 time=7.609409e+00 dt=2.796125e-05
elapsed=8.040800e+03 cycle=249300 time=7.612246e+00 dt=2.821981e-05
elapsed=8.043981e+03 cycle=249400 time=7.615042e+00 dt=2.737344e-05
elapsed=8.047160e+03 cycle=249500 time=7.617780e+00 dt=2.771587e-05
elapsed=8.050454e+03 cycle=249600 time=7.620677e+00 dt=2.852140e-05
elapsed=8.053634e+03 cycle=249700 time=7.623446e+00 dt=2.727687e-05
elapsed=8.056814e+03 cycle=249800 time=7.626182e+00 dt=2.792733e-05
elapsed=8.059994e+03 cycle=249900 time=7.628925e+00 dt=2.638583e-05
elapsed=8.063289e+03 cycle=250000 time=7.631476e+00 dt=2.483649e-05
elapsed=8.066468e+03 cycle=250100 time=7.633925e+00 dt=2.425790e-05
elapsed=8.069648e+03 cycle=250200 time=7.636350e+00 dt=2.446938e-05
elapsed=8.072828e+03 cycle=250300 time=7.638920e+00 dt=2.734891e-05
elapsed=8.076123e+03 cycle=250400 time=7.641714e+00 dt=2.762447e-05
elapsed=8.079303e+03 cycle=250500 time=7.644558e+00 dt=3.038761e-05
elapsed=8.082482e+03 cycle=250600 time=7.647604e+00 dt=3.020214e-05
elapsed=8.085773e+03 cycle=250700 time=7.650615e+00 dt=3.006019e-05
elapsed=8.088949e+03 cycle=250800 time=7.653602e+00 dt=2.950604e-05
elapsed=8.092125e+03 cycle=250900 time=7.656533e+00 dt=2.929925e-05
elapsed=8.095301e+03 cycle=251000 time=7.659420e+00 dt=2.894785e-05
elapsed=8.098596e+03 cycle=251100 time=7.662332e+00 dt=2.886658e-05
elapsed=8.101772e+03 cycle=251200 time=7.665178e+00 dt=2.800364e-05
elapsed=8.104948e+03 cycle=251300 time=7.667955e+00 dt=2.765762e-05
elapsed=8.108242e+03 cycle=251400 time=7.670734e+00 dt=2.783150e-05
elapsed=8.111422e+03 cycle=251500 time=7.673533e+00 dt=2.820216e-05
elapsed=8.114603e+03 cycle=251600 time=7.676361e+00 dt=2.870326e-05
elapsed=8.117784e+03 cycle=251700 time=7.679184e+00 dt=2.719776e-05
elapsed=8.121079e+03 cycle=251800 time=7.681895e+00 dt=2.727080e-05
elapsed=8.124260e+03 cycle=251900 time=7.684643e+00 dt=2.650364e-05
elapsed=8.127440e+03 cycle=252000 time=7.687226e+00 dt=2.660335e-05
elapsed=8.130619e+03 cycle=252100 time=7.689909e+00 dt=2.642069e-05
elapsed=8.133916e+03 cycle=252200 time=7.692543e+00 dt=2.643814e-05
elapsed=8.137096e+03 cycle=252300 time=7.695191e+00 dt=2.623017e-05
elapsed=8.140277e+03 cycle=252400 time=7.697745e+00 dt=2.511204e-05
elapsed=8.143575e+03 cycle=252500 time=7.700236e+00 dt=2.472607e-05
elapsed=8.146757e+03 cycle=252600 time=7.702749e+00 dt=2.659025e-05
elapsed=8.149939e+03 cycle=252700 time=7.705561e+00 dt=2.828329e-05
elapsed=8.153120e+03 cycle=252800 time=7.708376e+00 dt=2.810015e-05
elapsed=8.156415e+03 cycle=252900 time=7.711187e+00 dt=2.819675e-05
elapsed=8.159595e+03 cycle=253000 time=7.714024e+00 dt=2.881590e-05
elapsed=8.162774e+03 cycle=253100 time=7.716912e+00 dt=2.868365e-05
elapsed=8.165952e+03 cycle=253200 time=7.719736e+00 dt=2.790636e-05
elapsed=8.169249e+03 cycle=253300 time=7.722506e+00 dt=2.766648e-05
elapsed=8.172430e+03 cycle=253400 time=7.725311e+00 dt=2.853242e-05
elapsed=8.175613e+03 cycle=253500 time=7.728246e+00 dt=2.998003e-05
elapsed=8.178912e+03 cycle=253600 time=7.731231e+00 dt=2.957902e-05
elapsed=8.182097e+03 cycle=253700 time=7.734169e+00 dt=2.939096e-05
elapsed=8.185283e+03 cycle=253800 time=7.737132e+00 dt=2.999899e-05
elapsed=8.188587e+03 cycle=253900 time=7.740119e+00 dt=2.891517e-05
elapsed=8.191775e+03 cycle=254000 time=7.742921e+00 dt=2.735402e-05
elapsed=8.194963e+03 cycle=254100 time=7.745755e+00 dt=2.946640e-05
elapsed=8.198150e+03 cycle=254200 time=7.748683e+00 dt=2.909527e-05
elapsed=8.201450e+03 cycle=254300 time=7.751585e+00 dt=2.894853e-05
elapsed=8.204640e+03 cycle=254400 time=7.754483e+00 dt=2.899390e-05
elapsed=8.207831e+03 cycle=254500 time=7.757312e+00 dt=2.633957e-05
elapsed=8.211131e+03 cycle=254600 time=7.760153e+00 dt=2.862798e-05
elapsed=8.214318e+03 cycle=254700 time=7.763001e+00 dt=2.830077e-05
elapsed=8.217506e+03 cycle=254800 time=7.765820e+00 dt=2.822135e-05
elapsed=8.220691e+03 cycle=254900 time=7.768676e+00 dt=2.910145e-05
elapsed=8.223991e+03 cycle=255000 time=7.771577e+00 dt=2.858612e-05
elapsed=8.227176e+03 cycle=255100 time=7.774381e+00 dt=2.748925e-05
elapsed=8.230358e+03 cycle=255200 time=7.777092e+00 dt=2.672071e-05
elapsed=8.233538e+03 cycle=255300 time=7.779703e+00 dt=2.541619e-05
elapsed=8.236831e+03 cycle=255400 time=7.782188e+00 dt=2.477985e-05
elapsed=8.240008e+03 cycle=255500 time=7.784794e+00 dt=2.786357e-05
elapsed=8.243186e+03 cycle=255600 time=7.787610e+00 dt=2.809096e-05
elapsed=8.246479e+03 cycle=255700 time=7.790389e+00 dt=2.733240e-05
elapsed=8.249656e+03 cycle=255800 time=7.793087e+00 dt=2.676000e-05
elapsed=8.252834e+03 cycle=255900 time=7.795808e+00 dt=2.904078e-05
elapsed=8.256012e+03 cycle=256000 time=7.798767e+00 dt=2.992307e-05
elapsed=8.259305e+03 cycle=256100 time=7.801760e+00 dt=2.971144e-05
elapsed=8.262480e+03 cycle=256200 time=7.804717e+00 dt=2.949320e-05
elapsed=8.265656e+03 cycle=256300 time=7.807565e+00 dt=2.779024e-05
elapsed=8.268948e+03 cycle=256400 time=7.810279e+00 dt=2.711467e-05
elapsed=8.272125e+03 cycle=256500 time=7.813060e+00 dt=2.733943e-05
elapsed=8.275299e+03 cycle=256600 time=7.815755e+00 dt=2.677002e-05
elapsed=8.278473e+03 cycle=256700 time=7.818501e+00 dt=2.847532e-05
elapsed=8.281763e+03 cycle=256800 time=7.821330e+00 dt=2.868825e-05
elapsed=8.284937e+03 cycle=256900 time=7.824277e+00 dt=2.967443e-05
elapsed=8.288114e+03 cycle=257000 time=7.827140e+00 dt=2.904701e-05
elapsed=8.291408e+03 cycle=257100 time=7.830077e+00 dt=2.964613e-05
elapsed=8.294586e+03 cycle=257200 time=7.832983e+00 dt=2.869893e-05
elapsed=8.297764e+03 cycle=257300 time=7.835781e+00 dt=2.733059e-05
elapsed=8.300942e+03 cycle=257400 time=7.838443e+00 dt=2.613428e-05
elapsed=8.304235e+03 cycle=257500 time=7.841051e+00 dt=2.579876e-05
elapsed=8.307412e+03 cycle=257600 time=7.843594e+00 dt=2.510472e-05
elapsed=8.310588e+03 cycle=257700 time=7.846123e+00 dt=2.569578e-05
elapsed=8.313765e+03 cycle=257800 time=7.848740e+00 dt=2.589605e-05
elapsed=8.317057e+03 cycle=257900 time=7.851242e+00 dt=2.448809e-05
elapsed=8.320233e+03 cycle=258000 time=7.853772e+00 dt=2.631281e-05
elapsed=8.323410e+03 cycle=258100 time=7.856523e+00 dt=2.913628e-05
elapsed=8.326589e+03 cycle=258200 time=7.859571e+00 dt=3.017336e-05
elapsed=8.329883e+03 cycle=258300 time=7.862519e+00 dt=2.873025e-05
elapsed=8.333062e+03 cycle=258400 time=7.865355e+00 dt=2.840418e-05
elapsed=8.336241e+03 cycle=258500 time=7.868210e+00 dt=2.868105e-05
elapsed=8.339533e+03 cycle=258600 time=7.871118e+00 dt=2.953783e-05
elapsed=8.342711e+03 cycle=258700 time=7.874072e+00 dt=2.946068e-05
elapsed=8.345887e+03 cycle=258800 time=7.877023e+00 dt=2.950902e-05
elapsed=8.349061e+03 cycle=258900 time=7.879980e+00 dt=2.964649e-05
elapsed=8.352350e+03 cycle=259000 time=7.882933e+00 dt=2.998001e-05
elapsed=8.355521e+03 cycle=259100 time=7.885910e+00 dt=2.954968e-05
elapsed=8.358691e+03 cycle=259200 time=7.888818e+00 dt=2.962465e-05
elapsed=8.361977e+03 cycle=259300 time=7.891658e+00 dt=2.728090e-05
elapsed=8.365147e+03 cycle=259400 time=7.894444e+00 dt=2.941784e-05
elapsed=8.368317e+03 cycle=259500 time=7.897446e+00 dt=2.935232e-05
elapsed=8.371601e+03 cycle=259600 time=7.900389e+00 dt=2.990315e-05
elapsed=8.374771e+03 cycle=259700 time=7.903389e+00 dt=3.004456e-05
elapsed=8.377942e+03 cycle=259800 time=7.906398e+00 dt=3.002471e-05
elapsed=8.381114e+03 cycle=259900 time=7.909394e+00 dt=2.986440e-05
elapsed=8.384400e+03 cycle=260000 time=7.912388e+00 dt=3.019114e-05
elapsed=8.387573e+03 cycle=260100 time=7.915422e+00 dt=3.029832e-05
elapsed=8.390745e+03 cycle=260200 time=7.918447e+00 dt=3.013934e-05
elapsed=8.394033e+03 cycle=260300 time=7.921462e+00 dt=3.031109e-05
elapsed=8.397205e+03 cycle=260400 time=7.924444e+00 dt=2.938799e-05
elapsed=8.400379e+03 cycle=260500 time=7.927397e+00 dt=2.962117e-05
elapsed=8.403668e+03 cycle=260600 time=7.930336e+00 dt=2.960958e-05
elapsed=8.406842e+03 cycle=260700 time=7.933374e+00 dt=3.024045e-05
elapsed=8.410016e+03 cycle=260800 time=7.936377e+00 dt=2.994261e-05
elapsed=8.413191e+03 cycle=260900 time=7.939375e+00 dt=3.008236e-05
elapsed=8.416483e+03 cycle=261000 time=7.942391e+00 dt=2.949336e-05
elapsed=8.419660e+03 cycle=261100 time=7.945186e+00 dt=2.618143e-05
elapsed=8.422837e+03 cycle=261200 time=7.947611e+00 dt=2.224214e-05
elapsed=8.426015e+03 cycle=261300 time=7.949976e+00 dt=2.759579e-05
elapsed=8.429305e+03 cycle=261400 time=7.952634e+00 dt=2.573374e-05
elapsed=8.432481e+03 cycle=261500 time=7.955171e+00 dt=2.512959e-05
elapsed=8.435659e+03 cycle=261600 time=7.957684e+00 dt=2.523871e-05
elapsed=8.438954e+03 cycle=261700 time=7.960257e+00 dt=2.630266e-05
elapsed=8.442134e+03 cycle=261800 time=7.962947e+00 dt=2.754723e-05
elapsed=8.445314e+03 cycle=261900 time=7.965781e+00 dt=2.890133e-05
elapsed=8.448495e+03 cycle=262000 time=7.968652e+00 dt=2.809923e-05
elapsed=8.451790e+03 cycle=262100 time=7.971511e+00 dt=2.912811e-05
elapsed=8.454973e+03 cycle=262200 time=7.974375e+00 dt=2.817401e-05
elapsed=8.458154e+03 cycle=262300 time=7.977160e+00 dt=2.779301e-05
elapsed=8.461450e+03 cycle=262400 time=7.980001e+00 dt=2.962574e-05
elapsed=8.464629e+03 cycle=262500 time=7.982992e+00 dt=3.012799e-05
elapsed=8.467808e+03 cycle=262600 time=7.985862e+00 dt=2.752328e-05
elapsed=8.470989e+03 cycle=262700 time=7.988554e+00 dt=2.660812e-05
elapsed=8.474283e+03 cycle=262800 time=7.991185e+00 dt=2.624160e-05
elapsed=8.477462e+03 cycle=262900 time=7.993764e+00 dt=2.664047e-05
elapsed=8.480640e+03 cycle=263000 time=7.996537e+00 dt=2.849405e-05
elapsed=8.483817e+03 cycle=263100 time=7.999388e+00 dt=2.811048e-05
elapsed=8.487144e+03 cycle=263200 time=8.002158e+00 dt=2.734039e-05
elapsed=8.490321e+03 cycle=263300 time=8.004877e+00 dt=2.740489e-05
elapsed=8.493494e+03 cycle=263400 time=8.007646e+00 dt=2.800397e-05
elapsed=8.496778e+03 cycle=263500 time=8.010503e+00 dt=2.935552e-05
elapsed=8.499948e+03 cycle=263600 time=8.013460e+00 dt=2.973315e-05
elapsed=8.503117e+03 cycle=263700 time=8.016487e+00 dt=3.079588e-05
elapsed=8.506285e+03 cycle=263800 time=8.019569e+00 dt=3.041798e-05
elapsed=8.509567e+03 cycle=263900 time=8.022583e+00 dt=3.013912e-05
elapsed=8.512734e+03 cycle=264000 time=8.025575e+00 dt=2.972659e-05
elapsed=8.515903e+03 cycle=264100 time=8.028501e+00 dt=2.806102e-05
elapsed=8.519188e+03 cycle=264200 time=8.031355e+00 dt=2.898888e-05
elapsed=8.522358e+03 cycle=264300 time=8.034268e+00 dt=2.927157e-05
elapsed=8.525526e+03 cycle=264400 time=8.037206e+00 dt=2.965592e-05
elapsed=8.528807e+03 cycle=264500 time=8.040151e+00 dt=2.950439e-05
elapsed=8.531973e+03 cycle=264600 time=8.043052e+00 dt=2.867782e-05
elapsed=8.535139e+03 cycle=264700 time=8.045919e+00 dt=2.855238e-05
elapsed=8.538305e+03 cycle=264800 time=8.048769e+00 dt=2.850372e-05
elapsed=8.541588e+03 cycle=264900 time=8.051581e+00 dt=2.764792e-05
elapsed=8.544753e+03 cycle=265000 time=8.054334e+00 dt=2.727186e-05
elapsed=8.547917e+03 cycle=265100 time=8.057025e+00 dt=2.662128e-05
elapsed=8.551080e+03 cycle=265200 time=8.059711e+00 dt=2.733698e-05
elapsed=8.554357e+03 cycle=265300 time=8.062475e+00 dt=2.800501e-05
elapsed=8.557521e+03 cycle=265400 time=8.065274e+00 dt=2.822830e-05
elapsed=8.560688e+03 cycle=265500 time=8.068095e+00 dt=2.898026e-05
elapsed=8.563970e+03 cycle=265600 time=8.071004e+00 dt=2.897422e-05
elapsed=8.567139e+03 cycle=265700 time=8.073914e+00 dt=2.907916e-05
elapsed=8.570307e+03 cycle=265800 time=8.076814e+00 dt=2.897294e-05
elapsed=8.573474e+03 cycle=265900 time=8.079676e+00 dt=2.829566e-05
elapsed=8.576757e+03 cycle=266000 time=8.082429e+00 dt=2.649219e-05
elapsed=8.579923e+03 cycle=266100 time=8.085019e+00 dt=2.715344e-05
elapsed=8.583090e+03 cycle=266200 time=8.087977e+00 dt=2.960841e-05
elapsed=8.586369e+03 cycle=266300 time=8.090880e+00 dt=2.818290e-05
elapsed=8.589536e+03 cycle=266400 time=8.093580e+00 dt=2.573402e-05
elapsed=8.592703e+03 cycle=266500 time=8.096056e+00 dt=2.402165e-05
elapsed=8.595870e+03 cycle=266600 time=8.098520e+00 dt=2.653378e-05
elapsed=8.599151e+03 cycle=266700 time=8.101261e+00 dt=2.637638e-05
elapsed=8.602316e+03 cycle=266800 time=8.103933e+00 dt=2.725513e-05
elapsed=8.605481e+03 cycle=266900 time=8.106650e+00 dt=2.726501e-05
elapsed=8.608647e+03 cycle=267000 time=8.109389e+00 dt=2.745146e-05
elapsed=8.611930e+03 cycle=267100 time=8.112159e+00 dt=2.819192e-05
elapsed=8.615100e+03 cycle=267200 time=8.114934e+00 dt=2.662524e-05
elapsed=8.618270e+03 cycle=267300 time=8.117626e+00 dt=2.839063e-05
elapsed=8.621552e+03 cycle=267400 time=8.120507e+00 dt=2.869992e-05
elapsed=8.624722e+03 cycle=267500 time=8.123304e+00 dt=2.760606e-05
elapsed=8.627893e+03 cycle=267600 time=8.126099e+00 dt=2.795278e-05
elapsed=8.631062e+03 cycle=267700 time=8.128964e+00 dt=2.915751e-05
elapsed=8.634344e+03 cycle=267800 time=8.131881e+00 dt=2.924218e-05
elapsed=8.637511e+03 cycle=267900 time=8.134800e+00 dt=2.891288e-05
elapsed=8.640676e+03 cycle=268000 time=8.137667e+00 dt=2.845280e-05
elapsed=8.643954e+03 cycle=268100 time=8.140509e+00 dt=2.833807e-05
elapsed=8.647118e+03 cycle=268200 time=8.143234e+00 dt=2.652624e-05
elapsed=8.650280e+03 cycle=268300 time=8.146024e+00 dt=2.904186e-05
elapsed=8.653443e+03 cycle=268400 time=8.149003e+00 dt=2.973994e-05
elapsed=8.656728e+03 cycle=268500 time=8.151981e+00 dt=2.957344e-05
elapsed=8.659892e+03 cycle=268600 time=8.154950e+00 dt=2.975947e-05
elapsed=8.663057e+03 cycle=268700 time=8.157901e+00 dt=2.927875e-05
elapsed=8.666337e+03 cycle=268800 time=8.160836e+00 dt=2.949443e-05
elapsed=8.669504e+03 cycle=268900 time=8.163699e+00 dt=2.732000e-05
elapsed=8.672672e+03 cycle=269000 time=8.166317e+00 dt=2.618838e-05
elapsed=8.675837e+03 cycle=269100 time=8.169162e+00 dt=2.958090e-05
elapsed=8.679116e+03 cycle=269200 time=8.171985e+00 dt=2.742399e-05
elapsed=8.682281e+03 cycle=269300 time=8.174961e+00 dt=3.126230e-05
elapsed=8.685446e+03 cycle=269400 time=8.178082e+00 dt=3.053934e-05
elapsed=8.688726e+03 cycle=269500 time=8.181093e+00 dt=3.045742e-05
elapsed=8.691893e+03 cycle=269600 time=8.184226e+00 dt=3.016466e-05
elapsed=8.695062e+03 cycle=269700 time=8.187219e+00 dt=3.009762e-05
elapsed=8.698345e+03 cycle=269800 time=8.190135e+00 dt=2.851027e-05
elapsed=8.701513e+03 cycle=269900 time=8.192946e+00 dt=2.742769e-05
elapsed=8.704680e+03 cycle=270000 time=8.195699e+00 dt=2.767899e-05
elapsed=8.707847e+03 cycle=270100 time=8.198514e+00 dt=2.797703e-05
elapsed=8.711127e+03 cycle=270200 time=8.201416e+00 dt=3.061563e-05
elapsed=8.714291e+03 cycle=270300 time=8.204474e+00 dt=3.052540e-05
elapsed=8.717457e+03 cycle=270400 time=8.207512e+00 dt=3.008781e-05
elapsed=8.720737e+03 cycle=270500 time=8.210447e+00 dt=2.843826e-05
elapsed=8.723900e+03 cycle=270600 time=8.213195e+00 dt=2.651594e-05
elapsed=8.727061e+03 cycle=270700 time=8.215773e+00 dt=2.521576e-05
elapsed=8.730221e+03 cycle=270800 time=8.218279e+00 dt=2.573400e-05
elapsed=8.733493e+03 cycle=270900 time=8.220972e+00 dt=2.830276e-05
elapsed=8.736650e+03 cycle=271000 time=8.224004e+00 dt=3.079283e-05
elapsed=8.739807e+03 cycle=271100 time=8.227088e+00 dt=3.055816e-05
elapsed=8.743080e+03 cycle=271200 time=8.230149e+00 dt=3.055621e-05
elapsed=8.746239e+03 cycle=271300 time=8.233171e+00 dt=3.008293e-05
elapsed=8.749397e+03 cycle=271400 time=8.236099e+00 dt=2.864542e-05
elapsed=8.752556e+03 cycle=271500 time=8.238895e+00 dt=2.738618e-05
elapsed=8.755828e+03 cycle=271600 time=8.241625e+00 dt=2.711585e-05
elapsed=8.758985e+03 cycle=271700 time=8.244368e+00 dt=2.766619e-05
elapsed=8.762144e+03 cycle=271800 time=8.247097e+00 dt=2.710407e-05
elapsed=8.765303e+03 cycle=271900 time=8.249825e+00 dt=2.771286e-05
elapsed=8.768575e+03 cycle=272000 time=8.252631e+00 dt=2.805156e-05
elapsed=8.771732e+03 cycle=272100 time=8.255385e+00 dt=2.682354e-05
elapsed=8.774891e+03 cycle=272200 time=8.257983e+00 dt=2.502234e-05
elapsed=8.778163e+03 cycle=272300 time=8.260465e+00 dt=2.538579e-05
elapsed=8.781322e+03 cycle=272400 time=8.263131e+00 dt=2.872246e-05
elapsed=8.784482e+03 cycle=272500 time=8.265981e+00 dt=2.810099e-05
elapsed=8.787642e+03 cycle=272600 time=8.268814e+00 dt=2.839786e-05
elapsed=8.790919e+03 cycle=272700 time=8.271676e+00 dt=2.884017e-05
elapsed=8.794083e+03 cycle=272800 time=8.274547e+00 dt=2.858126e-05
elapsed=8.797246e+03 cycle=272900 time=8.277379e+00 dt=2.809614e-05
elapsed=8.800525e+03 cycle=273000 time=8.280172e+00 dt=2.793263e-05
elapsed=8.803690e+03 cycle=273100 time=8.282940e+00 dt=2.693367e-05
elapsed=8.806855e+03 cycle=273200 time=8.285606e+00 dt=2.650940e-05
elapsed=8.810020e+03 cycle=273300 time=8.288209e+00 dt=2.594705e-05
elapsed=8.813299e+03 cycle=273400 time=8.290952e+00 dt=2.785962e-05
elapsed=8.816463e+03 cycle=273500 time=8.293756e+00 dt=2.818870e-05
elapsed=8.819628e+03 cycle=273600 time=8.296588e+00 dt=2.861287e-05
elapsed=8.822790e+03 cycle=273700 time=8.299470e+00 dt=2.875341e-05
elapsed=8.826066e+03 cycle=273800 time=8.302357e+00 dt=2.960414e-05
elapsed=8.829231e+03 cycle=273900 time=8.305378e+00 dt=3.023790e-05
elapsed=8.832395e+03 cycle=274000 time=8.308386e+00 dt=2.982421e-05
elapsed=8.835678e+03 cycle=274100 time=8.311384e+00 dt=3.003212e-05
elapsed=8.838842e+03 cycle=274200 time=8.314326e+00 dt=2.900163e-05
elapsed=8.842005e+03 cycle=274300 time=8.317257e+00 dt=2.961822e-05
elapsed=8.845282e+03 cycle=274400 time=8.320174e+00 dt=2.890251e-05
elapsed=8.848445e+03 cycle=274500 time=8.323034e+00 dt=2.851695e-05
elapsed=8.851610e+03 cycle=274600 time=8.325927e+00 dt=2.979657e-05
elapsed=8.854775e+03 cycle=274700 time=8.328991e+00 dt=3.120414e-05
elapsed=8.858064e+03 cycle=274800 time=8.332093e+00 dt=3.068971e-05
elapsed=8.861228e+03 cycle=274900 time=8.335132e+00 dt=2.964105e-05
elapsed=8.864394e+03 cycle=275000 time=8.338019e+00 dt=2.856645e-05
elapsed=8.867673e+03 cycle=275100 time=8.340948e+00 dt=3.037758e-05
elapsed=8.870838e+03 cycle=275200 time=8.343964e+00 dt=2.977101e-05
elapsed=8.874002e+03 cycle=275300 time=8.346889e+00 dt=2.848587e-05
elapsed=8.877167e+03 cycle=275400 time=8.349655e+00 dt=2.683747e-05
elapsed=8.880447e+03 cycle=275500 time=8.352276e+00 dt=2.565984e-05
elapsed=8.883613e+03 cycle=275600 time=8.355005e+00 dt=2.881188e-05
elapsed=8.886778e+03 cycle=275700 time=8.357992e+00 dt=3.021818e-05
elapsed=8.890058e+03 cycle=275800 time=8.360919e+00 dt=2.865103e-05
elapsed=8.893225e+03 cycle=275900 time=8.363753e+00 dt=2.831541e-05
elapsed=8.896391e+03 cycle=276000 time=8.366583e+00 dt=2.798280e-05
elapsed=8.899558e+03 cycle=276100 time=8.369460e+00 dt=2.903227e-05
elapsed=8.902839e+03 cycle=276200 time=8.372311e+00 dt=2.844682e-05
elapsed=8.906007e+03 cycle=276300 time=8.375187e+00 dt=2.867545e-05
elapsed=8.909177e+03 cycle=276400 time=8.377990e+00 dt=2.730349e-05
elapsed=8.912464e+03 cycle=276500 time=8.380643e+00 dt=2.591261e-05
elapsed=8.915638e+03 cycle=276600 time=8.383218e+00 dt=2.582762e-05
elapsed=8.918812e+03 cycle=276700 time=8.385848e+00 dt=2.647454e-05
elapsed=8.921986e+03 cycle=276800 time=8.388528e+00 dt=2.796172e-05
elapsed=8.925276e+03 cycle=276900 time=8.391514e+00 dt=3.078648e-05
elapsed=8.928451e+03 cycle=277000 time=8.394556e+00 dt=3.019821e-05
elapsed=8.931625e+03 cycle=277100 time=8.397561e+00 dt=2.976741e-05
elapsed=8.934912e+03 cycle=277200 time=8.400538e+00 dt=3.001562e-05
elapsed=8.938084e+03 cycle=277300 time=8.403573e+00 dt=3.042492e-05
elapsed=8.941259e+03 cycle=277400 time=8.406557e+00 dt=2.908729e-05
elapsed=8.944432e+03 cycle=277500 time=8.409405e+00 dt=2.778757e-05
elapsed=8.947718e+03 cycle=277600 time=8.412085e+00 dt=2.561677e-05
elapsed=8.950893e+03 cycle=277700 time=8.414522e+00 dt=2.312409e-05
elapsed=8.954067e+03 cycle=277800 time=8.416829e+00 dt=2.421943e-05
elapsed=8.957243e+03 cycle=277900 time=8.419504e+00 dt=2.968918e-05
elapsed=8.960533e+03 cycle=278000 time=8.422634e+00 dt=3.148523e-05
elapsed=8.963709e+03 cycle=278100 time=8.425753e+00 dt=3.097500e-05
elapsed=8.966885e+03 cycle=278200 time=8.428753e+00 dt=2.899861e-05
elapsed=8.970176e+03 cycle=278300 time=8.431670e+00 dt=2.934729e-05
elapsed=8.973353e+03 cycle=278400 time=8.434636e+00 dt=2.948157e-05
elapsed=8.976530e+03 cycle=278500 time=8.437527e+00 dt=2.852588e-05
elapsed=8.979822e+03 cycle=278600 time=8.440354e+00 dt=2.780817e-05
elapsed=8.983002e+03 cycle=278700 time=8.443073e+00 dt=2.695309e-05
elapsed=8.986182e+03 cycle=278800 time=8.445808e+00 dt=2.811917e-05
elapsed=8.989361e+03 cycle=278900 time=8.448680e+00 dt=2.850885e-05
elapsed=8.992653e+03 cycle=279000 time=8.451516e+00 dt=2.836463e-05
elapsed=8.995832e+03 cycle=279100 time=8.454278e+00 dt=2.699768e-05
elapsed=8.999011e+03 cycle=279200 time=8.456992e+00 dt=2.799483e-05
elapsed=9.002188e+03 cycle=279300 time=8.459941e+00 dt=3.039907e-05
elapsed=9.005481e+03 cycle=279400 time=8.462913e+00 dt=2.976822e-05
elapsed=9.008659e+03 cycle=279500 time=8.465903e+00 dt=2.955869e-05
elapsed=9.011838e+03 cycle=279600 time=8.468698e+00 dt=2.656351e-05
elapsed=9.015130e+03 cycle=279700 time=8.471335e+00 dt=2.646454e-05
elapsed=9.018309e+03 cycle=279800 time=8.473995e+00 dt=2.665544e-05
elapsed=9.021488e+03 cycle=279900 time=8.476690e+00 dt=2.710957e-05
elapsed=9.024668e+03 cycle=280000 time=8.479416e+00 dt=2.744989e-05
elapsed=9.027960e+03 cycle=280100 time=8.482184e+00 dt=2.757295e-05
elapsed=9.031140e+03 cycle=280200 time=8.484974e+00 dt=2.787921e-05
elapsed=9.034320e+03 cycle=280300 time=8.487752e+00 dt=2.846172e-05
elapsed=9.037615e+03 cycle=280400 time=8.490734e+00 dt=3.053715e-05
elapsed=9.040794e+03 cycle=280500 time=8.493705e+00 dt=2.835789e-05
elapsed=9.043974e+03 cycle=280600 time=8.496502e+00 dt=2.760319e-05
elapsed=9.047155e+03 cycle=280700 time=8.499318e+00 dt=2.879251e-05
elapsed=9.050451e+03 cycle=280800 time=8.502097e+00 dt=2.709809e-05
elapsed=9.053632e+03 cycle=280900 time=8.504739e+00 dt=2.582005e-05
elapsed=9.056812e+03 cycle=281000 time=8.507275e+00 dt=2.488367e-05
elapsed=9.059993e+03 cycle=281100 time=8.509769e+00 dt=2.583822e-05
elapsed=9.063286e+03 cycle=281200 time=8.512524e+00 dt=2.862114e-05
elapsed=9.066465e+03 cycle=281300 time=8.515350e+00 dt=2.786851e-05
elapsed=9.069643e+03 cycle=281400 time=8.518084e+00 dt=2.685273e-05
elapsed=9.072934e+03 cycle=281500 time=8.520762e+00 dt=2.668600e-05
elapsed=9.076112e+03 cycle=281600 time=8.523436e+00 dt=2.700639e-05
elapsed=9.079291e+03 cycle=281700 time=8.526101e+00 dt=2.651640e-05
elapsed=9.082470e+03 cycle=281800 time=8.528685e+00 dt=2.523264e-05
elapsed=9.085764e+03 cycle=281900 time=8.531219e+00 dt=2.582374e-05
elapsed=9.088945e+03 cycle=282000 time=8.533950e+00 dt=2.880972e-05
elapsed=9.092127e+03 cycle=282100 time=8.536764e+00 dt=2.717230e-05
elapsed=9.095309e+03 cycle=282200 time=8.539334e+00 dt=2.382851e-05
elapsed=9.098602e+03 cycle=282300 time=8.541582e+00 dt=2.216313e-05
elapsed=9.101782e+03 cycle=282400 time=8.544046e+00 dt=2.763047e-05
elapsed=9.104962e+03 cycle=282500 time=8.546739e+00 dt=2.611719e-05
elapsed=9.108141e+03 cycle=282600 time=8.549279e+00 dt=2.518937e-05
elapsed=9.111433e+03 cycle=282700 time=8.551921e+00 dt=2.730445e-05
elapsed=9.114610e+03 cycle=282800 time=8.554672e+00 dt=2.816907e-05
elapsed=9.117789e+03 cycle=282900 time=8.557482e+00 dt=2.779808e-05
elapsed=9.121080e+03 cycle=283000 time=8.560262e+00 dt=2.783385e-05
elapsed=9.124258e+03 cycle=283100 time=8.563017e+00 dt=2.710919e-05
elapsed=9.127436e+03 cycle=283200 time=8.565754e+00 dt=2.891305e-05
elapsed=9.130614e+03 cycle=283300 time=8.568699e+00 dt=2.883201e-05
elapsed=9.133905e+03 cycle=283400 time=8.571605e+00 dt=2.908553e-05
elapsed=9.137085e+03 cycle=283500 time=8.574424e+00 dt=2.701301e-05
elapsed=9.140265e+03 cycle=283600 time=8.577107e+00 dt=2.689097e-05
elapsed=9.143444e+03 cycle=283700 time=8.579842e+00 dt=2.834886e-05
elapsed=9.146734e+03 cycle=283800 time=8.582621e+00 dt=2.718997e-05
elapsed=9.149911e+03 cycle=283900 time=8.585267e+00 dt=2.585057e-05
elapsed=9.153087e+03 cycle=284000 time=8.587834e+00 dt=2.596252e-05
elapsed=9.156376e+03 cycle=284100 time=8.590503e+00 dt=2.697426e-05
elapsed=9.159550e+03 cycle=284200 time=8.593248e+00 dt=2.778497e-05
elapsed=9.162724e+03 cycle=284300 time=8.596097e+00 dt=2.928054e-05
elapsed=9.165897e+03 cycle=284400 time=8.599036e+00 dt=2.945043e-05
elapsed=9.169183e+03 cycle=284500 time=8.601969e+00 dt=2.896975e-05
elapsed=9.172356e+03 cycle=284600 time=8.604812e+00 dt=2.779824e-05
elapsed=9.175529e+03 cycle=284700 time=8.607604e+00 dt=2.781462e-05
elapsed=9.178818e+03 cycle=284800 time=8.610357e+00 dt=2.754936e-05
elapsed=9.181992e+03 cycle=284900 time=8.613077e+00 dt=2.673165e-05
elapsed=9.185166e+03 cycle=285000 time=8.615710e+00 dt=2.584812e-05
elapsed=9.188340e+03 cycle=285100 time=8.618239e+00 dt=2.415977e-05
elapsed=9.191628e+03 cycle=285200 time=8.620712e+00 dt=2.705881e-05
elapsed=9.194801e+03 cycle=285300 time=8.623440e+00 dt=2.695690e-05
elapsed=9.197976e+03 cycle=285400 time=8.626132e+00 dt=2.710276e-05
elapsed=9.201152e+03 cycle=285500 time=8.628847e+00 dt=2.707755e-05
elapsed=9.204440e+03 cycle=285600 time=8.631443e+00 dt=2.563872e-05
elapsed=9.207615e+03 cycle=285700 time=8.634169e+00 dt=2.723263e-05
elapsed=9.210792e+03 cycle=285800 time=8.636875e+00 dt=2.695069e-05
elapsed=9.213969e+03 cycle=285900 time=8.639587e+00 dt=2.695550e-05
elapsed=9.217259e+03 cycle=286000 time=8.642250e+00 dt=2.613691e-05
elapsed=9.220433e+03 cycle=286100 time=8.644868e+00 dt=2.667857e-05
elapsed=9.223605e+03 cycle=286200 time=8.647525e+00 dt=2.614376e-05
elapsed=9.226890e+03 cycle=286300 time=8.650224e+00 dt=2.710884e-05
elapsed=9.230061e+03 cycle=286400 time=8.652923e+00 dt=2.688089e-05
elapsed=9.233234e+03 cycle=286500 time=8.655614e+00 dt=2.697182e-05
elapsed=9.236407e+03 cycle=286600 time=8.658304e+00 dt=2.653467e-05
elapsed=9.239694e+03 cycle=286700 time=8.660934e+00 dt=2.629138e-05
elapsed=9.242864e+03 cycle=286800 time=8.663579e+00 dt=2.725933e-05
elapsed=9.246033e+03 cycle=286900 time=8.666377e+00 dt=2.782630e-05
elapsed=9.249201e+03 cycle=287000 time=8.669116e+00 dt=2.712750e-05
elapsed=9.252480e+03 cycle=287100 time=8.671832e+00 dt=2.717045e-05
elapsed=9.255647e+03 cycle=287200 time=8.674559e+00 dt=2.779128e-05
elapsed=9.258815e+03 cycle=287300 time=8.677320e+00 dt=2.604848e-05
elapsed=9.261982e+03 cycle=287400 time=8.679883e+00 dt=2.839996e-05
elapsed=9.265263e+03 cycle=287500 time=8.682714e+00 dt=2.850024e-05
elapsed=9.268431e+03 cycle=287600 time=8.685576e+00 dt=2.820876e-05
elapsed=9.271599e+03 cycle=287700 time=8.688346e+00 dt=2.713516e-05
elapsed=9.274881e+03 cycle=287800 time=8.691031e+00 dt=2.664830e-05
elapsed=9.278046e+03 cycle=287900 time=8.693683e+00 dt=2.633447e-05
elapsed=9.281212e+03 cycle=288000 time=8.696318e+00 dt=2.608255e-05
elapsed=9.284376e+03 cycle=288100 time=8.698811e+00 dt=2.407544e-05
elapsed=9.287655e+03 cycle=288200 time=8.701189e+00 dt=2.359829e-05
elapsed=9.290821e+03 cycle=288300 time=8.703609e+00 dt=2.601283e-05
elapsed=9.293987e+03 cycle=288400 time=8.706337e+00 dt=2.742111e-05
elapsed=9.297153e+03 cycle=288500 time=8.709070e+00 dt=2.747448e-05
elapsed=9.300434e+03 cycle=288600 time=8.711871e+00 dt=2.821863e-05
elapsed=9.303603e+03 cycle=288700 time=8.714698e+00 dt=2.833465e-05
elapsed=9.306770e+03 cycle=288800 time=8.717519e+00 dt=2.778198e-05
elapsed=9.310053e+03 cycle=288900 time=8.720195e+00 dt=2.577413e-05
elapsed=9.313220e+03 cycle=289000 time=8.722920e+00 dt=2.853083e-05
elapsed=9.316388e+03 cycle=289100 time=8.725725e+00 dt=2.774685e-05
elapsed=9.319555e+03 cycle=289200 time=8.728529e+00 dt=2.795906e-05
elapsed=9.322837e+03 cycle=289300 time=8.731317e+00 dt=2.794795e-05
elapsed=9.326004e+03 cycle=289400 time=8.734149e+00 dt=2.879263e-05
elapsed=9.329171e+03 cycle=289500 time=8.737022e+00 dt=2.826958e-05
elapsed=9.332338e+03 cycle=289600 time=8.739786e+00 dt=2.755893e-05
elapsed=9.335618e+03 cycle=289700 time=8.742536e+00 dt=2.775697e-05
elapsed=9.338784e+03 cycle=289800 time=8.745237e+00 dt=2.622556e-05
elapsed=9.341951e+03 cycle=289900 time=8.747895e+00 dt=2.720503e-05
elapsed=9.345232e+03 cycle=290000 time=8.750555e+00 dt=2.670034e-05
elapsed=9.348397e+03 cycle=290100 time=8.753271e+00 dt=2.674705e-05
elapsed=9.351561e+03 cycle=290200 time=8.755909e+00 dt=2.581769e-05
elapsed=9.354726e+03 cycle=290300 time=8.758505e+00 dt=2.687231e-05
elapsed=9.358006e+03 cycle=290400 time=8.761173e+00 dt=2.611417e-05
elapsed=9.361173e+03 cycle=290500 time=8.763745e+00 dt=2.559464e-05
elapsed=9.364338e+03 cycle=290600 time=8.766323e+00 dt=2.659844e-05
elapsed=9.367503e+03 cycle=290700 time=8.769032e+00 dt=2.620264e-05
elapsed=9.370784e+03 cycle=290800 time=8.771736e+00 dt=2.733662e-05
elapsed=9.373948e+03 cycle=290900 time=8.774405e+00 dt=2.601875e-05
elapsed=9.377111e+03 cycle=291000 time=8.776952e+00 dt=2.500988e-05
elapsed=9.380275e+03 cycle=291100 time=8.779415e+00 dt=2.481534e-05
elapsed=9.383550e+03 cycle=291200 time=8.782047e+00 dt=2.770111e-05
elapsed=9.386713e+03 cycle=291300 time=8.784918e+00 dt=2.871477e-05
elapsed=9.389875e+03 cycle=291400 time=8.787702e+00 dt=2.683741e-05
elapsed=9.393151e+03 cycle=291500 time=8.790433e+00 dt=2.775061e-05
elapsed=9.396314e+03 cycle=291600 time=8.793122e+00 dt=2.635514e-05
elapsed=9.399477e+03 cycle=291700 time=8.795743e+00 dt=2.620937e-05
elapsed=9.402641e+03 cycle=291800 time=8.798371e+00 dt=2.631582e-05
elapsed=9.405921e+03 cycle=291900 time=8.801090e+00 dt=2.828689e-05
elapsed=9.409087e+03 cycle=292000 time=8.803870e+00 dt=2.823216e-05
elapsed=9.412254e+03 cycle=292100 time=8.806704e+00 dt=2.785007e-05
elapsed=9.415420e+03 cycle=292200 time=8.809411e+00 dt=2.633368e-05
elapsed=9.418701e+03 cycle=292300 time=8.811982e+00 dt=2.515551e-05
elapsed=9.421868e+03 cycle=292400 time=8.814476e+00 dt=2.466191e-05
elapsed=9.425033e+03 cycle=292500 time=8.816938e+00 dt=2.484124e-05
elapsed=9.428200e+03 cycle=292600 time=8.819467e+00 dt=2.609390e-05
elapsed=9.431480e+03 cycle=292700 time=8.822183e+00 dt=2.743931e-05
elapsed=9.434645e+03 cycle=292800 time=8.824893e+00 dt=2.659871e-05
elapsed=9.437810e+03 cycle=292900 time=8.827630e+00 dt=2.807030e-05
elapsed=9.441089e+03 cycle=293000 time=8.830378e+00 dt=2.664260e-05
elapsed=9.444254e+03 cycle=293100 time=8.832991e+00 dt=2.558362e-05
elapsed=9.447418e+03 cycle=293200 time=8.835511e+00 dt=2.501580e-05
elapsed=9.450584e+03 cycle=293300 time=8.838035e+00 dt=2.520606e-05
elapsed=9.453863e+03 cycle=293400 time=8.840572e+00 dt=2.580783e-05
elapsed=9.457027e+03 cycle=293500 time=8.843114e+00 dt=2.471488e-05
elapsed=9.460192e+03 cycle=293600 time=8.845554e+00 dt=2.489318e-05
elapsed=9.463357e+03 cycle=293700 time=8.847960e+00 dt=2.319531e-05
elapsed=9.466635e+03 cycle=293800 time=8.850249e+00 dt=2.282060e-05
elapsed=9.469801e+03 cycle=293900 time=8.852556e+00 dt=2.354648e-05
elapsed=9.472967e+03 cycle=294000 time=8.854981e+00 dt=2.516844e-05
elapsed=9.476131e+03 cycle=294100 time=8.857695e+00 dt=2.974421e-05
elapsed=9.479411e+03 cycle=294200 time=8.860702e+00 dt=2.997239e-05
elapsed=9.482577e+03 cycle=294300 time=8.863706e+00 dt=3.014780e-05
elapsed=9.485745e+03 cycle=294400 time=8.866599e+00 dt=2.745852e-05
elapsed=9.488912e+03 cycle=294500 time=8.869402e+00 dt=2.769450e-05
elapsed=9.492196e+03 cycle=294600 time=8.872130e+00 dt=2.721483e-05
elapsed=9.495367e+03 cycle=294700 time=8.874939e+00 dt=2.852598e-05
elapsed=9.498538e+03 cycle=294800 time=8.877849e+00 dt=3.015663e-05
elapsed=9.501819e+03 cycle=294900 time=8.880802e+00 dt=2.929793e-05
elapsed=9.504985e+03 cycle=295000 time=8.883785e+00 dt=2.969376e-05
elapsed=9.508152e+03 cycle=295100 time=8.886725e+00 dt=2.929611e-05
elapsed=9.511321e+03 cycle=295200 time=8.889669e+00 dt=2.963194e-05
elapsed=9.514603e+03 cycle=295300 time=8.892687e+00 dt=3.074899e-05
elapsed=9.517771e+03 cycle=295400 time=8.895763e+00 dt=3.090095e-05
elapsed=9.520940e+03 cycle=295500 time=8.898849e+00 dt=3.097690e-05
elapsed=9.524226e+03 cycle=295600 time=8.901877e+00 dt=2.934676e-05
elapsed=9.527400e+03 cycle=295700 time=8.904745e+00 dt=2.791068e-05
elapsed=9.530576e+03 cycle=295800 time=8.907505e+00 dt=2.741587e-05
elapsed=9.533866e+03 cycle=295900 time=8.910264e+00 dt=2.797669e-05
elapsed=9.537043e+03 cycle=296000 time=8.913144e+00 dt=2.954634e-05
elapsed=9.540218e+03 cycle=296100 time=8.916089e+00 dt=2.964039e-05
elapsed=9.543392e+03 cycle=296200 time=8.919067e+00 dt=2.951641e-05
elapsed=9.546678e+03 cycle=296300 time=8.921977e+00 dt=2.875644e-05
elapsed=9.549850e+03 cycle=296400 time=8.924855e+00 dt=2.888743e-05
elapsed=9.553021e+03 cycle=296500 time=8.927797e+00 dt=3.007149e-05
elapsed=9.556304e+03 cycle=296600 time=8.930846e+00 dt=3.079962e-05
elapsed=9.559473e+03 cycle=296700 time=8.933918e+00 dt=3.053263e-05
elapsed=9.562642e+03 cycle=296800 time=8.936976e+00 dt=3.008485e-05
elapsed=9.565810e+03 cycle=296900 time=8.939976e+00 dt=3.098889e-05
elapsed=9.569093e+03 cycle=297000 time=8.943054e+00 dt=3.057901e-05
elapsed=9.572261e+03 cycle=297100 time=8.946074e+00 dt=2.985160e-05
elapsed=9.575429e+03 cycle=297200 time=8.949029e+00 dt=2.932110e-05
elapsed=9.578710e+03 cycle=297300 time=8.951958e+00 dt=2.928956e-05
elapsed=9.581875e+03 cycle=297400 time=8.954902e+00 dt=2.959991e-05
elapsed=9.585041e+03 cycle=297500 time=8.957885e+00 dt=3.002741e-05
elapsed=9.588320e+03 cycle=297600 time=8.960885e+00 dt=2.992472e-05
elapsed=9.591486e+03 cycle=297700 time=8.963852e+00 dt=2.943859e-05
elapsed=9.594653e+03 cycle=297800 time=8.966770e+00 dt=2.886358e-05
elapsed=9.597820e+03 cycle=297900 time=8.969642e+00 dt=2.865824e-05
elapsed=9.601104e+03 cycle=298000 time=8.972510e+00 dt=2.847158e-05
elapsed=9.604273e+03 cycle=298100 time=8.975372e+00 dt=2.942722e-05
elapsed=9.607442e+03 cycle=298200 time=8.978222e+00 dt=2.977701e-05
elapsed=9.610725e+03 cycle=298300 time=8.981212e+00 dt=2.997541e-05
elapsed=9.613893e+03 cycle=298400 time=8.984205e+00 dt=2.944856e-05
elapsed=9.617061e+03 cycle=298500 time=8.987089e+00 dt=2.826941e-05
elapsed=9.620230e+03 cycle=298600 time=8.989843e+00 dt=2.678209e-05
elapsed=9.623515e+03 cycle=298700 time=8.992433e+00 dt=2.519962e-05
elapsed=9.626684e+03 cycle=298800 time=8.995006e+00 dt=2.684723e-05
elapsed=9.629854e+03 cycle=298900 time=8.997812e+00 dt=2.814733e-05
elapsed=9.633174e+03 cycle=299000 time=9.000629e+00 dt=2.817845e-05
elapsed=9.636346e+03 cycle=299100 time=9.003429e+00 dt=2.776206e-05
elapsed=9.639516e+03 cycle=299200 time=9.006159e+00 dt=2.683149e-05
elapsed=9.642686e+03 cycle=299300 time=9.008852e+00 dt=2.738003e-05
elapsed=9.645969e+03 cycle=299400 time=9.011635e+00 dt=2.834226e-05
elapsed=9.649139e+03 cycle=299500 time=9.014505e+00 dt=2.870225e-05
elapsed=9.652309e+03 cycle=299600 time=9.017329e+00 dt=2.797613e-05
elapsed=9.655591e+03 cycle=299700 time=9.020173e+00 dt=2.946232e-05
elapsed=9.658761e+03 cycle=299800 time=9.023110e+00 dt=2.833544e-05
elapsed=9.661932e+03 cycle=299900 time=9.025835e+00 dt=2.894829e-05
elapsed=9.665104e+03 cycle=300000 time=9.028787e+00 dt=2.918678e-05
elapsed=9.668389e+03 cycle=300100 time=9.031639e+00 dt=2.750523e-05
elapsed=9.671561e+03 cycle=300200 time=9.034381e+00 dt=2.778801e-05
elapsed=9.674734e+03 cycle=300300 time=9.037194e+00 dt=2.827171e-05
elapsed=9.678021e+03 cycle=300400 time=9.040094e+00 dt=2.971835e-05
elapsed=9.681197e+03 cycle=300500 time=9.043046e+00 dt=2.948568e-05
elapsed=9.684372e+03 cycle=300600 time=9.045970e+00 dt=2.897988e-05
elapsed=9.687546e+03 cycle=300700 time=9.048825e+00 dt=2.805978e-05
elapsed=9.690834e+03 cycle=300800 time=9.051594e+00 dt=2.737530e-05
elapsed=9.694007e+03 cycle=300900 time=9.054315e+00 dt=2.830303e-05
elapsed=9.697180e+03 cycle=301000 time=9.057211e+00 dt=2.915900e-05
elapsed=9.700470e+03 cycle=301100 time=9.060129e+00 dt=2.865741e-05
elapsed=9.703647e+03 cycle=301200 time=9.062931e+00 dt=2.731645e-05
elapsed=9.706826e+03 cycle=301300 time=9.065589e+00 dt=2.564749e-05
elapsed=9.710004e+03 cycle=301400 time=9.068074e+00 dt=2.543366e-05
elapsed=9.713296e+03 cycle=301500 time=9.070949e+00 dt=3.007671e-05
elapsed=9.716472e+03 cycle=301600 time=9.073891e+00 dt=3.011810e-05
elapsed=9.719648e+03 cycle=301700 time=9.076838e+00 dt=2.896391e-05
elapsed=9.722822e+03 cycle=301800 time=9.079698e+00 dt=2.795264e-05
elapsed=9.726110e+03 cycle=301900 time=9.082548e+00 dt=2.873992e-05
elapsed=9.729285e+03 cycle=302000 time=9.085394e+00 dt=2.791896e-05
elapsed=9.732459e+03 cycle=302100 time=9.088157e+00 dt=2.758065e-05
elapsed=9.735744e+03 cycle=302200 time=9.090888e+00 dt=2.695051e-05
elapsed=9.738915e+03 cycle=302300 time=9.093586e+00 dt=2.694266e-05
elapsed=9.742087e+03 cycle=302400 time=9.096261e+00 dt=2.654313e-05
elapsed=9.745259e+03 cycle=302500 time=9.098927e+00 dt=2.672316e-05
elapsed=9.748542e+03 cycle=302600 time=9.101587e+00 dt=2.642774e-05
elapsed=9.751711e+03 cycle=302700 time=9.104176e+00 dt=2.598174e-05
elapsed=9.754881e+03 cycle=302800 time=9.106791e+00 dt=2.606591e-05
elapsed=9.758051e+03 cycle=302900 time=9.109442e+00 dt=2.712257e-05
elapsed=9.761335e+03 cycle=303000 time=9.112220e+00 dt=2.847072e-05
elapsed=9.764505e+03 cycle=303100 time=9.115074e+00 dt=2.805857e-05
elapsed=9.767676e+03 cycle=303200 time=9.117955e+00 dt=2.889599e-05
elapsed=9.770960e+03 cycle=303300 time=9.120797e+00 dt=2.846679e-05
elapsed=9.774131e+03 cycle=303400 time=9.123703e+00 dt=2.853562e-05
elapsed=9.777301e+03 cycle=303500 time=9.126454e+00 dt=2.644238e-05
elapsed=9.780471e+03 cycle=303600 time=9.129097e+00 dt=2.727891e-05
elapsed=9.783753e+03 cycle=303700 time=9.131991e+00 dt=3.060478e-05
elapsed=9.786921e+03 cycle=303800 time=9.135091e+00 dt=3.141258e-05
elapsed=9.790090e+03 cycle=303900 time=9.138240e+00 dt=3.132326e-05
elapsed=9.793375e+03 cycle=304000 time=9.141309e+00 dt=3.002833e-05
elapsed=9.796543e+03 cycle=304100 time=9.144257e+00 dt=2.899564e-05
elapsed=9.799713e+03 cycle=304200 time=9.147141e+00 dt=2.887881e-05
elapsed=9.802998e+03 cycle=304300 time=9.150073e+00 dt=2.939572e-05
elapsed=9.806171e+03 cycle=304400 time=9.153002e+00 dt=2.933993e-05
elapsed=9.809343e+03 cycle=304500 time=9.155919e+00 dt=2.834130e-05
elapsed=9.812513e+03 cycle=304600 time=9.158645e+00 dt=2.627419e-05
elapsed=9.815798e+03 cycle=304700 time=9.161260e+00 dt=2.624746e-05
elapsed=9.818969e+03 cycle=304800 time=9.164027e+00 dt=2.847532e-05
elapsed=9.822141e+03 cycle=304900 time=9.166964e+00 dt=3.065258e-05
elapsed=9.825425e+03 cycle=305000 time=9.170085e+00 dt=3.121901e-05
elapsed=9.828595e+03 cycle=305100 time=9.173202e+00 dt=3.091201e-05
elapsed=9.831764e+03 cycle=305200 time=9.176264e+00 dt=3.046328e-05
elapsed=9.834934e+03 cycle=305300 time=9.179282e+00 dt=2.987649e-05
elapsed=9.838217e+03 cycle=305400 time=9.182267e+00 dt=2.976221e-05
elapsed=9.841387e+03 cycle=305500 time=9.185331e+00 dt=3.085838e-05
elapsed=9.844561e+03 cycle=305600 time=9.188438e+00 dt=3.116985e-05
elapsed=9.847852e+03 cycle=305700 time=9.191528e+00 dt=3.054625e-05
elapsed=9.851030e+03 cycle=305800 time=9.194541e+00 dt=2.958017e-05
elapsed=9.854210e+03 cycle=305900 time=9.197453e+00 dt=2.866230e-05
elapsed=9.857495e+03 cycle=306000 time=9.200265e+00 dt=2.756257e-05
elapsed=9.860668e+03 cycle=306100 time=9.202985e+00 dt=2.682300e-05
elapsed=9.863837e+03 cycle=306200 time=9.205626e+00 dt=2.621539e-05
elapsed=9.867005e+03 cycle=306300 time=9.208229e+00 dt=2.570471e-05
elapsed=9.870289e+03 cycle=306400 time=9.210892e+00 dt=2.894317e-05
elapsed=9.873459e+03 cycle=306500 time=9.213934e+00 dt=2.997900e-05
elapsed=9.876629e+03 cycle=306600 time=9.216814e+00 dt=2.750851e-05
elapsed=9.879798e+03 cycle=306700 time=9.219518e+00 dt=2.785983e-05
elapsed=9.883082e+03 cycle=306800 time=9.222557e+00 dt=3.114986e-05
elapsed=9.886251e+03 cycle=306900 time=9.225608e+00 dt=3.011022e-05
elapsed=9.889419e+03 cycle=307000 time=9.228677e+00 dt=3.081585e-05
elapsed=9.892701e+03 cycle=307100 time=9.231701e+00 dt=2.941988e-05
elapsed=9.895867e+03 cycle=307200 time=9.234672e+00 dt=2.918714e-05
elapsed=9.899034e+03 cycle=307300 time=9.237489e+00 dt=2.719821e-05
elapsed=9.902315e+03 cycle=307400 time=9.240140e+00 dt=2.605138e-05
elapsed=9.905482e+03 cycle=307500 time=9.242768e+00 dt=2.649334e-05
elapsed=9.908649e+03 cycle=307600 time=9.245341e+00 dt=2.548750e-05
elapsed=9.911815e+03 cycle=307700 time=9.247905e+00 dt=2.544067e-05
elapsed=9.915101e+03 cycle=307800 time=9.250397e+00 dt=2.442734e-05
elapsed=9.918269e+03 cycle=307900 time=9.252837e+00 dt=2.380984e-05
elapsed=9.921438e+03 cycle=308000 time=9.255250e+00 dt=2.555089e-05
elapsed=9.924612e+03 cycle=308100 time=9.257942e+00 dt=2.723620e-05
elapsed=9.927903e+03 cycle=308200 time=9.260665e+00 dt=2.730442e-05
elapsed=9.931080e+03 cycle=308300 time=9.263427e+00 dt=2.826621e-05
elapsed=9.934256e+03 cycle=308400 time=9.266256e+00 dt=2.795877e-05
elapsed=9.937433e+03 cycle=308500 time=9.269081e+00 dt=2.866949e-05
elapsed=9.940720e+03 cycle=308600 time=9.271942e+00 dt=2.833688e-05
elapsed=9.943890e+03 cycle=308700 time=9.274689e+00 dt=2.712836e-05
elapsed=9.947059e+03 cycle=308800 time=9.277450e+00 dt=2.817142e-05
elapsed=9.950340e+03 cycle=308900 time=9.280216e+00 dt=2.669973e-05
elapsed=9.953507e+03 cycle=309000 time=9.282777e+00 dt=2.467330e-05
elapsed=9.956675e+03 cycle=309100 time=9.285473e+00 dt=2.927769e-05
elapsed=9.959849e+03 cycle=309200 time=9.288387e+00 dt=2.935207e-05
elapsed=9.963131e+03 cycle=309300 time=9.291162e+00 dt=2.954709e-05
elapsed=9.966294e+03 cycle=309400 time=9.294064e+00 dt=2.805682e-05
elapsed=9.969456e+03 cycle=309500 time=9.296814e+00 dt=2.731590e-05
elapsed=9.972619e+03 cycle=309600 time=9.299607e+00 dt=2.897218e-05
elapsed=9.975897e+03 cycle=309700 time=9.302507e+00 dt=2.899022e-05
elapsed=9.979062e+03 cycle=309800 time=9.305412e+00 dt=2.911272e-05
elapsed=9.982229e+03 cycle=309900 time=9.308330e+00 dt=2.905818e-05
elapsed=9.985511e+03 cycle=310000 time=9.311210e+00 dt=2.853911e-05
elapsed=9.988677e+03 cycle=310100 time=9.314044e+00 dt=2.812045e-05
elapsed=9.991839e+03 cycle=310200 time=9.316836e+00 dt=2.772081e-05
elapsed=9.995003e+03 cycle=310300 time=9.319584e+00 dt=2.723877e-05
elapsed=9.998283e+03 cycle=310400 time=9.322286e+00 dt=2.685506e-05
elapsed=1.000145e+04 cycle=310500 time=9.324952e+00 dt=2.642473e-05
elapsed=1.000461e+04 cycle=310600 time=9.327560e+00 dt=2.574424e-05
elapsed=1.000789e+04 cycle=310700 time=9.330124e+00 dt=2.555866e-05
elapsed=1.001105e+04 cycle=310800 time=9.332668e+00 dt=2.583796e-05
elapsed=1.001421e+04 cycle=310900 time=9.335244e+00 dt=2.566791e-05
elapsed=1.001738e+04 cycle=311000 time=9.337844e+00 dt=2.647999e-05
elapsed=1.002065e+04 cycle=311100 time=9.340511e+00 dt=2.653441e-05
elapsed=1.002381e+04 cycle=311200 time=9.343075e+00 dt=2.485433e-05
elapsed=1.002697e+04 cycle=311300 time=9.345503e+00 dt=2.382452e-05
elapsed=1.003013e+04 cycle=311400 time=9.347813e+00 dt=2.253788e-05
elapsed=1.003341e+04 cycle=311500 time=9.350143e+00 dt=2.508458e-05
elapsed=1.003657e+04 cycle=311600 time=9.352716e+00 dt=2.587841e-05
elapsed=1.003973e+04 cycle=311700 time=9.355361e+00 dt=2.703624e-05
elapsed=1.004289e+04 cycle=311800 time=9.358056e+00 dt=2.700192e-05
elapsed=1.004616e+04 cycle=311900 time=9.360700e+00 dt=2.603040e-05
elapsed=1.004931e+04 cycle=312000 time=9.363328e+00 dt=2.653351e-05
elapsed=1.005247e+04 cycle=312100 time=9.366023e+00 dt=2.705251e-05
elapsed=1.005563e+04 cycle=312200 time=9.368775e+00 dt=2.818686e-05
elapsed=1.005891e+04 cycle=312300 time=9.371581e+00 dt=2.834368e-05
elapsed=1.006207e+04 cycle=312400 time=9.374399e+00 dt=2.763203e-05
elapsed=1.006522e+04 cycle=312500 time=9.377123e+00 dt=2.683356e-05
elapsed=1.006838e+04 cycle=312600 time=9.379793e+00 dt=2.643208e-05
elapsed=1.007166e+04 cycle=312700 time=9.382321e+00 dt=2.406538e-05
elapsed=1.007482e+04 cycle=312800 time=9.384851e+00 dt=2.853153e-05
elapsed=1.007798e+04 cycle=312900 time=9.387678e+00 dt=2.745233e-05
elapsed=1.008126e+04 cycle=313000 time=9.390375e+00 dt=2.663574e-05
elapsed=1.008442e+04 cycle=313100 time=9.393044e+00 dt=2.700504e-05
elapsed=1.008758e+04 cycle=313200 time=9.395752e+00 dt=2.716956e-05
elapsed=1.009074e+04 cycle=313300 time=9.398483e+00 dt=2.679437e-05
elapsed=1.009402e+04 cycle=313400 time=9.401104e+00 dt=2.561730e-05
elapsed=1.009718e+04 cycle=313500 time=9.403616e+00 dt=2.472152e-05
elapsed=1.010034e+04 cycle=313600 time=9.406082e+00 dt=2.464904e-05
elapsed=1.010351e+04 cycle=313700 time=9.408586e+00 dt=2.551991e-05
elapsed=1.010679e+04 cycle=313800 time=9.411256e+00 dt=2.872524e-05
elapsed=1.010995e+04 cycle=313900 time=9.414106e+00 dt=2.843695e-05
elapsed=1.011311e+04 cycle=314000 time=9.416988e+00 dt=2.922270e-05
elapsed=1.011627e+04 cycle=314100 time=9.419895e+00 dt=2.899631e-05
elapsed=1.011955e+04 cycle=314200 time=9.422783e+00 dt=2.870875e-05
elapsed=1.012271e+04 cycle=314300 time=9.425563e+00 dt=2.642311e-05
elapsed=1.012587e+04 cycle=314400 time=9.427994e+00 dt=2.251945e-05
elapsed=1.012915e+04 cycle=314500 time=9.430636e+00 dt=2.757476e-05
elapsed=1.013230e+04 cycle=314600 time=9.433379e+00 dt=2.730222e-05
elapsed=1.013546e+04 cycle=314700 time=9.436069e+00 dt=2.649988e-05
elapsed=1.013862e+04 cycle=314800 time=9.438656e+00 dt=2.511884e-05
elapsed=1.014190e+04 cycle=314900 time=9.441061e+00 dt=2.292102e-05
elapsed=1.014506e+04 cycle=315000 time=9.443252e+00 dt=2.122720e-05
elapsed=1.014822e+04 cycle=315100 time=9.445595e+00 dt=2.773534e-05
elapsed=1.015138e+04 cycle=315200 time=9.448404e+00 dt=2.708340e-05
elapsed=1.015466e+04 cycle=315300 time=9.451180e+00 dt=2.801193e-05
elapsed=1.015782e+04 cycle=315400 time=9.453965e+00 dt=2.789877e-05
elapsed=1.016098e+04 cycle=315500 time=9.456776e+00 dt=2.817475e-05
elapsed=1.016414e+04 cycle=315600 time=9.459593e+00 dt=2.838180e-05
elapsed=1.016742e+04 cycle=315700 time=9.462445e+00 dt=2.831410e-05
elapsed=1.017058e+04 cycle=315800 time=9.465247e+00 dt=2.813805e-05
elapsed=1.017374e+04 cycle=315900 time=9.468088e+00 dt=2.870188e-05
elapsed=1.017702e+04 cycle=316000 time=9.470934e+00 dt=2.792722e-05
elapsed=1.018018e+04 cycle=316100 time=9.473712e+00 dt=2.748844e-05
elapsed=1.018335e+04 cycle=316200 time=9.476431e+00 dt=2.714181e-05
elapsed=1.018651e+04 cycle=316300 time=9.479081e+00 dt=2.572459e-05
elapsed=1.018979e+04 cycle=316400 time=9.481624e+00 dt=2.604101e-05
elapsed=1.019295e+04 cycle=316500 time=9.484282e+00 dt=2.654716e-05
elapsed=1.019612e+04 cycle=316600 time=9.486949e+00 dt=2.657353e-05
elapsed=1.019928e+04 cycle=316700 time=9.489561e+00 dt=2.579828e-05
elapsed=1.020256e+04 cycle=316800 time=9.492164e+00 dt=2.650302e-05
elapsed=1.020572e+04 cycle=316900 time=9.494832e+00 dt=2.644065e-05
elapsed=1.020889e+04 cycle=317000 time=9.497444e+00 dt=2.547876e-05
elapsed=1.021205e+04 cycle=317100 time=9.499970e+00 dt=2.515212e-05
elapsed=1.021533e+04 cycle=317200 time=9.502327e+00 dt=2.287003e-05
elapsed=1.021850e+04 cycle=317300 time=9.504694e+00 dt=2.507032e-05
elapsed=1.022166e+04 cycle=317400 time=9.507386e+00 dt=2.810158e-05
elapsed=1.022495e+04 cycle=317500 time=9.510219e+00 dt=2.765591e-05
elapsed=1.022811e+04 cycle=317600 time=9.512993e+00 dt=2.836364e-05
elapsed=1.023128e+04 cycle=317700 time=9.515784e+00 dt=2.750442e-05
elapsed=1.023445e+04 cycle=317800 time=9.518594e+00 dt=2.686106e-05
elapsed=1.023773e+04 cycle=317900 time=9.521315e+00 dt=2.752574e-05
elapsed=1.024090e+04 cycle=318000 time=9.524051e+00 dt=2.699284e-05
elapsed=1.024407e+04 cycle=318100 time=9.526691e+00 dt=2.534625e-05
elapsed=1.024723e+04 cycle=318200 time=9.529120e+00 dt=2.366783e-05
elapsed=1.025051e+04 cycle=318300 time=9.531597e+00 dt=2.746772e-05
elapsed=1.025368e+04 cycle=318400 time=9.534404e+00 dt=2.831224e-05
elapsed=1.025684e+04 cycle=318500 time=9.537270e+00 dt=2.848502e-05
elapsed=1.026013e+04 cycle=318600 time=9.540063e+00 dt=2.723210e-05
elapsed=1.026329e+04 cycle=318700 time=9.542745e+00 dt=2.625312e-05
elapsed=1.026646e+04 cycle=318800 time=9.545328e+00 dt=2.524533e-05
elapsed=1.026963e+04 cycle=318900 time=9.547772e+00 dt=2.365856e-05
elapsed=1.027291e+04 cycle=319000 time=9.550142e+00 dt=2.406180e-05
elapsed=1.027608e+04 cycle=319100 time=9.552661e+00 dt=2.625075e-05
elapsed=1.027924e+04 cycle=319200 time=9.555334e+00 dt=2.670642e-05
elapsed=1.028240e+04 cycle=319300 time=9.557993e+00 dt=2.666556e-05
elapsed=1.028568e+04 cycle=319400 time=9.560662e+00 dt=2.677183e-05
elapsed=1.028884e+04 cycle=319500 time=9.563345e+00 dt=2.655379e-05
elapsed=1.029201e+04 cycle=319600 time=9.565963e+00 dt=2.575343e-05
elapsed=1.029518e+04 cycle=319700 time=9.568525e+00 dt=2.593508e-05
elapsed=1.029846e+04 cycle=319800 time=9.571144e+00 dt=2.654444e-05
elapsed=1.030163e+04 cycle=319900 time=9.573796e+00 dt=2.640030e-05
elapsed=1.030479e+04 cycle=320000 time=9.576443e+00 dt=2.659388e-05
elapsed=1.030795e+04 cycle=320100 time=9.579096e+00 dt=2.655491e-05
elapsed=1.031123e+04 cycle=320200 time=9.581737e+00 dt=2.641978e-05
elapsed=1.031440e+04 cycle=320300 time=9.584417e+00 dt=2.879979e-05
elapsed=1.031756e+04 cycle=320400 time=9.587293e+00 dt=2.861378e-05
elapsed=1.032084e+04 cycle=320500 time=9.590157e+00 dt=2.855329e-05
elapsed=1.032400e+04 cycle=320600 time=9.592980e+00 dt=2.801246e-05
elapsed=1.032716e+04 cycle=320700 time=9.595760e+00 dt=2.757373e-05
elapsed=1.033032e+04 cycle=320800 time=9.598477e+00 dt=2.637569e-05
elapsed=1.033360e+04 cycle=320900 time=9.601091e+00 dt=2.536570e-05
elapsed=1.033676e+04 cycle=321000 time=9.603587e+00 dt=2.573877e-05
elapsed=1.033992e+04 cycle=321100 time=9.606189e+00 dt=2.626060e-05
elapsed=1.034309e+04 cycle=321200 time=9.608840e+00 dt=2.695295e-05
elapsed=1.034637e+04 cycle=321300 time=9.611520e+00 dt=2.645104e-05
elapsed=1.034954e+04 cycle=321400 time=9.614123e+00 dt=2.562026e-05
elapsed=1.035271e+04 cycle=321500 time=9.616689e+00 dt=2.593246e-05
elapsed=1.035588e+04 cycle=321600 time=9.619328e+00 dt=2.684489e-05
elapsed=1.035916e+04 cycle=321700 time=9.622090e+00 dt=2.852202e-05
elapsed=1.036233e+04 cycle=321800 time=9.624958e+00 dt=2.892034e-05
elapsed=1.036550e+04 cycle=321900 time=9.627859e+00 dt=2.761670e-05
elapsed=1.036878e+04 cycle=322000 time=9.630666e+00 dt=2.891342e-05
elapsed=1.037195e+04 cycle=322100 time=9.633562e+00 dt=2.876389e-05
elapsed=1.037512e+04 cycle=322200 time=9.636434e+00 dt=2.873210e-05
elapsed=1.037828e+04 cycle=322300 time=9.639306e+00 dt=2.862656e-05
elapsed=1.038156e+04 cycle=322400 time=9.642161e+00 dt=2.826942e-05
elapsed=1.038473e+04 cycle=322500 time=9.644938e+00 dt=2.732575e-05
elapsed=1.038789e+04 cycle=322600 time=9.647632e+00 dt=2.663886e-05
elapsed=1.039118e+04 cycle=322700 time=9.650259e+00 dt=2.588825e-05
elapsed=1.039434e+04 cycle=322800 time=9.652854e+00 dt=2.656076e-05
elapsed=1.039751e+04 cycle=322900 time=9.655625e+00 dt=2.843789e-05
elapsed=1.040067e+04 cycle=323000 time=9.658450e+00 dt=2.805664e-05
elapsed=1.040395e+04 cycle=323100 time=9.661246e+00 dt=2.786867e-05
elapsed=1.040711e+04 cycle=323200 time=9.664019e+00 dt=2.757740e-05
elapsed=1.041027e+04 cycle=323300 time=9.666760e+00 dt=2.732050e-05
elapsed=1.041343e+04 cycle=323400 time=9.669464e+00 dt=2.658391e-05
elapsed=1.041671e+04 cycle=323500 time=9.672084e+00 dt=2.598549e-05
elapsed=1.041987e+04 cycle=323600 time=9.674662e+00 dt=2.549266e-05
elapsed=1.042304e+04 cycle=323700 time=9.677164e+00 dt=2.453949e-05
elapsed=1.042620e+04 cycle=323800 time=9.679587e+00 dt=2.395365e-05
elapsed=1.042948e+04 cycle=323900 time=9.681964e+00 dt=2.372544e-05
elapsed=1.043264e+04 cycle=324000 time=9.684324e+00 dt=2.339683e-05
elapsed=1.043580e+04 cycle=324100 time=9.686650e+00 dt=2.270766e-05
elapsed=1.043896e+04 cycle=324200 time=9.688854e+00 dt=2.359134e-05
elapsed=1.044224e+04 cycle=324300 time=9.691409e+00 dt=2.652115e-05
elapsed=1.044541e+04 cycle=324400 time=9.693969e+00 dt=2.567660e-05
elapsed=1.044857e+04 cycle=324500 time=9.696533e+00 dt=2.554303e-05
elapsed=1.045173e+04 cycle=324600 time=9.699209e+00 dt=2.715323e-05
elapsed=1.045501e+04 cycle=324700 time=9.701889e+00 dt=2.675032e-05
elapsed=1.045817e+04 cycle=324800 time=9.704542e+00 dt=2.628466e-05
elapsed=1.046133e+04 cycle=324900 time=9.707211e+00 dt=2.660589e-05
elapsed=1.046450e+04 cycle=325000 time=9.709975e+00 dt=2.767139e-05
elapsed=1.046778e+04 cycle=325100 time=9.712803e+00 dt=2.838778e-05
elapsed=1.047095e+04 cycle=325200 time=9.715630e+00 dt=2.833141e-05
elapsed=1.047412e+04 cycle=325300 time=9.718524e+00 dt=2.985356e-05
elapsed=1.047740e+04 cycle=325400 time=9.721521e+00 dt=2.965901e-05
elapsed=1.048058e+04 cycle=325500 time=9.724514e+00 dt=3.072307e-05
elapsed=1.048375e+04 cycle=325600 time=9.727614e+00 dt=3.087238e-05
elapsed=1.048703e+04 cycle=325700 time=9.730699e+00 dt=3.092419e-05
elapsed=1.049020e+04 cycle=325800 time=9.733765e+00 dt=3.056790e-05
elapsed=1.049337e+04 cycle=325900 time=9.736865e+00 dt=3.114787e-05
elapsed=1.049653e+04 cycle=326000 time=9.739990e+00 dt=3.112935e-05
elapsed=1.049982e+04 cycle=326100 time=9.743104e+00 dt=3.109288e-05
elapsed=1.050298e+04 cycle=326200 time=9.746208e+00 dt=3.041984e-05
elapsed=1.050615e+04 cycle=326300 time=9.749276e+00 dt=3.041213e-05
elapsed=1.050943e+04 cycle=326400 time=9.752370e+00 dt=3.293139e-05
elapsed=1.051260e+04 cycle=326500 time=9.755642e+00 dt=3.273616e-05
elapsed=1.051578e+04 cycle=326600 time=9.758910e+00 dt=3.244754e-05
elapsed=1.051906e+04 cycle=326700 time=9.762132e+00 dt=3.230147e-05
elapsed=1.052224e+04 cycle=326800 time=9.765332e+00 dt=3.176753e-05
elapsed=1.052541e+04 cycle=326900 time=9.768422e+00 dt=3.019499e-05
elapsed=1.052870e+04 cycle=327000 time=9.771400e+00 dt=2.969293e-05
elapsed=1.053187e+04 cycle=327100 time=9.774413e+00 dt=3.035276e-05
elapsed=1.053505e+04 cycle=327200 time=9.777432e+00 dt=2.994874e-05
elapsed=1.053834e+04 cycle=327300 time=9.780380e+00 dt=2.837057e-05
elapsed=1.054151e+04 cycle=327400 time=9.783202e+00 dt=2.865951e-05
elapsed=1.054468e+04 cycle=327500 time=9.786005e+00 dt=2.837498e-05
elapsed=1.054786e+04 cycle=327600 time=9.788820e+00 dt=2.791763e-05
elapsed=1.055115e+04 cycle=327700 time=9.791613e+00 dt=2.805340e-05
elapsed=1.055432e+04 cycle=327800 time=9.794413e+00 dt=2.776642e-05
elapsed=1.055749e+04 cycle=327900 time=9.797163e+00 dt=2.726233e-05
elapsed=1.056066e+04 cycle=328000 time=9.799852e+00 dt=2.656480e-05
elapsed=1.056395e+04 cycle=328100 time=9.802496e+00 dt=2.603341e-05
elapsed=1.056712e+04 cycle=328200 time=9.805072e+00 dt=2.613934e-05
elapsed=1.057029e+04 cycle=328300 time=9.807815e+00 dt=2.866669e-05
elapsed=1.057357e+04 cycle=328400 time=9.810804e+00 dt=2.991754e-05
elapsed=1.057673e+04 cycle=328500 time=9.813750e+00 dt=2.878151e-05
elapsed=1.057990e+04 cycle=328600 time=9.816624e+00 dt=2.969191e-05
elapsed=1.058306e+04 cycle=328700 time=9.819550e+00 dt=2.926290e-05
elapsed=1.058634e+04 cycle=328800 time=9.822436e+00 dt=2.835795e-05
elapsed=1.058951e+04 cycle=328900 time=9.825198e+00 dt=2.675120e-05
elapsed=1.059268e+04 cycle=329000 time=9.827763e+00 dt=2.469063e-05
elapsed=1.059596e+04 cycle=329100 time=9.830260e+00 dt=2.581651e-05
elapsed=1.059913e+04 cycle=329200 time=9.833117e+00 dt=3.036720e-05
elapsed=1.060230e+04 cycle=329300 time=9.836112e+00 dt=2.987395e-05
elapsed=1.060546e+04 cycle=329400 time=9.839077e+00 dt=2.885553e-05
elapsed=1.060875e+04 cycle=329500 time=9.841858e+00 dt=2.725738e-05
elapsed=1.061192e+04 cycle=329600 time=9.844640e+00 dt=2.897421e-05
elapsed=1.061509e+04 cycle=329700 time=9.847547e+00 dt=2.907734e-05
elapsed=1.061838e+04 cycle=329800 time=9.850460e+00 dt=2.919235e-05
elapsed=1.062155e+04 cycle=329900 time=9.853441e+00 dt=2.978898e-05
elapsed=1.062472e+04 cycle=330000 time=9.856427e+00 dt=2.996824e-05
elapsed=1.062789e+04 cycle=330100 time=9.859441e+00 dt=3.029526e-05
elapsed=1.063118e+04 cycle=330200 time=9.862472e+00 dt=3.035623e-05
elapsed=1.063436e+04 cycle=330300 time=9.865471e+00 dt=2.956184e-05
elapsed=1.063753e+04 cycle=330400 time=9.868494e+00 dt=3.022713e-05
elapsed=1.064082e+04 cycle=330500 time=9.871531e+00 dt=3.065974e-05
elapsed=1.064400e+04 cycle=330600 time=9.874592e+00 dt=3.052166e-05
elapsed=1.064717e+04 cycle=330700 time=9.877638e+00 dt=3.042163e-05
elapsed=1.065046e+04 cycle=330800 time=9.880694e+00 dt=3.074639e-05
elapsed=1.065363e+04 cycle=330900 time=9.883764e+00 dt=3.066742e-05
elapsed=1.065681e+04 cycle=331000 time=9.886795e+00 dt=2.924830e-05
elapsed=1.065998e+04 cycle=331100 time=9.889565e+00 dt=2.666179e-05
elapsed=1.066328e+04 cycle=331200 time=9.892401e+00 dt=3.055115e-05
elapsed=1.066645e+04 cycle=331300 time=9.895446e+00 dt=3.025472e-05
elapsed=1.066963e+04 cycle=331400 time=9.898448e+00 dt=2.986539e-05
elapsed=1.067292e+04 cycle=331500 time=9.901422e+00 dt=2.932081e-05
elapsed=1.067609e+04 cycle=331600 time=9.904295e+00 dt=2.861812e-05
elapsed=1.067927e+04 cycle=331700 time=9.907199e+00 dt=2.898502e-05
elapsed=1.068256e+04 cycle=331800 time=9.910246e+00 dt=3.114456e-05
elapsed=1.068573e+04 cycle=331900 time=9.913315e+00 dt=3.123899e-05
elapsed=1.068891e+04 cycle=332000 time=9.916416e+00 dt=3.091520e-05
elapsed=1.069208e+04 cycle=332100 time=9.919498e+00 dt=3.046604e-05
elapsed=1.069538e+04 cycle=332200 time=9.922520e+00 dt=3.007597e-05
elapsed=1.069856e+04 cycle=332300 time=9.925563e+00 dt=3.125378e-05
elapsed=1.070173e+04 cycle=332400 time=9.928690e+00 dt=3.118203e-05
elapsed=1.070503e+04 cycle=332500 time=9.931814e+00 dt=3.062195e-05
elapsed=1.070820e+04 cycle=332600 time=9.934789e+00 dt=2.848450e-05
elapsed=1.071138e+04 cycle=332700 time=9.937479e+00 dt=2.544328e-05
elapsed=1.071467e+04 cycle=332800 time=9.940170e+00 dt=2.893793e-05
elapsed=1.071785e+04 cycle=332900 time=9.943069e+00 dt=2.923028e-05
elapsed=1.072102e+04 cycle=333000 time=9.945950e+00 dt=2.795263e-05
elapsed=1.072420e+04 cycle=333100 time=9.948704e+00 dt=2.758083e-05
elapsed=1.072750e+04 cycle=333200 time=9.951540e+00 dt=2.949848e-05
elapsed=1.073068e+04 cycle=333300 time=9.954624e+00 dt=3.136911e-05
elapsed=1.073385e+04 cycle=333400 time=9.957709e+00 dt=3.018150e-05
elapsed=1.073715e+04 cycle=333500 time=9.960714e+00 dt=2.937988e-05
elapsed=1.074033e+04 cycle=333600 time=9.963639e+00 dt=2.901256e-05
elapsed=1.074351e+04 cycle=333700 time=9.966572e+00 dt=2.961832e-05
elapsed=1.074669e+04 cycle=333800 time=9.969614e+00 dt=3.147937e-05
elapsed=1.074999e+04 cycle=333900 time=9.972689e+00 dt=3.075126e-05
elapsed=1.075317e+04 cycle=334000 time=9.975849e+00 dt=3.151085e-05
elapsed=1.075634e+04 cycle=334100 time=9.978965e+00 dt=3.067116e-05
elapsed=1.075963e+04 cycle=334200 time=9.981963e+00 dt=2.928582e-05
elapsed=1.076281e+04 cycle=334300 time=9.984801e+00 dt=2.727593e-05
elapsed=1.076598e+04 cycle=334400 time=9.987374e+00 dt=2.408550e-05
elapsed=1.076915e+04 cycle=334500 time=9.989733e+00 dt=2.591264e-05
elapsed=1.077244e+04 cycle=334600 time=9.992699e+00 dt=3.158341e-05
elapsed=1.077561e+04 cycle=334700 time=9.995842e+00 dt=3.121452e-05
elapsed=1.077879e+04 cycle=334800 time=9.998830e+00 dt=2.846213e-05

Terminating on time limit
time=1.000000e+01 cycle=334842
tlim=1.000000e+01 nlim=-1

MeshBlock-cycles = 10714944
cpu time used  = 1.078000e+04
zone-cycles/cpu_second = 6.514050e+07
particle-updates/cpu_second = 0.000000e+00
