Authorization required, but no authorization protocol specified
Authorization required, but no authorization protocol specified

Root grid = 4 x 8 x 1 MeshBlocks
Total number of MeshBlocks = 32
Number of logical  levels of refinement = 3 (4 levels total)
Number of physical levels of refinement = 0 (1 levels total)
Number of parallel ranks = 16
  Rank = 0: 2 MeshBlocks, cost = 2
  Rank = 1: 2 MeshBlocks, cost = 2
  Rank = 2: 2 MeshBlocks, cost = 2
  Rank = 3: 2 MeshBlocks, cost = 2
  Rank = 4: 2 MeshBlocks, cost = 2
  Rank = 5: 2 MeshBlocks, cost = 2
  Rank = 6: 2 MeshBlocks, cost = 2
  Rank = 7: 2 MeshBlocks, cost = 2
  Rank = 8: 2 MeshBlocks, cost = 2
  Rank = 9: 2 MeshBlocks, cost = 2
  Rank = 10: 2 MeshBlocks, cost = 2
  Rank = 11: 2 MeshBlocks, cost = 2
  Rank = 12: 2 MeshBlocks, cost = 2
  Rank = 13: 2 MeshBlocks, cost = 2
  Rank = 14: 2 MeshBlocks, cost = 2
  Rank = 15: 2 MeshBlocks, cost = 2
Load Balancing:
  Maximum normalized cost = 1, Average = 1

Setup complete, executing task list(s)...

elapsed=2.094622e-02 cycle=0 time=0.000000e+00 dt=8.628850e-05
elapsed=2.138290e+00 cycle=100 time=8.603203e-03 dt=8.620110e-05
elapsed=4.376416e+00 cycle=200 time=1.722797e-02 dt=8.627508e-05
elapsed=5.880970e+00 cycle=300 time=2.585050e-02 dt=8.588205e-05
elapsed=7.387258e+00 cycle=400 time=3.445287e-02 dt=8.597744e-05
elapsed=8.896524e+00 cycle=500 time=4.300904e-02 dt=8.539054e-05
elapsed=1.040573e+01 cycle=600 time=5.152392e-02 dt=8.463728e-05
elapsed=1.191153e+01 cycle=700 time=5.996974e-02 dt=8.417787e-05
elapsed=1.342589e+01 cycle=800 time=6.835792e-02 dt=8.361008e-05
elapsed=1.494129e+01 cycle=900 time=7.671472e-02 dt=8.346194e-05
elapsed=1.645667e+01 cycle=1000 time=8.508212e-02 dt=8.365278e-05
elapsed=1.797346e+01 cycle=1100 time=9.331493e-02 dt=8.098268e-05
elapsed=1.949205e+01 cycle=1200 time=1.013989e-01 dt=8.078787e-05
elapsed=2.100651e+01 cycle=1300 time=1.094954e-01 dt=8.143333e-05
elapsed=2.252589e+01 cycle=1400 time=1.176379e-01 dt=8.143177e-05
elapsed=2.404881e+01 cycle=1500 time=1.257955e-01 dt=8.154197e-05
elapsed=2.556894e+01 cycle=1600 time=1.339271e-01 dt=8.116356e-05
elapsed=2.709042e+01 cycle=1700 time=1.420383e-01 dt=8.134892e-05
elapsed=2.861172e+01 cycle=1800 time=1.501123e-01 dt=8.007956e-05
elapsed=3.013096e+01 cycle=1900 time=1.580846e-01 dt=8.039962e-05
elapsed=3.165403e+01 cycle=2000 time=1.660845e-01 dt=7.946292e-05
elapsed=3.318058e+01 cycle=2100 time=1.739333e-01 dt=7.722315e-05
elapsed=3.470697e+01 cycle=2200 time=1.816927e-01 dt=7.779232e-05
elapsed=3.622906e+01 cycle=2300 time=1.895880e-01 dt=7.912034e-05
elapsed=3.775723e+01 cycle=2400 time=1.974383e-01 dt=7.885392e-05
elapsed=3.928619e+01 cycle=2500 time=2.053483e-01 dt=7.918963e-05
elapsed=4.081563e+01 cycle=2600 time=2.132982e-01 dt=7.970605e-05
elapsed=4.234632e+01 cycle=2700 time=2.212761e-01 dt=7.967617e-05
elapsed=4.387154e+01 cycle=2800 time=2.292311e-01 dt=7.930480e-05
elapsed=4.540334e+01 cycle=2900 time=2.371950e-01 dt=7.957973e-05
elapsed=4.693639e+01 cycle=3000 time=2.451400e-01 dt=7.913810e-05
elapsed=4.846856e+01 cycle=3100 time=2.530339e-01 dt=7.900700e-05
elapsed=5.000252e+01 cycle=3200 time=2.608704e-01 dt=7.776510e-05
elapsed=5.153061e+01 cycle=3300 time=2.685902e-01 dt=7.647469e-05
elapsed=5.306397e+01 cycle=3400 time=2.762147e-01 dt=7.600268e-05
elapsed=5.459866e+01 cycle=3500 time=2.838246e-01 dt=7.628592e-05
elapsed=5.613429e+01 cycle=3600 time=2.914476e-01 dt=7.689516e-05
elapsed=5.766472e+01 cycle=3700 time=2.991178e-01 dt=7.702486e-05
elapsed=5.920125e+01 cycle=3800 time=3.068165e-01 dt=7.768819e-05
elapsed=6.073926e+01 cycle=3900 time=3.145581e-01 dt=7.722878e-05
elapsed=6.227848e+01 cycle=4000 time=3.222434e-01 dt=7.679600e-05
elapsed=6.381281e+01 cycle=4100 time=3.297606e-01 dt=7.279067e-05
elapsed=6.535244e+01 cycle=4200 time=3.368220e-01 dt=6.841749e-05
elapsed=6.689262e+01 cycle=4300 time=3.435745e-01 dt=6.879644e-05
elapsed=6.843384e+01 cycle=4400 time=3.509697e-01 dt=7.647875e-05
elapsed=6.996781e+01 cycle=4500 time=3.583828e-01 dt=7.224739e-05
elapsed=7.150792e+01 cycle=4600 time=3.656700e-01 dt=7.802232e-05
elapsed=7.304778e+01 cycle=4700 time=3.734746e-01 dt=7.799997e-05
elapsed=7.458690e+01 cycle=4800 time=3.812406e-01 dt=7.714561e-05
elapsed=7.612163e+01 cycle=4900 time=3.889258e-01 dt=7.646171e-05
elapsed=7.766147e+01 cycle=5000 time=3.965413e-01 dt=7.610263e-05
elapsed=7.926176e+01 cycle=5100 time=4.040692e-01 dt=7.398393e-05
elapsed=8.083527e+01 cycle=5200 time=4.112510e-01 dt=7.188513e-05
elapsed=8.237040e+01 cycle=5300 time=4.184983e-01 dt=7.190432e-05
elapsed=8.395581e+01 cycle=5400 time=4.255441e-01 dt=6.757840e-05
elapsed=8.549710e+01 cycle=5500 time=4.323228e-01 dt=6.983747e-05
elapsed=8.703120e+01 cycle=5600 time=4.393236e-01 dt=6.906000e-05
elapsed=8.857229e+01 cycle=5700 time=4.462337e-01 dt=6.714413e-05
elapsed=9.015687e+01 cycle=5800 time=4.528969e-01 dt=6.477522e-05
elapsed=9.168987e+01 cycle=5900 time=4.596263e-01 dt=7.000947e-05
elapsed=9.322939e+01 cycle=6000 time=4.666782e-01 dt=7.231839e-05
elapsed=9.481326e+01 cycle=6100 time=4.738680e-01 dt=7.176445e-05
elapsed=9.635221e+01 cycle=6200 time=4.810105e-01 dt=7.003551e-05
elapsed=9.788549e+01 cycle=6300 time=4.881712e-01 dt=7.678636e-05
elapsed=9.948618e+01 cycle=6400 time=4.958880e-01 dt=7.706463e-05
elapsed=1.010262e+02 cycle=6500 time=5.035298e-01 dt=7.569699e-05
elapsed=1.025658e+02 cycle=6600 time=5.111374e-01 dt=7.636778e-05
elapsed=1.040986e+02 cycle=6700 time=5.189359e-01 dt=7.933117e-05
elapsed=1.056386e+02 cycle=6800 time=5.268048e-01 dt=7.901018e-05
elapsed=1.071772e+02 cycle=6900 time=5.346272e-01 dt=7.658149e-05
elapsed=1.087168e+02 cycle=7000 time=5.422947e-01 dt=7.749248e-05
elapsed=1.102389e+02 cycle=7100 time=5.500192e-01 dt=7.693929e-05
elapsed=1.117133e+02 cycle=7200 time=5.577300e-01 dt=7.729675e-05
elapsed=1.131505e+02 cycle=7300 time=5.653821e-01 dt=7.636111e-05
elapsed=1.145454e+02 cycle=7400 time=5.730526e-01 dt=7.628816e-05
elapsed=1.158981e+02 cycle=7500 time=5.806874e-01 dt=7.659591e-05
elapsed=1.172037e+02 cycle=7600 time=5.883424e-01 dt=7.620354e-05
elapsed=1.184777e+02 cycle=7700 time=5.958815e-01 dt=7.488346e-05
elapsed=1.197151e+02 cycle=7800 time=6.033688e-01 dt=7.479614e-05
elapsed=1.209138e+02 cycle=7900 time=6.108666e-01 dt=7.554148e-05
elapsed=1.220653e+02 cycle=8000 time=6.183613e-01 dt=7.425796e-05
elapsed=1.232005e+02 cycle=8100 time=6.256291e-01 dt=6.991810e-05
elapsed=1.245386e+02 cycle=8200 time=6.321182e-01 dt=6.157929e-05
elapsed=1.263201e+02 cycle=8300 time=6.389334e-01 dt=7.081803e-05
elapsed=1.281272e+02 cycle=8400 time=6.458458e-01 dt=6.787935e-05
elapsed=1.299977e+02 cycle=8500 time=6.526418e-01 dt=6.939130e-05
elapsed=1.318356e+02 cycle=8600 time=6.599441e-01 dt=7.614678e-05
elapsed=1.336981e+02 cycle=8700 time=6.676835e-01 dt=7.744629e-05
elapsed=1.348168e+02 cycle=8800 time=6.752929e-01 dt=7.566197e-05
elapsed=1.356535e+02 cycle=8900 time=6.828421e-01 dt=7.481645e-05
elapsed=1.364542e+02 cycle=9000 time=6.902221e-01 dt=7.270673e-05
elapsed=1.372135e+02 cycle=9100 time=6.974374e-01 dt=7.155269e-05
elapsed=1.379416e+02 cycle=9200 time=7.046039e-01 dt=7.178273e-05
elapsed=1.386520e+02 cycle=9300 time=7.118181e-01 dt=7.298264e-05
elapsed=1.393581e+02 cycle=9400 time=7.192102e-01 dt=7.391518e-05
elapsed=1.400766e+02 cycle=9500 time=7.266483e-01 dt=7.513387e-05
elapsed=1.408037e+02 cycle=9600 time=7.341996e-01 dt=7.647773e-05
elapsed=1.415350e+02 cycle=9700 time=7.418595e-01 dt=7.599337e-05
elapsed=1.422709e+02 cycle=9800 time=7.493008e-01 dt=7.356384e-05
elapsed=1.430216e+02 cycle=9900 time=7.565859e-01 dt=7.059327e-05
elapsed=1.437842e+02 cycle=10000 time=7.633883e-01 dt=6.542541e-05
elapsed=1.445534e+02 cycle=10100 time=7.697536e-01 dt=6.264757e-05
elapsed=1.453390e+02 cycle=10200 time=7.766831e-01 dt=7.343609e-05
elapsed=1.461354e+02 cycle=10300 time=7.842598e-01 dt=7.641666e-05
elapsed=1.469477e+02 cycle=10400 time=7.918917e-01 dt=7.630091e-05
elapsed=1.477688e+02 cycle=10500 time=7.994428e-01 dt=7.421021e-05
elapsed=1.486081e+02 cycle=10600 time=8.066113e-01 dt=6.929426e-05
elapsed=1.494615e+02 cycle=10700 time=8.133726e-01 dt=6.611358e-05
elapsed=1.503206e+02 cycle=10800 time=8.199753e-01 dt=6.731416e-05
elapsed=1.511999e+02 cycle=10900 time=8.266891e-01 dt=6.482713e-05
elapsed=1.520921e+02 cycle=11000 time=8.336037e-01 dt=7.197695e-05
elapsed=1.529955e+02 cycle=11100 time=8.407823e-01 dt=7.208136e-05
elapsed=1.539088e+02 cycle=11200 time=8.480033e-01 dt=7.243676e-05
elapsed=1.548488e+02 cycle=11300 time=8.553052e-01 dt=7.342565e-05
elapsed=1.558087e+02 cycle=11400 time=8.626388e-01 dt=7.318492e-05
elapsed=1.567843e+02 cycle=11500 time=8.699443e-01 dt=7.292661e-05
elapsed=1.577905e+02 cycle=11600 time=8.772084e-01 dt=7.268704e-05
elapsed=1.588192e+02 cycle=11700 time=8.845088e-01 dt=7.352598e-05
elapsed=1.598748e+02 cycle=11800 time=8.917804e-01 dt=7.227853e-05
elapsed=1.609508e+02 cycle=11900 time=8.990686e-01 dt=7.465535e-05
elapsed=1.620557e+02 cycle=12000 time=9.066078e-01 dt=7.512859e-05
elapsed=1.631891e+02 cycle=12100 time=9.140396e-01 dt=7.376880e-05
elapsed=1.643468e+02 cycle=12200 time=9.213142e-01 dt=7.195540e-05
elapsed=1.655161e+02 cycle=12300 time=9.281636e-01 dt=6.359365e-05
elapsed=1.667071e+02 cycle=12400 time=9.350145e-01 dt=7.617377e-05
elapsed=1.679188e+02 cycle=12500 time=9.423759e-01 dt=6.948536e-05
elapsed=1.691423e+02 cycle=12600 time=9.496171e-01 dt=7.332403e-05
elapsed=1.703895e+02 cycle=12700 time=9.569307e-01 dt=7.449217e-05
elapsed=1.716562e+02 cycle=12800 time=9.644077e-01 dt=7.270394e-05
elapsed=1.729390e+02 cycle=12900 time=9.715197e-01 dt=6.923916e-05
elapsed=1.742317e+02 cycle=13000 time=9.783792e-01 dt=6.810277e-05
elapsed=1.755477e+02 cycle=13100 time=9.847331e-01 dt=6.227828e-05
elapsed=1.768774e+02 cycle=13200 time=9.915083e-01 dt=7.143275e-05
elapsed=1.782203e+02 cycle=13300 time=9.987559e-01 dt=7.319814e-05
elapsed=1.795978e+02 cycle=13400 time=1.006127e+00 dt=7.341204e-05
elapsed=1.809978e+02 cycle=13500 time=1.013378e+00 dt=7.211222e-05
elapsed=1.824222e+02 cycle=13600 time=1.020552e+00 dt=7.175890e-05
elapsed=1.838631e+02 cycle=13700 time=1.027673e+00 dt=7.134235e-05
elapsed=1.853793e+02 cycle=13800 time=1.034767e+00 dt=7.134891e-05
elapsed=1.868719e+02 cycle=13900 time=1.041926e+00 dt=7.216419e-05
elapsed=1.883851e+02 cycle=14000 time=1.049007e+00 dt=6.958475e-05
elapsed=1.900965e+02 cycle=14100 time=1.056026e+00 dt=7.044733e-05
elapsed=1.921198e+02 cycle=14200 time=1.063087e+00 dt=7.130575e-05
elapsed=1.941660e+02 cycle=14300 time=1.070208e+00 dt=7.058016e-05
elapsed=1.962412e+02 cycle=14400 time=1.077169e+00 dt=7.085046e-05
elapsed=1.982384e+02 cycle=14500 time=1.084370e+00 dt=7.123087e-05
elapsed=1.998789e+02 cycle=14600 time=1.091260e+00 dt=6.634004e-05
elapsed=2.015295e+02 cycle=14700 time=1.097792e+00 dt=6.761316e-05
elapsed=2.032446e+02 cycle=14800 time=1.104710e+00 dt=7.001923e-05
elapsed=2.049310e+02 cycle=14900 time=1.111661e+00 dt=6.778936e-05
elapsed=2.066227e+02 cycle=15000 time=1.118265e+00 dt=6.503933e-05
elapsed=2.083565e+02 cycle=15100 time=1.125070e+00 dt=7.219562e-05
elapsed=2.100756e+02 cycle=15200 time=1.132231e+00 dt=7.204679e-05
elapsed=2.118010e+02 cycle=15300 time=1.139423e+00 dt=7.163773e-05
elapsed=2.137964e+02 cycle=15400 time=1.146532e+00 dt=6.998435e-05
elapsed=2.159162e+02 cycle=15500 time=1.153450e+00 dt=6.881042e-05
elapsed=2.179909e+02 cycle=15600 time=1.160130e+00 dt=6.484791e-05
elapsed=2.197581e+02 cycle=15700 time=1.166411e+00 dt=6.081891e-05
elapsed=2.215382e+02 cycle=15800 time=1.172357e+00 dt=5.830052e-05
elapsed=2.233217e+02 cycle=15900 time=1.178092e+00 dt=5.636360e-05
elapsed=2.251192e+02 cycle=16000 time=1.183968e+00 dt=6.231868e-05
elapsed=2.269277e+02 cycle=16100 time=1.190367e+00 dt=6.384044e-05
elapsed=2.287393e+02 cycle=16200 time=1.196779e+00 dt=6.502740e-05
elapsed=2.305666e+02 cycle=16300 time=1.203563e+00 dt=6.982541e-05
elapsed=2.324341e+02 cycle=16400 time=1.210391e+00 dt=6.610152e-05
elapsed=2.345098e+02 cycle=16500 time=1.216690e+00 dt=5.984629e-05
elapsed=2.365742e+02 cycle=16600 time=1.222568e+00 dt=5.889654e-05
elapsed=2.384411e+02 cycle=16700 time=1.229191e+00 dt=7.397960e-05
elapsed=2.403235e+02 cycle=16800 time=1.236641e+00 dt=7.341592e-05
elapsed=2.422429e+02 cycle=16900 time=1.243895e+00 dt=7.148669e-05
elapsed=2.442852e+02 cycle=17000 time=1.250909e+00 dt=6.974572e-05
elapsed=2.468062e+02 cycle=17100 time=1.257952e+00 dt=7.116803e-05
elapsed=2.493189e+02 cycle=17200 time=1.265121e+00 dt=7.277478e-05
elapsed=2.518403e+02 cycle=17300 time=1.271997e+00 dt=6.491055e-05
elapsed=2.539149e+02 cycle=17400 time=1.279116e+00 dt=7.460935e-05
elapsed=2.558761e+02 cycle=17500 time=1.286474e+00 dt=7.253705e-05
elapsed=2.578540e+02 cycle=17600 time=1.293661e+00 dt=7.141764e-05
elapsed=2.598490e+02 cycle=17700 time=1.300789e+00 dt=7.140757e-05
elapsed=2.618836e+02 cycle=17800 time=1.308101e+00 dt=7.480357e-05
elapsed=2.639203e+02 cycle=17900 time=1.315467e+00 dt=7.262406e-05
elapsed=2.659704e+02 cycle=18000 time=1.322788e+00 dt=7.026639e-05
elapsed=2.680330e+02 cycle=18100 time=1.329816e+00 dt=7.134136e-05
elapsed=2.702089e+02 cycle=18200 time=1.336902e+00 dt=7.175654e-05
elapsed=2.723108e+02 cycle=18300 time=1.343809e+00 dt=6.660948e-05
elapsed=2.744532e+02 cycle=18400 time=1.350769e+00 dt=7.387288e-05
elapsed=2.766233e+02 cycle=18500 time=1.358073e+00 dt=7.083125e-05
elapsed=2.787633e+02 cycle=18600 time=1.365456e+00 dt=7.438995e-05
elapsed=2.809141e+02 cycle=18700 time=1.372893e+00 dt=7.436475e-05
elapsed=2.830742e+02 cycle=18800 time=1.380333e+00 dt=7.434297e-05
elapsed=2.852369e+02 cycle=18900 time=1.387724e+00 dt=7.394726e-05
elapsed=2.874112e+02 cycle=19000 time=1.395115e+00 dt=7.392359e-05
elapsed=2.895898e+02 cycle=19100 time=1.402487e+00 dt=7.351913e-05
elapsed=2.917694e+02 cycle=19200 time=1.409843e+00 dt=7.315757e-05
elapsed=2.939585e+02 cycle=19300 time=1.416914e+00 dt=6.728852e-05
elapsed=2.961531e+02 cycle=19400 time=1.423818e+00 dt=7.333131e-05
elapsed=2.983530e+02 cycle=19500 time=1.431097e+00 dt=7.260730e-05
elapsed=3.005530e+02 cycle=19600 time=1.438368e+00 dt=7.267389e-05
elapsed=3.027640e+02 cycle=19700 time=1.445652e+00 dt=7.366922e-05
elapsed=3.050550e+02 cycle=19800 time=1.453036e+00 dt=7.391497e-05
elapsed=3.079306e+02 cycle=19900 time=1.460416e+00 dt=7.390264e-05
elapsed=3.107999e+02 cycle=20000 time=1.467837e+00 dt=7.445198e-05
elapsed=3.135746e+02 cycle=20100 time=1.475248e+00 dt=7.385733e-05
elapsed=3.157913e+02 cycle=20200 time=1.482619e+00 dt=7.320542e-05
elapsed=3.180063e+02 cycle=20300 time=1.489905e+00 dt=7.278536e-05
elapsed=3.202293e+02 cycle=20400 time=1.497094e+00 dt=7.196627e-05
elapsed=3.224512e+02 cycle=20500 time=1.504382e+00 dt=7.350160e-05
elapsed=3.246753e+02 cycle=20600 time=1.511707e+00 dt=7.195950e-05
elapsed=3.268978e+02 cycle=20700 time=1.518799e+00 dt=7.016298e-05
elapsed=3.291289e+02 cycle=20800 time=1.525820e+00 dt=7.058784e-05
elapsed=3.313640e+02 cycle=20900 time=1.532977e+00 dt=7.266031e-05
elapsed=3.336021e+02 cycle=21000 time=1.540328e+00 dt=7.435041e-05
elapsed=3.358373e+02 cycle=21100 time=1.547896e+00 dt=7.629348e-05
elapsed=3.380829e+02 cycle=21200 time=1.555555e+00 dt=7.626974e-05
elapsed=3.403304e+02 cycle=21300 time=1.562853e+00 dt=6.953707e-05
elapsed=3.425780e+02 cycle=21400 time=1.569581e+00 dt=6.635446e-05
elapsed=3.449566e+02 cycle=21500 time=1.576238e+00 dt=6.444483e-05
elapsed=3.472199e+02 cycle=21600 time=1.582473e+00 dt=6.607667e-05
elapsed=3.494835e+02 cycle=21700 time=1.589844e+00 dt=7.288162e-05
elapsed=3.517554e+02 cycle=21800 time=1.596862e+00 dt=6.825564e-05
elapsed=3.540353e+02 cycle=21900 time=1.603705e+00 dt=7.102157e-05
elapsed=3.563215e+02 cycle=22000 time=1.611013e+00 dt=7.344316e-05
elapsed=3.586052e+02 cycle=22100 time=1.618434e+00 dt=7.429862e-05
elapsed=3.608995e+02 cycle=22200 time=1.625812e+00 dt=7.288589e-05
elapsed=3.634488e+02 cycle=22300 time=1.632982e+00 dt=7.081630e-05
elapsed=3.664599e+02 cycle=22400 time=1.640051e+00 dt=7.084926e-05
elapsed=3.694577e+02 cycle=22500 time=1.647130e+00 dt=7.084331e-05
elapsed=3.723495e+02 cycle=22600 time=1.654253e+00 dt=7.180523e-05
elapsed=3.746674e+02 cycle=22700 time=1.661298e+00 dt=6.917128e-05
elapsed=3.769702e+02 cycle=22800 time=1.668180e+00 dt=6.938262e-05
elapsed=3.792754e+02 cycle=22900 time=1.675180e+00 dt=7.111837e-05
elapsed=3.815771e+02 cycle=23000 time=1.682259e+00 dt=6.926470e-05
elapsed=3.838682e+02 cycle=23100 time=1.689081e+00 dt=6.737899e-05
elapsed=3.861291e+02 cycle=23200 time=1.695744e+00 dt=6.545611e-05
elapsed=3.883599e+02 cycle=23300 time=1.702115e+00 dt=6.272668e-05
elapsed=3.905565e+02 cycle=23400 time=1.708544e+00 dt=6.669551e-05
elapsed=3.927359e+02 cycle=23500 time=1.715326e+00 dt=6.838781e-05
elapsed=3.949025e+02 cycle=23600 time=1.722098e+00 dt=6.755621e-05
elapsed=3.970597e+02 cycle=23700 time=1.729160e+00 dt=7.087394e-05
elapsed=3.992223e+02 cycle=23800 time=1.736227e+00 dt=7.023452e-05
elapsed=4.014036e+02 cycle=23900 time=1.743134e+00 dt=6.780097e-05
elapsed=4.035600e+02 cycle=24000 time=1.749795e+00 dt=6.564454e-05
elapsed=4.057214e+02 cycle=24100 time=1.756366e+00 dt=6.561374e-05
elapsed=4.078842e+02 cycle=24200 time=1.762924e+00 dt=6.555549e-05
elapsed=4.101826e+02 cycle=24300 time=1.769508e+00 dt=6.604553e-05
elapsed=4.129895e+02 cycle=24400 time=1.776216e+00 dt=6.645661e-05
elapsed=4.158208e+02 cycle=24500 time=1.782740e+00 dt=6.432053e-05
elapsed=4.184832e+02 cycle=24600 time=1.789104e+00 dt=6.304508e-05
elapsed=4.206300e+02 cycle=24700 time=1.795363e+00 dt=6.309075e-05
elapsed=4.227758e+02 cycle=24800 time=1.801755e+00 dt=6.310615e-05
elapsed=4.249112e+02 cycle=24900 time=1.807913e+00 dt=6.183448e-05
elapsed=4.270479e+02 cycle=25000 time=1.814207e+00 dt=6.323865e-05
elapsed=4.291839e+02 cycle=25100 time=1.820701e+00 dt=6.671114e-05
elapsed=4.313101e+02 cycle=25200 time=1.827252e+00 dt=6.446739e-05
elapsed=4.334630e+02 cycle=25300 time=1.833530e+00 dt=5.855611e-05
elapsed=4.355861e+02 cycle=25400 time=1.839230e+00 dt=6.168871e-05
elapsed=4.377135e+02 cycle=25500 time=1.845795e+00 dt=6.606640e-05
elapsed=4.398391e+02 cycle=25600 time=1.852495e+00 dt=6.795968e-05
elapsed=4.419579e+02 cycle=25700 time=1.859417e+00 dt=6.943898e-05
elapsed=4.441781e+02 cycle=25800 time=1.866446e+00 dt=6.898005e-05
elapsed=4.463196e+02 cycle=25900 time=1.873409e+00 dt=7.054013e-05
elapsed=4.484364e+02 cycle=26000 time=1.880323e+00 dt=6.766752e-05
elapsed=4.505489e+02 cycle=26100 time=1.886890e+00 dt=6.344663e-05
elapsed=4.527469e+02 cycle=26200 time=1.892994e+00 dt=5.871449e-05
elapsed=4.548558e+02 cycle=26300 time=1.898774e+00 dt=5.849157e-05
elapsed=4.569678e+02 cycle=26400 time=1.905434e+00 dt=7.054561e-05
elapsed=4.590765e+02 cycle=26500 time=1.912487e+00 dt=7.043868e-05
elapsed=4.611789e+02 cycle=26600 time=1.919488e+00 dt=6.994694e-05
elapsed=4.632845e+02 cycle=26700 time=1.926427e+00 dt=6.891650e-05
elapsed=4.653888e+02 cycle=26800 time=1.933251e+00 dt=6.723271e-05
elapsed=4.675665e+02 cycle=26900 time=1.939839e+00 dt=6.470277e-05
elapsed=4.703037e+02 cycle=27000 time=1.946273e+00 dt=6.421661e-05
elapsed=4.730625e+02 cycle=27100 time=1.952745e+00 dt=6.522702e-05
elapsed=4.757874e+02 cycle=27200 time=1.959310e+00 dt=6.619432e-05
elapsed=4.781171e+02 cycle=27300 time=1.965946e+00 dt=6.667949e-05
elapsed=4.802130e+02 cycle=27400 time=1.972589e+00 dt=6.693651e-05
elapsed=4.823040e+02 cycle=27500 time=1.979276e+00 dt=6.642012e-05
elapsed=4.844138e+02 cycle=27600 time=1.985879e+00 dt=6.599587e-05
elapsed=4.865668e+02 cycle=27700 time=1.992488e+00 dt=6.574793e-05
elapsed=4.887249e+02 cycle=27800 time=1.998752e+00 dt=5.904144e-05
elapsed=4.908153e+02 cycle=27900 time=2.004389e+00 dt=5.472066e-05
elapsed=4.928969e+02 cycle=28000 time=2.009877e+00 dt=5.472868e-05
elapsed=4.949839e+02 cycle=28100 time=2.015861e+00 dt=6.561278e-05
elapsed=4.970599e+02 cycle=28200 time=2.022420e+00 dt=6.541707e-05
elapsed=4.990961e+02 cycle=28300 time=2.028958e+00 dt=6.519057e-05
elapsed=5.011225e+02 cycle=28400 time=2.035426e+00 dt=6.518232e-05
elapsed=5.031606e+02 cycle=28500 time=2.041882e+00 dt=6.411269e-05
elapsed=5.051540e+02 cycle=28600 time=2.048336e+00 dt=6.468243e-05
elapsed=5.071436e+02 cycle=28700 time=2.054854e+00 dt=6.561375e-05
elapsed=5.091262e+02 cycle=28800 time=2.061426e+00 dt=6.567053e-05
elapsed=5.111020e+02 cycle=28900 time=2.068003e+00 dt=6.608006e-05
elapsed=5.130821e+02 cycle=29000 time=2.074670e+00 dt=6.639266e-05
elapsed=5.150603e+02 cycle=29100 time=2.081248e+00 dt=6.533180e-05
elapsed=5.170334e+02 cycle=29200 time=2.087809e+00 dt=6.553925e-05
elapsed=5.190114e+02 cycle=29300 time=2.094225e+00 dt=6.284340e-05
elapsed=5.209896e+02 cycle=29400 time=2.100367e+00 dt=6.009007e-05
elapsed=5.233270e+02 cycle=29500 time=2.106318e+00 dt=5.916134e-05
elapsed=5.258911e+02 cycle=29600 time=2.112186e+00 dt=5.853401e-05
elapsed=5.284529e+02 cycle=29700 time=2.118163e+00 dt=5.881353e-05
elapsed=5.308492e+02 cycle=29800 time=2.123929e+00 dt=6.007445e-05
elapsed=5.328200e+02 cycle=29900 time=2.129976e+00 dt=5.958583e-05
elapsed=5.347955e+02 cycle=30000 time=2.135856e+00 dt=5.818779e-05
elapsed=5.367718e+02 cycle=30100 time=2.141980e+00 dt=6.468513e-05
elapsed=5.387415e+02 cycle=30200 time=2.148255e+00 dt=6.060589e-05
elapsed=5.407169e+02 cycle=30300 time=2.154120e+00 dt=5.679769e-05
elapsed=5.426899e+02 cycle=30400 time=2.159626e+00 dt=5.380179e-05
elapsed=5.446699e+02 cycle=30500 time=2.164948e+00 dt=5.359254e-05
elapsed=5.466561e+02 cycle=30600 time=2.170448e+00 dt=5.642537e-05
elapsed=5.487312e+02 cycle=30700 time=2.176477e+00 dt=6.321410e-05
elapsed=5.508113e+02 cycle=30800 time=2.182723e+00 dt=6.185050e-05
elapsed=5.528866e+02 cycle=30900 time=2.188891e+00 dt=6.148070e-05
elapsed=5.549679e+02 cycle=31000 time=2.195050e+00 dt=6.160954e-05
elapsed=5.570485e+02 cycle=31100 time=2.201251e+00 dt=6.270527e-05
elapsed=5.591243e+02 cycle=31200 time=2.207586e+00 dt=6.347160e-05
elapsed=5.612047e+02 cycle=31300 time=2.213973e+00 dt=6.434547e-05
elapsed=5.633724e+02 cycle=31400 time=2.220513e+00 dt=6.635712e-05
elapsed=5.654683e+02 cycle=31500 time=2.227164e+00 dt=6.673574e-05
elapsed=5.675484e+02 cycle=31600 time=2.233838e+00 dt=6.654123e-05
elapsed=5.696118e+02 cycle=31700 time=2.240440e+00 dt=6.417130e-05
elapsed=5.716177e+02 cycle=31800 time=2.246575e+00 dt=6.017013e-05
elapsed=5.736972e+02 cycle=31900 time=2.252850e+00 dt=6.743699e-05
elapsed=5.762497e+02 cycle=32000 time=2.259688e+00 dt=6.915028e-05
elapsed=5.789499e+02 cycle=32100 time=2.266362e+00 dt=6.312786e-05
elapsed=5.816541e+02 cycle=32200 time=2.272359e+00 dt=5.722537e-05
elapsed=5.839742e+02 cycle=32300 time=2.277962e+00 dt=5.580661e-05
elapsed=5.858740e+02 cycle=32400 time=2.283598e+00 dt=5.703203e-05
elapsed=5.876999e+02 cycle=32500 time=2.289469e+00 dt=5.904288e-05
elapsed=5.894971e+02 cycle=32600 time=2.295307e+00 dt=5.885326e-05
elapsed=5.913395e+02 cycle=32700 time=2.301600e+00 dt=6.653047e-05
elapsed=5.931100e+02 cycle=32800 time=2.308493e+00 dt=6.936383e-05
elapsed=5.947786e+02 cycle=32900 time=2.315533e+00 dt=6.899802e-05
elapsed=5.963792e+02 cycle=33000 time=2.322317e+00 dt=6.823700e-05
elapsed=5.979435e+02 cycle=33100 time=2.329073e+00 dt=6.623294e-05
elapsed=6.000590e+02 cycle=33200 time=2.335641e+00 dt=6.535505e-05
elapsed=6.021372e+02 cycle=33300 time=2.342041e+00 dt=6.279984e-05
elapsed=6.042094e+02 cycle=33400 time=2.348146e+00 dt=5.980973e-05
elapsed=6.057414e+02 cycle=33500 time=2.354389e+00 dt=6.412284e-05
elapsed=6.070458e+02 cycle=33600 time=2.360649e+00 dt=6.059396e-05
elapsed=6.083122e+02 cycle=33700 time=2.366416e+00 dt=5.437655e-05
elapsed=6.095487e+02 cycle=33800 time=2.371615e+00 dt=5.011170e-05
elapsed=6.107417e+02 cycle=33900 time=2.376553e+00 dt=5.005457e-05
elapsed=6.119127e+02 cycle=34000 time=2.382612e+00 dt=6.815134e-05
elapsed=6.130508e+02 cycle=34100 time=2.389208e+00 dt=6.327402e-05
elapsed=6.141774e+02 cycle=34200 time=2.395346e+00 dt=6.373120e-05
elapsed=6.153187e+02 cycle=34300 time=2.402160e+00 dt=6.981374e-05
elapsed=6.163569e+02 cycle=34400 time=2.409005e+00 dt=6.670520e-05
elapsed=6.173393e+02 cycle=34500 time=2.415499e+00 dt=6.358828e-05
elapsed=6.182720e+02 cycle=34600 time=2.421840e+00 dt=6.312246e-05
elapsed=6.191593e+02 cycle=34700 time=2.428027e+00 dt=6.077380e-05
elapsed=6.210979e+02 cycle=34800 time=2.434036e+00 dt=6.027192e-05
elapsed=6.231751e+02 cycle=34900 time=2.440213e+00 dt=6.210984e-05
elapsed=6.254913e+02 cycle=35000 time=2.446323e+00 dt=5.968493e-05
elapsed=6.282362e+02 cycle=35100 time=2.452372e+00 dt=6.236865e-05
elapsed=6.309168e+02 cycle=35200 time=2.458693e+00 dt=6.289949e-05
elapsed=6.336012e+02 cycle=35300 time=2.464673e+00 dt=5.663825e-05
elapsed=6.356247e+02 cycle=35400 time=2.470369e+00 dt=6.053903e-05
elapsed=6.375997e+02 cycle=35500 time=2.476415e+00 dt=6.099545e-05
elapsed=6.402305e+02 cycle=35600 time=2.482521e+00 dt=6.022288e-05
elapsed=6.421377e+02 cycle=35700 time=2.488705e+00 dt=6.473723e-05
elapsed=6.439572e+02 cycle=35800 time=2.495087e+00 dt=6.303060e-05
elapsed=6.456581e+02 cycle=35900 time=2.501384e+00 dt=6.294065e-05
elapsed=6.473011e+02 cycle=36000 time=2.507709e+00 dt=6.365387e-05
elapsed=6.489404e+02 cycle=36100 time=2.514114e+00 dt=6.461442e-05
elapsed=6.505767e+02 cycle=36200 time=2.520586e+00 dt=6.455676e-05
elapsed=6.522077e+02 cycle=36300 time=2.527027e+00 dt=6.503275e-05
elapsed=6.538401e+02 cycle=36400 time=2.533600e+00 dt=6.679014e-05
elapsed=6.554706e+02 cycle=36500 time=2.540218e+00 dt=6.546921e-05
elapsed=6.570929e+02 cycle=36600 time=2.546855e+00 dt=6.669752e-05
elapsed=6.587186e+02 cycle=36700 time=2.553304e+00 dt=6.129554e-05
elapsed=6.603394e+02 cycle=36800 time=2.559693e+00 dt=6.362131e-05
elapsed=6.619451e+02 cycle=36900 time=2.565742e+00 dt=5.737972e-05
elapsed=6.634322e+02 cycle=37000 time=2.571398e+00 dt=5.704270e-05
elapsed=6.648614e+02 cycle=37100 time=2.577408e+00 dt=6.395657e-05
elapsed=6.657916e+02 cycle=37200 time=2.584055e+00 dt=6.687972e-05
elapsed=6.664044e+02 cycle=37300 time=2.590457e+00 dt=6.109434e-05
elapsed=6.670084e+02 cycle=37400 time=2.596653e+00 dt=6.209690e-05
elapsed=6.676181e+02 cycle=37500 time=2.602930e+00 dt=6.371223e-05
elapsed=6.682212e+02 cycle=37600 time=2.609312e+00 dt=6.418411e-05
elapsed=6.688334e+02 cycle=37700 time=2.615773e+00 dt=6.455715e-05
elapsed=6.694473e+02 cycle=37800 time=2.622171e+00 dt=6.366242e-05
elapsed=6.700595e+02 cycle=37900 time=2.628509e+00 dt=6.242302e-05
elapsed=6.706817e+02 cycle=38000 time=2.634550e+00 dt=5.808888e-05
elapsed=6.713072e+02 cycle=38100 time=2.640224e+00 dt=5.617219e-05
elapsed=6.719987e+02 cycle=38200 time=2.645979e+00 dt=5.972560e-05
elapsed=6.728062e+02 cycle=38300 time=2.652006e+00 dt=5.950613e-05
elapsed=6.736064e+02 cycle=38400 time=2.658161e+00 dt=6.323244e-05
elapsed=6.744263e+02 cycle=38500 time=2.664409e+00 dt=6.228500e-05
elapsed=6.752484e+02 cycle=38600 time=2.670736e+00 dt=6.405565e-05
elapsed=6.760619e+02 cycle=38700 time=2.677261e+00 dt=6.638163e-05
elapsed=6.768741e+02 cycle=38800 time=2.684037e+00 dt=6.835005e-05
elapsed=6.776908e+02 cycle=38900 time=2.690919e+00 dt=6.774778e-05
elapsed=6.785057e+02 cycle=39000 time=2.697465e+00 dt=6.319922e-05
elapsed=6.793167e+02 cycle=39100 time=2.703718e+00 dt=6.320459e-05
elapsed=6.801275e+02 cycle=39200 time=2.710345e+00 dt=6.840089e-05
elapsed=6.807880e+02 cycle=39300 time=2.717110e+00 dt=6.669125e-05
elapsed=6.814238e+02 cycle=39400 time=2.723717e+00 dt=6.519197e-05
elapsed=6.820516e+02 cycle=39500 time=2.730056e+00 dt=6.198742e-05
elapsed=6.826703e+02 cycle=39600 time=2.736279e+00 dt=6.561974e-05
elapsed=6.833158e+02 cycle=39700 time=2.743137e+00 dt=6.804264e-05
elapsed=6.839327e+02 cycle=39800 time=2.749864e+00 dt=6.620339e-05
elapsed=6.845527e+02 cycle=39900 time=2.756449e+00 dt=6.612107e-05
elapsed=6.851688e+02 cycle=40000 time=2.763064e+00 dt=6.532110e-05
elapsed=6.857786e+02 cycle=40100 time=2.769617e+00 dt=6.524507e-05
elapsed=6.863901e+02 cycle=40200 time=2.776119e+00 dt=6.590067e-05
elapsed=6.870017e+02 cycle=40300 time=2.782858e+00 dt=6.810581e-05
elapsed=6.876062e+02 cycle=40400 time=2.789628e+00 dt=6.696171e-05
elapsed=6.882115e+02 cycle=40500 time=2.796199e+00 dt=6.378175e-05
elapsed=6.888145e+02 cycle=40600 time=2.802414e+00 dt=6.034898e-05
elapsed=6.894102e+02 cycle=40700 time=2.808240e+00 dt=5.581211e-05
elapsed=6.900063e+02 cycle=40800 time=2.813637e+00 dt=5.216139e-05
elapsed=6.905947e+02 cycle=40900 time=2.818922e+00 dt=5.432586e-05
elapsed=6.911872e+02 cycle=41000 time=2.824568e+00 dt=5.917228e-05
elapsed=6.917793e+02 cycle=41100 time=2.830418e+00 dt=5.745274e-05
elapsed=6.923597e+02 cycle=41200 time=2.836292e+00 dt=5.999447e-05
elapsed=6.929446e+02 cycle=41300 time=2.842313e+00 dt=5.949989e-05
elapsed=6.935253e+02 cycle=41400 time=2.848132e+00 dt=5.694292e-05
elapsed=6.941087e+02 cycle=41500 time=2.853717e+00 dt=5.489704e-05
elapsed=6.946807e+02 cycle=41600 time=2.859130e+00 dt=5.343518e-05
elapsed=6.952440e+02 cycle=41700 time=2.864454e+00 dt=5.349607e-05
elapsed=6.958024e+02 cycle=41800 time=2.869861e+00 dt=5.404858e-05
elapsed=6.963658e+02 cycle=41900 time=2.875357e+00 dt=5.619633e-05
elapsed=6.969308e+02 cycle=42000 time=2.880823e+00 dt=5.343441e-05
elapsed=6.974920e+02 cycle=42100 time=2.886147e+00 dt=5.350798e-05
elapsed=6.980575e+02 cycle=42200 time=2.891593e+00 dt=5.469741e-05
elapsed=6.986176e+02 cycle=42300 time=2.897428e+00 dt=6.297630e-05
elapsed=6.991829e+02 cycle=42400 time=2.903891e+00 dt=6.514869e-05
elapsed=6.997484e+02 cycle=42500 time=2.910559e+00 dt=6.831206e-05
elapsed=7.003089e+02 cycle=42600 time=2.917433e+00 dt=6.797313e-05
elapsed=7.008764e+02 cycle=42700 time=2.924131e+00 dt=6.585731e-05
elapsed=7.014433e+02 cycle=42800 time=2.930621e+00 dt=6.367268e-05
elapsed=7.020035e+02 cycle=42900 time=2.936821e+00 dt=6.054730e-05
elapsed=7.025679e+02 cycle=43000 time=2.942790e+00 dt=5.861561e-05
elapsed=7.031265e+02 cycle=43100 time=2.948405e+00 dt=5.460240e-05
elapsed=7.036890e+02 cycle=43200 time=2.954026e+00 dt=5.899124e-05
elapsed=7.042460e+02 cycle=43300 time=2.959530e+00 dt=5.046295e-05
elapsed=7.048065e+02 cycle=43400 time=2.964796e+00 dt=6.111148e-05
elapsed=7.053674e+02 cycle=43500 time=2.970999e+00 dt=6.358779e-05
elapsed=7.059211e+02 cycle=43600 time=2.977370e+00 dt=6.355702e-05
elapsed=7.064796e+02 cycle=43700 time=2.983709e+00 dt=6.184859e-05
elapsed=7.070322e+02 cycle=43800 time=2.989691e+00 dt=5.905611e-05
elapsed=7.075892e+02 cycle=43900 time=2.995716e+00 dt=6.015556e-05
elapsed=7.081485e+02 cycle=44000 time=3.001685e+00 dt=5.572068e-05
elapsed=7.087003e+02 cycle=44100 time=3.006981e+00 dt=5.509766e-05
elapsed=7.092602e+02 cycle=44200 time=3.012740e+00 dt=5.693482e-05
elapsed=7.098151e+02 cycle=44300 time=3.018385e+00 dt=5.651409e-05
elapsed=7.103728e+02 cycle=44400 time=3.024065e+00 dt=5.730173e-05
elapsed=7.109218e+02 cycle=44500 time=3.029828e+00 dt=5.823945e-05
elapsed=7.114732e+02 cycle=44600 time=3.035447e+00 dt=5.424402e-05
elapsed=7.120239e+02 cycle=44700 time=3.040806e+00 dt=5.213199e-05
elapsed=7.125705e+02 cycle=44800 time=3.045975e+00 dt=5.259248e-05
elapsed=7.131205e+02 cycle=44900 time=3.051582e+00 dt=5.924535e-05
elapsed=7.136656e+02 cycle=45000 time=3.057686e+00 dt=6.092206e-05
elapsed=7.142161e+02 cycle=45100 time=3.063547e+00 dt=5.663468e-05
elapsed=7.147624e+02 cycle=45200 time=3.069190e+00 dt=5.686662e-05
elapsed=7.153134e+02 cycle=45300 time=3.074774e+00 dt=5.450386e-05
elapsed=7.158640e+02 cycle=45400 time=3.080125e+00 dt=5.298107e-05
elapsed=7.164088e+02 cycle=45500 time=3.085182e+00 dt=4.863237e-05
elapsed=7.169586e+02 cycle=45600 time=3.090337e+00 dt=5.403301e-05
elapsed=7.175035e+02 cycle=45700 time=3.096091e+00 dt=6.009619e-05
elapsed=7.180503e+02 cycle=45800 time=3.102016e+00 dt=5.811920e-05
elapsed=7.185880e+02 cycle=45900 time=3.107724e+00 dt=5.569613e-05
elapsed=7.191284e+02 cycle=46000 time=3.113348e+00 dt=5.603300e-05
elapsed=7.196618e+02 cycle=46100 time=3.119079e+00 dt=5.842809e-05
elapsed=7.201991e+02 cycle=46200 time=3.124872e+00 dt=5.839969e-05
elapsed=7.207376e+02 cycle=46300 time=3.130669e+00 dt=5.690262e-05
elapsed=7.212727e+02 cycle=46400 time=3.136422e+00 dt=5.824439e-05
elapsed=7.218126e+02 cycle=46500 time=3.142290e+00 dt=5.911551e-05
elapsed=7.223450e+02 cycle=46600 time=3.148210e+00 dt=5.914623e-05
elapsed=7.228824e+02 cycle=46700 time=3.154154e+00 dt=5.958258e-05
elapsed=7.234189e+02 cycle=46800 time=3.160162e+00 dt=5.705582e-05
elapsed=7.239530e+02 cycle=46900 time=3.165565e+00 dt=5.301388e-05
elapsed=7.244971e+02 cycle=47000 time=3.171032e+00 dt=5.810332e-05
elapsed=7.250441e+02 cycle=47100 time=3.176832e+00 dt=5.882061e-05
elapsed=7.256017e+02 cycle=47200 time=3.182872e+00 dt=6.211816e-05
elapsed=7.261612e+02 cycle=47300 time=3.189133e+00 dt=6.312529e-05
elapsed=7.267297e+02 cycle=47400 time=3.195456e+00 dt=6.193936e-05
elapsed=7.273039e+02 cycle=47500 time=3.201457e+00 dt=5.841439e-05
elapsed=7.278756e+02 cycle=47600 time=3.207152e+00 dt=5.527625e-05
elapsed=7.284559e+02 cycle=47700 time=3.212442e+00 dt=5.070157e-05
elapsed=7.290383e+02 cycle=47800 time=3.217685e+00 dt=5.158290e-05
elapsed=7.296677e+02 cycle=47900 time=3.222806e+00 dt=5.114989e-05
elapsed=7.302941e+02 cycle=48000 time=3.228059e+00 dt=5.495811e-05
elapsed=7.309304e+02 cycle=48100 time=3.233624e+00 dt=5.536055e-05
elapsed=7.315252e+02 cycle=48200 time=3.239116e+00 dt=5.476175e-05
elapsed=7.321839e+02 cycle=48300 time=3.244887e+00 dt=6.090275e-05
elapsed=7.328415e+02 cycle=48400 time=3.250834e+00 dt=5.774430e-05
elapsed=7.334956e+02 cycle=48500 time=3.256498e+00 dt=5.555814e-05
elapsed=7.341598e+02 cycle=48600 time=3.262049e+00 dt=5.705387e-05
elapsed=7.348330e+02 cycle=48700 time=3.267958e+00 dt=5.976213e-05
elapsed=7.355223e+02 cycle=48800 time=3.273898e+00 dt=5.899084e-05
elapsed=7.362309e+02 cycle=48900 time=3.279649e+00 dt=5.546990e-05
elapsed=7.369695e+02 cycle=49000 time=3.284989e+00 dt=5.053985e-05
elapsed=7.377529e+02 cycle=49100 time=3.290480e+00 dt=6.456239e-05
elapsed=7.385301e+02 cycle=49200 time=3.296867e+00 dt=6.221624e-05
elapsed=7.393372e+02 cycle=49300 time=3.302949e+00 dt=6.125052e-05
elapsed=7.401614e+02 cycle=49400 time=3.309330e+00 dt=6.437475e-05
elapsed=7.410424e+02 cycle=49500 time=3.315712e+00 dt=6.260646e-05
elapsed=7.421614e+02 cycle=49600 time=3.321857e+00 dt=6.058501e-05
elapsed=7.432878e+02 cycle=49700 time=3.327961e+00 dt=6.175811e-05
elapsed=7.444274e+02 cycle=49800 time=3.334227e+00 dt=6.291519e-05
elapsed=7.455860e+02 cycle=49900 time=3.340153e+00 dt=5.566545e-05
elapsed=7.467603e+02 cycle=50000 time=3.345969e+00 dt=5.890872e-05
elapsed=7.479795e+02 cycle=50100 time=3.351707e+00 dt=5.724309e-05
elapsed=7.491949e+02 cycle=50200 time=3.357653e+00 dt=6.008869e-05
elapsed=7.504128e+02 cycle=50300 time=3.363651e+00 dt=6.003115e-05
elapsed=7.513774e+02 cycle=50400 time=3.369672e+00 dt=6.096957e-05
elapsed=7.523250e+02 cycle=50500 time=3.375911e+00 dt=6.208897e-05
elapsed=7.532677e+02 cycle=50600 time=3.381918e+00 dt=5.782396e-05
elapsed=7.542065e+02 cycle=50700 time=3.387436e+00 dt=5.333107e-05
elapsed=7.551410e+02 cycle=50800 time=3.392839e+00 dt=5.775544e-05
elapsed=7.560476e+02 cycle=50900 time=3.399006e+00 dt=6.552263e-05
elapsed=7.569378e+02 cycle=51000 time=3.405711e+00 dt=6.713826e-05
elapsed=7.578035e+02 cycle=51100 time=3.412366e+00 dt=6.682789e-05
elapsed=7.586447e+02 cycle=51200 time=3.419073e+00 dt=6.697452e-05
elapsed=7.594962e+02 cycle=51300 time=3.425591e+00 dt=6.327116e-05
elapsed=7.603124e+02 cycle=51400 time=3.431850e+00 dt=6.299723e-05
elapsed=7.611275e+02 cycle=51500 time=3.438041e+00 dt=6.073737e-05
elapsed=7.619496e+02 cycle=51600 time=3.444236e+00 dt=6.076562e-05
elapsed=7.627700e+02 cycle=51700 time=3.450319e+00 dt=6.205502e-05
elapsed=7.635812e+02 cycle=51800 time=3.457078e+00 dt=6.853954e-05
elapsed=7.643514e+02 cycle=51900 time=3.463931e+00 dt=6.848923e-05
elapsed=7.650785e+02 cycle=52000 time=3.470788e+00 dt=6.882867e-05
elapsed=7.658000e+02 cycle=52100 time=3.477698e+00 dt=6.968757e-05
elapsed=7.665304e+02 cycle=52200 time=3.484745e+00 dt=7.150760e-05
elapsed=7.672658e+02 cycle=52300 time=3.491982e+00 dt=7.170645e-05
elapsed=7.680347e+02 cycle=52400 time=3.499066e+00 dt=6.867104e-05
elapsed=7.688153e+02 cycle=52500 time=3.505975e+00 dt=6.853542e-05
elapsed=7.695543e+02 cycle=52600 time=3.512816e+00 dt=6.797142e-05
elapsed=7.701715e+02 cycle=52700 time=3.519560e+00 dt=6.668711e-05
elapsed=7.708166e+02 cycle=52800 time=3.525937e+00 dt=6.159419e-05
elapsed=7.713479e+02 cycle=52900 time=3.532408e+00 dt=6.913840e-05
elapsed=7.720423e+02 cycle=53000 time=3.539655e+00 dt=6.993543e-05
elapsed=7.726568e+02 cycle=53100 time=3.546514e+00 dt=6.791644e-05
elapsed=7.732265e+02 cycle=53200 time=3.553436e+00 dt=7.004218e-05
elapsed=7.739754e+02 cycle=53300 time=3.560528e+00 dt=7.122273e-05
elapsed=7.746978e+02 cycle=53400 time=3.567647e+00 dt=7.115870e-05
elapsed=7.752447e+02 cycle=53500 time=3.574765e+00 dt=7.125796e-05
elapsed=7.757978e+02 cycle=53600 time=3.581851e+00 dt=7.012464e-05
elapsed=7.765138e+02 cycle=53700 time=3.588793e+00 dt=6.900509e-05
elapsed=7.770855e+02 cycle=53800 time=3.595619e+00 dt=6.761091e-05
elapsed=7.776632e+02 cycle=53900 time=3.602341e+00 dt=6.681516e-05
elapsed=7.782416e+02 cycle=54000 time=3.608979e+00 dt=6.660876e-05
elapsed=7.788343e+02 cycle=54100 time=3.615588e+00 dt=6.502017e-05
elapsed=7.794319e+02 cycle=54200 time=3.621994e+00 dt=6.257886e-05
elapsed=7.800642e+02 cycle=54300 time=3.628257e+00 dt=6.667764e-05
elapsed=7.807448e+02 cycle=54400 time=3.634928e+00 dt=6.672262e-05
elapsed=7.813762e+02 cycle=54500 time=3.641650e+00 dt=6.756104e-05
elapsed=7.820039e+02 cycle=54600 time=3.648372e+00 dt=6.523508e-05
elapsed=7.825622e+02 cycle=54700 time=3.654800e+00 dt=6.565530e-05
elapsed=7.830953e+02 cycle=54800 time=3.661301e+00 dt=6.470945e-05
elapsed=7.836251e+02 cycle=54900 time=3.667666e+00 dt=6.437796e-05
elapsed=7.841635e+02 cycle=55000 time=3.674280e+00 dt=6.587522e-05
elapsed=7.847087e+02 cycle=55100 time=3.680872e+00 dt=6.617112e-05
elapsed=7.852520e+02 cycle=55200 time=3.687492e+00 dt=6.607557e-05
elapsed=7.858263e+02 cycle=55300 time=3.694153e+00 dt=6.560512e-05
elapsed=7.863809e+02 cycle=55400 time=3.700506e+00 dt=6.199585e-05
elapsed=7.869341e+02 cycle=55500 time=3.706620e+00 dt=6.096488e-05
elapsed=7.874951e+02 cycle=55600 time=3.712677e+00 dt=5.966347e-05
elapsed=7.880545e+02 cycle=55700 time=3.718623e+00 dt=6.061248e-05
elapsed=7.886225e+02 cycle=55800 time=3.725041e+00 dt=6.712542e-05
elapsed=7.891948e+02 cycle=55900 time=3.731753e+00 dt=6.662885e-05
elapsed=7.897683e+02 cycle=56000 time=3.738363e+00 dt=6.667697e-05
elapsed=7.903842e+02 cycle=56100 time=3.745081e+00 dt=6.688628e-05
elapsed=7.910049e+02 cycle=56200 time=3.751747e+00 dt=6.665352e-05
elapsed=7.916146e+02 cycle=56300 time=3.758476e+00 dt=6.840358e-05
elapsed=7.922264e+02 cycle=56400 time=3.765388e+00 dt=6.921890e-05
elapsed=7.928337e+02 cycle=56500 time=3.772235e+00 dt=6.742299e-05
elapsed=7.934312e+02 cycle=56600 time=3.778873e+00 dt=6.395472e-05
elapsed=7.940296e+02 cycle=56700 time=3.785078e+00 dt=6.077072e-05
elapsed=7.946228e+02 cycle=56800 time=3.791114e+00 dt=5.965460e-05
elapsed=7.952085e+02 cycle=56900 time=3.796946e+00 dt=5.682068e-05
elapsed=7.957987e+02 cycle=57000 time=3.802518e+00 dt=5.496707e-05
elapsed=7.963834e+02 cycle=57100 time=3.807971e+00 dt=5.407928e-05
elapsed=7.969721e+02 cycle=57200 time=3.813382e+00 dt=5.511853e-05
elapsed=7.975561e+02 cycle=57300 time=3.819137e+00 dt=5.778474e-05
elapsed=7.981454e+02 cycle=57400 time=3.824945e+00 dt=5.860997e-05
elapsed=7.987480e+02 cycle=57500 time=3.830940e+00 dt=6.113881e-05
elapsed=7.993643e+02 cycle=57600 time=3.837121e+00 dt=6.223691e-05
elapsed=7.999723e+02 cycle=57700 time=3.843396e+00 dt=6.614465e-05
elapsed=8.005552e+02 cycle=57800 time=3.850009e+00 dt=6.481331e-05
elapsed=8.011324e+02 cycle=57900 time=3.856475e+00 dt=6.510353e-05
elapsed=8.017164e+02 cycle=58000 time=3.862993e+00 dt=6.465116e-05
elapsed=8.022943e+02 cycle=58100 time=3.869369e+00 dt=6.285014e-05
elapsed=8.028802e+02 cycle=58200 time=3.875658e+00 dt=6.309260e-05
elapsed=8.034690e+02 cycle=58300 time=3.882027e+00 dt=6.384585e-05
elapsed=8.040572e+02 cycle=58400 time=3.888431e+00 dt=6.417983e-05
elapsed=8.046557e+02 cycle=58500 time=3.894902e+00 dt=6.499065e-05
elapsed=8.052822e+02 cycle=58600 time=3.901389e+00 dt=6.490073e-05
elapsed=8.058863e+02 cycle=58700 time=3.907925e+00 dt=6.628154e-05
elapsed=8.065009e+02 cycle=58800 time=3.914482e+00 dt=6.654276e-05
elapsed=8.071446e+02 cycle=58900 time=3.921330e+00 dt=6.998866e-05
elapsed=8.078800e+02 cycle=59000 time=3.928300e+00 dt=6.845690e-05
elapsed=8.086271e+02 cycle=59100 time=3.935074e+00 dt=6.494458e-05
elapsed=8.094083e+02 cycle=59200 time=3.941621e+00 dt=6.522224e-05
elapsed=8.101841e+02 cycle=59300 time=3.948081e+00 dt=6.407653e-05
elapsed=8.109264e+02 cycle=59400 time=3.954487e+00 dt=6.346527e-05
elapsed=8.116663e+02 cycle=59500 time=3.960736e+00 dt=6.067750e-05
elapsed=8.124024e+02 cycle=59600 time=3.966887e+00 dt=6.177779e-05
elapsed=8.131803e+02 cycle=59700 time=3.973048e+00 dt=6.225055e-05
elapsed=8.139599e+02 cycle=59800 time=3.978972e+00 dt=5.525508e-05
elapsed=8.146996e+02 cycle=59900 time=3.984182e+00 dt=5.188655e-05
elapsed=8.154353e+02 cycle=60000 time=3.989794e+00 dt=6.321047e-05
elapsed=8.161772e+02 cycle=60100 time=3.995998e+00 dt=6.055503e-05
elapsed=8.169212e+02 cycle=60200 time=4.001908e+00 dt=5.802865e-05
elapsed=8.176550e+02 cycle=60300 time=4.007708e+00 dt=5.880517e-05
elapsed=8.183968e+02 cycle=60400 time=4.013712e+00 dt=6.176785e-05
elapsed=8.191607e+02 cycle=60500 time=4.020338e+00 dt=6.885631e-05
elapsed=8.198978e+02 cycle=60600 time=4.027337e+00 dt=6.935267e-05
elapsed=8.206372e+02 cycle=60700 time=4.033980e+00 dt=6.336225e-05
elapsed=8.213750e+02 cycle=60800 time=4.040143e+00 dt=6.240158e-05
elapsed=8.221454e+02 cycle=60900 time=4.046544e+00 dt=6.598214e-05
elapsed=8.229527e+02 cycle=61000 time=4.053233e+00 dt=6.694150e-05
elapsed=8.236880e+02 cycle=61100 time=4.059729e+00 dt=6.330945e-05
elapsed=8.244276e+02 cycle=61200 time=4.066091e+00 dt=6.407584e-05
elapsed=8.251671e+02 cycle=61300 time=4.072878e+00 dt=7.007425e-05
elapsed=8.259086e+02 cycle=61400 time=4.080370e+00 dt=7.553073e-05
elapsed=8.266461e+02 cycle=61500 time=4.087848e+00 dt=7.393496e-05
elapsed=8.273863e+02 cycle=61600 time=4.095100e+00 dt=7.081573e-05
elapsed=8.281300e+02 cycle=61700 time=4.102136e+00 dt=7.046540e-05
elapsed=8.288904e+02 cycle=61800 time=4.109246e+00 dt=7.174896e-05
elapsed=8.296842e+02 cycle=61900 time=4.116438e+00 dt=7.192216e-05
elapsed=8.304318e+02 cycle=62000 time=4.123626e+00 dt=7.207496e-05
elapsed=8.311744e+02 cycle=62100 time=4.130818e+00 dt=7.223348e-05
elapsed=8.319100e+02 cycle=62200 time=4.137946e+00 dt=7.051158e-05
elapsed=8.326605e+02 cycle=62300 time=4.144977e+00 dt=7.013039e-05
elapsed=8.334478e+02 cycle=62400 time=4.151920e+00 dt=6.908651e-05
elapsed=8.342188e+02 cycle=62500 time=4.158768e+00 dt=6.779855e-05
elapsed=8.349614e+02 cycle=62600 time=4.165535e+00 dt=6.737900e-05
elapsed=8.357034e+02 cycle=62700 time=4.172319e+00 dt=6.861233e-05
elapsed=8.364385e+02 cycle=62800 time=4.179204e+00 dt=6.861220e-05
elapsed=8.371800e+02 cycle=62900 time=4.185942e+00 dt=6.931537e-05
elapsed=8.379214e+02 cycle=63000 time=4.193101e+00 dt=7.182336e-05
elapsed=8.386688e+02 cycle=63100 time=4.200333e+00 dt=7.227184e-05
elapsed=8.394470e+02 cycle=63200 time=4.207497e+00 dt=7.132955e-05
elapsed=8.402056e+02 cycle=63300 time=4.214526e+00 dt=7.033410e-05
elapsed=8.409489e+02 cycle=63400 time=4.221504e+00 dt=6.926688e-05
elapsed=8.416859e+02 cycle=63500 time=4.228378e+00 dt=6.839596e-05
elapsed=8.424273e+02 cycle=63600 time=4.235019e+00 dt=6.278942e-05
elapsed=8.432069e+02 cycle=63700 time=4.241174e+00 dt=6.207815e-05
elapsed=8.439847e+02 cycle=63800 time=4.247576e+00 dt=6.665079e-05
elapsed=8.447255e+02 cycle=63900 time=4.254199e+00 dt=6.602897e-05
elapsed=8.454665e+02 cycle=64000 time=4.260782e+00 dt=6.591053e-05
elapsed=8.462044e+02 cycle=64100 time=4.267147e+00 dt=6.180382e-05
elapsed=8.469454e+02 cycle=64200 time=4.273630e+00 dt=6.489011e-05
elapsed=8.476953e+02 cycle=64300 time=4.280148e+00 dt=6.525678e-05
elapsed=8.484719e+02 cycle=64400 time=4.286672e+00 dt=6.520145e-05
elapsed=8.492358e+02 cycle=64500 time=4.293215e+00 dt=6.603242e-05
elapsed=8.499742e+02 cycle=64600 time=4.299832e+00 dt=6.634759e-05
elapsed=8.507168e+02 cycle=64700 time=4.306456e+00 dt=6.607792e-05
elapsed=8.514585e+02 cycle=64800 time=4.313144e+00 dt=6.748672e-05
elapsed=8.521953e+02 cycle=64900 time=4.319935e+00 dt=6.794123e-05
elapsed=8.529592e+02 cycle=65000 time=4.326739e+00 dt=6.774883e-05
elapsed=8.537463e+02 cycle=65100 time=4.333532e+00 dt=6.778540e-05
elapsed=8.544969e+02 cycle=65200 time=4.340101e+00 dt=6.462184e-05
elapsed=8.552798e+02 cycle=65300 time=4.346739e+00 dt=6.837567e-05
elapsed=8.560390e+02 cycle=65400 time=4.353490e+00 dt=6.658816e-05
elapsed=8.567792e+02 cycle=65500 time=4.360045e+00 dt=6.482978e-05
elapsed=8.575218e+02 cycle=65600 time=4.366390e+00 dt=6.151628e-05
elapsed=8.583134e+02 cycle=65700 time=4.372320e+00 dt=6.028219e-05
elapsed=8.590735e+02 cycle=65800 time=4.378502e+00 dt=6.202483e-05
elapsed=8.598383e+02 cycle=65900 time=4.384600e+00 dt=5.921656e-05
elapsed=8.606794e+02 cycle=66000 time=4.390596e+00 dt=6.214452e-05
elapsed=8.614210e+02 cycle=66100 time=4.396794e+00 dt=6.116776e-05
elapsed=8.621712e+02 cycle=66200 time=4.402732e+00 dt=5.944792e-05
elapsed=8.629387e+02 cycle=66300 time=4.408351e+00 dt=5.307885e-05
elapsed=8.637232e+02 cycle=66400 time=4.413687e+00 dt=5.683626e-05
elapsed=8.644651e+02 cycle=66500 time=4.419854e+00 dt=6.047768e-05
elapsed=8.652512e+02 cycle=66600 time=4.426067e+00 dt=6.635255e-05
elapsed=8.660199e+02 cycle=66700 time=4.432532e+00 dt=6.315276e-05
elapsed=8.667567e+02 cycle=66800 time=4.438742e+00 dt=6.104105e-05
elapsed=8.674985e+02 cycle=66900 time=4.444813e+00 dt=5.951799e-05
elapsed=8.682798e+02 cycle=67000 time=4.450767e+00 dt=5.876142e-05
elapsed=8.690519e+02 cycle=67100 time=4.456549e+00 dt=5.873139e-05
elapsed=8.697951e+02 cycle=67200 time=4.462513e+00 dt=5.886094e-05
elapsed=8.705339e+02 cycle=67300 time=4.468340e+00 dt=5.780990e-05
elapsed=8.712774e+02 cycle=67400 time=4.474005e+00 dt=5.523978e-05
elapsed=8.720117e+02 cycle=67500 time=4.479417e+00 dt=5.264490e-05
elapsed=8.727506e+02 cycle=67600 time=4.484616e+00 dt=5.262580e-05
elapsed=8.734905e+02 cycle=67700 time=4.490277e+00 dt=6.261725e-05
elapsed=8.742270e+02 cycle=67800 time=4.496413e+00 dt=6.100622e-05
elapsed=8.749710e+02 cycle=67900 time=4.502554e+00 dt=6.287244e-05
elapsed=8.757082e+02 cycle=68000 time=4.508800e+00 dt=5.952845e-05
elapsed=8.764492e+02 cycle=68100 time=4.514466e+00 dt=6.053983e-05
elapsed=8.772086e+02 cycle=68200 time=4.520942e+00 dt=6.459275e-05
elapsed=8.779435e+02 cycle=68300 time=4.527125e+00 dt=6.208830e-05
elapsed=8.786864e+02 cycle=68400 time=4.533707e+00 dt=6.680645e-05
elapsed=8.794276e+02 cycle=68500 time=4.540486e+00 dt=6.842467e-05
elapsed=8.801981e+02 cycle=68600 time=4.547149e+00 dt=6.454805e-05
elapsed=8.809744e+02 cycle=68700 time=4.553754e+00 dt=6.788367e-05
elapsed=8.817241e+02 cycle=68800 time=4.560259e+00 dt=6.234920e-05
elapsed=8.825002e+02 cycle=68900 time=4.566556e+00 dt=6.705403e-05
elapsed=8.832651e+02 cycle=69000 time=4.573295e+00 dt=6.759880e-05
elapsed=8.840060e+02 cycle=69100 time=4.580032e+00 dt=6.742255e-05
elapsed=8.847547e+02 cycle=69200 time=4.586820e+00 dt=6.752476e-05
elapsed=8.855415e+02 cycle=69300 time=4.593496e+00 dt=6.572290e-05
elapsed=8.862928e+02 cycle=69400 time=4.599815e+00 dt=6.068801e-05
elapsed=8.870341e+02 cycle=69500 time=4.605997e+00 dt=6.326975e-05
elapsed=8.877776e+02 cycle=69600 time=4.612414e+00 dt=6.478774e-05
elapsed=8.885153e+02 cycle=69700 time=4.618864e+00 dt=6.453712e-05
elapsed=8.892575e+02 cycle=69800 time=4.625320e+00 dt=6.375445e-05
elapsed=8.899998e+02 cycle=69900 time=4.631516e+00 dt=6.092637e-05
elapsed=8.907370e+02 cycle=70000 time=4.637755e+00 dt=6.353892e-05
elapsed=8.914794e+02 cycle=70100 time=4.644094e+00 dt=6.257419e-05
elapsed=8.922573e+02 cycle=70200 time=4.650132e+00 dt=5.903468e-05
elapsed=8.930410e+02 cycle=70300 time=4.656099e+00 dt=6.078716e-05
elapsed=8.937835e+02 cycle=70400 time=4.662251e+00 dt=6.250855e-05
elapsed=8.945206e+02 cycle=70500 time=4.668499e+00 dt=6.239302e-05
elapsed=8.953005e+02 cycle=70600 time=4.674749e+00 dt=6.259048e-05
elapsed=8.960748e+02 cycle=70700 time=4.680968e+00 dt=6.105081e-05
elapsed=8.968104e+02 cycle=70800 time=4.686934e+00 dt=5.821711e-05
elapsed=8.975520e+02 cycle=70900 time=4.692579e+00 dt=5.626632e-05
elapsed=8.983299e+02 cycle=71000 time=4.698524e+00 dt=6.308190e-05
elapsed=8.991014e+02 cycle=71100 time=4.704874e+00 dt=6.538532e-05
elapsed=8.998455e+02 cycle=71200 time=4.711431e+00 dt=6.457027e-05
elapsed=9.005853e+02 cycle=71300 time=4.717839e+00 dt=6.371144e-05
elapsed=9.013718e+02 cycle=71400 time=4.724211e+00 dt=6.347692e-05
elapsed=9.021373e+02 cycle=71500 time=4.730487e+00 dt=6.176348e-05
elapsed=9.028891e+02 cycle=71600 time=4.736686e+00 dt=6.449504e-05
elapsed=9.036737e+02 cycle=71700 time=4.743331e+00 dt=6.547503e-05
elapsed=9.044131e+02 cycle=71800 time=4.749706e+00 dt=6.443908e-05
elapsed=9.051545e+02 cycle=71900 time=4.756303e+00 dt=6.704667e-05
elapsed=9.058947e+02 cycle=72000 time=4.763014e+00 dt=6.574424e-05
elapsed=9.066306e+02 cycle=72100 time=4.769795e+00 dt=6.632039e-05
elapsed=9.073746e+02 cycle=72200 time=4.776287e+00 dt=6.395237e-05
elapsed=9.081203e+02 cycle=72300 time=4.782514e+00 dt=6.147505e-05
elapsed=9.088574e+02 cycle=72400 time=4.788652e+00 dt=6.182044e-05
elapsed=9.096009e+02 cycle=72500 time=4.794737e+00 dt=5.940807e-05
elapsed=9.103901e+02 cycle=72600 time=4.800547e+00 dt=5.640737e-05
elapsed=9.111537e+02 cycle=72700 time=4.805995e+00 dt=5.254324e-05
elapsed=9.118962e+02 cycle=72800 time=4.811071e+00 dt=4.899783e-05
elapsed=9.126320e+02 cycle=72900 time=4.815845e+00 dt=4.695980e-05
elapsed=9.133723e+02 cycle=73000 time=4.820479e+00 dt=4.573035e-05
elapsed=9.141088e+02 cycle=73100 time=4.825668e+00 dt=6.118460e-05
elapsed=9.148524e+02 cycle=73200 time=4.831701e+00 dt=5.885710e-05
elapsed=9.155887e+02 cycle=73300 time=4.837538e+00 dt=5.899506e-05
elapsed=9.163304e+02 cycle=73400 time=4.843434e+00 dt=5.829393e-05
elapsed=9.170673e+02 cycle=73500 time=4.849268e+00 dt=5.974332e-05
elapsed=9.178456e+02 cycle=73600 time=4.855261e+00 dt=5.933959e-05
elapsed=9.186546e+02 cycle=73700 time=4.861045e+00 dt=5.607321e-05
elapsed=9.194534e+02 cycle=73800 time=4.866531e+00 dt=5.447109e-05
elapsed=9.201942e+02 cycle=73900 time=4.872239e+00 dt=5.880486e-05
elapsed=9.209518e+02 cycle=74000 time=4.878259e+00 dt=6.084068e-05
elapsed=9.217457e+02 cycle=74100 time=4.884336e+00 dt=6.113944e-05
elapsed=9.224977e+02 cycle=74200 time=4.890470e+00 dt=6.098062e-05
elapsed=9.232409e+02 cycle=74300 time=4.896459e+00 dt=5.881730e-05
elapsed=9.239879e+02 cycle=74400 time=4.902272e+00 dt=5.711589e-05
elapsed=9.247301e+02 cycle=74500 time=4.907950e+00 dt=5.614875e-05
elapsed=9.254757e+02 cycle=74600 time=4.913531e+00 dt=5.545658e-05
elapsed=9.262513e+02 cycle=74700 time=4.919109e+00 dt=5.598215e-05
elapsed=9.270199e+02 cycle=74800 time=4.924688e+00 dt=5.513704e-05
elapsed=9.277620e+02 cycle=74900 time=4.930474e+00 dt=5.906500e-05
elapsed=9.285012e+02 cycle=75000 time=4.936299e+00 dt=5.739661e-05
elapsed=9.292440e+02 cycle=75100 time=4.941915e+00 dt=5.472988e-05
elapsed=9.299816e+02 cycle=75200 time=4.947266e+00 dt=5.292026e-05
elapsed=9.307345e+02 cycle=75300 time=4.952601e+00 dt=5.429044e-05
elapsed=9.315217e+02 cycle=75400 time=4.958120e+00 dt=5.629831e-05
elapsed=9.323146e+02 cycle=75500 time=4.963964e+00 dt=6.066080e-05
elapsed=9.330807e+02 cycle=75600 time=4.970000e+00 dt=5.948473e-05
elapsed=9.338235e+02 cycle=75700 time=4.975873e+00 dt=5.869804e-05
elapsed=9.345728e+02 cycle=75800 time=4.981835e+00 dt=6.012355e-05
elapsed=9.353169e+02 cycle=75900 time=4.987779e+00 dt=5.933613e-05
elapsed=9.360646e+02 cycle=76000 time=4.993777e+00 dt=6.077113e-05
elapsed=9.368151e+02 cycle=76100 time=5.000047e+00 dt=6.392513e-05
elapsed=9.375570e+02 cycle=76200 time=5.006295e+00 dt=6.155762e-05
elapsed=9.383041e+02 cycle=76300 time=5.012310e+00 dt=5.884770e-05
elapsed=9.390718e+02 cycle=76400 time=5.018156e+00 dt=5.701820e-05
elapsed=9.398822e+02 cycle=76500 time=5.023706e+00 dt=5.453101e-05
elapsed=9.406332e+02 cycle=76600 time=5.028932e+00 dt=5.050561e-05
elapsed=9.414257e+02 cycle=76700 time=5.033970e+00 dt=5.089010e-05
elapsed=9.421996e+02 cycle=76800 time=5.039223e+00 dt=5.444807e-05
elapsed=9.429460e+02 cycle=76900 time=5.045014e+00 dt=5.774016e-05
elapsed=9.436904e+02 cycle=77000 time=5.050719e+00 dt=5.631218e-05
elapsed=9.444307e+02 cycle=77100 time=5.056397e+00 dt=5.804958e-05
elapsed=9.452075e+02 cycle=77200 time=5.062051e+00 dt=5.491816e-05
elapsed=9.459859e+02 cycle=77300 time=5.067416e+00 dt=5.303786e-05
elapsed=9.467286e+02 cycle=77400 time=5.072679e+00 dt=5.232907e-05
elapsed=9.474674e+02 cycle=77500 time=5.077942e+00 dt=5.290067e-05
elapsed=9.482139e+02 cycle=77600 time=5.083110e+00 dt=5.010913e-05
elapsed=9.489523e+02 cycle=77700 time=5.088114e+00 dt=5.166938e-05
elapsed=9.496965e+02 cycle=77800 time=5.092955e+00 dt=4.602774e-05
elapsed=9.504366e+02 cycle=77900 time=5.097531e+00 dt=4.648330e-05
elapsed=9.511806e+02 cycle=78000 time=5.102512e+00 dt=5.756618e-05
elapsed=9.519172e+02 cycle=78100 time=5.108258e+00 dt=5.811826e-05
elapsed=9.526612e+02 cycle=78200 time=5.114135e+00 dt=6.085382e-05
elapsed=9.534038e+02 cycle=78300 time=5.120102e+00 dt=6.034213e-05
elapsed=9.541417e+02 cycle=78400 time=5.126130e+00 dt=5.985467e-05
elapsed=9.548856e+02 cycle=78500 time=5.132178e+00 dt=6.224553e-05
elapsed=9.556264e+02 cycle=78600 time=5.138660e+00 dt=6.788139e-05
elapsed=9.563696e+02 cycle=78700 time=5.145340e+00 dt=6.483707e-05
elapsed=9.571385e+02 cycle=78800 time=5.151648e+00 dt=6.195807e-05
elapsed=9.579283e+02 cycle=78900 time=5.157920e+00 dt=6.375658e-05
elapsed=9.586770e+02 cycle=79000 time=5.164253e+00 dt=6.233013e-05
elapsed=9.594236e+02 cycle=79100 time=5.170391e+00 dt=6.099380e-05
elapsed=9.601652e+02 cycle=79200 time=5.176625e+00 dt=6.438847e-05
elapsed=9.609260e+02 cycle=79300 time=5.182963e+00 dt=5.942377e-05
elapsed=9.617112e+02 cycle=79400 time=5.188965e+00 dt=6.539362e-05
elapsed=9.624682e+02 cycle=79500 time=5.195525e+00 dt=6.657344e-05
elapsed=9.632138e+02 cycle=79600 time=5.202314e+00 dt=6.912955e-05
elapsed=9.639526e+02 cycle=79700 time=5.209238e+00 dt=6.883478e-05
elapsed=9.646972e+02 cycle=79800 time=5.216089e+00 dt=6.808869e-05
elapsed=9.654442e+02 cycle=79900 time=5.222772e+00 dt=6.545555e-05
elapsed=9.661863e+02 cycle=80000 time=5.229042e+00 dt=5.993789e-05
elapsed=9.669331e+02 cycle=80100 time=5.234992e+00 dt=5.934751e-05
elapsed=9.676808e+02 cycle=80200 time=5.241067e+00 dt=6.260111e-05
elapsed=9.684234e+02 cycle=80300 time=5.247289e+00 dt=5.960491e-05
elapsed=9.693853e+02 cycle=80400 time=5.252949e+00 dt=5.501007e-05
elapsed=9.703341e+02 cycle=80500 time=5.258595e+00 dt=5.762370e-05
elapsed=9.712913e+02 cycle=80600 time=5.264180e+00 dt=5.393988e-05
elapsed=9.722344e+02 cycle=80700 time=5.269496e+00 dt=5.362095e-05
elapsed=9.731910e+02 cycle=80800 time=5.274845e+00 dt=5.367088e-05
elapsed=9.741424e+02 cycle=80900 time=5.280346e+00 dt=5.538522e-05
elapsed=9.750881e+02 cycle=81000 time=5.286209e+00 dt=6.015603e-05
elapsed=9.760411e+02 cycle=81100 time=5.291965e+00 dt=5.485561e-05
elapsed=9.769863e+02 cycle=81200 time=5.297369e+00 dt=5.440524e-05
elapsed=9.779457e+02 cycle=81300 time=5.303359e+00 dt=6.194905e-05
elapsed=9.787005e+02 cycle=81400 time=5.309509e+00 dt=6.140902e-05
elapsed=9.794428e+02 cycle=81500 time=5.315642e+00 dt=6.090160e-05
elapsed=9.801841e+02 cycle=81600 time=5.321640e+00 dt=5.875544e-05
elapsed=9.809178e+02 cycle=81700 time=5.327476e+00 dt=5.859253e-05
elapsed=9.816566e+02 cycle=81800 time=5.333600e+00 dt=6.508214e-05
elapsed=9.823957e+02 cycle=81900 time=5.340236e+00 dt=6.560329e-05
elapsed=9.831353e+02 cycle=82000 time=5.346652e+00 dt=6.447207e-05
elapsed=9.838803e+02 cycle=82100 time=5.353352e+00 dt=6.899341e-05
elapsed=9.846268e+02 cycle=82200 time=5.360071e+00 dt=6.590946e-05
elapsed=9.854057e+02 cycle=82300 time=5.366534e+00 dt=6.326399e-05
elapsed=9.861727e+02 cycle=82400 time=5.372780e+00 dt=6.188310e-05
elapsed=9.869142e+02 cycle=82500 time=5.379008e+00 dt=6.311199e-05
elapsed=9.876576e+02 cycle=82600 time=5.385385e+00 dt=6.400394e-05
elapsed=9.884009e+02 cycle=82700 time=5.391979e+00 dt=6.698169e-05
elapsed=9.891366e+02 cycle=82800 time=5.398684e+00 dt=6.748355e-05
elapsed=9.898818e+02 cycle=82900 time=5.405305e+00 dt=6.499138e-05
elapsed=9.906280e+02 cycle=83000 time=5.411785e+00 dt=6.383524e-05
elapsed=9.913640e+02 cycle=83100 time=5.418138e+00 dt=6.455561e-05
elapsed=9.921062e+02 cycle=83200 time=5.424715e+00 dt=6.569577e-05
elapsed=9.928479e+02 cycle=83300 time=5.431244e+00 dt=6.487240e-05
elapsed=9.935870e+02 cycle=83400 time=5.437466e+00 dt=5.872441e-05
elapsed=9.943325e+02 cycle=83500 time=5.443143e+00 dt=5.931891e-05
elapsed=9.950980e+02 cycle=83600 time=5.449378e+00 dt=6.330317e-05
elapsed=9.958855e+02 cycle=83700 time=5.455815e+00 dt=6.579856e-05
elapsed=9.966334e+02 cycle=83800 time=5.462526e+00 dt=6.666217e-05
elapsed=9.973710e+02 cycle=83900 time=5.468955e+00 dt=6.218145e-05
elapsed=9.981160e+02 cycle=84000 time=5.475261e+00 dt=6.467963e-05
elapsed=9.988828e+02 cycle=84100 time=5.481979e+00 dt=6.693991e-05
elapsed=9.996218e+02 cycle=84200 time=5.488595e+00 dt=6.550225e-05
elapsed=1.000369e+03 cycle=84300 time=5.495038e+00 dt=6.308411e-05
elapsed=1.001115e+03 cycle=84400 time=5.501260e+00 dt=6.162844e-05
elapsed=1.001857e+03 cycle=84500 time=5.507445e+00 dt=6.336046e-05
elapsed=1.002605e+03 cycle=84600 time=5.513789e+00 dt=6.303619e-05
elapsed=1.003351e+03 cycle=84700 time=5.520167e+00 dt=6.456411e-05
elapsed=1.004093e+03 cycle=84800 time=5.526720e+00 dt=6.660752e-05
elapsed=1.004840e+03 cycle=84900 time=5.533408e+00 dt=6.696335e-05
elapsed=1.005584e+03 cycle=85000 time=5.540045e+00 dt=6.538954e-05
elapsed=1.006323e+03 cycle=85100 time=5.546694e+00 dt=6.651892e-05
elapsed=1.007073e+03 cycle=85200 time=5.553326e+00 dt=6.667877e-05
elapsed=1.007820e+03 cycle=85300 time=5.560030e+00 dt=6.645954e-05
elapsed=1.008558e+03 cycle=85400 time=5.566675e+00 dt=6.891508e-05
elapsed=1.009302e+03 cycle=85500 time=5.573635e+00 dt=7.041128e-05
elapsed=1.010045e+03 cycle=85600 time=5.580723e+00 dt=7.054170e-05
elapsed=1.010782e+03 cycle=85700 time=5.587612e+00 dt=6.724343e-05
elapsed=1.011523e+03 cycle=85800 time=5.594173e+00 dt=6.401164e-05
elapsed=1.012264e+03 cycle=85900 time=5.600351e+00 dt=5.948685e-05
elapsed=1.013003e+03 cycle=86000 time=5.606034e+00 dt=5.555677e-05
elapsed=1.013746e+03 cycle=86100 time=5.611972e+00 dt=7.084335e-05
elapsed=1.014486e+03 cycle=86200 time=5.619374e+00 dt=7.351213e-05
elapsed=1.015229e+03 cycle=86300 time=5.626625e+00 dt=7.279280e-05
elapsed=1.015969e+03 cycle=86400 time=5.633756e+00 dt=6.847531e-05
elapsed=1.016712e+03 cycle=86500 time=5.640889e+00 dt=6.978205e-05
elapsed=1.017454e+03 cycle=86600 time=5.647996e+00 dt=7.017600e-05
elapsed=1.018199e+03 cycle=86700 time=5.654596e+00 dt=6.503487e-05
elapsed=1.019015e+03 cycle=86800 time=5.661673e+00 dt=7.084690e-05
elapsed=1.019966e+03 cycle=86900 time=5.668676e+00 dt=6.934009e-05
elapsed=1.020925e+03 cycle=87000 time=5.675576e+00 dt=6.892074e-05
elapsed=1.021893e+03 cycle=87100 time=5.682349e+00 dt=6.627015e-05
elapsed=1.022847e+03 cycle=87200 time=5.689070e+00 dt=6.808331e-05
elapsed=1.023805e+03 cycle=87300 time=5.696003e+00 dt=6.929431e-05
elapsed=1.024760e+03 cycle=87400 time=5.702872e+00 dt=6.756806e-05
elapsed=1.025711e+03 cycle=87500 time=5.709600e+00 dt=6.756822e-05
elapsed=1.026691e+03 cycle=87600 time=5.716135e+00 dt=6.494003e-05
elapsed=1.027647e+03 cycle=87700 time=5.722753e+00 dt=6.627474e-05
elapsed=1.028483e+03 cycle=87800 time=5.729383e+00 dt=6.640083e-05
elapsed=1.029187e+03 cycle=87900 time=5.736033e+00 dt=6.704858e-05
elapsed=1.029897e+03 cycle=88000 time=5.742814e+00 dt=6.825799e-05
elapsed=1.030601e+03 cycle=88100 time=5.749591e+00 dt=6.750020e-05
elapsed=1.031308e+03 cycle=88200 time=5.756376e+00 dt=6.833484e-05
elapsed=1.032054e+03 cycle=88300 time=5.763244e+00 dt=6.905707e-05
elapsed=1.033287e+03 cycle=88400 time=5.770046e+00 dt=6.571416e-05
elapsed=1.034048e+03 cycle=88500 time=5.776455e+00 dt=6.370265e-05
elapsed=1.034677e+03 cycle=88600 time=5.783034e+00 dt=6.812181e-05
elapsed=1.035303e+03 cycle=88700 time=5.789854e+00 dt=6.871555e-05
elapsed=1.035927e+03 cycle=88800 time=5.796792e+00 dt=6.989482e-05
elapsed=1.036554e+03 cycle=88900 time=5.803825e+00 dt=7.047441e-05
elapsed=1.037183e+03 cycle=89000 time=5.810865e+00 dt=7.043495e-05
elapsed=1.037803e+03 cycle=89100 time=5.817925e+00 dt=7.088976e-05
elapsed=1.038428e+03 cycle=89200 time=5.825039e+00 dt=7.166686e-05
elapsed=1.039051e+03 cycle=89300 time=5.832186e+00 dt=7.139990e-05
elapsed=1.039667e+03 cycle=89400 time=5.839306e+00 dt=7.106936e-05
elapsed=1.040288e+03 cycle=89500 time=5.846381e+00 dt=7.039401e-05
elapsed=1.040909e+03 cycle=89600 time=5.853405e+00 dt=6.995761e-05
elapsed=1.041528e+03 cycle=89700 time=5.860401e+00 dt=6.961334e-05
elapsed=1.042146e+03 cycle=89800 time=5.867339e+00 dt=6.902512e-05
elapsed=1.042770e+03 cycle=89900 time=5.874216e+00 dt=6.799438e-05
elapsed=1.043391e+03 cycle=90000 time=5.880766e+00 dt=6.310794e-05
elapsed=1.044008e+03 cycle=90100 time=5.886908e+00 dt=6.026289e-05
elapsed=1.044632e+03 cycle=90200 time=5.893227e+00 dt=6.815925e-05
elapsed=1.045256e+03 cycle=90300 time=5.900033e+00 dt=6.657983e-05
elapsed=1.045874e+03 cycle=90400 time=5.906433e+00 dt=6.186573e-05
elapsed=1.046497e+03 cycle=90500 time=5.912398e+00 dt=5.733644e-05
elapsed=1.047116e+03 cycle=90600 time=5.917981e+00 dt=5.505605e-05
elapsed=1.047740e+03 cycle=90700 time=5.923726e+00 dt=6.069689e-05
elapsed=1.048359e+03 cycle=90800 time=5.929891e+00 dt=6.291108e-05
elapsed=1.048985e+03 cycle=90900 time=5.936356e+00 dt=6.555324e-05
elapsed=1.049665e+03 cycle=91000 time=5.943031e+00 dt=6.723212e-05
elapsed=1.050405e+03 cycle=91100 time=5.949740e+00 dt=6.851384e-05
elapsed=1.051151e+03 cycle=91200 time=5.956499e+00 dt=6.843344e-05
elapsed=1.051895e+03 cycle=91300 time=5.963300e+00 dt=6.921434e-05
elapsed=1.052639e+03 cycle=91400 time=5.970193e+00 dt=6.908514e-05
elapsed=1.053379e+03 cycle=91500 time=5.977100e+00 dt=6.843303e-05
elapsed=1.054124e+03 cycle=91600 time=5.983886e+00 dt=6.737974e-05
elapsed=1.054869e+03 cycle=91700 time=5.990633e+00 dt=6.818581e-05
elapsed=1.055610e+03 cycle=91800 time=5.997498e+00 dt=6.853073e-05
elapsed=1.056358e+03 cycle=91900 time=6.004280e+00 dt=6.737533e-05
elapsed=1.057125e+03 cycle=92000 time=6.010949e+00 dt=6.529138e-05
elapsed=1.057863e+03 cycle=92100 time=6.017139e+00 dt=5.970945e-05
elapsed=1.058607e+03 cycle=92200 time=6.023716e+00 dt=6.849842e-05
elapsed=1.059352e+03 cycle=92300 time=6.030602e+00 dt=6.940197e-05
elapsed=1.060092e+03 cycle=92400 time=6.037633e+00 dt=6.999269e-05
elapsed=1.060842e+03 cycle=92500 time=6.044525e+00 dt=6.781489e-05
elapsed=1.061633e+03 cycle=92600 time=6.051330e+00 dt=6.841404e-05
elapsed=1.062425e+03 cycle=92700 time=6.058151e+00 dt=6.773943e-05
elapsed=1.063168e+03 cycle=92800 time=6.064823e+00 dt=6.620235e-05
elapsed=1.063912e+03 cycle=92900 time=6.071290e+00 dt=6.213145e-05
elapsed=1.064650e+03 cycle=93000 time=6.077115e+00 dt=5.574768e-05
elapsed=1.065394e+03 cycle=93100 time=6.083163e+00 dt=6.831165e-05
elapsed=1.066131e+03 cycle=93200 time=6.089947e+00 dt=6.728135e-05
elapsed=1.066873e+03 cycle=93300 time=6.096538e+00 dt=6.462125e-05
elapsed=1.067617e+03 cycle=93400 time=6.103029e+00 dt=6.509444e-05
elapsed=1.068356e+03 cycle=93500 time=6.109500e+00 dt=6.441452e-05
elapsed=1.069101e+03 cycle=93600 time=6.115852e+00 dt=6.272599e-05
elapsed=1.069844e+03 cycle=93700 time=6.122045e+00 dt=6.095133e-05
elapsed=1.070581e+03 cycle=93800 time=6.128020e+00 dt=5.828884e-05
elapsed=1.071322e+03 cycle=93900 time=6.133832e+00 dt=5.839951e-05
elapsed=1.072060e+03 cycle=94000 time=6.139718e+00 dt=5.917184e-05
elapsed=1.072806e+03 cycle=94100 time=6.145573e+00 dt=5.859157e-05
elapsed=1.073591e+03 cycle=94200 time=6.151384e+00 dt=5.778669e-05
elapsed=1.074389e+03 cycle=94300 time=6.157103e+00 dt=5.680185e-05
elapsed=1.075131e+03 cycle=94400 time=6.162946e+00 dt=5.979637e-05
elapsed=1.075881e+03 cycle=94500 time=6.168925e+00 dt=6.060841e-05
elapsed=1.076669e+03 cycle=94600 time=6.175309e+00 dt=6.774923e-05
elapsed=1.077444e+03 cycle=94700 time=6.181860e+00 dt=6.495437e-05
elapsed=1.078182e+03 cycle=94800 time=6.188546e+00 dt=6.571080e-05
elapsed=1.078923e+03 cycle=94900 time=6.194952e+00 dt=6.320147e-05
elapsed=1.079666e+03 cycle=95000 time=6.201349e+00 dt=6.544533e-05
elapsed=1.080406e+03 cycle=95100 time=6.207910e+00 dt=6.498737e-05
elapsed=1.081150e+03 cycle=95200 time=6.214366e+00 dt=6.553706e-05
elapsed=1.081894e+03 cycle=95300 time=6.220837e+00 dt=6.441142e-05
elapsed=1.082634e+03 cycle=95400 time=6.227242e+00 dt=6.317025e-05
elapsed=1.083379e+03 cycle=95500 time=6.233519e+00 dt=6.233399e-05
elapsed=1.084140e+03 cycle=95600 time=6.239734e+00 dt=6.210147e-05
elapsed=1.084936e+03 cycle=95700 time=6.245916e+00 dt=6.194166e-05
elapsed=1.085683e+03 cycle=95800 time=6.252150e+00 dt=6.250777e-05
elapsed=1.086421e+03 cycle=95900 time=6.258382e+00 dt=6.210738e-05
elapsed=1.087187e+03 cycle=96000 time=6.264599e+00 dt=6.215343e-05
elapsed=1.087975e+03 cycle=96100 time=6.270812e+00 dt=6.154455e-05
elapsed=1.088716e+03 cycle=96200 time=6.276861e+00 dt=5.936347e-05
elapsed=1.089499e+03 cycle=96300 time=6.282660e+00 dt=5.706078e-05
elapsed=1.090260e+03 cycle=96400 time=6.288549e+00 dt=6.009162e-05
elapsed=1.091003e+03 cycle=96500 time=6.294563e+00 dt=6.187231e-05
elapsed=1.091743e+03 cycle=96600 time=6.300741e+00 dt=6.182800e-05
elapsed=1.092520e+03 cycle=96700 time=6.306853e+00 dt=6.151585e-05
elapsed=1.093303e+03 cycle=96800 time=6.313154e+00 dt=6.686290e-05
elapsed=1.094054e+03 cycle=96900 time=6.319858e+00 dt=6.696047e-05
elapsed=1.094843e+03 cycle=97000 time=6.326549e+00 dt=6.695118e-05
elapsed=1.095592e+03 cycle=97100 time=6.333256e+00 dt=6.727593e-05
elapsed=1.096335e+03 cycle=97200 time=6.340010e+00 dt=6.753508e-05
elapsed=1.097076e+03 cycle=97300 time=6.346609e+00 dt=6.548587e-05
elapsed=1.097823e+03 cycle=97400 time=6.353255e+00 dt=6.662971e-05
elapsed=1.098606e+03 cycle=97500 time=6.359833e+00 dt=6.446964e-05
elapsed=1.099369e+03 cycle=97600 time=6.366146e+00 dt=6.232884e-05
elapsed=1.100112e+03 cycle=97700 time=6.372310e+00 dt=6.123289e-05
elapsed=1.100850e+03 cycle=97800 time=6.378319e+00 dt=5.828039e-05
elapsed=1.101593e+03 cycle=97900 time=6.384041e+00 dt=5.732210e-05
elapsed=1.102327e+03 cycle=98000 time=6.389835e+00 dt=5.805731e-05
elapsed=1.103087e+03 cycle=98100 time=6.395732e+00 dt=5.904373e-05
elapsed=1.103873e+03 cycle=98200 time=6.401560e+00 dt=5.731748e-05
elapsed=1.104616e+03 cycle=98300 time=6.407199e+00 dt=5.542019e-05
elapsed=1.105394e+03 cycle=98400 time=6.412664e+00 dt=5.390227e-05
elapsed=1.106159e+03 cycle=98500 time=6.418021e+00 dt=5.359053e-05
elapsed=1.106898e+03 cycle=98600 time=6.423356e+00 dt=5.351490e-05
elapsed=1.107634e+03 cycle=98700 time=6.428761e+00 dt=5.648547e-05
elapsed=1.108405e+03 cycle=98800 time=6.434536e+00 dt=5.701895e-05
elapsed=1.109169e+03 cycle=98900 time=6.440133e+00 dt=5.406541e-05
elapsed=1.109905e+03 cycle=99000 time=6.445483e+00 dt=5.396201e-05
elapsed=1.110649e+03 cycle=99100 time=6.451041e+00 dt=5.774442e-05
elapsed=1.111388e+03 cycle=99200 time=6.457119e+00 dt=6.355284e-05
elapsed=1.112129e+03 cycle=99300 time=6.463766e+00 dt=6.810866e-05
elapsed=1.112873e+03 cycle=99400 time=6.470261e+00 dt=6.464378e-05
elapsed=1.113654e+03 cycle=99500 time=6.477052e+00 dt=6.786750e-05
elapsed=1.114418e+03 cycle=99600 time=6.483782e+00 dt=6.689579e-05
elapsed=1.115159e+03 cycle=99700 time=6.490451e+00 dt=6.598483e-05
elapsed=1.115895e+03 cycle=99800 time=6.496965e+00 dt=6.346493e-05
elapsed=1.116636e+03 cycle=99900 time=6.503206e+00 dt=6.127357e-05
elapsed=1.117407e+03 cycle=100000 time=6.509258e+00 dt=5.996944e-05
elapsed=1.118205e+03 cycle=100100 time=6.515232e+00 dt=5.977350e-05
elapsed=1.118947e+03 cycle=100200 time=6.521252e+00 dt=6.060839e-05
elapsed=1.119686e+03 cycle=100300 time=6.527340e+00 dt=6.122348e-05
elapsed=1.120430e+03 cycle=100400 time=6.533358e+00 dt=5.866066e-05
elapsed=1.121170e+03 cycle=100500 time=6.539003e+00 dt=5.444139e-05
elapsed=1.121924e+03 cycle=100600 time=6.544720e+00 dt=6.008166e-05
elapsed=1.122713e+03 cycle=100700 time=6.550709e+00 dt=5.963051e-05
elapsed=1.123465e+03 cycle=100800 time=6.556636e+00 dt=5.875327e-05
elapsed=1.124208e+03 cycle=100900 time=6.562443e+00 dt=5.743996e-05
elapsed=1.124955e+03 cycle=101000 time=6.568114e+00 dt=5.561476e-05
elapsed=1.125742e+03 cycle=101100 time=6.573537e+00 dt=5.286970e-05
elapsed=1.126498e+03 cycle=101200 time=6.578866e+00 dt=5.307791e-05
elapsed=1.127241e+03 cycle=101300 time=6.584487e+00 dt=6.019520e-05
elapsed=1.127981e+03 cycle=101400 time=6.590375e+00 dt=5.734642e-05
elapsed=1.128716e+03 cycle=101500 time=6.596034e+00 dt=5.538466e-05
elapsed=1.129493e+03 cycle=101600 time=6.601486e+00 dt=5.388874e-05
elapsed=1.130267e+03 cycle=101700 time=6.606880e+00 dt=5.418655e-05
elapsed=1.131012e+03 cycle=101800 time=6.612449e+00 dt=5.685626e-05
elapsed=1.131749e+03 cycle=101900 time=6.618341e+00 dt=6.052584e-05
elapsed=1.132531e+03 cycle=102000 time=6.624712e+00 dt=6.541099e-05
elapsed=1.133287e+03 cycle=102100 time=6.631192e+00 dt=6.955398e-05
elapsed=1.134034e+03 cycle=102200 time=6.638355e+00 dt=7.186488e-05
elapsed=1.134825e+03 cycle=102300 time=6.645567e+00 dt=7.091539e-05
elapsed=1.135586e+03 cycle=102400 time=6.652642e+00 dt=7.129120e-05
elapsed=1.136365e+03 cycle=102500 time=6.659765e+00 dt=7.045368e-05
elapsed=1.136941e+03 cycle=102600 time=6.666762e+00 dt=6.940875e-05
elapsed=1.137484e+03 cycle=102700 time=6.673607e+00 dt=6.774456e-05
elapsed=1.138030e+03 cycle=102800 time=6.680332e+00 dt=6.620659e-05
elapsed=1.138576e+03 cycle=102900 time=6.686868e+00 dt=6.431323e-05
elapsed=1.139132e+03 cycle=103000 time=6.693333e+00 dt=6.498315e-05
elapsed=1.139686e+03 cycle=103100 time=6.699807e+00 dt=6.458263e-05
elapsed=1.140250e+03 cycle=103200 time=6.706223e+00 dt=6.362064e-05
elapsed=1.140818e+03 cycle=103300 time=6.712600e+00 dt=6.407541e-05
elapsed=1.141387e+03 cycle=103400 time=6.718976e+00 dt=6.338723e-05
elapsed=1.141968e+03 cycle=103500 time=6.725329e+00 dt=6.387602e-05
elapsed=1.142560e+03 cycle=103600 time=6.731797e+00 dt=6.598260e-05
elapsed=1.143154e+03 cycle=103700 time=6.738444e+00 dt=6.629314e-05
elapsed=1.143757e+03 cycle=103800 time=6.744808e+00 dt=6.266691e-05
elapsed=1.144364e+03 cycle=103900 time=6.751168e+00 dt=6.317712e-05
elapsed=1.144971e+03 cycle=104000 time=6.757858e+00 dt=6.817656e-05
elapsed=1.145588e+03 cycle=104100 time=6.764615e+00 dt=6.657078e-05
elapsed=1.146230e+03 cycle=104200 time=6.771222e+00 dt=6.528257e-05
elapsed=1.146885e+03 cycle=104300 time=6.777740e+00 dt=6.469813e-05
elapsed=1.147525e+03 cycle=104400 time=6.784180e+00 dt=6.431082e-05
elapsed=1.148156e+03 cycle=104500 time=6.790518e+00 dt=6.298239e-05
elapsed=1.148784e+03 cycle=104600 time=6.796878e+00 dt=6.453903e-05
elapsed=1.149416e+03 cycle=104700 time=6.803214e+00 dt=6.260707e-05
elapsed=1.150056e+03 cycle=104800 time=6.809423e+00 dt=6.153127e-05
elapsed=1.150724e+03 cycle=104900 time=6.815487e+00 dt=6.015633e-05
elapsed=1.151384e+03 cycle=105000 time=6.821505e+00 dt=6.063790e-05
elapsed=1.152014e+03 cycle=105100 time=6.827582e+00 dt=6.171932e-05
elapsed=1.152650e+03 cycle=105200 time=6.833946e+00 dt=6.486323e-05
elapsed=1.153312e+03 cycle=105300 time=6.840510e+00 dt=6.692357e-05
elapsed=1.153977e+03 cycle=105400 time=6.847308e+00 dt=6.819645e-05
elapsed=1.154610e+03 cycle=105500 time=6.854135e+00 dt=6.820080e-05
elapsed=1.155239e+03 cycle=105600 time=6.860942e+00 dt=6.913593e-05
elapsed=1.155859e+03 cycle=105700 time=6.867836e+00 dt=6.826720e-05
elapsed=1.156479e+03 cycle=105800 time=6.874529e+00 dt=6.546928e-05
elapsed=1.157098e+03 cycle=105900 time=6.880907e+00 dt=6.203752e-05
elapsed=1.157710e+03 cycle=106000 time=6.886983e+00 dt=5.934370e-05
elapsed=1.158352e+03 cycle=106100 time=6.892806e+00 dt=5.638513e-05
elapsed=1.158993e+03 cycle=106200 time=6.898293e+00 dt=5.386545e-05
elapsed=1.159631e+03 cycle=106300 time=6.903740e+00 dt=5.674789e-05
elapsed=1.160240e+03 cycle=106400 time=6.909184e+00 dt=5.196865e-05
elapsed=1.160856e+03 cycle=106500 time=6.914738e+00 dt=6.931887e-05
elapsed=1.161591e+03 cycle=106600 time=6.922007e+00 dt=7.217231e-05
elapsed=1.162559e+03 cycle=106700 time=6.929229e+00 dt=7.198590e-05
elapsed=1.163518e+03 cycle=106800 time=6.936347e+00 dt=6.855523e-05
elapsed=1.164358e+03 cycle=106900 time=6.942853e+00 dt=6.087827e-05
elapsed=1.164972e+03 cycle=107000 time=6.948532e+00 dt=5.374685e-05
elapsed=1.165588e+03 cycle=107100 time=6.954553e+00 dt=6.034176e-05
elapsed=1.166196e+03 cycle=107200 time=6.960500e+00 dt=5.934429e-05
elapsed=1.166797e+03 cycle=107300 time=6.966513e+00 dt=6.163519e-05
elapsed=1.167407e+03 cycle=107400 time=6.973050e+00 dt=6.799675e-05
elapsed=1.168012e+03 cycle=107500 time=6.979885e+00 dt=6.808334e-05
elapsed=1.168621e+03 cycle=107600 time=6.986603e+00 dt=6.676023e-05
elapsed=1.169251e+03 cycle=107700 time=6.993192e+00 dt=6.515956e-05
elapsed=1.169892e+03 cycle=107800 time=6.999647e+00 dt=6.355489e-05
elapsed=1.170526e+03 cycle=107900 time=7.005893e+00 dt=6.164082e-05
elapsed=1.171144e+03 cycle=108000 time=7.012134e+00 dt=6.380324e-05
elapsed=1.171757e+03 cycle=108100 time=7.018495e+00 dt=6.246695e-05
elapsed=1.172374e+03 cycle=108200 time=7.024723e+00 dt=6.240001e-05
elapsed=1.172983e+03 cycle=108300 time=7.031003e+00 dt=6.334129e-05
elapsed=1.173584e+03 cycle=108400 time=7.037326e+00 dt=6.069010e-05
elapsed=1.174186e+03 cycle=108500 time=7.043214e+00 dt=5.840459e-05
elapsed=1.174779e+03 cycle=108600 time=7.049399e+00 dt=6.826077e-05
elapsed=1.175366e+03 cycle=108700 time=7.056104e+00 dt=6.545114e-05
elapsed=1.175947e+03 cycle=108800 time=7.062508e+00 dt=6.217790e-05
elapsed=1.176544e+03 cycle=108900 time=7.068537e+00 dt=5.854580e-05
elapsed=1.177145e+03 cycle=109000 time=7.074259e+00 dt=5.614383e-05
elapsed=1.177700e+03 cycle=109100 time=7.079838e+00 dt=5.549421e-05
elapsed=1.178257e+03 cycle=109200 time=7.085222e+00 dt=5.312294e-05
elapsed=1.178809e+03 cycle=109300 time=7.090610e+00 dt=5.447538e-05
elapsed=1.179357e+03 cycle=109400 time=7.096045e+00 dt=5.346663e-05
elapsed=1.179913e+03 cycle=109500 time=7.101351e+00 dt=5.320668e-05
elapsed=1.180470e+03 cycle=109600 time=7.106851e+00 dt=5.766034e-05
elapsed=1.181031e+03 cycle=109700 time=7.112672e+00 dt=5.852868e-05
elapsed=1.181588e+03 cycle=109800 time=7.118605e+00 dt=5.821090e-05
elapsed=1.182153e+03 cycle=109900 time=7.124209e+00 dt=5.392866e-05
elapsed=1.182714e+03 cycle=110000 time=7.129402e+00 dt=5.004564e-05
elapsed=1.183283e+03 cycle=110100 time=7.134265e+00 dt=4.737334e-05
elapsed=1.183850e+03 cycle=110200 time=7.139190e+00 dt=5.667672e-05
elapsed=1.184455e+03 cycle=110300 time=7.145355e+00 dt=6.165101e-05
elapsed=1.185069e+03 cycle=110400 time=7.151455e+00 dt=6.040542e-05
elapsed=1.185641e+03 cycle=110500 time=7.157471e+00 dt=6.014140e-05
elapsed=1.186214e+03 cycle=110600 time=7.163451e+00 dt=5.961652e-05
elapsed=1.186781e+03 cycle=110700 time=7.169441e+00 dt=6.007359e-05
elapsed=1.187350e+03 cycle=110800 time=7.175442e+00 dt=6.050951e-05
elapsed=1.187919e+03 cycle=110900 time=7.181614e+00 dt=6.340580e-05
elapsed=1.188480e+03 cycle=111000 time=7.188125e+00 dt=6.653645e-05
elapsed=1.189077e+03 cycle=111100 time=7.194913e+00 dt=6.787474e-05
elapsed=1.189820e+03 cycle=111200 time=7.201713e+00 dt=6.700196e-05
elapsed=1.190557e+03 cycle=111300 time=7.208363e+00 dt=6.683388e-05
elapsed=1.191298e+03 cycle=111400 time=7.214928e+00 dt=6.442902e-05
elapsed=1.192039e+03 cycle=111500 time=7.221403e+00 dt=6.458424e-05
elapsed=1.192778e+03 cycle=111600 time=7.227767e+00 dt=6.230864e-05
elapsed=1.193522e+03 cycle=111700 time=7.233928e+00 dt=6.082866e-05
elapsed=1.194372e+03 cycle=111800 time=7.239990e+00 dt=6.062719e-05
elapsed=1.195328e+03 cycle=111900 time=7.246109e+00 dt=6.196546e-05
elapsed=1.196282e+03 cycle=112000 time=7.252243e+00 dt=5.992614e-05
elapsed=1.197225e+03 cycle=112100 time=7.258192e+00 dt=5.991612e-05
elapsed=1.198179e+03 cycle=112200 time=7.264323e+00 dt=6.294998e-05
elapsed=1.199122e+03 cycle=112300 time=7.270549e+00 dt=6.105785e-05
elapsed=1.200061e+03 cycle=112400 time=7.276473e+00 dt=5.909780e-05
elapsed=1.201003e+03 cycle=112500 time=7.282594e+00 dt=6.481517e-05
elapsed=1.201951e+03 cycle=112600 time=7.288870e+00 dt=6.062712e-05
elapsed=1.202913e+03 cycle=112700 time=7.294721e+00 dt=5.626484e-05
elapsed=1.203785e+03 cycle=112800 time=7.300408e+00 dt=5.514029e-05
elapsed=1.204530e+03 cycle=112900 time=7.305993e+00 dt=5.708510e-05
elapsed=1.205281e+03 cycle=113000 time=7.312027e+00 dt=6.287267e-05
elapsed=1.206030e+03 cycle=113100 time=7.318412e+00 dt=6.459304e-05
elapsed=1.206633e+03 cycle=113200 time=7.324887e+00 dt=6.515645e-05
elapsed=1.207186e+03 cycle=113300 time=7.331467e+00 dt=6.597957e-05
elapsed=1.207736e+03 cycle=113400 time=7.338044e+00 dt=6.515712e-05
elapsed=1.208293e+03 cycle=113500 time=7.344456e+00 dt=6.477212e-05
elapsed=1.208853e+03 cycle=113600 time=7.351099e+00 dt=6.632500e-05
elapsed=1.209409e+03 cycle=113700 time=7.357675e+00 dt=6.564690e-05
elapsed=1.209970e+03 cycle=113800 time=7.364267e+00 dt=6.610872e-05
elapsed=1.210532e+03 cycle=113900 time=7.370845e+00 dt=6.490760e-05
elapsed=1.211093e+03 cycle=114000 time=7.377248e+00 dt=6.322862e-05
elapsed=1.211657e+03 cycle=114100 time=7.383432e+00 dt=6.074355e-05
elapsed=1.212219e+03 cycle=114200 time=7.389384e+00 dt=5.847394e-05
elapsed=1.212785e+03 cycle=114300 time=7.395114e+00 dt=5.619245e-05
elapsed=1.213352e+03 cycle=114400 time=7.400631e+00 dt=5.443430e-05
elapsed=1.213915e+03 cycle=114500 time=7.406028e+00 dt=5.281110e-05
elapsed=1.214485e+03 cycle=114600 time=7.411200e+00 dt=5.088808e-05
elapsed=1.215051e+03 cycle=114700 time=7.416241e+00 dt=4.985272e-05
elapsed=1.215624e+03 cycle=114800 time=7.421062e+00 dt=4.649566e-05
elapsed=1.216191e+03 cycle=114900 time=7.426061e+00 dt=5.428459e-05
elapsed=1.216765e+03 cycle=115000 time=7.431972e+00 dt=5.907828e-05
elapsed=1.217334e+03 cycle=115100 time=7.437816e+00 dt=6.084088e-05
elapsed=1.217910e+03 cycle=115200 time=7.444360e+00 dt=6.706699e-05
elapsed=1.218488e+03 cycle=115300 time=7.451138e+00 dt=6.842174e-05
elapsed=1.219059e+03 cycle=115400 time=7.458095e+00 dt=7.026241e-05
elapsed=1.219640e+03 cycle=115500 time=7.464955e+00 dt=6.766800e-05
elapsed=1.220219e+03 cycle=115600 time=7.471638e+00 dt=6.464959e-05
elapsed=1.220791e+03 cycle=115700 time=7.477794e+00 dt=6.009410e-05
elapsed=1.221367e+03 cycle=115800 time=7.484154e+00 dt=6.959697e-05
elapsed=1.221940e+03 cycle=115900 time=7.491152e+00 dt=6.926482e-05
elapsed=1.222505e+03 cycle=116000 time=7.497997e+00 dt=6.683605e-05
elapsed=1.223073e+03 cycle=116100 time=7.504621e+00 dt=6.601905e-05
elapsed=1.223640e+03 cycle=116200 time=7.511161e+00 dt=6.512546e-05
elapsed=1.224205e+03 cycle=116300 time=7.517662e+00 dt=6.511754e-05
elapsed=1.224777e+03 cycle=116400 time=7.524157e+00 dt=6.444653e-05
elapsed=1.225348e+03 cycle=116500 time=7.530601e+00 dt=6.473677e-05
elapsed=1.225912e+03 cycle=116600 time=7.536862e+00 dt=5.997646e-05
elapsed=1.226480e+03 cycle=116700 time=7.543154e+00 dt=6.646601e-05
elapsed=1.227041e+03 cycle=116800 time=7.549737e+00 dt=6.485078e-05
elapsed=1.227604e+03 cycle=116900 time=7.555848e+00 dt=5.841530e-05
elapsed=1.228164e+03 cycle=117000 time=7.561633e+00 dt=5.922916e-05
elapsed=1.228715e+03 cycle=117100 time=7.567729e+00 dt=6.329070e-05
elapsed=1.229268e+03 cycle=117200 time=7.574448e+00 dt=6.986850e-05
elapsed=1.229818e+03 cycle=117300 time=7.581264e+00 dt=6.806009e-05
elapsed=1.230362e+03 cycle=117400 time=7.587850e+00 dt=6.432992e-05
elapsed=1.230910e+03 cycle=117500 time=7.594163e+00 dt=6.234850e-05
elapsed=1.231458e+03 cycle=117600 time=7.600439e+00 dt=6.372029e-05
elapsed=1.232005e+03 cycle=117700 time=7.606868e+00 dt=6.399427e-05
elapsed=1.232556e+03 cycle=117800 time=7.613197e+00 dt=6.328873e-05
elapsed=1.233103e+03 cycle=117900 time=7.619597e+00 dt=6.440004e-05
elapsed=1.233652e+03 cycle=118000 time=7.626077e+00 dt=6.462755e-05
elapsed=1.234200e+03 cycle=118100 time=7.632489e+00 dt=6.357579e-05
elapsed=1.234742e+03 cycle=118200 time=7.638827e+00 dt=6.336581e-05
elapsed=1.235288e+03 cycle=118300 time=7.645067e+00 dt=6.192332e-05
elapsed=1.235834e+03 cycle=118400 time=7.651232e+00 dt=6.145710e-05
elapsed=1.236371e+03 cycle=118500 time=7.657371e+00 dt=6.121312e-05
elapsed=1.236913e+03 cycle=118600 time=7.663416e+00 dt=6.025366e-05
elapsed=1.237449e+03 cycle=118700 time=7.669670e+00 dt=6.631947e-05
elapsed=1.237988e+03 cycle=118800 time=7.676216e+00 dt=6.347357e-05
elapsed=1.238527e+03 cycle=118900 time=7.682386e+00 dt=6.065779e-05
elapsed=1.239062e+03 cycle=119000 time=7.688639e+00 dt=6.658558e-05
elapsed=1.239604e+03 cycle=119100 time=7.695360e+00 dt=6.715504e-05
elapsed=1.240145e+03 cycle=119200 time=7.702064e+00 dt=6.634673e-05
elapsed=1.240680e+03 cycle=119300 time=7.708474e+00 dt=5.912345e-05
elapsed=1.241222e+03 cycle=119400 time=7.714088e+00 dt=6.155185e-05
elapsed=1.241763e+03 cycle=119500 time=7.720750e+00 dt=6.686466e-05
elapsed=1.242295e+03 cycle=119600 time=7.727467e+00 dt=6.734080e-05
elapsed=1.242829e+03 cycle=119700 time=7.734247e+00 dt=6.694510e-05
elapsed=1.243361e+03 cycle=119800 time=7.740694e+00 dt=6.086403e-05
elapsed=1.243890e+03 cycle=119900 time=7.746549e+00 dt=6.430624e-05
elapsed=1.244426e+03 cycle=120000 time=7.753443e+00 dt=6.894088e-05
elapsed=1.244968e+03 cycle=120100 time=7.760296e+00 dt=6.826425e-05
elapsed=1.245537e+03 cycle=120200 time=7.767001e+00 dt=6.445601e-05
elapsed=1.246141e+03 cycle=120300 time=7.773391e+00 dt=6.584571e-05
elapsed=1.246703e+03 cycle=120400 time=7.780142e+00 dt=6.740292e-05
elapsed=1.247254e+03 cycle=120500 time=7.786850e+00 dt=6.671616e-05
elapsed=1.247815e+03 cycle=120600 time=7.793435e+00 dt=6.541264e-05
elapsed=1.248372e+03 cycle=120700 time=7.799915e+00 dt=6.454859e-05
elapsed=1.248937e+03 cycle=120800 time=7.806369e+00 dt=6.402634e-05
elapsed=1.249505e+03 cycle=120900 time=7.812781e+00 dt=6.402382e-05
elapsed=1.250073e+03 cycle=121000 time=7.819148e+00 dt=6.343930e-05
elapsed=1.250650e+03 cycle=121100 time=7.825483e+00 dt=6.325606e-05
elapsed=1.251229e+03 cycle=121200 time=7.831785e+00 dt=6.263870e-05
elapsed=1.251807e+03 cycle=121300 time=7.838052e+00 dt=6.284460e-05
elapsed=1.252392e+03 cycle=121400 time=7.844347e+00 dt=6.277414e-05
elapsed=1.252977e+03 cycle=121500 time=7.850636e+00 dt=6.385602e-05
elapsed=1.253561e+03 cycle=121600 time=7.856791e+00 dt=5.740594e-05
elapsed=1.254150e+03 cycle=121700 time=7.862449e+00 dt=5.760500e-05
elapsed=1.254733e+03 cycle=121800 time=7.868607e+00 dt=6.570587e-05
elapsed=1.255323e+03 cycle=121900 time=7.875050e+00 dt=6.333666e-05
elapsed=1.255912e+03 cycle=122000 time=7.881344e+00 dt=6.333520e-05
elapsed=1.256502e+03 cycle=122100 time=7.888034e+00 dt=6.483746e-05
elapsed=1.257090e+03 cycle=122200 time=7.894198e+00 dt=5.989930e-05
elapsed=1.257679e+03 cycle=122300 time=7.900163e+00 dt=5.959716e-05
elapsed=1.258266e+03 cycle=122400 time=7.906129e+00 dt=5.877177e-05
elapsed=1.258860e+03 cycle=122500 time=7.912203e+00 dt=6.208887e-05
elapsed=1.259449e+03 cycle=122600 time=7.918623e+00 dt=6.985113e-05
elapsed=1.260046e+03 cycle=122700 time=7.925604e+00 dt=6.902336e-05
elapsed=1.260645e+03 cycle=122800 time=7.932326e+00 dt=6.533813e-05
elapsed=1.261233e+03 cycle=122900 time=7.938624e+00 dt=5.919224e-05
elapsed=1.261826e+03 cycle=123000 time=7.944421e+00 dt=6.615238e-05
elapsed=1.262419e+03 cycle=123100 time=7.951179e+00 dt=6.761023e-05
elapsed=1.263007e+03 cycle=123200 time=7.957912e+00 dt=6.708553e-05
elapsed=1.263768e+03 cycle=123300 time=7.964639e+00 dt=6.545463e-05
elapsed=1.264558e+03 cycle=123400 time=7.971146e+00 dt=6.423327e-05
elapsed=1.265337e+03 cycle=123500 time=7.977214e+00 dt=5.630152e-05
elapsed=1.266120e+03 cycle=123600 time=7.982563e+00 dt=5.556414e-05
elapsed=1.266902e+03 cycle=123700 time=7.988972e+00 dt=6.395213e-05
elapsed=1.268588e+03 cycle=123800 time=7.995429e+00 dt=6.450118e-05
elapsed=1.269384e+03 cycle=123900 time=8.001870e+00 dt=6.537238e-05
elapsed=1.270168e+03 cycle=124000 time=8.008393e+00 dt=6.479790e-05
elapsed=1.270962e+03 cycle=124100 time=8.014880e+00 dt=6.537958e-05
elapsed=1.271755e+03 cycle=124200 time=8.021446e+00 dt=6.545419e-05
elapsed=1.272541e+03 cycle=124300 time=8.027891e+00 dt=6.339869e-05
elapsed=1.273176e+03 cycle=124400 time=8.034118e+00 dt=6.104767e-05
elapsed=1.273771e+03 cycle=124500 time=8.039953e+00 dt=5.362900e-05
elapsed=1.274372e+03 cycle=124600 time=8.045389e+00 dt=6.666800e-05
elapsed=1.274974e+03 cycle=124700 time=8.052034e+00 dt=6.442610e-05
elapsed=1.275572e+03 cycle=124800 time=8.058700e+00 dt=6.641007e-05
elapsed=1.276193e+03 cycle=124900 time=8.065413e+00 dt=6.806064e-05
elapsed=1.276842e+03 cycle=125000 time=8.072225e+00 dt=7.018037e-05
elapsed=1.277456e+03 cycle=125100 time=8.079213e+00 dt=6.932886e-05
elapsed=1.278068e+03 cycle=125200 time=8.086172e+00 dt=6.896893e-05
elapsed=1.278682e+03 cycle=125300 time=8.093060e+00 dt=6.724306e-05
elapsed=1.279294e+03 cycle=125400 time=8.099495e+00 dt=6.183063e-05
elapsed=1.279909e+03 cycle=125500 time=8.105452e+00 dt=5.771253e-05
elapsed=1.280524e+03 cycle=125600 time=8.111650e+00 dt=7.023867e-05
elapsed=1.281135e+03 cycle=125700 time=8.118591e+00 dt=6.892809e-05
elapsed=1.281754e+03 cycle=125800 time=8.125429e+00 dt=6.743053e-05
elapsed=1.282372e+03 cycle=125900 time=8.132266e+00 dt=6.915194e-05
elapsed=1.282987e+03 cycle=126000 time=8.139148e+00 dt=6.766201e-05
elapsed=1.283609e+03 cycle=126100 time=8.145956e+00 dt=6.863929e-05
elapsed=1.284230e+03 cycle=126200 time=8.152693e+00 dt=6.572107e-05
elapsed=1.284847e+03 cycle=126300 time=8.159122e+00 dt=6.314212e-05
elapsed=1.285470e+03 cycle=126400 time=8.165244e+00 dt=5.823321e-05
elapsed=1.286103e+03 cycle=126500 time=8.170859e+00 dt=5.788548e-05
elapsed=1.286765e+03 cycle=126600 time=8.177447e+00 dt=6.890719e-05
elapsed=1.287429e+03 cycle=126700 time=8.184283e+00 dt=6.796200e-05
elapsed=1.288056e+03 cycle=126800 time=8.191039e+00 dt=6.625547e-05
elapsed=1.288675e+03 cycle=126900 time=8.197555e+00 dt=6.361759e-05
elapsed=1.289297e+03 cycle=127000 time=8.203824e+00 dt=6.269944e-05
elapsed=1.289921e+03 cycle=127100 time=8.210347e+00 dt=6.569893e-05
elapsed=1.290539e+03 cycle=127200 time=8.216797e+00 dt=6.332110e-05
elapsed=1.291162e+03 cycle=127300 time=8.223168e+00 dt=6.518357e-05
elapsed=1.291780e+03 cycle=127400 time=8.229748e+00 dt=6.596585e-05
elapsed=1.292435e+03 cycle=127500 time=8.236425e+00 dt=6.736005e-05
elapsed=1.293103e+03 cycle=127600 time=8.243040e+00 dt=6.505078e-05
elapsed=1.293727e+03 cycle=127700 time=8.249561e+00 dt=6.531925e-05
elapsed=1.294375e+03 cycle=127800 time=8.256175e+00 dt=6.692298e-05
elapsed=1.295046e+03 cycle=127900 time=8.262744e+00 dt=6.465462e-05
elapsed=1.295684e+03 cycle=128000 time=8.269176e+00 dt=6.385424e-05
elapsed=1.296304e+03 cycle=128100 time=8.275503e+00 dt=6.237704e-05
elapsed=1.296924e+03 cycle=128200 time=8.281637e+00 dt=6.064798e-05
elapsed=1.297540e+03 cycle=128300 time=8.287693e+00 dt=6.041645e-05
elapsed=1.298163e+03 cycle=128400 time=8.293613e+00 dt=5.919429e-05
elapsed=1.298778e+03 cycle=128500 time=8.299429e+00 dt=5.620236e-05
elapsed=1.299397e+03 cycle=128600 time=8.304897e+00 dt=5.359893e-05
elapsed=1.300016e+03 cycle=128700 time=8.310351e+00 dt=5.700245e-05
elapsed=1.300632e+03 cycle=128800 time=8.316295e+00 dt=6.257221e-05
elapsed=1.301250e+03 cycle=128900 time=8.322872e+00 dt=6.589464e-05
elapsed=1.301862e+03 cycle=129000 time=8.329306e+00 dt=6.110203e-05
elapsed=1.302481e+03 cycle=129100 time=8.335517e+00 dt=6.715397e-05
elapsed=1.303106e+03 cycle=129200 time=8.342019e+00 dt=6.341680e-05
elapsed=1.303759e+03 cycle=129300 time=8.348216e+00 dt=6.069279e-05
elapsed=1.304432e+03 cycle=129400 time=8.354213e+00 dt=5.948466e-05
elapsed=1.305050e+03 cycle=129500 time=8.360038e+00 dt=5.628784e-05
elapsed=1.305662e+03 cycle=129600 time=8.365566e+00 dt=5.480475e-05
elapsed=1.306299e+03 cycle=129700 time=8.371069e+00 dt=5.587500e-05
elapsed=1.306955e+03 cycle=129800 time=8.376776e+00 dt=5.796752e-05
elapsed=1.307593e+03 cycle=129900 time=8.382587e+00 dt=5.865659e-05
elapsed=1.308217e+03 cycle=130000 time=8.388585e+00 dt=6.275445e-05
elapsed=1.308878e+03 cycle=130100 time=8.394804e+00 dt=6.108116e-05
elapsed=1.309518e+03 cycle=130200 time=8.400785e+00 dt=5.858284e-05
elapsed=1.310132e+03 cycle=130300 time=8.406640e+00 dt=5.894093e-05
elapsed=1.310752e+03 cycle=130400 time=8.412705e+00 dt=6.305890e-05
elapsed=1.311366e+03 cycle=130500 time=8.419237e+00 dt=6.597674e-05
elapsed=1.311984e+03 cycle=130600 time=8.425820e+00 dt=6.535660e-05
elapsed=1.312650e+03 cycle=130700 time=8.432304e+00 dt=6.443470e-05
elapsed=1.313306e+03 cycle=130800 time=8.438698e+00 dt=6.322752e-05
elapsed=1.313929e+03 cycle=130900 time=8.444929e+00 dt=6.171215e-05
elapsed=1.314551e+03 cycle=131000 time=8.451087e+00 dt=6.149961e-05
elapsed=1.315185e+03 cycle=131100 time=8.457245e+00 dt=6.196191e-05
elapsed=1.315851e+03 cycle=131200 time=8.463474e+00 dt=6.269502e-05
elapsed=1.316495e+03 cycle=131300 time=8.469762e+00 dt=6.188009e-05
elapsed=1.317115e+03 cycle=131400 time=8.475814e+00 dt=6.041031e-05
elapsed=1.317735e+03 cycle=131500 time=8.481985e+00 dt=6.240115e-05
elapsed=1.318375e+03 cycle=131600 time=8.487928e+00 dt=5.633346e-05
elapsed=1.319049e+03 cycle=131700 time=8.493434e+00 dt=5.454560e-05
elapsed=1.319684e+03 cycle=131800 time=8.499174e+00 dt=6.018581e-05
elapsed=1.320305e+03 cycle=131900 time=8.505300e+00 dt=6.111006e-05
elapsed=1.320925e+03 cycle=132000 time=8.511338e+00 dt=5.954636e-05
elapsed=1.321541e+03 cycle=132100 time=8.517210e+00 dt=5.765704e-05
elapsed=1.322161e+03 cycle=132200 time=8.522864e+00 dt=5.530633e-05
elapsed=1.322777e+03 cycle=132300 time=8.528186e+00 dt=5.148881e-05
elapsed=1.323402e+03 cycle=132400 time=8.533537e+00 dt=5.938759e-05
elapsed=1.324018e+03 cycle=132500 time=8.539833e+00 dt=6.424419e-05
elapsed=1.324634e+03 cycle=132600 time=8.546240e+00 dt=6.421970e-05
elapsed=1.325250e+03 cycle=132700 time=8.552629e+00 dt=6.491506e-05
elapsed=1.325858e+03 cycle=132800 time=8.559151e+00 dt=6.323816e-05
elapsed=1.326471e+03 cycle=132900 time=8.565453e+00 dt=6.438899e-05
elapsed=1.327083e+03 cycle=133000 time=8.571678e+00 dt=6.063766e-05
elapsed=1.327692e+03 cycle=133100 time=8.577680e+00 dt=5.999394e-05
elapsed=1.328330e+03 cycle=133200 time=8.583813e+00 dt=6.208928e-05
elapsed=1.328993e+03 cycle=133300 time=8.590065e+00 dt=6.204792e-05
elapsed=1.329645e+03 cycle=133400 time=8.596145e+00 dt=5.953685e-05
elapsed=1.330262e+03 cycle=133500 time=8.602016e+00 dt=5.825430e-05
elapsed=1.330873e+03 cycle=133600 time=8.607846e+00 dt=5.934772e-05
elapsed=1.331491e+03 cycle=133700 time=8.613809e+00 dt=5.965592e-05
elapsed=1.332099e+03 cycle=133800 time=8.619998e+00 dt=6.385283e-05
elapsed=1.332709e+03 cycle=133900 time=8.626427e+00 dt=6.436893e-05
elapsed=1.333313e+03 cycle=134000 time=8.632913e+00 dt=6.515041e-05
elapsed=1.333910e+03 cycle=134100 time=8.639388e+00 dt=6.336070e-05
elapsed=1.334552e+03 cycle=134200 time=8.645596e+00 dt=6.090659e-05
elapsed=1.335225e+03 cycle=134300 time=8.651725e+00 dt=6.024189e-05
elapsed=1.335839e+03 cycle=134400 time=8.657922e+00 dt=6.148054e-05
elapsed=1.336440e+03 cycle=134500 time=8.664096e+00 dt=6.166246e-05
elapsed=1.337224e+03 cycle=134600 time=8.670016e+00 dt=5.782633e-05
elapsed=1.339999e+03 cycle=134700 time=8.676118e+00 dt=6.397442e-05
elapsed=1.342679e+03 cycle=134800 time=8.682510e+00 dt=6.384292e-05
elapsed=1.345349e+03 cycle=134900 time=8.688949e+00 dt=6.492083e-05
elapsed=1.348012e+03 cycle=135000 time=8.695158e+00 dt=6.030581e-05
elapsed=1.350707e+03 cycle=135100 time=8.701349e+00 dt=6.225528e-05
elapsed=1.353378e+03 cycle=135200 time=8.707510e+00 dt=6.137795e-05
elapsed=1.355972e+03 cycle=135300 time=8.713634e+00 dt=6.113107e-05
elapsed=1.358569e+03 cycle=135400 time=8.719754e+00 dt=6.144735e-05
elapsed=1.361185e+03 cycle=135500 time=8.725870e+00 dt=5.982981e-05
elapsed=1.363725e+03 cycle=135600 time=8.731796e+00 dt=5.876390e-05
elapsed=1.365675e+03 cycle=135700 time=8.737646e+00 dt=5.823309e-05
elapsed=1.366344e+03 cycle=135800 time=8.743283e+00 dt=5.494393e-05
elapsed=1.368193e+03 cycle=135900 time=8.748746e+00 dt=5.529894e-05
elapsed=1.370716e+03 cycle=136000 time=8.754590e+00 dt=6.300125e-05
elapsed=1.373323e+03 cycle=136100 time=8.761170e+00 dt=6.677884e-05
elapsed=1.375838e+03 cycle=136200 time=8.767785e+00 dt=6.522134e-05
elapsed=1.378443e+03 cycle=136300 time=8.774315e+00 dt=6.534013e-05
elapsed=1.380960e+03 cycle=136400 time=8.780834e+00 dt=6.359666e-05
elapsed=1.383566e+03 cycle=136500 time=8.786883e+00 dt=5.891608e-05
elapsed=1.386177e+03 cycle=136600 time=8.793325e+00 dt=6.529590e-05
elapsed=1.388785e+03 cycle=136700 time=8.799501e+00 dt=5.780180e-05
elapsed=1.391396e+03 cycle=136800 time=8.805336e+00 dt=6.217046e-05
elapsed=1.393919e+03 cycle=136900 time=8.811497e+00 dt=6.089144e-05
elapsed=1.396463e+03 cycle=137000 time=8.817504e+00 dt=5.904504e-05
elapsed=1.399117e+03 cycle=137100 time=8.823359e+00 dt=5.824604e-05
elapsed=1.401693e+03 cycle=137200 time=8.829000e+00 dt=5.510218e-05
elapsed=1.404259e+03 cycle=137300 time=8.834527e+00 dt=5.604227e-05
elapsed=1.406835e+03 cycle=137400 time=8.840196e+00 dt=5.766058e-05
elapsed=1.409420e+03 cycle=137500 time=8.845780e+00 dt=5.207065e-05
elapsed=1.412013e+03 cycle=137600 time=8.851176e+00 dt=5.549080e-05
elapsed=1.414603e+03 cycle=137700 time=8.856872e+00 dt=5.659739e-05
elapsed=1.417130e+03 cycle=137800 time=8.862684e+00 dt=5.879073e-05
elapsed=1.419730e+03 cycle=137900 time=8.868782e+00 dt=5.865755e-05
elapsed=1.422349e+03 cycle=138000 time=8.874247e+00 dt=5.174290e-05
elapsed=1.424924e+03 cycle=138100 time=8.880071e+00 dt=6.543584e-05
elapsed=1.427498e+03 cycle=138200 time=8.886393e+00 dt=6.141379e-05
elapsed=1.430074e+03 cycle=138300 time=8.892488e+00 dt=6.075784e-05
elapsed=1.432678e+03 cycle=138400 time=8.898541e+00 dt=6.008922e-05
elapsed=1.435254e+03 cycle=138500 time=8.904506e+00 dt=5.930681e-05
elapsed=1.437789e+03 cycle=138600 time=8.910477e+00 dt=6.058505e-05
elapsed=1.440309e+03 cycle=138700 time=8.916659e+00 dt=6.289947e-05
elapsed=1.442808e+03 cycle=138800 time=8.922936e+00 dt=6.053618e-05
elapsed=1.445330e+03 cycle=138900 time=8.928954e+00 dt=6.016937e-05
elapsed=1.447749e+03 cycle=139000 time=8.934890e+00 dt=5.807880e-05
elapsed=1.450243e+03 cycle=139100 time=8.940538e+00 dt=5.465949e-05
elapsed=1.452673e+03 cycle=139200 time=8.945933e+00 dt=5.421828e-05
elapsed=1.455138e+03 cycle=139300 time=8.951389e+00 dt=5.390751e-05
elapsed=1.458300e+03 cycle=139400 time=8.956772e+00 dt=5.368217e-05
elapsed=1.461463e+03 cycle=139500 time=8.961967e+00 dt=5.110986e-05
elapsed=1.464593e+03 cycle=139600 time=8.967065e+00 dt=5.181472e-05
elapsed=1.467024e+03 cycle=139700 time=8.972491e+00 dt=5.671123e-05
elapsed=1.469442e+03 cycle=139800 time=8.978683e+00 dt=7.079054e-05
elapsed=1.471864e+03 cycle=139900 time=8.985733e+00 dt=7.109339e-05
elapsed=1.474278e+03 cycle=140000 time=8.992812e+00 dt=7.031481e-05
elapsed=1.476660e+03 cycle=140100 time=8.999870e+00 dt=7.046367e-05
elapsed=1.479024e+03 cycle=140200 time=9.006791e+00 dt=6.807996e-05
elapsed=1.481361e+03 cycle=140300 time=9.013518e+00 dt=6.631277e-05
elapsed=1.483680e+03 cycle=140400 time=9.020023e+00 dt=6.395591e-05
elapsed=1.485958e+03 cycle=140500 time=9.026315e+00 dt=6.193088e-05
elapsed=1.488203e+03 cycle=140600 time=9.032404e+00 dt=5.926390e-05
elapsed=1.490513e+03 cycle=140700 time=9.038159e+00 dt=5.558131e-05
elapsed=1.492685e+03 cycle=140800 time=9.043694e+00 dt=5.387241e-05
elapsed=1.494827e+03 cycle=140900 time=9.049338e+00 dt=6.255488e-05
elapsed=1.496954e+03 cycle=141000 time=9.055480e+00 dt=6.020683e-05
elapsed=1.499094e+03 cycle=141100 time=9.061726e+00 dt=6.378593e-05
elapsed=1.501823e+03 cycle=141200 time=9.067848e+00 dt=6.054986e-05
elapsed=1.504511e+03 cycle=141300 time=9.074511e+00 dt=6.662166e-05
elapsed=1.507171e+03 cycle=141400 time=9.081096e+00 dt=6.564262e-05
elapsed=1.509503e+03 cycle=141500 time=9.087655e+00 dt=6.513117e-05
elapsed=1.511493e+03 cycle=141600 time=9.094085e+00 dt=6.362433e-05
elapsed=1.513475e+03 cycle=141700 time=9.100510e+00 dt=6.498604e-05
elapsed=1.515450e+03 cycle=141800 time=9.106995e+00 dt=6.447347e-05
elapsed=1.517430e+03 cycle=141900 time=9.113378e+00 dt=6.331203e-05
elapsed=1.519408e+03 cycle=142000 time=9.119523e+00 dt=6.040110e-05
elapsed=1.521389e+03 cycle=142100 time=9.125593e+00 dt=6.068019e-05
elapsed=1.523370e+03 cycle=142200 time=9.131634e+00 dt=6.121206e-05
elapsed=1.525331e+03 cycle=142300 time=9.138347e+00 dt=7.063975e-05
elapsed=1.527267e+03 cycle=142400 time=9.145320e+00 dt=6.816394e-05
elapsed=1.529179e+03 cycle=142500 time=9.152080e+00 dt=6.658552e-05
elapsed=1.531059e+03 cycle=142600 time=9.158614e+00 dt=6.400941e-05
elapsed=1.532934e+03 cycle=142700 time=9.165164e+00 dt=6.414804e-05
elapsed=1.534807e+03 cycle=142800 time=9.171526e+00 dt=6.283457e-05
elapsed=1.536674e+03 cycle=142900 time=9.178020e+00 dt=6.900600e-05
elapsed=1.539089e+03 cycle=143000 time=9.184761e+00 dt=6.938624e-05
elapsed=1.541529e+03 cycle=143100 time=9.191756e+00 dt=7.067602e-05
elapsed=1.543957e+03 cycle=143200 time=9.198737e+00 dt=6.796370e-05
elapsed=1.546134e+03 cycle=143300 time=9.205394e+00 dt=6.624018e-05
elapsed=1.547998e+03 cycle=143400 time=9.212126e+00 dt=6.811551e-05
elapsed=1.549855e+03 cycle=143500 time=9.218848e+00 dt=6.636683e-05
elapsed=1.551713e+03 cycle=143600 time=9.225410e+00 dt=6.497585e-05
elapsed=1.553570e+03 cycle=143700 time=9.232111e+00 dt=6.661489e-05
elapsed=1.555418e+03 cycle=143800 time=9.238608e+00 dt=6.553694e-05
elapsed=1.557268e+03 cycle=143900 time=9.245178e+00 dt=7.036247e-05
elapsed=1.559114e+03 cycle=144000 time=9.252311e+00 dt=7.135095e-05
elapsed=1.560956e+03 cycle=144100 time=9.259333e+00 dt=6.942975e-05
elapsed=1.562802e+03 cycle=144200 time=9.266112e+00 dt=6.403951e-05
elapsed=1.564644e+03 cycle=144300 time=9.272263e+00 dt=5.964941e-05
elapsed=1.566477e+03 cycle=144400 time=9.278184e+00 dt=6.020172e-05
elapsed=1.568310e+03 cycle=144500 time=9.284504e+00 dt=6.616938e-05
elapsed=1.570140e+03 cycle=144600 time=9.291042e+00 dt=6.399437e-05
elapsed=1.571956e+03 cycle=144700 time=9.297585e+00 dt=6.583234e-05
elapsed=1.573775e+03 cycle=144800 time=9.304139e+00 dt=6.543706e-05
elapsed=1.575917e+03 cycle=144900 time=9.310647e+00 dt=6.512148e-05
elapsed=1.578272e+03 cycle=145000 time=9.317147e+00 dt=6.495914e-05
elapsed=1.580626e+03 cycle=145100 time=9.323590e+00 dt=6.365738e-05
elapsed=1.582961e+03 cycle=145200 time=9.329865e+00 dt=6.189425e-05
elapsed=1.584778e+03 cycle=145300 time=9.336198e+00 dt=6.346264e-05
elapsed=1.586570e+03 cycle=145400 time=9.342275e+00 dt=5.846209e-05
elapsed=1.588356e+03 cycle=145500 time=9.347962e+00 dt=5.501605e-05
elapsed=1.590145e+03 cycle=145600 time=9.353331e+00 dt=5.319016e-05
elapsed=1.591929e+03 cycle=145700 time=9.358818e+00 dt=6.125158e-05
elapsed=1.593778e+03 cycle=145800 time=9.365498e+00 dt=6.652977e-05
elapsed=1.595636e+03 cycle=145900 time=9.371946e+00 dt=6.193961e-05
elapsed=1.597485e+03 cycle=146000 time=9.378010e+00 dt=6.194181e-05
elapsed=1.599339e+03 cycle=146100 time=9.384254e+00 dt=6.144976e-05
elapsed=1.601191e+03 cycle=146200 time=9.390256e+00 dt=5.910951e-05
elapsed=1.603038e+03 cycle=146300 time=9.396050e+00 dt=5.639687e-05
elapsed=1.604891e+03 cycle=146400 time=9.401577e+00 dt=5.444143e-05
elapsed=1.606737e+03 cycle=146500 time=9.407027e+00 dt=5.506810e-05
elapsed=1.608587e+03 cycle=146600 time=9.412613e+00 dt=5.758821e-05
elapsed=1.610427e+03 cycle=146700 time=9.418607e+00 dt=6.245198e-05
elapsed=1.612270e+03 cycle=146800 time=9.425173e+00 dt=7.029237e-05
elapsed=1.614171e+03 cycle=146900 time=9.432628e+00 dt=7.571774e-05
elapsed=1.616026e+03 cycle=147000 time=9.440280e+00 dt=7.771823e-05
elapsed=1.617898e+03 cycle=147100 time=9.448003e+00 dt=7.676454e-05
elapsed=1.619790e+03 cycle=147200 time=9.455663e+00 dt=7.589822e-05
elapsed=1.621622e+03 cycle=147300 time=9.463145e+00 dt=7.452756e-05
elapsed=1.623449e+03 cycle=147400 time=9.470588e+00 dt=7.471726e-05
elapsed=1.625268e+03 cycle=147500 time=9.478213e+00 dt=7.774541e-05
elapsed=1.627431e+03 cycle=147600 time=9.486002e+00 dt=7.765572e-05
elapsed=1.629470e+03 cycle=147700 time=9.493701e+00 dt=7.596952e-05
elapsed=1.631064e+03 cycle=147800 time=9.501264e+00 dt=7.561898e-05
elapsed=1.632197e+03 cycle=147900 time=9.508753e+00 dt=7.474118e-05
elapsed=1.633064e+03 cycle=148000 time=9.516296e+00 dt=7.677589e-05
elapsed=1.633920e+03 cycle=148100 time=9.524071e+00 dt=7.610030e-05
elapsed=1.634781e+03 cycle=148200 time=9.531337e+00 dt=7.073253e-05
elapsed=1.635598e+03 cycle=148300 time=9.538972e+00 dt=7.894336e-05
elapsed=1.636270e+03 cycle=148400 time=9.546851e+00 dt=7.689068e-05
elapsed=1.636944e+03 cycle=148500 time=9.554300e+00 dt=7.600501e-05
elapsed=1.637619e+03 cycle=148600 time=9.562020e+00 dt=7.602433e-05
elapsed=1.638286e+03 cycle=148700 time=9.569281e+00 dt=6.876199e-05
elapsed=1.638958e+03 cycle=148800 time=9.576551e+00 dt=7.485100e-05
elapsed=1.639629e+03 cycle=148900 time=9.583959e+00 dt=7.375352e-05
elapsed=1.640303e+03 cycle=149000 time=9.591094e+00 dt=6.526643e-05
elapsed=1.640975e+03 cycle=149100 time=9.597506e+00 dt=7.087330e-05
elapsed=1.641649e+03 cycle=149200 time=9.604979e+00 dt=7.538258e-05
elapsed=1.642324e+03 cycle=149300 time=9.612525e+00 dt=7.550628e-05
elapsed=1.642996e+03 cycle=149400 time=9.619989e+00 dt=7.231764e-05
elapsed=1.643670e+03 cycle=149500 time=9.626897e+00 dt=6.581447e-05
elapsed=1.644339e+03 cycle=149600 time=9.633268e+00 dt=6.174128e-05
elapsed=1.645002e+03 cycle=149700 time=9.639389e+00 dt=6.060323e-05
elapsed=1.645670e+03 cycle=149800 time=9.645468e+00 dt=6.174390e-05
elapsed=1.646340e+03 cycle=149900 time=9.651918e+00 dt=6.651042e-05
elapsed=1.647008e+03 cycle=150000 time=9.658672e+00 dt=6.880565e-05
elapsed=1.647676e+03 cycle=150100 time=9.665720e+00 dt=7.354217e-05
elapsed=1.648342e+03 cycle=150200 time=9.673032e+00 dt=7.112406e-05
elapsed=1.649003e+03 cycle=150300 time=9.679925e+00 dt=6.675479e-05
elapsed=1.649669e+03 cycle=150400 time=9.686392e+00 dt=6.356501e-05
elapsed=1.650337e+03 cycle=150500 time=9.692665e+00 dt=5.992828e-05
elapsed=1.651004e+03 cycle=150600 time=9.698435e+00 dt=5.748706e-05
elapsed=1.651679e+03 cycle=150700 time=9.704290e+00 dt=5.729761e-05
elapsed=1.652349e+03 cycle=150800 time=9.709718e+00 dt=5.159577e-05
elapsed=1.653026e+03 cycle=150900 time=9.714781e+00 dt=5.040822e-05
elapsed=1.653700e+03 cycle=151000 time=9.719889e+00 dt=5.238807e-05
elapsed=1.654376e+03 cycle=151100 time=9.725932e+00 dt=6.735020e-05
elapsed=1.655049e+03 cycle=151200 time=9.732757e+00 dt=6.942029e-05
elapsed=1.655717e+03 cycle=151300 time=9.739670e+00 dt=6.939145e-05
elapsed=1.656393e+03 cycle=151400 time=9.746799e+00 dt=7.144837e-05
elapsed=1.657066e+03 cycle=151500 time=9.753773e+00 dt=6.638387e-05
elapsed=1.657737e+03 cycle=151600 time=9.760110e+00 dt=6.302604e-05
elapsed=1.658401e+03 cycle=151700 time=9.767087e+00 dt=7.184831e-05
elapsed=1.659069e+03 cycle=151800 time=9.773993e+00 dt=6.703196e-05
elapsed=1.659740e+03 cycle=151900 time=9.780814e+00 dt=7.017098e-05
elapsed=1.660407e+03 cycle=152000 time=9.787960e+00 dt=7.137957e-05
elapsed=1.661081e+03 cycle=152100 time=9.795068e+00 dt=7.012746e-05
elapsed=1.661755e+03 cycle=152200 time=9.802104e+00 dt=7.016673e-05
elapsed=1.662429e+03 cycle=152300 time=9.808992e+00 dt=6.757996e-05
elapsed=1.663107e+03 cycle=152400 time=9.815691e+00 dt=6.693103e-05
elapsed=1.663784e+03 cycle=152500 time=9.822335e+00 dt=6.619047e-05
elapsed=1.664455e+03 cycle=152600 time=9.829015e+00 dt=6.813636e-05
elapsed=1.665129e+03 cycle=152700 time=9.835821e+00 dt=6.792529e-05
elapsed=1.665801e+03 cycle=152800 time=9.842601e+00 dt=6.757033e-05
elapsed=1.666461e+03 cycle=152900 time=9.849382e+00 dt=6.789804e-05
elapsed=1.667121e+03 cycle=153000 time=9.856126e+00 dt=6.664908e-05
elapsed=1.667775e+03 cycle=153100 time=9.862802e+00 dt=6.642236e-05
elapsed=1.668416e+03 cycle=153200 time=9.869413e+00 dt=6.573641e-05
elapsed=1.669054e+03 cycle=153300 time=9.875796e+00 dt=6.182155e-05
elapsed=1.669691e+03 cycle=153400 time=9.881752e+00 dt=5.763398e-05
elapsed=1.670327e+03 cycle=153500 time=9.887696e+00 dt=6.211914e-05
elapsed=1.670974e+03 cycle=153600 time=9.893730e+00 dt=5.971371e-05
elapsed=1.671621e+03 cycle=153700 time=9.899796e+00 dt=6.248736e-05
elapsed=1.672276e+03 cycle=153800 time=9.905885e+00 dt=5.783978e-05
elapsed=1.672967e+03 cycle=153900 time=9.911809e+00 dt=6.311490e-05
elapsed=1.673668e+03 cycle=154000 time=9.918202e+00 dt=6.624248e-05
elapsed=1.674335e+03 cycle=154100 time=9.924653e+00 dt=6.444964e-05
elapsed=1.675006e+03 cycle=154200 time=9.931197e+00 dt=6.530477e-05
elapsed=1.675675e+03 cycle=154300 time=9.937607e+00 dt=6.318211e-05
elapsed=1.676351e+03 cycle=154400 time=9.943839e+00 dt=6.142585e-05
elapsed=1.677025e+03 cycle=154500 time=9.949905e+00 dt=6.009573e-05
elapsed=1.677705e+03 cycle=154600 time=9.955860e+00 dt=5.910390e-05
elapsed=1.678386e+03 cycle=154700 time=9.961751e+00 dt=5.871894e-05
elapsed=1.679061e+03 cycle=154800 time=9.967548e+00 dt=5.668984e-05
elapsed=1.679744e+03 cycle=154900 time=9.973325e+00 dt=5.999985e-05
elapsed=1.680426e+03 cycle=155000 time=9.979392e+00 dt=6.015220e-05
elapsed=1.681116e+03 cycle=155100 time=9.985321e+00 dt=5.851024e-05
elapsed=1.681834e+03 cycle=155200 time=9.991097e+00 dt=5.700775e-05
elapsed=1.682568e+03 cycle=155300 time=9.996719e+00 dt=5.540381e-05

Terminating on time limit
time=1.000000e+01 cycle=155360
tlim=1.000000e+01 nlim=-1

MeshBlock-cycles = 4971520
cpu time used  = 1.682970e+03
zone-cycles/cpu_second = 1.209965e+07
particle-updates/cpu_second = 0.000000e+00
