The system is: Linux - 6.6.87.2-microsoft-standard-WSL2 - x86_64
Compiling the C compiler identification source file "CMakeCCompilerId.c" succeeded.
Compiler: /home/dipay/micromamba/envs/gpuenv/bin/x86_64-conda-linux-gnu-cc 
Build flags: -march=nocona;-mtune=haswell;-ftree-vectorize;-fPIC;-fstack-protector-strong;-fno-plt;-O2;-ffunction-sections;-pipe;-isystem;/home/dipay/micromamba/envs/gpuenv/include;;-I/home/dipay/micromamba/envs/gpuenv/targets/x86_64-linux/include
Id flags:  

The output was:
0


Compilation of the C compiler identification source "CMakeCCompilerId.c" produced "a.out"

The C compiler identification is GNU, found in "/home/dipay/SubgridCGMModel/AthenaK_legacy/laptop_build_sg/CMakeFiles/3.16.3/CompilerIdC/a.out"

Compiling the CXX compiler identification source file "CMakeCXXCompilerId.cpp" succeeded.
Compiler: /home/dipay/micromamba/envs/gpuenv/bin/x86_64-conda-linux-gnu-c++ 
Build flags: -fvisibility-inlines-hidden;-fmessage-length=0;-march=nocona;-mtune=haswell;-ftree-vectorize;-fPIC;-fstack-protector-strong;-fno-plt;-O2;-ffunction-sections;-pipe;-isystem;/home/dipay/micromamba/envs/gpuenv/include;;-I/home/dipay/micromamba/envs/gpuenv/targets/x86_64-linux/include
Id flags:  

The output was:
0


Compilation of the CXX compiler identification source "CMakeCXXCompilerId.cpp" produced "a.out"

The CXX compiler identification is GNU, found in "/home/dipay/SubgridCGMModel/AthenaK_legacy/laptop_build_sg/CMakeFiles/3.16.3/CompilerIdCXX/a.out"

Determining if the C compiler works passed with the following output:
Change Dir: /home/dipay/SubgridCGMModel/AthenaK_legacy/laptop_build_sg/CMakeFiles/CMakeTmp

Run Build Command(s):/usr/bin/make cmTC_7d956/fast && /usr/bin/make -f CMakeFiles/cmTC_7d956.dir/build.make CMakeFiles/cmTC_7d956.dir/build
make[1]: Entering directory '/home/dipay/SubgridCGMModel/AthenaK_legacy/laptop_build_sg/CMakeFiles/CMakeTmp'
Building C object CMakeFiles/cmTC_7d956.dir/testCCompiler.c.o
/home/dipay/micromamba/envs/gpuenv/bin/x86_64-conda-linux-gnu-cc   -march=nocona -mtune=haswell -ftree-vectorize -fPIC -fstack-protector-strong -fno-plt -O2 -ffunction-sections -pipe -isystem /home/dipay/micromamba/envs/gpuenv/include  -I/home/dipay/micromamba/envs/gpuenv/targets/x86_64-linux/include    -o CMakeFiles/cmTC_7d956.dir/testCCompiler.c.o   -c /home/dipay/SubgridCGMModel/AthenaK_legacy/laptop_build_sg/CMakeFiles/CMakeTmp/testCCompiler.c
Linking C executable cmTC_7d956
/usr/bin/cmake -E cmake_link_script CMakeFiles/cmTC_7d956.dir/link.txt --verbose=1
/home/dipay/micromamba/envs/gpuenv/bin/x86_64-conda-linux-gnu-cc -march=nocona -mtune=haswell -ftree-vectorize -fPIC -fstack-protector-strong -fno-plt -O2 -ffunction-sections -pipe -isystem /home/dipay/micromamba/envs/gpuenv/include  -I/home/dipay/micromamba/envs/gpuenv/targets/x86_64-linux/include   -Wl,-O2 -Wl,--sort-common -Wl,--as-needed -Wl,-z,relro -Wl,-z,now -Wl,--disable-new-dtags -Wl,--gc-sections -Wl,--allow-shlib-undefined -Wl,-rpath,/home/dipay/micromamba/envs/gpuenv/lib -Wl,-rpath-link,/home/dipay/micromamba/envs/gpuenv/lib -L/home/dipay/micromamba/envs/gpuenv/lib  -L/home/dipay/micromamba/envs/gpuenv/targets/x86_64-linux/lib -L/home/dipay/micromamba/envs/gpuenv/targets/x86_64-linux/lib/stubs  CMakeFiles/cmTC_7d956.dir/testCCompiler.c.o  -o cmTC_7d956 
make[1]: Leaving directory '/home/dipay/SubgridCGMModel/AthenaK_legacy/laptop_build_sg/CMakeFiles/CMakeTmp'



Detecting C compiler ABI info compiled with the following output:
Change Dir: /home/dipay/SubgridCGMModel/AthenaK_legacy/laptop_build_sg/CMakeFiles/CMakeTmp

Run Build Command(s):/usr/bin/make cmTC_2b24f/fast && /usr/bin/make -f CMakeFiles/cmTC_2b24f.dir/build.make CMakeFiles/cmTC_2b24f.dir/build
make[1]: Entering directory '/home/dipay/SubgridCGMModel/AthenaK_legacy/laptop_build_sg/CMakeFiles/CMakeTmp'
Building C object CMakeFiles/cmTC_2b24f.dir/CMakeCCompilerABI.c.o
/home/dipay/micromamba/envs/gpuenv/bin/x86_64-conda-linux-gnu-cc   -march=nocona -mtune=haswell -ftree-vectorize -fPIC -fstack-protector-strong -fno-plt -O2 -ffunction-sections -pipe -isystem /home/dipay/micromamba/envs/gpuenv/include  -I/home/dipay/micromamba/envs/gpuenv/targets/x86_64-linux/include    -v -o CMakeFiles/cmTC_2b24f.dir/CMakeCCompilerABI.c.o   -c /usr/share/cmake-3.16/Modules/CMakeCCompilerABI.c
Reading specs from /home/dipay/micromamba/envs/gpuenv/bin/../lib/gcc/x86_64-conda-linux-gnu/13.4.0/specs
could not find specs file conda.specs
COLLECT_GCC=/home/dipay/micromamba/envs/gpuenv/bin/x86_64-conda-linux-gnu-cc
Target: x86_64-conda-linux-gnu
Configured with: ../configure --prefix=/home/conda/feedstock_root/build_artifacts/gcc_compilers_1771374227605/_h_env_placehold_placehold_placehold_placehold_placehold_placehold_placehold_placehold_placehold_placehold_placehold_placehold_placehold_placehold_placehold_placehold_placehold_placeho --with-slibdir=/home/conda/feedstock_root/build_artifacts/gcc_compilers_1771374227605/_h_env_placehold_placehold_placehold_placehold_placehold_placehold_placehold_placehold_placehold_placehold_placehold_placehold_placehold_placehold_placehold_placehold_placehold_placeho/lib --libdir=/home/conda/feedstock_root/build_artifacts/gcc_compilers_1771374227605/_h_env_placehold_placehold_placehold_placehold_placehold_placehold_placehold_placehold_placehold_placehold_placehold_placehold_placehold_placehold_placehold_placehold_placehold_placeho/lib --mandir=/home/conda/feedstock_root/build_artifacts/gcc_compilers_1771374227605/_h_env_placehold_placehold_placehold_placehold_placehold_placehold_placehold_placehold_placehold_placehold_placehold_placehold_placehold_placehold_placehold_placehold_placehold_placeho/share/man --build=x86_64-conda-linux-gnu --host=x86_64-conda-linux-gnu --target=x86_64-conda-linux-gnu --enable-languages=c,c++,fortran,objc,obj-c++ --enable-libgomp --disable-libssp --enable-libquadmath --enable-libquadmath-support --disable-nls --disable-bootstrap --disable-multilib --enable-long-long --without-zstd --with-native-system-header-dir=/usr/include --with-gxx-include-dir=/home/conda/feedstock_root/build_artifacts/gcc_compilers_1771374227605/_h_env_placehold_placehold_placehold_placehold_placehold_placehold_placehold_placehold_placehold_placehold_placehold_placehold_placehold_placehold_placehold_placehold_placehold_placeho/lib/gcc/x86_64-conda-linux-gnu/13.4.0/include/c++ --with-gxx-libcxx-include-dir=/home/conda/feedstock_root/build_artifacts/gcc_compilers_1771374227605/_h_env_placehold_placehold_placehold_placehold_placehold_placehold_placehold_placehold_placehold_placehold_placehold_placehold_placehold_placehold_placehold_placehold_placehold_placeho/lib/gcc/x86_64-conda-linux-gnu/13.4.0/../../../../include/c++/v1 --with-pkgversion='conda-forge gcc 13.4.0-18' --with-bugurl=https://github.com/conda-forge/ctng-compilers-feedstock/issues/new/choose --enable-libsanitizer --enable-default-pie --enable-threads=posix --enable-__cxa_atexit --with-sysroot=/home/conda/feedstock_root/build_artifacts/gcc_compilers_1771374227605/_h_env_placehold_placehold_placehold_placehold_placehold_placehold_placehold_placehold_placehold_placehold_placehold_placehold_placehold_placehold_placehold_placehold_placehold_placeho/x86_64-conda-linux-gnu/sysroot --with-build-sysroot=/home/conda/feedstock_root/build_artifacts/gcc_compilers_1771374227605/_build_env/x86_64-conda-linux-gnu/sysroot --enable-plugin --enable-lto
Thread model: posix
Supported LTO compression algorithms: zlib
gcc version 13.4.0 (conda-forge gcc 13.4.0-18) 
COLLECT_GCC_OPTIONS='-march=nocona' '-mtune=haswell' '-ftree-vectorize' '-fPIC' '-fstack-protector-strong' '-fno-plt' '-O2' '-ffunction-sections' '-pipe' '-isystem' '/home/dipay/micromamba/envs/gpuenv/include' '-I' '/home/dipay/micromamba/envs/gpuenv/targets/x86_64-linux/include' '-v' '-o' 'CMakeFiles/cmTC_2b24f.dir/CMakeCCompilerABI.c.o' '-c' '-dumpdir' 'CMakeFiles/cmTC_2b24f.dir/'
 /home/dipay/micromamba/envs/gpuenv/bin/../libexec/gcc/x86_64-conda-linux-gnu/13.4.0/cc1 -quiet -v -I /home/dipay/micromamba/envs/gpuenv/targets/x86_64-linux/include -iprefix /home/dipay/micromamba/envs/gpuenv/bin/../lib/gcc/x86_64-conda-linux-gnu/13.4.0/ -isysroot /home/dipay/micromamba/envs/gpuenv/bin/../x86_64-conda-linux-gnu/sysroot -isystem /home/dipay/micromamba/envs/gpuenv/include /usr/share/cmake-3.16/Modules/CMakeCCompilerABI.c -quiet -dumpdir CMakeFiles/cmTC_2b24f.dir/ -dumpbase CMakeCCompilerABI.c.c -dumpbase-ext .c -march=nocona -mtune=haswell -O2 -version -ftree-vectorize -fPIC -fstack-protector-strong -fno-plt -ffunction-sections -o - |
 /home/dipay/micromamba/envs/gpuenv/bin/../lib/gcc/x86_64-conda-linux-gnu/13.4.0/../../../../x86_64-conda-linux-gnu/bin/as -v -I /home/dipay/micromamba/envs/gpuenv/targets/x86_64-linux/include --64 -o CMakeFiles/cmTC_2b24f.dir/CMakeCCompilerABI.c.o
GNU assembler version 2.45.1 (x86_64-conda-linux-gnu) using BFD version (GNU Binutils) 2.45.1
GNU C17 (conda-forge gcc 13.4.0-18) version 13.4.0 (x86_64-conda-linux-gnu)
	compiled by GNU C version 15.2.0, GMP version 6.2.1, MPFR version 4.1.0, MPC version 1.2.1, isl version isl-0.24-GMP

GGC heuristics: --param ggc-min-expand=100 --param ggc-min-heapsize=131072
ignoring nonexistent directory "/home/dipay/micromamba/envs/gpuenv/bin/../lib/gcc/x86_64-conda-linux-gnu/13.4.0/../../../../x86_64-conda-linux-gnu/include"
ignoring duplicate directory "/home/dipay/micromamba/envs/gpuenv/bin/../lib/gcc/../../lib/gcc/x86_64-conda-linux-gnu/13.4.0/include"
ignoring nonexistent directory "/home/dipay/micromamba/envs/gpuenv/bin/../x86_64-conda-linux-gnu/sysroot/usr/local/include"
ignoring duplicate directory "/home/dipay/micromamba/envs/gpuenv/bin/../lib/gcc/../../lib/gcc/x86_64-conda-linux-gnu/13.4.0/include-fixed"
ignoring nonexistent directory "/home/dipay/micromamba/envs/gpuenv/bin/../lib/gcc/../../lib/gcc/x86_64-conda-linux-gnu/13.4.0/../../../../x86_64-conda-linux-gnu/include"
#include "..." search starts here:
#include <...> search starts here:
 /home/dipay/micromamba/envs/gpuenv/targets/x86_64-linux/include
 /home/dipay/micromamba/envs/gpuenv/include
 /home/dipay/micromamba/envs/gpuenv/bin/../lib/gcc/x86_64-conda-linux-gnu/13.4.0/include
 /home/dipay/micromamba/envs/gpuenv/bin/../lib/gcc/x86_64-conda-linux-gnu/13.4.0/include-fixed
 /home/dipay/micromamba/envs/gpuenv/bin/../x86_64-conda-linux-gnu/sysroot/usr/include
End of search list.
Compiler executable checksum: 439172593e2ddfd237b1392936d4a5af
COMPILER_PATH=/home/dipay/micromamba/envs/gpuenv/bin/../libexec/gcc/x86_64-conda-linux-gnu/13.4.0/:/home/dipay/micromamba/envs/gpuenv/bin/../libexec/gcc/:/home/dipay/micromamba/envs/gpuenv/bin/../lib/gcc/x86_64-conda-linux-gnu/13.4.0/../../../../x86_64-conda-linux-gnu/bin/
LIBRARY_PATH=/home/dipay/micromamba/envs/gpuenv/bin/../lib/gcc/x86_64-conda-linux-gnu/13.4.0/:/home/dipay/micromamba/envs/gpuenv/bin/../lib/gcc/:/home/dipay/micromamba/envs/gpuenv/bin/../lib/gcc/x86_64-conda-linux-gnu/13.4.0/../../../../x86_64-conda-linux-gnu/lib/../lib/:/home/dipay/micromamba/envs/gpuenv/bin/../lib/gcc/x86_64-conda-linux-gnu/13.4.0/../../../../lib/:/home/dipay/micromamba/envs/gpuenv/bin/../x86_64-conda-linux-gnu/sysroot/lib/../lib/:/home/dipay/micromamba/envs/gpuenv/bin/../x86_64-conda-linux-gnu/sysroot/usr/lib/../lib/:/home/dipay/micromamba/envs/gpuenv/bin/../lib/gcc/x86_64-conda-linux-gnu/13.4.0/../../../../x86_64-conda-linux-gnu/lib/:/home/dipay/micromamba/envs/gpuenv/bin/../lib/gcc/x86_64-conda-linux-gnu/13.4.0/../../../:/home/dipay/micromamba/envs/gpuenv/bin/../x86_64-conda-linux-gnu/sysroot/lib/:/home/dipay/micromamba/envs/gpuenv/bin/../x86_64-conda-linux-gnu/sysroot/usr/lib/
COLLECT_GCC_OPTIONS='-march=nocona' '-mtune=haswell' '-ftree-vectorize' '-fPIC' '-fstack-protector-strong' '-fno-plt' '-O2' '-ffunction-sections' '-pipe' '-isystem' '/home/dipay/micromamba/envs/gpuenv/include' '-I' '/home/dipay/micromamba/envs/gpuenv/targets/x86_64-linux/include' '-v' '-o' 'CMakeFiles/cmTC_2b24f.dir/CMakeCCompilerABI.c.o' '-c' '-dumpdir' 'CMakeFiles/cmTC_2b24f.dir/CMakeCCompilerABI.c.'
Linking C executable cmTC_2b24f
/usr/bin/cmake -E cmake_link_script CMakeFiles/cmTC_2b24f.dir/link.txt --verbose=1
/home/dipay/micromamba/envs/gpuenv/bin/x86_64-conda-linux-gnu-cc -march=nocona -mtune=haswell -ftree-vectorize -fPIC -fstack-protector-strong -fno-plt -O2 -ffunction-sections -pipe -isystem /home/dipay/micromamba/envs/gpuenv/include  -I/home/dipay/micromamba/envs/gpuenv/targets/x86_64-linux/include   -Wl,-O2 -Wl,--sort-common -Wl,--as-needed -Wl,-z,relro -Wl,-z,now -Wl,--disable-new-dtags -Wl,--gc-sections -Wl,--allow-shlib-undefined -Wl,-rpath,/home/dipay/micromamba/envs/gpuenv/lib -Wl,-rpath-link,/home/dipay/micromamba/envs/gpuenv/lib -L/home/dipay/micromamba/envs/gpuenv/lib  -L/home/dipay/micromamba/envs/gpuenv/targets/x86_64-linux/lib -L/home/dipay/micromamba/envs/gpuenv/targets/x86_64-linux/lib/stubs -v CMakeFiles/cmTC_2b24f.dir/CMakeCCompilerABI.c.o  -o cmTC_2b24f 
Reading specs from /home/dipay/micromamba/envs/gpuenv/bin/../lib/gcc/x86_64-conda-linux-gnu/13.4.0/specs
could not find specs file conda.specs
COLLECT_GCC=/home/dipay/micromamba/envs/gpuenv/bin/x86_64-conda-linux-gnu-cc
COLLECT_LTO_WRAPPER=/home/dipay/micromamba/envs/gpuenv/bin/../libexec/gcc/x86_64-conda-linux-gnu/13.4.0/lto-wrapper
Target: x86_64-conda-linux-gnu
Configured with: ../configure --prefix=/home/conda/feedstock_root/build_artifacts/gcc_compilers_1771374227605/_h_env_placehold_placehold_placehold_placehold_placehold_placehold_placehold_placehold_placehold_placehold_placehold_placehold_placehold_placehold_placehold_placehold_placehold_placeho --with-slibdir=/home/conda/feedstock_root/build_artifacts/gcc_compilers_1771374227605/_h_env_placehold_placehold_placehold_placehold_placehold_placehold_placehold_placehold_placehold_placehold_placehold_placehold_placehold_placehold_placehold_placehold_placehold_placeho/lib --libdir=/home/conda/feedstock_root/build_artifacts/gcc_compilers_1771374227605/_h_env_placehold_placehold_placehold_placehold_placehold_placehold_placehold_placehold_placehold_placehold_placehold_placehold_placehold_placehold_placehold_placehold_placehold_placeho/lib --mandir=/home/conda/feedstock_root/build_artifacts/gcc_compilers_1771374227605/_h_env_placehold_placehold_placehold_placehold_placehold_placehold_placehold_placehold_placehold_placehold_placehold_placehold_placehold_placehold_placehold_placehold_placehold_placeho/share/man --build=x86_64-conda-linux-gnu --host=x86_64-conda-linux-gnu --target=x86_64-conda-linux-gnu --enable-languages=c,c++,fortran,objc,obj-c++ --enable-libgomp --disable-libssp --enable-libquadmath --enable-libquadmath-support --disable-nls --disable-bootstrap --disable-multilib --enable-long-long --without-zstd --with-native-system-header-dir=/usr/include --with-gxx-include-dir=/home/conda/feedstock_root/build_artifacts/gcc_compilers_1771374227605/_h_env_placehold_placehold_placehold_placehold_placehold_placehold_placehold_placehold_placehold_placehold_placehold_placehold_placehold_placehold_placehold_placehold_placehold_placeho/lib/gcc/x86_64-conda-linux-gnu/13.4.0/include/c++ --with-gxx-libcxx-include-dir=/home/conda/feedstock_root/build_artifacts/gcc_compilers_1771374227605/_h_env_placehold_placehold_placehold_placehold_placehold_placehold_placehold_placehold_placehold_placehold_placehold_placehold_placehold_placehold_placehold_placehold_placehold_placeho/lib/gcc/x86_64-conda-linux-gnu/13.4.0/../../../../include/c++/v1 --with-pkgversion='conda-forge gcc 13.4.0-18' --with-bugurl=https://github.com/conda-forge/ctng-compilers-feedstock/issues/new/choose --enable-libsanitizer --enable-default-pie --enable-threads=posix --enable-__cxa_atexit --with-sysroot=/home/conda/feedstock_root/build_artifacts/gcc_compilers_1771374227605/_h_env_placehold_placehold_placehold_placehold_placehold_placehold_placehold_placehold_placehold_placehold_placehold_placehold_placehold_placehold_placehold_placehold_placehold_placeho/x86_64-conda-linux-gnu/sysroot --with-build-sysroot=/home/conda/feedstock_root/build_artifacts/gcc_compilers_1771374227605/_build_env/x86_64-conda-linux-gnu/sysroot --enable-plugin --enable-lto
Thread model: posix
Supported LTO compression algorithms: zlib
gcc version 13.4.0 (conda-forge gcc 13.4.0-18) 
COMPILER_PATH=/home/dipay/micromamba/envs/gpuenv/bin/../libexec/gcc/x86_64-conda-linux-gnu/13.4.0/:/home/dipay/micromamba/envs/gpuenv/bin/../libexec/gcc/:/home/dipay/micromamba/envs/gpuenv/bin/../lib/gcc/x86_64-conda-linux-gnu/13.4.0/../../../../x86_64-conda-linux-gnu/bin/
LIBRARY_PATH=/home/dipay/micromamba/envs/gpuenv/bin/../lib/gcc/x86_64-conda-linux-gnu/13.4.0/:/home/dipay/micromamba/envs/gpuenv/bin/../lib/gcc/:/home/dipay/micromamba/envs/gpuenv/bin/../lib/gcc/x86_64-conda-linux-gnu/13.4.0/../../../../x86_64-conda-linux-gnu/lib/../lib/:/home/dipay/micromamba/envs/gpuenv/bin/../lib/gcc/x86_64-conda-linux-gnu/13.4.0/../../../../lib/:/home/dipay/micromamba/envs/gpuenv/bin/../x86_64-conda-linux-gnu/sysroot/lib/../lib/:/home/dipay/micromamba/envs/gpuenv/bin/../x86_64-conda-linux-gnu/sysroot/usr/lib/../lib/:/home/dipay/micromamba/envs/gpuenv/bin/../lib/gcc/x86_64-conda-linux-gnu/13.4.0/../../../../x86_64-conda-linux-gnu/lib/:/home/dipay/micromamba/envs/gpuenv/bin/../lib/gcc/x86_64-conda-linux-gnu/13.4.0/../../../:/home/dipay/micromamba/envs/gpuenv/bin/../x86_64-conda-linux-gnu/sysroot/lib/:/home/dipay/micromamba/envs/gpuenv/bin/../x86_64-conda-linux-gnu/sysroot/usr/lib/
COLLECT_GCC_OPTIONS='-march=nocona' '-mtune=haswell' '-ftree-vectorize' '-fPIC' '-fstack-protector-strong' '-fno-plt' '-O2' '-ffunction-sections' '-pipe' '-isystem' '/home/dipay/micromamba/envs/gpuenv/include' '-I' '/home/dipay/micromamba/envs/gpuenv/targets/x86_64-linux/include' '-L/home/dipay/micromamba/envs/gpuenv/lib' '-L/home/dipay/micromamba/envs/gpuenv/targets/x86_64-linux/lib' '-L/home/dipay/micromamba/envs/gpuenv/targets/x86_64-linux/lib/stubs' '-v' '-o' 'cmTC_2b24f' '-dumpdir' 'cmTC_2b24f.'
 /home/dipay/micromamba/envs/gpuenv/bin/../libexec/gcc/x86_64-conda-linux-gnu/13.4.0/collect2 -plugin /home/dipay/micromamba/envs/gpuenv/bin/../libexec/gcc/x86_64-conda-linux-gnu/13.4.0/liblto_plugin.so -plugin-opt=/home/dipay/micromamba/envs/gpuenv/bin/../libexec/gcc/x86_64-conda-linux-gnu/13.4.0/lto-wrapper -plugin-opt=-fresolution=/tmp/ccIGLtSl.res -plugin-opt=-pass-through=-lgcc -plugin-opt=-pass-through=-lgcc_s -plugin-opt=-pass-through=-lc -plugin-opt=-pass-through=-lgcc -plugin-opt=-pass-through=-lgcc_s --sysroot=/home/dipay/micromamba/envs/gpuenv/bin/../x86_64-conda-linux-gnu/sysroot --eh-frame-hdr -m elf_x86_64 -dynamic-linker /lib64/ld-linux-x86-64.so.2 -pie -o cmTC_2b24f /home/dipay/micromamba/envs/gpuenv/bin/../x86_64-conda-linux-gnu/sysroot/usr/lib/../lib/Scrt1.o /home/dipay/micromamba/envs/gpuenv/bin/../x86_64-conda-linux-gnu/sysroot/usr/lib/../lib/crti.o /home/dipay/micromamba/envs/gpuenv/bin/../lib/gcc/x86_64-conda-linux-gnu/13.4.0/crtbeginS.o -L/home/dipay/micromamba/envs/gpuenv/lib -L/home/dipay/micromamba/envs/gpuenv/targets/x86_64-linux/lib -L/home/dipay/micromamba/envs/gpuenv/targets/x86_64-linux/lib/stubs -L/home/dipay/micromamba/envs/gpuenv/bin/../lib/gcc/x86_64-conda-linux-gnu/13.4.0 -L/home/dipay/micromamba/envs/gpuenv/bin/../lib/gcc -L/home/dipay/micromamba/envs/gpuenv/bin/../lib/gcc/x86_64-conda-linux-gnu/13.4.0/../../../../x86_64-conda-linux-gnu/lib/../lib -L/home/dipay/micromamba/envs/gpuenv/bin/../lib/gcc/x86_64-conda-linux-gnu/13.4.0/../../../../lib -L/home/dipay/micromamba/envs/gpuenv/bin/../x86_64-conda-linux-gnu/sysroot/lib/../lib -L/home/dipay/micromamba/envs/gpuenv/bin/../x86_64-conda-linux-gnu/sysroot/usr/lib/../lib -L/home/dipay/micromamba/envs/gpuenv/bin/../lib/gcc/x86_64-conda-linux-gnu/13.4.0/../../../../x86_64-conda-linux-gnu/lib -L/home/dipay/micromamba/envs/gpuenv/bin/../lib/gcc/x86_64-conda-linux-gnu/13.4.0/../../.. -L/home/dipay/micromamba/envs/gpuenv/bin/../x86_64-conda-linux-gnu/sysroot/lib -L/home/dipay/micromamba/envs/gpuenv/bin/../x86_64-conda-linux-gnu/sysroot/usr/lib -O2 --sort-common --as-needed -z relro -z now --disable-new-dtags --gc-sections --allow-shlib-undefined -rpath /home/dipay/micromamba/envs/gpuenv/lib -rpath-link /home/dipay/micromamba/envs/gpuenv/lib CMakeFiles/cmTC_2b24f.dir/CMakeCCompilerABI.c.o -lgcc --push-state --as-needed -lgcc_s --pop-state -lc -lgcc --push-state --as-needed -lgcc_s --pop-state /home/dipay/micromamba/envs/gpuenv/bin/../lib/gcc/x86_64-conda-linux-gnu/13.4.0/crtendS.o /home/dipay/micromamba/envs/gpuenv/bin/../x86_64-conda-linux-gnu/sysroot/usr/lib/../lib/crtn.o -rpath /home/dipay/micromamba/envs/gpuenv/lib
COLLECT_GCC_OPTIONS='-march=nocona' '-mtune=haswell' '-ftree-vectorize' '-fPIC' '-fstack-protector-strong' '-fno-plt' '-O2' '-ffunction-sections' '-pipe' '-isystem' '/home/dipay/micromamba/envs/gpuenv/include' '-I' '/home/dipay/micromamba/envs/gpuenv/targets/x86_64-linux/include' '-L/home/dipay/micromamba/envs/gpuenv/lib' '-L/home/dipay/micromamba/envs/gpuenv/targets/x86_64-linux/lib' '-L/home/dipay/micromamba/envs/gpuenv/targets/x86_64-linux/lib/stubs' '-v' '-o' 'cmTC_2b24f' '-dumpdir' 'cmTC_2b24f.'
make[1]: Leaving directory '/home/dipay/SubgridCGMModel/AthenaK_legacy/laptop_build_sg/CMakeFiles/CMakeTmp'



Parsed C implicit include dir info from above output: rv=done
  found start of include info
  found start of implicit include info
    add: [/home/dipay/micromamba/envs/gpuenv/targets/x86_64-linux/include]
    add: [/home/dipay/micromamba/envs/gpuenv/include]
    add: [/home/dipay/micromamba/envs/gpuenv/bin/../lib/gcc/x86_64-conda-linux-gnu/13.4.0/include]
    add: [/home/dipay/micromamba/envs/gpuenv/bin/../lib/gcc/x86_64-conda-linux-gnu/13.4.0/include-fixed]
    add: [/home/dipay/micromamba/envs/gpuenv/bin/../x86_64-conda-linux-gnu/sysroot/usr/include]
  end of search list found
  collapse include dir [/home/dipay/micromamba/envs/gpuenv/targets/x86_64-linux/include] ==> [/home/dipay/micromamba/envs/gpuenv/targets/x86_64-linux/include]
  collapse include dir [/home/dipay/micromamba/envs/gpuenv/include] ==> [/home/dipay/micromamba/envs/gpuenv/include]
  collapse include dir [/home/dipay/micromamba/envs/gpuenv/bin/../lib/gcc/x86_64-conda-linux-gnu/13.4.0/include] ==> [/home/dipay/micromamba/envs/gpuenv/lib/gcc/x86_64-conda-linux-gnu/13.4.0/include]
  collapse include dir [/home/dipay/micromamba/envs/gpuenv/bin/../lib/gcc/x86_64-conda-linux-gnu/13.4.0/include-fixed] ==> [/home/dipay/micromamba/envs/gpuenv/lib/gcc/x86_64-conda-linux-gnu/13.4.0/include-fixed]
  collapse include dir [/home/dipay/micromamba/envs/gpuenv/bin/../x86_64-conda-linux-gnu/sysroot/usr/include] ==> [/home/dipay/micromamba/envs/gpuenv/x86_64-conda-linux-gnu/sysroot/usr/include]
  implicit include dirs: [/home/dipay/micromamba/envs/gpuenv/targets/x86_64-linux/include;/home/dipay/micromamba/envs/gpuenv/include;/home/dipay/micromamba/envs/gpuenv/lib/gcc/x86_64-conda-linux-gnu/13.4.0/include;/home/dipay/micromamba/envs/gpuenv/lib/gcc/x86_64-conda-linux-gnu/13.4.0/include-fixed;/home/dipay/micromamba/envs/gpuenv/x86_64-conda-linux-gnu/sysroot/usr/include]


Parsed C implicit link information from above output:
  link line regex: [^( *|.*[/\])(ld|CMAKE_LINK_STARTFILE-NOTFOUND|([^/\]+-)?ld|collect2)[^/\]*( |$)]
  ignore line: [Change Dir: /home/dipay/SubgridCGMModel/AthenaK_legacy/laptop_build_sg/CMakeFiles/CMakeTmp]
  ignore line: []
  ignore line: [Run Build Command(s):/usr/bin/make cmTC_2b24f/fast && /usr/bin/make -f CMakeFiles/cmTC_2b24f.dir/build.make CMakeFiles/cmTC_2b24f.dir/build]
  ignore line: [make[1]: Entering directory '/home/dipay/SubgridCGMModel/AthenaK_legacy/laptop_build_sg/CMakeFiles/CMakeTmp']
  ignore line: [Building C object CMakeFiles/cmTC_2b24f.dir/CMakeCCompilerABI.c.o]
  ignore line: [/home/dipay/micromamba/envs/gpuenv/bin/x86_64-conda-linux-gnu-cc   -march=nocona -mtune=haswell -ftree-vectorize -fPIC -fstack-protector-strong -fno-plt -O2 -ffunction-sections -pipe -isystem /home/dipay/micromamba/envs/gpuenv/include  -I/home/dipay/micromamba/envs/gpuenv/targets/x86_64-linux/include    -v -o CMakeFiles/cmTC_2b24f.dir/CMakeCCompilerABI.c.o   -c /usr/share/cmake-3.16/Modules/CMakeCCompilerABI.c]
  ignore line: [Reading specs from /home/dipay/micromamba/envs/gpuenv/bin/../lib/gcc/x86_64-conda-linux-gnu/13.4.0/specs]
  ignore line: [could not find specs file conda.specs]
  ignore line: [COLLECT_GCC=/home/dipay/micromamba/envs/gpuenv/bin/x86_64-conda-linux-gnu-cc]
  ignore line: [Target: x86_64-conda-linux-gnu]
  ignore line: [Configured with: ../configure --prefix=/home/conda/feedstock_root/build_artifacts/gcc_compilers_1771374227605/_h_env_placehold_placehold_placehold_placehold_placehold_placehold_placehold_placehold_placehold_placehold_placehold_placehold_placehold_placehold_placehold_placehold_placehold_placeho --with-slibdir=/home/conda/feedstock_root/build_artifacts/gcc_compilers_1771374227605/_h_env_placehold_placehold_placehold_placehold_placehold_placehold_placehold_placehold_placehold_placehold_placehold_placehold_placehold_placehold_placehold_placehold_placehold_placeho/lib --libdir=/home/conda/feedstock_root/build_artifacts/gcc_compilers_1771374227605/_h_env_placehold_placehold_placehold_placehold_placehold_placehold_placehold_placehold_placehold_placehold_placehold_placehold_placehold_placehold_placehold_placehold_placehold_placeho/lib --mandir=/home/conda/feedstock_root/build_artifacts/gcc_compilers_1771374227605/_h_env_placehold_placehold_placehold_placehold_placehold_placehold_placehold_placehold_placehold_placehold_placehold_placehold_placehold_placehold_placehold_placehold_placehold_placeho/share/man --build=x86_64-conda-linux-gnu --host=x86_64-conda-linux-gnu --target=x86_64-conda-linux-gnu --enable-languages=c c++ fortran objc obj-c++ --enable-libgomp --disable-libssp --enable-libquadmath --enable-libquadmath-support --disable-nls --disable-bootstrap --disable-multilib --enable-long-long --without-zstd --with-native-system-header-dir=/usr/include --with-gxx-include-dir=/home/conda/feedstock_root/build_artifacts/gcc_compilers_1771374227605/_h_env_placehold_placehold_placehold_placehold_placehold_placehold_placehold_placehold_placehold_placehold_placehold_placehold_placehold_placehold_placehold_placehold_placehold_placeho/lib/gcc/x86_64-conda-linux-gnu/13.4.0/include/c++ --with-gxx-libcxx-include-dir=/home/conda/feedstock_root/build_artifacts/gcc_compilers_1771374227605/_h_env_placehold_placehold_placehold_placehold_placehold_placehold_placehold_placehold_placehold_placehold_placehold_placehold_placehold_placehold_placehold_placehold_placehold_placeho/lib/gcc/x86_64-conda-linux-gnu/13.4.0/../../../../include/c++/v1 --with-pkgversion='conda-forge gcc 13.4.0-18' --with-bugurl=https://github.com/conda-forge/ctng-compilers-feedstock/issues/new/choose --enable-libsanitizer --enable-default-pie --enable-threads=posix --enable-__cxa_atexit --with-sysroot=/home/conda/feedstock_root/build_artifacts/gcc_compilers_1771374227605/_h_env_placehold_placehold_placehold_placehold_placehold_placehold_placehold_placehold_placehold_placehold_placehold_placehold_placehold_placehold_placehold_placehold_placehold_placeho/x86_64-conda-linux-gnu/sysroot --with-build-sysroot=/home/conda/feedstock_root/build_artifacts/gcc_compilers_1771374227605/_build_env/x86_64-conda-linux-gnu/sysroot --enable-plugin --enable-lto]
  ignore line: [Thread model: posix]
  ignore line: [Supported LTO compression algorithms: zlib]
  ignore line: [gcc version 13.4.0 (conda-forge gcc 13.4.0-18) ]
  ignore line: [COLLECT_GCC_OPTIONS='-march=nocona' '-mtune=haswell' '-ftree-vectorize' '-fPIC' '-fstack-protector-strong' '-fno-plt' '-O2' '-ffunction-sections' '-pipe' '-isystem' '/home/dipay/micromamba/envs/gpuenv/include' '-I' '/home/dipay/micromamba/envs/gpuenv/targets/x86_64-linux/include' '-v' '-o' 'CMakeFiles/cmTC_2b24f.dir/CMakeCCompilerABI.c.o' '-c' '-dumpdir' 'CMakeFiles/cmTC_2b24f.dir/']
  ignore line: [ /home/dipay/micromamba/envs/gpuenv/bin/../libexec/gcc/x86_64-conda-linux-gnu/13.4.0/cc1 -quiet -v -I /home/dipay/micromamba/envs/gpuenv/targets/x86_64-linux/include -iprefix /home/dipay/micromamba/envs/gpuenv/bin/../lib/gcc/x86_64-conda-linux-gnu/13.4.0/ -isysroot /home/dipay/micromamba/envs/gpuenv/bin/../x86_64-conda-linux-gnu/sysroot -isystem /home/dipay/micromamba/envs/gpuenv/include /usr/share/cmake-3.16/Modules/CMakeCCompilerABI.c -quiet -dumpdir CMakeFiles/cmTC_2b24f.dir/ -dumpbase CMakeCCompilerABI.c.c -dumpbase-ext .c -march=nocona -mtune=haswell -O2 -version -ftree-vectorize -fPIC -fstack-protector-strong -fno-plt -ffunction-sections -o - |]
  ignore line: [ /home/dipay/micromamba/envs/gpuenv/bin/../lib/gcc/x86_64-conda-linux-gnu/13.4.0/../../../../x86_64-conda-linux-gnu/bin/as -v -I /home/dipay/micromamba/envs/gpuenv/targets/x86_64-linux/include --64 -o CMakeFiles/cmTC_2b24f.dir/CMakeCCompilerABI.c.o]
  ignore line: [GNU assembler version 2.45.1 (x86_64-conda-linux-gnu) using BFD version (GNU Binutils) 2.45.1]
  ignore line: [GNU C17 (conda-forge gcc 13.4.0-18) version 13.4.0 (x86_64-conda-linux-gnu)]
  ignore line: [	compiled by GNU C version 15.2.0  GMP version 6.2.1  MPFR version 4.1.0  MPC version 1.2.1  isl version isl-0.24-GMP]
  ignore line: []
  ignore line: [GGC heuristics: --param ggc-min-expand=100 --param ggc-min-heapsize=131072]
  ignore line: [ignoring nonexistent directory "/home/dipay/micromamba/envs/gpuenv/bin/../lib/gcc/x86_64-conda-linux-gnu/13.4.0/../../../../x86_64-conda-linux-gnu/include"]
  ignore line: [ignoring duplicate directory "/home/dipay/micromamba/envs/gpuenv/bin/../lib/gcc/../../lib/gcc/x86_64-conda-linux-gnu/13.4.0/include"]
  ignore line: [ignoring nonexistent directory "/home/dipay/micromamba/envs/gpuenv/bin/../x86_64-conda-linux-gnu/sysroot/usr/local/include"]
  ignore line: [ignoring duplicate directory "/home/dipay/micromamba/envs/gpuenv/bin/../lib/gcc/../../lib/gcc/x86_64-conda-linux-gnu/13.4.0/include-fixed"]
  ignore line: [ignoring nonexistent directory "/home/dipay/micromamba/envs/gpuenv/bin/../lib/gcc/../../lib/gcc/x86_64-conda-linux-gnu/13.4.0/../../../../x86_64-conda-linux-gnu/include"]
  ignore line: [#include "..." search starts here:]
  ignore line: [#include <...> search starts here:]
  ignore line: [ /home/dipay/micromamba/envs/gpuenv/targets/x86_64-linux/include]
  ignore line: [ /home/dipay/micromamba/envs/gpuenv/include]
  ignore line: [ /home/dipay/micromamba/envs/gpuenv/bin/../lib/gcc/x86_64-conda-linux-gnu/13.4.0/include]
  ignore line: [ /home/dipay/micromamba/envs/gpuenv/bin/../lib/gcc/x86_64-conda-linux-gnu/13.4.0/include-fixed]
  ignore line: [ /home/dipay/micromamba/envs/gpuenv/bin/../x86_64-conda-linux-gnu/sysroot/usr/include]
  ignore line: [End of search list.]
  ignore line: [Compiler executable checksum: 439172593e2ddfd237b1392936d4a5af]
  ignore line: [COMPILER_PATH=/home/dipay/micromamba/envs/gpuenv/bin/../libexec/gcc/x86_64-conda-linux-gnu/13.4.0/:/home/dipay/micromamba/envs/gpuenv/bin/../libexec/gcc/:/home/dipay/micromamba/envs/gpuenv/bin/../lib/gcc/x86_64-conda-linux-gnu/13.4.0/../../../../x86_64-conda-linux-gnu/bin/]
  ignore line: [LIBRARY_PATH=/home/dipay/micromamba/envs/gpuenv/bin/../lib/gcc/x86_64-conda-linux-gnu/13.4.0/:/home/dipay/micromamba/envs/gpuenv/bin/../lib/gcc/:/home/dipay/micromamba/envs/gpuenv/bin/../lib/gcc/x86_64-conda-linux-gnu/13.4.0/../../../../x86_64-conda-linux-gnu/lib/../lib/:/home/dipay/micromamba/envs/gpuenv/bin/../lib/gcc/x86_64-conda-linux-gnu/13.4.0/../../../../lib/:/home/dipay/micromamba/envs/gpuenv/bin/../x86_64-conda-linux-gnu/sysroot/lib/../lib/:/home/dipay/micromamba/envs/gpuenv/bin/../x86_64-conda-linux-gnu/sysroot/usr/lib/../lib/:/home/dipay/micromamba/envs/gpuenv/bin/../lib/gcc/x86_64-conda-linux-gnu/13.4.0/../../../../x86_64-conda-linux-gnu/lib/:/home/dipay/micromamba/envs/gpuenv/bin/../lib/gcc/x86_64-conda-linux-gnu/13.4.0/../../../:/home/dipay/micromamba/envs/gpuenv/bin/../x86_64-conda-linux-gnu/sysroot/lib/:/home/dipay/micromamba/envs/gpuenv/bin/../x86_64-conda-linux-gnu/sysroot/usr/lib/]
  ignore line: [COLLECT_GCC_OPTIONS='-march=nocona' '-mtune=haswell' '-ftree-vectorize' '-fPIC' '-fstack-protector-strong' '-fno-plt' '-O2' '-ffunction-sections' '-pipe' '-isystem' '/home/dipay/micromamba/envs/gpuenv/include' '-I' '/home/dipay/micromamba/envs/gpuenv/targets/x86_64-linux/include' '-v' '-o' 'CMakeFiles/cmTC_2b24f.dir/CMakeCCompilerABI.c.o' '-c' '-dumpdir' 'CMakeFiles/cmTC_2b24f.dir/CMakeCCompilerABI.c.']
  ignore line: [Linking C executable cmTC_2b24f]
  ignore line: [/usr/bin/cmake -E cmake_link_script CMakeFiles/cmTC_2b24f.dir/link.txt --verbose=1]
  ignore line: [/home/dipay/micromamba/envs/gpuenv/bin/x86_64-conda-linux-gnu-cc -march=nocona -mtune=haswell -ftree-vectorize -fPIC -fstack-protector-strong -fno-plt -O2 -ffunction-sections -pipe -isystem /home/dipay/micromamba/envs/gpuenv/include  -I/home/dipay/micromamba/envs/gpuenv/targets/x86_64-linux/include   -Wl -O2 -Wl --sort-common -Wl --as-needed -Wl -z relro -Wl -z now -Wl --disable-new-dtags -Wl --gc-sections -Wl --allow-shlib-undefined -Wl -rpath /home/dipay/micromamba/envs/gpuenv/lib -Wl -rpath-link /home/dipay/micromamba/envs/gpuenv/lib -L/home/dipay/micromamba/envs/gpuenv/lib  -L/home/dipay/micromamba/envs/gpuenv/targets/x86_64-linux/lib -L/home/dipay/micromamba/envs/gpuenv/targets/x86_64-linux/lib/stubs -v CMakeFiles/cmTC_2b24f.dir/CMakeCCompilerABI.c.o  -o cmTC_2b24f ]
  ignore line: [Reading specs from /home/dipay/micromamba/envs/gpuenv/bin/../lib/gcc/x86_64-conda-linux-gnu/13.4.0/specs]
  ignore line: [could not find specs file conda.specs]
  ignore line: [COLLECT_GCC=/home/dipay/micromamba/envs/gpuenv/bin/x86_64-conda-linux-gnu-cc]
  ignore line: [COLLECT_LTO_WRAPPER=/home/dipay/micromamba/envs/gpuenv/bin/../libexec/gcc/x86_64-conda-linux-gnu/13.4.0/lto-wrapper]
  ignore line: [Target: x86_64-conda-linux-gnu]
  ignore line: [Configured with: ../configure --prefix=/home/conda/feedstock_root/build_artifacts/gcc_compilers_1771374227605/_h_env_placehold_placehold_placehold_placehold_placehold_placehold_placehold_placehold_placehold_placehold_placehold_placehold_placehold_placehold_placehold_placehold_placehold_placeho --with-slibdir=/home/conda/feedstock_root/build_artifacts/gcc_compilers_1771374227605/_h_env_placehold_placehold_placehold_placehold_placehold_placehold_placehold_placehold_placehold_placehold_placehold_placehold_placehold_placehold_placehold_placehold_placehold_placeho/lib --libdir=/home/conda/feedstock_root/build_artifacts/gcc_compilers_1771374227605/_h_env_placehold_placehold_placehold_placehold_placehold_placehold_placehold_placehold_placehold_placehold_placehold_placehold_placehold_placehold_placehold_placehold_placehold_placeho/lib --mandir=/home/conda/feedstock_root/build_artifacts/gcc_compilers_1771374227605/_h_env_placehold_placehold_placehold_placehold_placehold_placehold_placehold_placehold_placehold_placehold_placehold_placehold_placehold_placehold_placehold_placehold_placehold_placeho/share/man --build=x86_64-conda-linux-gnu --host=x86_64-conda-linux-gnu --target=x86_64-conda-linux-gnu --enable-languages=c c++ fortran objc obj-c++ --enable-libgomp --disable-libssp --enable-libquadmath --enable-libquadmath-support --disable-nls --disable-bootstrap --disable-multilib --enable-long-long --without-zstd --with-native-system-header-dir=/usr/include --with-gxx-include-dir=/home/conda/feedstock_root/build_artifacts/gcc_compilers_1771374227605/_h_env_placehold_placehold_placehold_placehold_placehold_placehold_placehold_placehold_placehold_placehold_placehold_placehold_placehold_placehold_placehold_placehold_placehold_placeho/lib/gcc/x86_64-conda-linux-gnu/13.4.0/include/c++ --with-gxx-libcxx-include-dir=/home/conda/feedstock_root/build_artifacts/gcc_compilers_1771374227605/_h_env_placehold_placehold_placehold_placehold_placehold_placehold_placehold_placehold_placehold_placehold_placehold_placehold_placehold_placehold_placehold_placehold_placehold_placeho/lib/gcc/x86_64-conda-linux-gnu/13.4.0/../../../../include/c++/v1 --with-pkgversion='conda-forge gcc 13.4.0-18' --with-bugurl=https://github.com/conda-forge/ctng-compilers-feedstock/issues/new/choose --enable-libsanitizer --enable-default-pie --enable-threads=posix --enable-__cxa_atexit --with-sysroot=/home/conda/feedstock_root/build_artifacts/gcc_compilers_1771374227605/_h_env_placehold_placehold_placehold_placehold_placehold_placehold_placehold_placehold_placehold_placehold_placehold_placehold_placehold_placehold_placehold_placehold_placehold_placeho/x86_64-conda-linux-gnu/sysroot --with-build-sysroot=/home/conda/feedstock_root/build_artifacts/gcc_compilers_1771374227605/_build_env/x86_64-conda-linux-gnu/sysroot --enable-plugin --enable-lto]
  ignore line: [Thread model: posix]
  ignore line: [Supported LTO compression algorithms: zlib]
  ignore line: [gcc version 13.4.0 (conda-forge gcc 13.4.0-18) ]
  ignore line: [COMPILER_PATH=/home/dipay/micromamba/envs/gpuenv/bin/../libexec/gcc/x86_64-conda-linux-gnu/13.4.0/:/home/dipay/micromamba/envs/gpuenv/bin/../libexec/gcc/:/home/dipay/micromamba/envs/gpuenv/bin/../lib/gcc/x86_64-conda-linux-gnu/13.4.0/../../../../x86_64-conda-linux-gnu/bin/]
  ignore line: [LIBRARY_PATH=/home/dipay/micromamba/envs/gpuenv/bin/../lib/gcc/x86_64-conda-linux-gnu/13.4.0/:/home/dipay/micromamba/envs/gpuenv/bin/../lib/gcc/:/home/dipay/micromamba/envs/gpuenv/bin/../lib/gcc/x86_64-conda-linux-gnu/13.4.0/../../../../x86_64-conda-linux-gnu/lib/../lib/:/home/dipay/micromamba/envs/gpuenv/bin/../lib/gcc/x86_64-conda-linux-gnu/13.4.0/../../../../lib/:/home/dipay/micromamba/envs/gpuenv/bin/../x86_64-conda-linux-gnu/sysroot/lib/../lib/:/home/dipay/micromamba/envs/gpuenv/bin/../x86_64-conda-linux-gnu/sysroot/usr/lib/../lib/:/home/dipay/micromamba/envs/gpuenv/bin/../lib/gcc/x86_64-conda-linux-gnu/13.4.0/../../../../x86_64-conda-linux-gnu/lib/:/home/dipay/micromamba/envs/gpuenv/bin/../lib/gcc/x86_64-conda-linux-gnu/13.4.0/../../../:/home/dipay/micromamba/envs/gpuenv/bin/../x86_64-conda-linux-gnu/sysroot/lib/:/home/dipay/micromamba/envs/gpuenv/bin/../x86_64-conda-linux-gnu/sysroot/usr/lib/]
  ignore line: [COLLECT_GCC_OPTIONS='-march=nocona' '-mtune=haswell' '-ftree-vectorize' '-fPIC' '-fstack-protector-strong' '-fno-plt' '-O2' '-ffunction-sections' '-pipe' '-isystem' '/home/dipay/micromamba/envs/gpuenv/include' '-I' '/home/dipay/micromamba/envs/gpuenv/targets/x86_64-linux/include' '-L/home/dipay/micromamba/envs/gpuenv/lib' '-L/home/dipay/micromamba/envs/gpuenv/targets/x86_64-linux/lib' '-L/home/dipay/micromamba/envs/gpuenv/targets/x86_64-linux/lib/stubs' '-v' '-o' 'cmTC_2b24f' '-dumpdir' 'cmTC_2b24f.']
  link line: [ /home/dipay/micromamba/envs/gpuenv/bin/../libexec/gcc/x86_64-conda-linux-gnu/13.4.0/collect2 -plugin /home/dipay/micromamba/envs/gpuenv/bin/../libexec/gcc/x86_64-conda-linux-gnu/13.4.0/liblto_plugin.so -plugin-opt=/home/dipay/micromamba/envs/gpuenv/bin/../libexec/gcc/x86_64-conda-linux-gnu/13.4.0/lto-wrapper -plugin-opt=-fresolution=/tmp/ccIGLtSl.res -plugin-opt=-pass-through=-lgcc -plugin-opt=-pass-through=-lgcc_s -plugin-opt=-pass-through=-lc -plugin-opt=-pass-through=-lgcc -plugin-opt=-pass-through=-lgcc_s --sysroot=/home/dipay/micromamba/envs/gpuenv/bin/../x86_64-conda-linux-gnu/sysroot --eh-frame-hdr -m elf_x86_64 -dynamic-linker /lib64/ld-linux-x86-64.so.2 -pie -o cmTC_2b24f /home/dipay/micromamba/envs/gpuenv/bin/../x86_64-conda-linux-gnu/sysroot/usr/lib/../lib/Scrt1.o /home/dipay/micromamba/envs/gpuenv/bin/../x86_64-conda-linux-gnu/sysroot/usr/lib/../lib/crti.o /home/dipay/micromamba/envs/gpuenv/bin/../lib/gcc/x86_64-conda-linux-gnu/13.4.0/crtbeginS.o -L/home/dipay/micromamba/envs/gpuenv/lib -L/home/dipay/micromamba/envs/gpuenv/targets/x86_64-linux/lib -L/home/dipay/micromamba/envs/gpuenv/targets/x86_64-linux/lib/stubs -L/home/dipay/micromamba/envs/gpuenv/bin/../lib/gcc/x86_64-conda-linux-gnu/13.4.0 -L/home/dipay/micromamba/envs/gpuenv/bin/../lib/gcc -L/home/dipay/micromamba/envs/gpuenv/bin/../lib/gcc/x86_64-conda-linux-gnu/13.4.0/../../../../x86_64-conda-linux-gnu/lib/../lib -L/home/dipay/micromamba/envs/gpuenv/bin/../lib/gcc/x86_64-conda-linux-gnu/13.4.0/../../../../lib -L/home/dipay/micromamba/envs/gpuenv/bin/../x86_64-conda-linux-gnu/sysroot/lib/../lib -L/home/dipay/micromamba/envs/gpuenv/bin/../x86_64-conda-linux-gnu/sysroot/usr/lib/../lib -L/home/dipay/micromamba/envs/gpuenv/bin/../lib/gcc/x86_64-conda-linux-gnu/13.4.0/../../../../x86_64-conda-linux-gnu/lib -L/home/dipay/micromamba/envs/gpuenv/bin/../lib/gcc/x86_64-conda-linux-gnu/13.4.0/../../.. -L/home/dipay/micromamba/envs/gpuenv/bin/../x86_64-conda-linux-gnu/sysroot/lib -L/home/dipay/micromamba/envs/gpuenv/bin/../x86_64-conda-linux-gnu/sysroot/usr/lib -O2 --sort-common --as-needed -z relro -z now --disable-new-dtags --gc-sections --allow-shlib-undefined -rpath /home/dipay/micromamba/envs/gpuenv/lib -rpath-link /home/dipay/micromamba/envs/gpuenv/lib CMakeFiles/cmTC_2b24f.dir/CMakeCCompilerABI.c.o -lgcc --push-state --as-needed -lgcc_s --pop-state -lc -lgcc --push-state --as-needed -lgcc_s --pop-state /home/dipay/micromamba/envs/gpuenv/bin/../lib/gcc/x86_64-conda-linux-gnu/13.4.0/crtendS.o /home/dipay/micromamba/envs/gpuenv/bin/../x86_64-conda-linux-gnu/sysroot/usr/lib/../lib/crtn.o -rpath /home/dipay/micromamba/envs/gpuenv/lib]
    arg [/home/dipay/micromamba/envs/gpuenv/bin/../libexec/gcc/x86_64-conda-linux-gnu/13.4.0/collect2] ==> ignore
    arg [-plugin] ==> ignore
    arg [/home/dipay/micromamba/envs/gpuenv/bin/../libexec/gcc/x86_64-conda-linux-gnu/13.4.0/liblto_plugin.so] ==> ignore
    arg [-plugin-opt=/home/dipay/micromamba/envs/gpuenv/bin/../libexec/gcc/x86_64-conda-linux-gnu/13.4.0/lto-wrapper] ==> ignore
    arg [-plugin-opt=-fresolution=/tmp/ccIGLtSl.res] ==> ignore
    arg [-plugin-opt=-pass-through=-lgcc] ==> ignore
    arg [-plugin-opt=-pass-through=-lgcc_s] ==> ignore
    arg [-plugin-opt=-pass-through=-lc] ==> ignore
    arg [-plugin-opt=-pass-through=-lgcc] ==> ignore
    arg [-plugin-opt=-pass-through=-lgcc_s] ==> ignore
    arg [--sysroot=/home/dipay/micromamba/envs/gpuenv/bin/../x86_64-conda-linux-gnu/sysroot] ==> ignore
    arg [--eh-frame-hdr] ==> ignore
    arg [-m] ==> ignore
    arg [elf_x86_64] ==> ignore
    arg [-dynamic-linker] ==> ignore
    arg [/lib64/ld-linux-x86-64.so.2] ==> ignore
    arg [-pie] ==> ignore
    arg [-o] ==> ignore
    arg [cmTC_2b24f] ==> ignore
    arg [/home/dipay/micromamba/envs/gpuenv/bin/../x86_64-conda-linux-gnu/sysroot/usr/lib/../lib/Scrt1.o] ==> ignore
    arg [/home/dipay/micromamba/envs/gpuenv/bin/../x86_64-conda-linux-gnu/sysroot/usr/lib/../lib/crti.o] ==> ignore
    arg [/home/dipay/micromamba/envs/gpuenv/bin/../lib/gcc/x86_64-conda-linux-gnu/13.4.0/crtbeginS.o] ==> ignore
    arg [-L/home/dipay/micromamba/envs/gpuenv/lib] ==> dir [/home/dipay/micromamba/envs/gpuenv/lib]
    arg [-L/home/dipay/micromamba/envs/gpuenv/targets/x86_64-linux/lib] ==> dir [/home/dipay/micromamba/envs/gpuenv/targets/x86_64-linux/lib]
    arg [-L/home/dipay/micromamba/envs/gpuenv/targets/x86_64-linux/lib/stubs] ==> dir [/home/dipay/micromamba/envs/gpuenv/targets/x86_64-linux/lib/stubs]
    arg [-L/home/dipay/micromamba/envs/gpuenv/bin/../lib/gcc/x86_64-conda-linux-gnu/13.4.0] ==> dir [/home/dipay/micromamba/envs/gpuenv/bin/../lib/gcc/x86_64-conda-linux-gnu/13.4.0]
    arg [-L/home/dipay/micromamba/envs/gpuenv/bin/../lib/gcc] ==> dir [/home/dipay/micromamba/envs/gpuenv/bin/../lib/gcc]
    arg [-L/home/dipay/micromamba/envs/gpuenv/bin/../lib/gcc/x86_64-conda-linux-gnu/13.4.0/../../../../x86_64-conda-linux-gnu/lib/../lib] ==> dir [/home/dipay/micromamba/envs/gpuenv/bin/../lib/gcc/x86_64-conda-linux-gnu/13.4.0/../../../../x86_64-conda-linux-gnu/lib/../lib]
    arg [-L/home/dipay/micromamba/envs/gpuenv/bin/../lib/gcc/x86_64-conda-linux-gnu/13.4.0/../../../../lib] ==> dir [/home/dipay/micromamba/envs/gpuenv/bin/../lib/gcc/x86_64-conda-linux-gnu/13.4.0/../../../../lib]
    arg [-L/home/dipay/micromamba/envs/gpuenv/bin/../x86_64-conda-linux-gnu/sysroot/lib/../lib] ==> dir [/home/dipay/micromamba/envs/gpuenv/bin/../x86_64-conda-linux-gnu/sysroot/lib/../lib]
    arg [-L/home/dipay/micromamba/envs/gpuenv/bin/../x86_64-conda-linux-gnu/sysroot/usr/lib/../lib] ==> dir [/home/dipay/micromamba/envs/gpuenv/bin/../x86_64-conda-linux-gnu/sysroot/usr/lib/../lib]
    arg [-L/home/dipay/micromamba/envs/gpuenv/bin/../lib/gcc/x86_64-conda-linux-gnu/13.4.0/../../../../x86_64-conda-linux-gnu/lib] ==> dir [/home/dipay/micromamba/envs/gpuenv/bin/../lib/gcc/x86_64-conda-linux-gnu/13.4.0/../../../../x86_64-conda-linux-gnu/lib]
    arg [-L/home/dipay/micromamba/envs/gpuenv/bin/../lib/gcc/x86_64-conda-linux-gnu/13.4.0/../../..] ==> dir [/home/dipay/micromamba/envs/gpuenv/bin/../lib/gcc/x86_64-conda-linux-gnu/13.4.0/../../..]
    arg [-L/home/dipay/micromamba/envs/gpuenv/bin/../x86_64-conda-linux-gnu/sysroot/lib] ==> dir [/home/dipay/micromamba/envs/gpuenv/bin/../x86_64-conda-linux-gnu/sysroot/lib]
    arg [-L/home/dipay/micromamba/envs/gpuenv/bin/../x86_64-conda-linux-gnu/sysroot/usr/lib] ==> dir [/home/dipay/micromamba/envs/gpuenv/bin/../x86_64-conda-linux-gnu/sysroot/usr/lib]
    arg [-O2] ==> ignore
    arg [--sort-common] ==> ignore
    arg [--as-needed] ==> ignore
    arg [-zrelro] ==> ignore
    arg [-znow] ==> ignore
    arg [--disable-new-dtags] ==> ignore
    arg [--gc-sections] ==> ignore
    arg [--allow-shlib-undefined] ==> ignore
    arg [-rpath] ==> ignore
    arg [/home/dipay/micromamba/envs/gpuenv/lib] ==> ignore
    arg [-rpath-link] ==> ignore
    arg [/home/dipay/micromamba/envs/gpuenv/lib] ==> ignore
    arg [CMakeFiles/cmTC_2b24f.dir/CMakeCCompilerABI.c.o] ==> ignore
    arg [-lgcc] ==> lib [gcc]
    arg [--push-state] ==> ignore
    arg [--as-needed] ==> ignore
    arg [-lgcc_s] ==> lib [gcc_s]
    arg [--pop-state] ==> ignore
    arg [-lc] ==> lib [c]
    arg [-lgcc] ==> lib [gcc]
    arg [--push-state] ==> ignore
    arg [--as-needed] ==> ignore
    arg [-lgcc_s] ==> lib [gcc_s]
    arg [--pop-state] ==> ignore
    arg [/home/dipay/micromamba/envs/gpuenv/bin/../lib/gcc/x86_64-conda-linux-gnu/13.4.0/crtendS.o] ==> ignore
    arg [/home/dipay/micromamba/envs/gpuenv/bin/../x86_64-conda-linux-gnu/sysroot/usr/lib/../lib/crtn.o] ==> ignore
    arg [-rpath] ==> ignore
    arg [/home/dipay/micromamba/envs/gpuenv/lib] ==> ignore
  collapse library dir [/home/dipay/micromamba/envs/gpuenv/lib] ==> [/home/dipay/micromamba/envs/gpuenv/lib]
  collapse library dir [/home/dipay/micromamba/envs/gpuenv/targets/x86_64-linux/lib] ==> [/home/dipay/micromamba/envs/gpuenv/targets/x86_64-linux/lib]
  collapse library dir [/home/dipay/micromamba/envs/gpuenv/targets/x86_64-linux/lib/stubs] ==> [/home/dipay/micromamba/envs/gpuenv/targets/x86_64-linux/lib/stubs]
  collapse library dir [/home/dipay/micromamba/envs/gpuenv/bin/../lib/gcc/x86_64-conda-linux-gnu/13.4.0] ==> [/home/dipay/micromamba/envs/gpuenv/lib/gcc/x86_64-conda-linux-gnu/13.4.0]
  collapse library dir [/home/dipay/micromamba/envs/gpuenv/bin/../lib/gcc] ==> [/home/dipay/micromamba/envs/gpuenv/lib/gcc]
  collapse library dir [/home/dipay/micromamba/envs/gpuenv/bin/../lib/gcc/x86_64-conda-linux-gnu/13.4.0/../../../../x86_64-conda-linux-gnu/lib/../lib] ==> [/home/dipay/micromamba/envs/gpuenv/x86_64-conda-linux-gnu/lib]
  collapse library dir [/home/dipay/micromamba/envs/gpuenv/bin/../lib/gcc/x86_64-conda-linux-gnu/13.4.0/../../../../lib] ==> [/home/dipay/micromamba/envs/gpuenv/lib]
  collapse library dir [/home/dipay/micromamba/envs/gpuenv/bin/../x86_64-conda-linux-gnu/sysroot/lib/../lib] ==> [/home/dipay/micromamba/envs/gpuenv/x86_64-conda-linux-gnu/sysroot/lib]
  collapse library dir [/home/dipay/micromamba/envs/gpuenv/bin/../x86_64-conda-linux-gnu/sysroot/usr/lib/../lib] ==> [/home/dipay/micromamba/envs/gpuenv/x86_64-conda-linux-gnu/sysroot/usr/lib]
  collapse library dir [/home/dipay/micromamba/envs/gpuenv/bin/../lib/gcc/x86_64-conda-linux-gnu/13.4.0/../../../../x86_64-conda-linux-gnu/lib] ==> [/home/dipay/micromamba/envs/gpuenv/x86_64-conda-linux-gnu/lib]
  collapse library dir [/home/dipay/micromamba/envs/gpuenv/bin/../lib/gcc/x86_64-conda-linux-gnu/13.4.0/../../..] ==> [/home/dipay/micromamba/envs/gpuenv/lib]
  collapse library dir [/home/dipay/micromamba/envs/gpuenv/bin/../x86_64-conda-linux-gnu/sysroot/lib] ==> [/home/dipay/micromamba/envs/gpuenv/x86_64-conda-linux-gnu/sysroot/lib]
  collapse library dir [/home/dipay/micromamba/envs/gpuenv/bin/../x86_64-conda-linux-gnu/sysroot/usr/lib] ==> [/home/dipay/micromamba/envs/gpuenv/x86_64-conda-linux-gnu/sysroot/usr/lib]
  implicit libs: [gcc;gcc_s;c;gcc;gcc_s]
  implicit dirs: [/home/dipay/micromamba/envs/gpuenv/lib;/home/dipay/micromamba/envs/gpuenv/targets/x86_64-linux/lib;/home/dipay/micromamba/envs/gpuenv/targets/x86_64-linux/lib/stubs;/home/dipay/micromamba/envs/gpuenv/lib/gcc/x86_64-conda-linux-gnu/13.4.0;/home/dipay/micromamba/envs/gpuenv/lib/gcc;/home/dipay/micromamba/envs/gpuenv/x86_64-conda-linux-gnu/lib;/home/dipay/micromamba/envs/gpuenv/x86_64-conda-linux-gnu/sysroot/lib;/home/dipay/micromamba/envs/gpuenv/x86_64-conda-linux-gnu/sysroot/usr/lib]
  implicit fwks: []


Determining if the CXX compiler works passed with the following output:
Change Dir: /home/dipay/SubgridCGMModel/AthenaK_legacy/laptop_build_sg/CMakeFiles/CMakeTmp

Run Build Command(s):/usr/bin/make cmTC_50b17/fast && /usr/bin/make -f CMakeFiles/cmTC_50b17.dir/build.make CMakeFiles/cmTC_50b17.dir/build
make[1]: Entering directory '/home/dipay/SubgridCGMModel/AthenaK_legacy/laptop_build_sg/CMakeFiles/CMakeTmp'
Building CXX object CMakeFiles/cmTC_50b17.dir/testCXXCompiler.cxx.o
/home/dipay/micromamba/envs/gpuenv/bin/x86_64-conda-linux-gnu-c++    -fvisibility-inlines-hidden -fmessage-length=0 -march=nocona -mtune=haswell -ftree-vectorize -fPIC -fstack-protector-strong -fno-plt -O2 -ffunction-sections -pipe -isystem /home/dipay/micromamba/envs/gpuenv/include  -I/home/dipay/micromamba/envs/gpuenv/targets/x86_64-linux/include    -o CMakeFiles/cmTC_50b17.dir/testCXXCompiler.cxx.o -c /home/dipay/SubgridCGMModel/AthenaK_legacy/laptop_build_sg/CMakeFiles/CMakeTmp/testCXXCompiler.cxx
Linking CXX executable cmTC_50b17
/usr/bin/cmake -E cmake_link_script CMakeFiles/cmTC_50b17.dir/link.txt --verbose=1
/home/dipay/micromamba/envs/gpuenv/bin/x86_64-conda-linux-gnu-c++  -fvisibility-inlines-hidden -fmessage-length=0 -march=nocona -mtune=haswell -ftree-vectorize -fPIC -fstack-protector-strong -fno-plt -O2 -ffunction-sections -pipe -isystem /home/dipay/micromamba/envs/gpuenv/include  -I/home/dipay/micromamba/envs/gpuenv/targets/x86_64-linux/include   -Wl,-O2 -Wl,--sort-common -Wl,--as-needed -Wl,-z,relro -Wl,-z,now -Wl,--disable-new-dtags -Wl,--gc-sections -Wl,--allow-shlib-undefined -Wl,-rpath,/home/dipay/micromamba/envs/gpuenv/lib -Wl,-rpath-link,/home/dipay/micromamba/envs/gpuenv/lib -L/home/dipay/micromamba/envs/gpuenv/lib  -L/home/dipay/micromamba/envs/gpuenv/targets/x86_64-linux/lib -L/home/dipay/micromamba/envs/gpuenv/targets/x86_64-linux/lib/stubs  CMakeFiles/cmTC_50b17.dir/testCXXCompiler.cxx.o  -o cmTC_50b17 
make[1]: Leaving directory '/home/dipay/SubgridCGMModel/AthenaK_legacy/laptop_build_sg/CMakeFiles/CMakeTmp'



Detecting CXX compiler ABI info compiled with the following output:
Change Dir: /home/dipay/SubgridCGMModel/AthenaK_legacy/laptop_build_sg/CMakeFiles/CMakeTmp

Run Build Command(s):/usr/bin/make cmTC_3708b/fast && /usr/bin/make -f CMakeFiles/cmTC_3708b.dir/build.make CMakeFiles/cmTC_3708b.dir/build
make[1]: Entering directory '/home/dipay/SubgridCGMModel/AthenaK_legacy/laptop_build_sg/CMakeFiles/CMakeTmp'
Building CXX object CMakeFiles/cmTC_3708b.dir/CMakeCXXCompilerABI.cpp.o
/home/dipay/micromamba/envs/gpuenv/bin/x86_64-conda-linux-gnu-c++    -fvisibility-inlines-hidden -fmessage-length=0 -march=nocona -mtune=haswell -ftree-vectorize -fPIC -fstack-protector-strong -fno-plt -O2 -ffunction-sections -pipe -isystem /home/dipay/micromamba/envs/gpuenv/include  -I/home/dipay/micromamba/envs/gpuenv/targets/x86_64-linux/include    -v -o CMakeFiles/cmTC_3708b.dir/CMakeCXXCompilerABI.cpp.o -c /usr/share/cmake-3.16/Modules/CMakeCXXCompilerABI.cpp
Reading specs from /home/dipay/micromamba/envs/gpuenv/bin/../lib/gcc/x86_64-conda-linux-gnu/13.4.0/specs
could not find specs file conda.specs
COLLECT_GCC=/home/dipay/micromamba/envs/gpuenv/bin/x86_64-conda-linux-gnu-c++
Target: x86_64-conda-linux-gnu
Configured with: ../configure --prefix=/home/conda/feedstock_root/build_artifacts/gcc_compilers_1771374227605/_h_env_placehold_placehold_placehold_placehold_placehold_placehold_placehold_placehold_placehold_placehold_placehold_placehold_placehold_placehold_placehold_placehold_placehold_placeho --with-slibdir=/home/conda/feedstock_root/build_artifacts/gcc_compilers_1771374227605/_h_env_placehold_placehold_placehold_placehold_placehold_placehold_placehold_placehold_placehold_placehold_placehold_placehold_placehold_placehold_placehold_placehold_placehold_placeho/lib --libdir=/home/conda/feedstock_root/build_artifacts/gcc_compilers_1771374227605/_h_env_placehold_placehold_placehold_placehold_placehold_placehold_placehold_placehold_placehold_placehold_placehold_placehold_placehold_placehold_placehold_placehold_placehold_placeho/lib --mandir=/home/conda/feedstock_root/build_artifacts/gcc_compilers_1771374227605/_h_env_placehold_placehold_placehold_placehold_placehold_placehold_placehold_placehold_placehold_placehold_placehold_placehold_placehold_placehold_placehold_placehold_placehold_placeho/share/man --build=x86_64-conda-linux-gnu --host=x86_64-conda-linux-gnu --target=x86_64-conda-linux-gnu --enable-languages=c,c++,fortran,objc,obj-c++ --enable-libgomp --disable-libssp --enable-libquadmath --enable-libquadmath-support --disable-nls --disable-bootstrap --disable-multilib --enable-long-long --without-zstd --with-native-system-header-dir=/usr/include --with-gxx-include-dir=/home/conda/feedstock_root/build_artifacts/gcc_compilers_1771374227605/_h_env_placehold_placehold_placehold_placehold_placehold_placehold_placehold_placehold_placehold_placehold_placehold_placehold_placehold_placehold_placehold_placehold_placehold_placeho/lib/gcc/x86_64-conda-linux-gnu/13.4.0/include/c++ --with-gxx-libcxx-include-dir=/home/conda/feedstock_root/build_artifacts/gcc_compilers_1771374227605/_h_env_placehold_placehold_placehold_placehold_placehold_placehold_placehold_placehold_placehold_placehold_placehold_placehold_placehold_placehold_placehold_placehold_placehold_placeho/lib/gcc/x86_64-conda-linux-gnu/13.4.0/../../../../include/c++/v1 --with-pkgversion='conda-forge gcc 13.4.0-18' --with-bugurl=https://github.com/conda-forge/ctng-compilers-feedstock/issues/new/choose --enable-libsanitizer --enable-default-pie --enable-threads=posix --enable-__cxa_atexit --with-sysroot=/home/conda/feedstock_root/build_artifacts/gcc_compilers_1771374227605/_h_env_placehold_placehold_placehold_placehold_placehold_placehold_placehold_placehold_placehold_placehold_placehold_placehold_placehold_placehold_placehold_placehold_placehold_placeho/x86_64-conda-linux-gnu/sysroot --with-build-sysroot=/home/conda/feedstock_root/build_artifacts/gcc_compilers_1771374227605/_build_env/x86_64-conda-linux-gnu/sysroot --enable-plugin --enable-lto
Thread model: posix
Supported LTO compression algorithms: zlib
gcc version 13.4.0 (conda-forge gcc 13.4.0-18) 
COLLECT_GCC_OPTIONS='-fvisibility-inlines-hidden' '-fmessage-length=0' '-march=nocona' '-mtune=haswell' '-ftree-vectorize' '-fPIC' '-fstack-protector-strong' '-fno-plt' '-O2' '-ffunction-sections' '-pipe' '-isystem' '/home/dipay/micromamba/envs/gpuenv/include' '-I' '/home/dipay/micromamba/envs/gpuenv/targets/x86_64-linux/include' '-v' '-o' 'CMakeFiles/cmTC_3708b.dir/CMakeCXXCompilerABI.cpp.o' '-c' '-shared-libgcc' '-dumpdir' 'CMakeFiles/cmTC_3708b.dir/'
 /home/dipay/micromamba/envs/gpuenv/bin/../libexec/gcc/x86_64-conda-linux-gnu/13.4.0/cc1plus -quiet -v -I /home/dipay/micromamba/envs/gpuenv/targets/x86_64-linux/include -iprefix /home/dipay/micromamba/envs/gpuenv/bin/../lib/gcc/x86_64-conda-linux-gnu/13.4.0/ -isysroot /home/dipay/micromamba/envs/gpuenv/bin/../x86_64-conda-linux-gnu/sysroot -D_GNU_SOURCE -isystem /home/dipay/micromamba/envs/gpuenv/include /usr/share/cmake-3.16/Modules/CMakeCXXCompilerABI.cpp -quiet -dumpdir CMakeFiles/cmTC_3708b.dir/ -dumpbase CMakeCXXCompilerABI.cpp.cpp -dumpbase-ext .cpp -march=nocona -mtune=haswell -O2 -version -fvisibility-inlines-hidden -fmessage-length=0 -ftree-vectorize -fPIC -fstack-protector-strong -fno-plt -ffunction-sections -o - |
 /home/dipay/micromamba/envs/gpuenv/bin/../lib/gcc/x86_64-conda-linux-gnu/13.4.0/../../../../x86_64-conda-linux-gnu/bin/as -v -I /home/dipay/micromamba/envs/gpuenv/targets/x86_64-linux/include --64 -o CMakeFiles/cmTC_3708b.dir/CMakeCXXCompilerABI.cpp.o
GNU assembler version 2.45.1 (x86_64-conda-linux-gnu) using BFD version (GNU Binutils) 2.45.1
GNU C++17 (conda-forge gcc 13.4.0-18) version 13.4.0 (x86_64-conda-linux-gnu)
	compiled by GNU C version 15.2.0, GMP version 6.2.1, MPFR version 4.1.0, MPC version 1.2.1, isl version isl-0.24-GMP

GGC heuristics: --param ggc-min-expand=100 --param ggc-min-heapsize=131072
ignoring nonexistent directory "/home/dipay/micromamba/envs/gpuenv/bin/../lib/gcc/x86_64-conda-linux-gnu/13.4.0/../../../../x86_64-conda-linux-gnu/include"
ignoring duplicate directory "/home/dipay/micromamba/envs/gpuenv/bin/../lib/gcc/../../lib/gcc/x86_64-conda-linux-gnu/13.4.0/include/c++"
ignoring duplicate directory "/home/dipay/micromamba/envs/gpuenv/bin/../lib/gcc/../../lib/gcc/x86_64-conda-linux-gnu/13.4.0/include/c++/x86_64-conda-linux-gnu"
ignoring duplicate directory "/home/dipay/micromamba/envs/gpuenv/bin/../lib/gcc/../../lib/gcc/x86_64-conda-linux-gnu/13.4.0/include/c++/backward"
ignoring duplicate directory "/home/dipay/micromamba/envs/gpuenv/bin/../lib/gcc/../../lib/gcc/x86_64-conda-linux-gnu/13.4.0/include"
ignoring nonexistent directory "/home/dipay/micromamba/envs/gpuenv/bin/../x86_64-conda-linux-gnu/sysroot/usr/local/include"
ignoring duplicate directory "/home/dipay/micromamba/envs/gpuenv/bin/../lib/gcc/../../lib/gcc/x86_64-conda-linux-gnu/13.4.0/include-fixed"
ignoring nonexistent directory "/home/dipay/micromamba/envs/gpuenv/bin/../lib/gcc/../../lib/gcc/x86_64-conda-linux-gnu/13.4.0/../../../../x86_64-conda-linux-gnu/include"
#include "..." search starts here:
#include <...> search starts here:
 /home/dipay/micromamba/envs/gpuenv/targets/x86_64-linux/include
 /home/dipay/micromamba/envs/gpuenv/include
 /home/dipay/micromamba/envs/gpuenv/bin/../lib/gcc/x86_64-conda-linux-gnu/13.4.0/include/c++
 /home/dipay/micromamba/envs/gpuenv/bin/../lib/gcc/x86_64-conda-linux-gnu/13.4.0/include/c++/x86_64-conda-linux-gnu
 /home/dipay/micromamba/envs/gpuenv/bin/../lib/gcc/x86_64-conda-linux-gnu/13.4.0/include/c++/backward
 /home/dipay/micromamba/envs/gpuenv/bin/../lib/gcc/x86_64-conda-linux-gnu/13.4.0/include
 /home/dipay/micromamba/envs/gpuenv/bin/../lib/gcc/x86_64-conda-linux-gnu/13.4.0/include-fixed
 /home/dipay/micromamba/envs/gpuenv/bin/../x86_64-conda-linux-gnu/sysroot/usr/include
End of search list.
Compiler executable checksum: 9af22e21a3bbbd593c418eb6b342332b
COMPILER_PATH=/home/dipay/micromamba/envs/gpuenv/bin/../libexec/gcc/x86_64-conda-linux-gnu/13.4.0/:/home/dipay/micromamba/envs/gpuenv/bin/../libexec/gcc/:/home/dipay/micromamba/envs/gpuenv/bin/../lib/gcc/x86_64-conda-linux-gnu/13.4.0/../../../../x86_64-conda-linux-gnu/bin/
LIBRARY_PATH=/home/dipay/micromamba/envs/gpuenv/bin/../lib/gcc/x86_64-conda-linux-gnu/13.4.0/:/home/dipay/micromamba/envs/gpuenv/bin/../lib/gcc/:/home/dipay/micromamba/envs/gpuenv/bin/../lib/gcc/x86_64-conda-linux-gnu/13.4.0/../../../../x86_64-conda-linux-gnu/lib/../lib/:/home/dipay/micromamba/envs/gpuenv/bin/../lib/gcc/x86_64-conda-linux-gnu/13.4.0/../../../../lib/:/home/dipay/micromamba/envs/gpuenv/bin/../x86_64-conda-linux-gnu/sysroot/lib/../lib/:/home/dipay/micromamba/envs/gpuenv/bin/../x86_64-conda-linux-gnu/sysroot/usr/lib/../lib/:/home/dipay/micromamba/envs/gpuenv/bin/../lib/gcc/x86_64-conda-linux-gnu/13.4.0/../../../../x86_64-conda-linux-gnu/lib/:/home/dipay/micromamba/envs/gpuenv/bin/../lib/gcc/x86_64-conda-linux-gnu/13.4.0/../../../:/home/dipay/micromamba/envs/gpuenv/bin/../x86_64-conda-linux-gnu/sysroot/lib/:/home/dipay/micromamba/envs/gpuenv/bin/../x86_64-conda-linux-gnu/sysroot/usr/lib/
COLLECT_GCC_OPTIONS='-fvisibility-inlines-hidden' '-fmessage-length=0' '-march=nocona' '-mtune=haswell' '-ftree-vectorize' '-fPIC' '-fstack-protector-strong' '-fno-plt' '-O2' '-ffunction-sections' '-pipe' '-isystem' '/home/dipay/micromamba/envs/gpuenv/include' '-I' '/home/dipay/micromamba/envs/gpuenv/targets/x86_64-linux/include' '-v' '-o' 'CMakeFiles/cmTC_3708b.dir/CMakeCXXCompilerABI.cpp.o' '-c' '-shared-libgcc' '-dumpdir' 'CMakeFiles/cmTC_3708b.dir/CMakeCXXCompilerABI.cpp.'
Linking CXX executable cmTC_3708b
/usr/bin/cmake -E cmake_link_script CMakeFiles/cmTC_3708b.dir/link.txt --verbose=1
/home/dipay/micromamba/envs/gpuenv/bin/x86_64-conda-linux-gnu-c++  -fvisibility-inlines-hidden -fmessage-length=0 -march=nocona -mtune=haswell -ftree-vectorize -fPIC -fstack-protector-strong -fno-plt -O2 -ffunction-sections -pipe -isystem /home/dipay/micromamba/envs/gpuenv/include  -I/home/dipay/micromamba/envs/gpuenv/targets/x86_64-linux/include   -Wl,-O2 -Wl,--sort-common -Wl,--as-needed -Wl,-z,relro -Wl,-z,now -Wl,--disable-new-dtags -Wl,--gc-sections -Wl,--allow-shlib-undefined -Wl,-rpath,/home/dipay/micromamba/envs/gpuenv/lib -Wl,-rpath-link,/home/dipay/micromamba/envs/gpuenv/lib -L/home/dipay/micromamba/envs/gpuenv/lib  -L/home/dipay/micromamba/envs/gpuenv/targets/x86_64-linux/lib -L/home/dipay/micromamba/envs/gpuenv/targets/x86_64-linux/lib/stubs -v CMakeFiles/cmTC_3708b.dir/CMakeCXXCompilerABI.cpp.o  -o cmTC_3708b 
Reading specs from /home/dipay/micromamba/envs/gpuenv/bin/../lib/gcc/x86_64-conda-linux-gnu/13.4.0/specs
could not find specs file conda.specs
COLLECT_GCC=/home/dipay/micromamba/envs/gpuenv/bin/x86_64-conda-linux-gnu-c++
COLLECT_LTO_WRAPPER=/home/dipay/micromamba/envs/gpuenv/bin/../libexec/gcc/x86_64-conda-linux-gnu/13.4.0/lto-wrapper
Target: x86_64-conda-linux-gnu
Configured with: ../configure --prefix=/home/conda/feedstock_root/build_artifacts/gcc_compilers_1771374227605/_h_env_placehold_placehold_placehold_placehold_placehold_placehold_placehold_placehold_placehold_placehold_placehold_placehold_placehold_placehold_placehold_placehold_placehold_placeho --with-slibdir=/home/conda/feedstock_root/build_artifacts/gcc_compilers_1771374227605/_h_env_placehold_placehold_placehold_placehold_placehold_placehold_placehold_placehold_placehold_placehold_placehold_placehold_placehold_placehold_placehold_placehold_placehold_placeho/lib --libdir=/home/conda/feedstock_root/build_artifacts/gcc_compilers_1771374227605/_h_env_placehold_placehold_placehold_placehold_placehold_placehold_placehold_placehold_placehold_placehold_placehold_placehold_placehold_placehold_placehold_placehold_placehold_placeho/lib --mandir=/home/conda/feedstock_root/build_artifacts/gcc_compilers_1771374227605/_h_env_placehold_placehold_placehold_placehold_placehold_placehold_placehold_placehold_placehold_placehold_placehold_placehold_placehold_placehold_placehold_placehold_placehold_placeho/share/man --build=x86_64-conda-linux-gnu --host=x86_64-conda-linux-gnu --target=x86_64-conda-linux-gnu --enable-languages=c,c++,fortran,objc,obj-c++ --enable-libgomp --disable-libssp --enable-libquadmath --enable-libquadmath-support --disable-nls --disable-bootstrap --disable-multilib --enable-long-long --without-zstd --with-native-system-header-dir=/usr/include --with-gxx-include-dir=/home/conda/feedstock_root/build_artifacts/gcc_compilers_1771374227605/_h_env_placehold_placehold_placehold_placehold_placehold_placehold_placehold_placehold_placehold_placehold_placehold_placehold_placehold_placehold_placehold_placehold_placehold_placeho/lib/gcc/x86_64-conda-linux-gnu/13.4.0/include/c++ --with-gxx-libcxx-include-dir=/home/conda/feedstock_root/build_artifacts/gcc_compilers_1771374227605/_h_env_placehold_placehold_placehold_placehold_placehold_placehold_placehold_placehold_placehold_placehold_placehold_placehold_placehold_placehold_placehold_placehold_placehold_placeho/lib/gcc/x86_64-conda-linux-gnu/13.4.0/../../../../include/c++/v1 --with-pkgversion='conda-forge gcc 13.4.0-18' --with-bugurl=https://github.com/conda-forge/ctng-compilers-feedstock/issues/new/choose --enable-libsanitizer --enable-default-pie --enable-threads=posix --enable-__cxa_atexit --with-sysroot=/home/conda/feedstock_root/build_artifacts/gcc_compilers_1771374227605/_h_env_placehold_placehold_placehold_placehold_placehold_placehold_placehold_placehold_placehold_placehold_placehold_placehold_placehold_placehold_placehold_placehold_placehold_placeho/x86_64-conda-linux-gnu/sysroot --with-build-sysroot=/home/conda/feedstock_root/build_artifacts/gcc_compilers_1771374227605/_build_env/x86_64-conda-linux-gnu/sysroot --enable-plugin --enable-lto
Thread model: posix
Supported LTO compression algorithms: zlib
gcc version 13.4.0 (conda-forge gcc 13.4.0-18) 
COMPILER_PATH=/home/dipay/micromamba/envs/gpuenv/bin/../libexec/gcc/x86_64-conda-linux-gnu/13.4.0/:/home/dipay/micromamba/envs/gpuenv/bin/../libexec/gcc/:/home/dipay/micromamba/envs/gpuenv/bin/../lib/gcc/x86_64-conda-linux-gnu/13.4.0/../../../../x86_64-conda-linux-gnu/bin/
LIBRARY_PATH=/home/dipay/micromamba/envs/gpuenv/bin/../lib/gcc/x86_64-conda-linux-gnu/13.4.0/:/home/dipay/micromamba/envs/gpuenv/bin/../lib/gcc/:/home/dipay/micromamba/envs/gpuenv/bin/../lib/gcc/x86_64-conda-linux-gnu/13.4.0/../../../../x86_64-conda-linux-gnu/lib/../lib/:/home/dipay/micromamba/envs/gpuenv/bin/../lib/gcc/x86_64-conda-linux-gnu/13.4.0/../../../../lib/:/home/dipay/micromamba/envs/gpuenv/bin/../x86_64-conda-linux-gnu/sysroot/lib/../lib/:/home/dipay/micromamba/envs/gpuenv/bin/../x86_64-conda-linux-gnu/sysroot/usr/lib/../lib/:/home/dipay/micromamba/envs/gpuenv/bin/../lib/gcc/x86_64-conda-linux-gnu/13.4.0/../../../../x86_64-conda-linux-gnu/lib/:/home/dipay/micromamba/envs/gpuenv/bin/../lib/gcc/x86_64-conda-linux-gnu/13.4.0/../../../:/home/dipay/micromamba/envs/gpuenv/bin/../x86_64-conda-linux-gnu/sysroot/lib/:/home/dipay/micromamba/envs/gpuenv/bin/../x86_64-conda-linux-gnu/sysroot/usr/lib/
COLLECT_GCC_OPTIONS='-fvisibility-inlines-hidden' '-fmessage-length=0' '-march=nocona' '-mtune=haswell' '-ftree-vectorize' '-fPIC' '-fstack-protector-strong' '-fno-plt' '-O2' '-ffunction-sections' '-pipe' '-isystem' '/home/dipay/micromamba/envs/gpuenv/include' '-I' '/home/dipay/micromamba/envs/gpuenv/targets/x86_64-linux/include' '-L/home/dipay/micromamba/envs/gpuenv/lib' '-L/home/dipay/micromamba/envs/gpuenv/targets/x86_64-linux/lib' '-L/home/dipay/micromamba/envs/gpuenv/targets/x86_64-linux/lib/stubs' '-v' '-o' 'cmTC_3708b' '-shared-libgcc' '-dumpdir' 'cmTC_3708b.'
 /home/dipay/micromamba/envs/gpuenv/bin/../libexec/gcc/x86_64-conda-linux-gnu/13.4.0/collect2 -plugin /home/dipay/micromamba/envs/gpuenv/bin/../libexec/gcc/x86_64-conda-linux-gnu/13.4.0/liblto_plugin.so -plugin-opt=/home/dipay/micromamba/envs/gpuenv/bin/../libexec/gcc/x86_64-conda-linux-gnu/13.4.0/lto-wrapper -plugin-opt=-fresolution=/tmp/cc7Gozej.res -plugin-opt=-pass-through=-lgcc_s -plugin-opt=-pass-through=-lgcc -plugin-opt=-pass-through=-lc -plugin-opt=-pass-through=-lgcc_s -plugin-opt=-pass-through=-lgcc --sysroot=/home/dipay/micromamba/envs/gpuenv/bin/../x86_64-conda-linux-gnu/sysroot --eh-frame-hdr -m elf_x86_64 -dynamic-linker /lib64/ld-linux-x86-64.so.2 -pie -o cmTC_3708b /home/dipay/micromamba/envs/gpuenv/bin/../x86_64-conda-linux-gnu/sysroot/usr/lib/../lib/Scrt1.o /home/dipay/micromamba/envs/gpuenv/bin/../x86_64-conda-linux-gnu/sysroot/usr/lib/../lib/crti.o /home/dipay/micromamba/envs/gpuenv/bin/../lib/gcc/x86_64-conda-linux-gnu/13.4.0/crtbeginS.o -L/home/dipay/micromamba/envs/gpuenv/lib -L/home/dipay/micromamba/envs/gpuenv/targets/x86_64-linux/lib -L/home/dipay/micromamba/envs/gpuenv/targets/x86_64-linux/lib/stubs -L/home/dipay/micromamba/envs/gpuenv/bin/../lib/gcc/x86_64-conda-linux-gnu/13.4.0 -L/home/dipay/micromamba/envs/gpuenv/bin/../lib/gcc -L/home/dipay/micromamba/envs/gpuenv/bin/../lib/gcc/x86_64-conda-linux-gnu/13.4.0/../../../../x86_64-conda-linux-gnu/lib/../lib -L/home/dipay/micromamba/envs/gpuenv/bin/../lib/gcc/x86_64-conda-linux-gnu/13.4.0/../../../../lib -L/home/dipay/micromamba/envs/gpuenv/bin/../x86_64-conda-linux-gnu/sysroot/lib/../lib -L/home/dipay/micromamba/envs/gpuenv/bin/../x86_64-conda-linux-gnu/sysroot/usr/lib/../lib -L/home/dipay/micromamba/envs/gpuenv/bin/../lib/gcc/x86_64-conda-linux-gnu/13.4.0/../../../../x86_64-conda-linux-gnu/lib -L/home/dipay/micromamba/envs/gpuenv/bin/../lib/gcc/x86_64-conda-linux-gnu/13.4.0/../../.. -L/home/dipay/micromamba/envs/gpuenv/bin/../x86_64-conda-linux-gnu/sysroot/lib -L/home/dipay/micromamba/envs/gpuenv/bin/../x86_64-conda-linux-gnu/sysroot/usr/lib -O2 --sort-common --as-needed -z relro -z now --disable-new-dtags --gc-sections --allow-shlib-undefined -rpath /home/dipay/micromamba/envs/gpuenv/lib -rpath-link /home/dipay/micromamba/envs/gpuenv/lib CMakeFiles/cmTC_3708b.dir/CMakeCXXCompilerABI.cpp.o -lstdc++ -lm -lgcc_s -lgcc -lc -lgcc_s -lgcc /home/dipay/micromamba/envs/gpuenv/bin/../lib/gcc/x86_64-conda-linux-gnu/13.4.0/crtendS.o /home/dipay/micromamba/envs/gpuenv/bin/../x86_64-conda-linux-gnu/sysroot/usr/lib/../lib/crtn.o -rpath /home/dipay/micromamba/envs/gpuenv/lib
COLLECT_GCC_OPTIONS='-fvisibility-inlines-hidden' '-fmessage-length=0' '-march=nocona' '-mtune=haswell' '-ftree-vectorize' '-fPIC' '-fstack-protector-strong' '-fno-plt' '-O2' '-ffunction-sections' '-pipe' '-isystem' '/home/dipay/micromamba/envs/gpuenv/include' '-I' '/home/dipay/micromamba/envs/gpuenv/targets/x86_64-linux/include' '-L/home/dipay/micromamba/envs/gpuenv/lib' '-L/home/dipay/micromamba/envs/gpuenv/targets/x86_64-linux/lib' '-L/home/dipay/micromamba/envs/gpuenv/targets/x86_64-linux/lib/stubs' '-v' '-o' 'cmTC_3708b' '-shared-libgcc' '-dumpdir' 'cmTC_3708b.'
make[1]: Leaving directory '/home/dipay/SubgridCGMModel/AthenaK_legacy/laptop_build_sg/CMakeFiles/CMakeTmp'



Parsed CXX implicit include dir info from above output: rv=done
  found start of include info
  found start of implicit include info
    add: [/home/dipay/micromamba/envs/gpuenv/targets/x86_64-linux/include]
    add: [/home/dipay/micromamba/envs/gpuenv/include]
    add: [/home/dipay/micromamba/envs/gpuenv/bin/../lib/gcc/x86_64-conda-linux-gnu/13.4.0/include/c++]
    add: [/home/dipay/micromamba/envs/gpuenv/bin/../lib/gcc/x86_64-conda-linux-gnu/13.4.0/include/c++/x86_64-conda-linux-gnu]
    add: [/home/dipay/micromamba/envs/gpuenv/bin/../lib/gcc/x86_64-conda-linux-gnu/13.4.0/include/c++/backward]
    add: [/home/dipay/micromamba/envs/gpuenv/bin/../lib/gcc/x86_64-conda-linux-gnu/13.4.0/include]
    add: [/home/dipay/micromamba/envs/gpuenv/bin/../lib/gcc/x86_64-conda-linux-gnu/13.4.0/include-fixed]
    add: [/home/dipay/micromamba/envs/gpuenv/bin/../x86_64-conda-linux-gnu/sysroot/usr/include]
  end of search list found
  collapse include dir [/home/dipay/micromamba/envs/gpuenv/targets/x86_64-linux/include] ==> [/home/dipay/micromamba/envs/gpuenv/targets/x86_64-linux/include]
  collapse include dir [/home/dipay/micromamba/envs/gpuenv/include] ==> [/home/dipay/micromamba/envs/gpuenv/include]
  collapse include dir [/home/dipay/micromamba/envs/gpuenv/bin/../lib/gcc/x86_64-conda-linux-gnu/13.4.0/include/c++] ==> [/home/dipay/micromamba/envs/gpuenv/lib/gcc/x86_64-conda-linux-gnu/13.4.0/include/c++]
  collapse include dir [/home/dipay/micromamba/envs/gpuenv/bin/../lib/gcc/x86_64-conda-linux-gnu/13.4.0/include/c++/x86_64-conda-linux-gnu] ==> [/home/dipay/micromamba/envs/gpuenv/lib/gcc/x86_64-conda-linux-gnu/13.4.0/include/c++/x86_64-conda-linux-gnu]
  collapse include dir [/home/dipay/micromamba/envs/gpuenv/bin/../lib/gcc/x86_64-conda-linux-gnu/13.4.0/include/c++/backward] ==> [/home/dipay/micromamba/envs/gpuenv/lib/gcc/x86_64-conda-linux-gnu/13.4.0/include/c++/backward]
  collapse include dir [/home/dipay/micromamba/envs/gpuenv/bin/../lib/gcc/x86_64-conda-linux-gnu/13.4.0/include] ==> [/home/dipay/micromamba/envs/gpuenv/lib/gcc/x86_64-conda-linux-gnu/13.4.0/include]
  collapse include dir [/home/dipay/micromamba/envs/gpuenv/bin/../lib/gcc/x86_64-conda-linux-gnu/13.4.0/include-fixed] ==> [/home/dipay/micromamba/envs/gpuenv/lib/gcc/x86_64-conda-linux-gnu/13.4.0/include-fixed]
  collapse include dir [/home/dipay/micromamba/envs/gpuenv/bin/../x86_64-conda-linux-gnu/sysroot/usr/include] ==> [/home/dipay/micromamba/envs/gpuenv/x86_64-conda-linux-gnu/sysroot/usr/include]
  implicit include dirs: [/home/dipay/micromamba/envs/gpuenv/targets/x86_64-linux/include;/home/dipay/micromamba/envs/gpuenv/include;/home/dipay/micromamba/envs/gpuenv/lib/gcc/x86_64-conda-linux-gnu/13.4.0/include/c++;/home/dipay/micromamba/envs/gpuenv/lib/gcc/x86_64-conda-linux-gnu/13.4.0/include/c++/x86_64-conda-linux-gnu;/home/dipay/micromamba/envs/gpuenv/lib/gcc/x86_64-conda-linux-gnu/13.4.0/include/c++/backward;/home/dipay/micromamba/envs/gpuenv/lib/gcc/x86_64-conda-linux-gnu/13.4.0/include;/home/dipay/micromamba/envs/gpuenv/lib/gcc/x86_64-conda-linux-gnu/13.4.0/include-fixed;/home/dipay/micromamba/envs/gpuenv/x86_64-conda-linux-gnu/sysroot/usr/include]


Parsed CXX implicit link information from above output:
  link line regex: [^( *|.*[/\])(ld|CMAKE_LINK_STARTFILE-NOTFOUND|([^/\]+-)?ld|collect2)[^/\]*( |$)]
  ignore line: [Change Dir: /home/dipay/SubgridCGMModel/AthenaK_legacy/laptop_build_sg/CMakeFiles/CMakeTmp]
  ignore line: []
  ignore line: [Run Build Command(s):/usr/bin/make cmTC_3708b/fast && /usr/bin/make -f CMakeFiles/cmTC_3708b.dir/build.make CMakeFiles/cmTC_3708b.dir/build]
  ignore line: [make[1]: Entering directory '/home/dipay/SubgridCGMModel/AthenaK_legacy/laptop_build_sg/CMakeFiles/CMakeTmp']
  ignore line: [Building CXX object CMakeFiles/cmTC_3708b.dir/CMakeCXXCompilerABI.cpp.o]
  ignore line: [/home/dipay/micromamba/envs/gpuenv/bin/x86_64-conda-linux-gnu-c++    -fvisibility-inlines-hidden -fmessage-length=0 -march=nocona -mtune=haswell -ftree-vectorize -fPIC -fstack-protector-strong -fno-plt -O2 -ffunction-sections -pipe -isystem /home/dipay/micromamba/envs/gpuenv/include  -I/home/dipay/micromamba/envs/gpuenv/targets/x86_64-linux/include    -v -o CMakeFiles/cmTC_3708b.dir/CMakeCXXCompilerABI.cpp.o -c /usr/share/cmake-3.16/Modules/CMakeCXXCompilerABI.cpp]
  ignore line: [Reading specs from /home/dipay/micromamba/envs/gpuenv/bin/../lib/gcc/x86_64-conda-linux-gnu/13.4.0/specs]
  ignore line: [could not find specs file conda.specs]
  ignore line: [COLLECT_GCC=/home/dipay/micromamba/envs/gpuenv/bin/x86_64-conda-linux-gnu-c++]
  ignore line: [Target: x86_64-conda-linux-gnu]
  ignore line: [Configured with: ../configure --prefix=/home/conda/feedstock_root/build_artifacts/gcc_compilers_1771374227605/_h_env_placehold_placehold_placehold_placehold_placehold_placehold_placehold_placehold_placehold_placehold_placehold_placehold_placehold_placehold_placehold_placehold_placehold_placeho --with-slibdir=/home/conda/feedstock_root/build_artifacts/gcc_compilers_1771374227605/_h_env_placehold_placehold_placehold_placehold_placehold_placehold_placehold_placehold_placehold_placehold_placehold_placehold_placehold_placehold_placehold_placehold_placehold_placeho/lib --libdir=/home/conda/feedstock_root/build_artifacts/gcc_compilers_1771374227605/_h_env_placehold_placehold_placehold_placehold_placehold_placehold_placehold_placehold_placehold_placehold_placehold_placehold_placehold_placehold_placehold_placehold_placehold_placeho/lib --mandir=/home/conda/feedstock_root/build_artifacts/gcc_compilers_1771374227605/_h_env_placehold_placehold_placehold_placehold_placehold_placehold_placehold_placehold_placehold_placehold_placehold_placehold_placehold_placehold_placehold_placehold_placehold_placeho/share/man --build=x86_64-conda-linux-gnu --host=x86_64-conda-linux-gnu --target=x86_64-conda-linux-gnu --enable-languages=c c++ fortran objc obj-c++ --enable-libgomp --disable-libssp --enable-libquadmath --enable-libquadmath-support --disable-nls --disable-bootstrap --disable-multilib --enable-long-long --without-zstd --with-native-system-header-dir=/usr/include --with-gxx-include-dir=/home/conda/feedstock_root/build_artifacts/gcc_compilers_1771374227605/_h_env_placehold_placehold_placehold_placehold_placehold_placehold_placehold_placehold_placehold_placehold_placehold_placehold_placehold_placehold_placehold_placehold_placehold_placeho/lib/gcc/x86_64-conda-linux-gnu/13.4.0/include/c++ --with-gxx-libcxx-include-dir=/home/conda/feedstock_root/build_artifacts/gcc_compilers_1771374227605/_h_env_placehold_placehold_placehold_placehold_placehold_placehold_placehold_placehold_placehold_placehold_placehold_placehold_placehold_placehold_placehold_placehold_placehold_placeho/lib/gcc/x86_64-conda-linux-gnu/13.4.0/../../../../include/c++/v1 --with-pkgversion='conda-forge gcc 13.4.0-18' --with-bugurl=https://github.com/conda-forge/ctng-compilers-feedstock/issues/new/choose --enable-libsanitizer --enable-default-pie --enable-threads=posix --enable-__cxa_atexit --with-sysroot=/home/conda/feedstock_root/build_artifacts/gcc_compilers_1771374227605/_h_env_placehold_placehold_placehold_placehold_placehold_placehold_placehold_placehold_placehold_placehold_placehold_placehold_placehold_placehold_placehold_placehold_placehold_placeho/x86_64-conda-linux-gnu/sysroot --with-build-sysroot=/home/conda/feedstock_root/build_artifacts/gcc_compilers_1771374227605/_build_env/x86_64-conda-linux-gnu/sysroot --enable-plugin --enable-lto]
  ignore line: [Thread model: posix]
  ignore line: [Supported LTO compression algorithms: zlib]
  ignore line: [gcc version 13.4.0 (conda-forge gcc 13.4.0-18) ]
  ignore line: [COLLECT_GCC_OPTIONS='-fvisibility-inlines-hidden' '-fmessage-length=0' '-march=nocona' '-mtune=haswell' '-ftree-vectorize' '-fPIC' '-fstack-protector-strong' '-fno-plt' '-O2' '-ffunction-sections' '-pipe' '-isystem' '/home/dipay/micromamba/envs/gpuenv/include' '-I' '/home/dipay/micromamba/envs/gpuenv/targets/x86_64-linux/include' '-v' '-o' 'CMakeFiles/cmTC_3708b.dir/CMakeCXXCompilerABI.cpp.o' '-c' '-shared-libgcc' '-dumpdir' 'CMakeFiles/cmTC_3708b.dir/']
  ignore line: [ /home/dipay/micromamba/envs/gpuenv/bin/../libexec/gcc/x86_64-conda-linux-gnu/13.4.0/cc1plus -quiet -v -I /home/dipay/micromamba/envs/gpuenv/targets/x86_64-linux/include -iprefix /home/dipay/micromamba/envs/gpuenv/bin/../lib/gcc/x86_64-conda-linux-gnu/13.4.0/ -isysroot /home/dipay/micromamba/envs/gpuenv/bin/../x86_64-conda-linux-gnu/sysroot -D_GNU_SOURCE -isystem /home/dipay/micromamba/envs/gpuenv/include /usr/share/cmake-3.16/Modules/CMakeCXXCompilerABI.cpp -quiet -dumpdir CMakeFiles/cmTC_3708b.dir/ -dumpbase CMakeCXXCompilerABI.cpp.cpp -dumpbase-ext .cpp -march=nocona -mtune=haswell -O2 -version -fvisibility-inlines-hidden -fmessage-length=0 -ftree-vectorize -fPIC -fstack-protector-strong -fno-plt -ffunction-sections -o - |]
  ignore line: [ /home/dipay/micromamba/envs/gpuenv/bin/../lib/gcc/x86_64-conda-linux-gnu/13.4.0/../../../../x86_64-conda-linux-gnu/bin/as -v -I /home/dipay/micromamba/envs/gpuenv/targets/x86_64-linux/include --64 -o CMakeFiles/cmTC_3708b.dir/CMakeCXXCompilerABI.cpp.o]
  ignore line: [GNU assembler version 2.45.1 (x86_64-conda-linux-gnu) using BFD version (GNU Binutils) 2.45.1]
  ignore line: [GNU C++17 (conda-forge gcc 13.4.0-18) version 13.4.0 (x86_64-conda-linux-gnu)]
  ignore line: [	compiled by GNU C version 15.2.0  GMP version 6.2.1  MPFR version 4.1.0  MPC version 1.2.1  isl version isl-0.24-GMP]
  ignore line: []
  ignore line: [GGC heuristics: --param ggc-min-expand=100 --param ggc-min-heapsize=131072]
  ignore line: [ignoring nonexistent directory "/home/dipay/micromamba/envs/gpuenv/bin/../lib/gcc/x86_64-conda-linux-gnu/13.4.0/../../../../x86_64-conda-linux-gnu/include"]
  ignore line: [ignoring duplicate directory "/home/dipay/micromamba/envs/gpuenv/bin/../lib/gcc/../../lib/gcc/x86_64-conda-linux-gnu/13.4.0/include/c++"]
  ignore line: [ignoring duplicate directory "/home/dipay/micromamba/envs/gpuenv/bin/../lib/gcc/../../lib/gcc/x86_64-conda-linux-gnu/13.4.0/include/c++/x86_64-conda-linux-gnu"]
  ignore line: [ignoring duplicate directory "/home/dipay/micromamba/envs/gpuenv/bin/../lib/gcc/../../lib/gcc/x86_64-conda-linux-gnu/13.4.0/include/c++/backward"]
  ignore line: [ignoring duplicate directory "/home/dipay/micromamba/envs/gpuenv/bin/../lib/gcc/../../lib/gcc/x86_64-conda-linux-gnu/13.4.0/include"]
  ignore line: [ignoring nonexistent directory "/home/dipay/micromamba/envs/gpuenv/bin/../x86_64-conda-linux-gnu/sysroot/usr/local/include"]
  ignore line: [ignoring duplicate directory "/home/dipay/micromamba/envs/gpuenv/bin/../lib/gcc/../../lib/gcc/x86_64-conda-linux-gnu/13.4.0/include-fixed"]
  ignore line: [ignoring nonexistent directory "/home/dipay/micromamba/envs/gpuenv/bin/../lib/gcc/../../lib/gcc/x86_64-conda-linux-gnu/13.4.0/../../../../x86_64-conda-linux-gnu/include"]
  ignore line: [#include "..." search starts here:]
  ignore line: [#include <...> search starts here:]
  ignore line: [ /home/dipay/micromamba/envs/gpuenv/targets/x86_64-linux/include]
  ignore line: [ /home/dipay/micromamba/envs/gpuenv/include]
  ignore line: [ /home/dipay/micromamba/envs/gpuenv/bin/../lib/gcc/x86_64-conda-linux-gnu/13.4.0/include/c++]
  ignore line: [ /home/dipay/micromamba/envs/gpuenv/bin/../lib/gcc/x86_64-conda-linux-gnu/13.4.0/include/c++/x86_64-conda-linux-gnu]
  ignore line: [ /home/dipay/micromamba/envs/gpuenv/bin/../lib/gcc/x86_64-conda-linux-gnu/13.4.0/include/c++/backward]
  ignore line: [ /home/dipay/micromamba/envs/gpuenv/bin/../lib/gcc/x86_64-conda-linux-gnu/13.4.0/include]
  ignore line: [ /home/dipay/micromamba/envs/gpuenv/bin/../lib/gcc/x86_64-conda-linux-gnu/13.4.0/include-fixed]
  ignore line: [ /home/dipay/micromamba/envs/gpuenv/bin/../x86_64-conda-linux-gnu/sysroot/usr/include]
  ignore line: [End of search list.]
  ignore line: [Compiler executable checksum: 9af22e21a3bbbd593c418eb6b342332b]
  ignore line: [COMPILER_PATH=/home/dipay/micromamba/envs/gpuenv/bin/../libexec/gcc/x86_64-conda-linux-gnu/13.4.0/:/home/dipay/micromamba/envs/gpuenv/bin/../libexec/gcc/:/home/dipay/micromamba/envs/gpuenv/bin/../lib/gcc/x86_64-conda-linux-gnu/13.4.0/../../../../x86_64-conda-linux-gnu/bin/]
  ignore line: [LIBRARY_PATH=/home/dipay/micromamba/envs/gpuenv/bin/../lib/gcc/x86_64-conda-linux-gnu/13.4.0/:/home/dipay/micromamba/envs/gpuenv/bin/../lib/gcc/:/home/dipay/micromamba/envs/gpuenv/bin/../lib/gcc/x86_64-conda-linux-gnu/13.4.0/../../../../x86_64-conda-linux-gnu/lib/../lib/:/home/dipay/micromamba/envs/gpuenv/bin/../lib/gcc/x86_64-conda-linux-gnu/13.4.0/../../../../lib/:/home/dipay/micromamba/envs/gpuenv/bin/../x86_64-conda-linux-gnu/sysroot/lib/../lib/:/home/dipay/micromamba/envs/gpuenv/bin/../x86_64-conda-linux-gnu/sysroot/usr/lib/../lib/:/home/dipay/micromamba/envs/gpuenv/bin/../lib/gcc/x86_64-conda-linux-gnu/13.4.0/../../../../x86_64-conda-linux-gnu/lib/:/home/dipay/micromamba/envs/gpuenv/bin/../lib/gcc/x86_64-conda-linux-gnu/13.4.0/../../../:/home/dipay/micromamba/envs/gpuenv/bin/../x86_64-conda-linux-gnu/sysroot/lib/:/home/dipay/micromamba/envs/gpuenv/bin/../x86_64-conda-linux-gnu/sysroot/usr/lib/]
  ignore line: [COLLECT_GCC_OPTIONS='-fvisibility-inlines-hidden' '-fmessage-length=0' '-march=nocona' '-mtune=haswell' '-ftree-vectorize' '-fPIC' '-fstack-protector-strong' '-fno-plt' '-O2' '-ffunction-sections' '-pipe' '-isystem' '/home/dipay/micromamba/envs/gpuenv/include' '-I' '/home/dipay/micromamba/envs/gpuenv/targets/x86_64-linux/include' '-v' '-o' 'CMakeFiles/cmTC_3708b.dir/CMakeCXXCompilerABI.cpp.o' '-c' '-shared-libgcc' '-dumpdir' 'CMakeFiles/cmTC_3708b.dir/CMakeCXXCompilerABI.cpp.']
  ignore line: [Linking CXX executable cmTC_3708b]
  ignore line: [/usr/bin/cmake -E cmake_link_script CMakeFiles/cmTC_3708b.dir/link.txt --verbose=1]
  ignore line: [/home/dipay/micromamba/envs/gpuenv/bin/x86_64-conda-linux-gnu-c++  -fvisibility-inlines-hidden -fmessage-length=0 -march=nocona -mtune=haswell -ftree-vectorize -fPIC -fstack-protector-strong -fno-plt -O2 -ffunction-sections -pipe -isystem /home/dipay/micromamba/envs/gpuenv/include  -I/home/dipay/micromamba/envs/gpuenv/targets/x86_64-linux/include   -Wl -O2 -Wl --sort-common -Wl --as-needed -Wl -z relro -Wl -z now -Wl --disable-new-dtags -Wl --gc-sections -Wl --allow-shlib-undefined -Wl -rpath /home/dipay/micromamba/envs/gpuenv/lib -Wl -rpath-link /home/dipay/micromamba/envs/gpuenv/lib -L/home/dipay/micromamba/envs/gpuenv/lib  -L/home/dipay/micromamba/envs/gpuenv/targets/x86_64-linux/lib -L/home/dipay/micromamba/envs/gpuenv/targets/x86_64-linux/lib/stubs -v CMakeFiles/cmTC_3708b.dir/CMakeCXXCompilerABI.cpp.o  -o cmTC_3708b ]
  ignore line: [Reading specs from /home/dipay/micromamba/envs/gpuenv/bin/../lib/gcc/x86_64-conda-linux-gnu/13.4.0/specs]
  ignore line: [could not find specs file conda.specs]
  ignore line: [COLLECT_GCC=/home/dipay/micromamba/envs/gpuenv/bin/x86_64-conda-linux-gnu-c++]
  ignore line: [COLLECT_LTO_WRAPPER=/home/dipay/micromamba/envs/gpuenv/bin/../libexec/gcc/x86_64-conda-linux-gnu/13.4.0/lto-wrapper]
  ignore line: [Target: x86_64-conda-linux-gnu]
  ignore line: [Configured with: ../configure --prefix=/home/conda/feedstock_root/build_artifacts/gcc_compilers_1771374227605/_h_env_placehold_placehold_placehold_placehold_placehold_placehold_placehold_placehold_placehold_placehold_placehold_placehold_placehold_placehold_placehold_placehold_placehold_placeho --with-slibdir=/home/conda/feedstock_root/build_artifacts/gcc_compilers_1771374227605/_h_env_placehold_placehold_placehold_placehold_placehold_placehold_placehold_placehold_placehold_placehold_placehold_placehold_placehold_placehold_placehold_placehold_placehold_placeho/lib --libdir=/home/conda/feedstock_root/build_artifacts/gcc_compilers_1771374227605/_h_env_placehold_placehold_placehold_placehold_placehold_placehold_placehold_placehold_placehold_placehold_placehold_placehold_placehold_placehold_placehold_placehold_placehold_placeho/lib --mandir=/home/conda/feedstock_root/build_artifacts/gcc_compilers_1771374227605/_h_env_placehold_placehold_placehold_placehold_placehold_placehold_placehold_placehold_placehold_placehold_placehold_placehold_placehold_placehold_placehold_placehold_placehold_placeho/share/man --build=x86_64-conda-linux-gnu --host=x86_64-conda-linux-gnu --target=x86_64-conda-linux-gnu --enable-languages=c c++ fortran objc obj-c++ --enable-libgomp --disable-libssp --enable-libquadmath --enable-libquadmath-support --disable-nls --disable-bootstrap --disable-multilib --enable-long-long --without-zstd --with-native-system-header-dir=/usr/include --with-gxx-include-dir=/home/conda/feedstock_root/build_artifacts/gcc_compilers_1771374227605/_h_env_placehold_placehold_placehold_placehold_placehold_placehold_placehold_placehold_placehold_placehold_placehold_placehold_placehold_placehold_placehold_placehold_placehold_placeho/lib/gcc/x86_64-conda-linux-gnu/13.4.0/include/c++ --with-gxx-libcxx-include-dir=/home/conda/feedstock_root/build_artifacts/gcc_compilers_1771374227605/_h_env_placehold_placehold_placehold_placehold_placehold_placehold_placehold_placehold_placehold_placehold_placehold_placehold_placehold_placehold_placehold_placehold_placehold_placeho/lib/gcc/x86_64-conda-linux-gnu/13.4.0/../../../../include/c++/v1 --with-pkgversion='conda-forge gcc 13.4.0-18' --with-bugurl=https://github.com/conda-forge/ctng-compilers-feedstock/issues/new/choose --enable-libsanitizer --enable-default-pie --enable-threads=posix --enable-__cxa_atexit --with-sysroot=/home/conda/feedstock_root/build_artifacts/gcc_compilers_1771374227605/_h_env_placehold_placehold_placehold_placehold_placehold_placehold_placehold_placehold_placehold_placehold_placehold_placehold_placehold_placehold_placehold_placehold_placehold_placeho/x86_64-conda-linux-gnu/sysroot --with-build-sysroot=/home/conda/feedstock_root/build_artifacts/gcc_compilers_1771374227605/_build_env/x86_64-conda-linux-gnu/sysroot --enable-plugin --enable-lto]
  ignore line: [Thread model: posix]
  ignore line: [Supported LTO compression algorithms: zlib]
  ignore line: [gcc version 13.4.0 (conda-forge gcc 13.4.0-18) ]
  ignore line: [COMPILER_PATH=/home/dipay/micromamba/envs/gpuenv/bin/../libexec/gcc/x86_64-conda-linux-gnu/13.4.0/:/home/dipay/micromamba/envs/gpuenv/bin/../libexec/gcc/:/home/dipay/micromamba/envs/gpuenv/bin/../lib/gcc/x86_64-conda-linux-gnu/13.4.0/../../../../x86_64-conda-linux-gnu/bin/]
  ignore line: [LIBRARY_PATH=/home/dipay/micromamba/envs/gpuenv/bin/../lib/gcc/x86_64-conda-linux-gnu/13.4.0/:/home/dipay/micromamba/envs/gpuenv/bin/../lib/gcc/:/home/dipay/micromamba/envs/gpuenv/bin/../lib/gcc/x86_64-conda-linux-gnu/13.4.0/../../../../x86_64-conda-linux-gnu/lib/../lib/:/home/dipay/micromamba/envs/gpuenv/bin/../lib/gcc/x86_64-conda-linux-gnu/13.4.0/../../../../lib/:/home/dipay/micromamba/envs/gpuenv/bin/../x86_64-conda-linux-gnu/sysroot/lib/../lib/:/home/dipay/micromamba/envs/gpuenv/bin/../x86_64-conda-linux-gnu/sysroot/usr/lib/../lib/:/home/dipay/micromamba/envs/gpuenv/bin/../lib/gcc/x86_64-conda-linux-gnu/13.4.0/../../../../x86_64-conda-linux-gnu/lib/:/home/dipay/micromamba/envs/gpuenv/bin/../lib/gcc/x86_64-conda-linux-gnu/13.4.0/../../../:/home/dipay/micromamba/envs/gpuenv/bin/../x86_64-conda-linux-gnu/sysroot/lib/:/home/dipay/micromamba/envs/gpuenv/bin/../x86_64-conda-linux-gnu/sysroot/usr/lib/]
  ignore line: [COLLECT_GCC_OPTIONS='-fvisibility-inlines-hidden' '-fmessage-length=0' '-march=nocona' '-mtune=haswell' '-ftree-vectorize' '-fPIC' '-fstack-protector-strong' '-fno-plt' '-O2' '-ffunction-sections' '-pipe' '-isystem' '/home/dipay/micromamba/envs/gpuenv/include' '-I' '/home/dipay/micromamba/envs/gpuenv/targets/x86_64-linux/include' '-L/home/dipay/micromamba/envs/gpuenv/lib' '-L/home/dipay/micromamba/envs/gpuenv/targets/x86_64-linux/lib' '-L/home/dipay/micromamba/envs/gpuenv/targets/x86_64-linux/lib/stubs' '-v' '-o' 'cmTC_3708b' '-shared-libgcc' '-dumpdir' 'cmTC_3708b.']
  link line: [ /home/dipay/micromamba/envs/gpuenv/bin/../libexec/gcc/x86_64-conda-linux-gnu/13.4.0/collect2 -plugin /home/dipay/micromamba/envs/gpuenv/bin/../libexec/gcc/x86_64-conda-linux-gnu/13.4.0/liblto_plugin.so -plugin-opt=/home/dipay/micromamba/envs/gpuenv/bin/../libexec/gcc/x86_64-conda-linux-gnu/13.4.0/lto-wrapper -plugin-opt=-fresolution=/tmp/cc7Gozej.res -plugin-opt=-pass-through=-lgcc_s -plugin-opt=-pass-through=-lgcc -plugin-opt=-pass-through=-lc -plugin-opt=-pass-through=-lgcc_s -plugin-opt=-pass-through=-lgcc --sysroot=/home/dipay/micromamba/envs/gpuenv/bin/../x86_64-conda-linux-gnu/sysroot --eh-frame-hdr -m elf_x86_64 -dynamic-linker /lib64/ld-linux-x86-64.so.2 -pie -o cmTC_3708b /home/dipay/micromamba/envs/gpuenv/bin/../x86_64-conda-linux-gnu/sysroot/usr/lib/../lib/Scrt1.o /home/dipay/micromamba/envs/gpuenv/bin/../x86_64-conda-linux-gnu/sysroot/usr/lib/../lib/crti.o /home/dipay/micromamba/envs/gpuenv/bin/../lib/gcc/x86_64-conda-linux-gnu/13.4.0/crtbeginS.o -L/home/dipay/micromamba/envs/gpuenv/lib -L/home/dipay/micromamba/envs/gpuenv/targets/x86_64-linux/lib -L/home/dipay/micromamba/envs/gpuenv/targets/x86_64-linux/lib/stubs -L/home/dipay/micromamba/envs/gpuenv/bin/../lib/gcc/x86_64-conda-linux-gnu/13.4.0 -L/home/dipay/micromamba/envs/gpuenv/bin/../lib/gcc -L/home/dipay/micromamba/envs/gpuenv/bin/../lib/gcc/x86_64-conda-linux-gnu/13.4.0/../../../../x86_64-conda-linux-gnu/lib/../lib -L/home/dipay/micromamba/envs/gpuenv/bin/../lib/gcc/x86_64-conda-linux-gnu/13.4.0/../../../../lib -L/home/dipay/micromamba/envs/gpuenv/bin/../x86_64-conda-linux-gnu/sysroot/lib/../lib -L/home/dipay/micromamba/envs/gpuenv/bin/../x86_64-conda-linux-gnu/sysroot/usr/lib/../lib -L/home/dipay/micromamba/envs/gpuenv/bin/../lib/gcc/x86_64-conda-linux-gnu/13.4.0/../../../../x86_64-conda-linux-gnu/lib -L/home/dipay/micromamba/envs/gpuenv/bin/../lib/gcc/x86_64-conda-linux-gnu/13.4.0/../../.. -L/home/dipay/micromamba/envs/gpuenv/bin/../x86_64-conda-linux-gnu/sysroot/lib -L/home/dipay/micromamba/envs/gpuenv/bin/../x86_64-conda-linux-gnu/sysroot/usr/lib -O2 --sort-common --as-needed -z relro -z now --disable-new-dtags --gc-sections --allow-shlib-undefined -rpath /home/dipay/micromamba/envs/gpuenv/lib -rpath-link /home/dipay/micromamba/envs/gpuenv/lib CMakeFiles/cmTC_3708b.dir/CMakeCXXCompilerABI.cpp.o -lstdc++ -lm -lgcc_s -lgcc -lc -lgcc_s -lgcc /home/dipay/micromamba/envs/gpuenv/bin/../lib/gcc/x86_64-conda-linux-gnu/13.4.0/crtendS.o /home/dipay/micromamba/envs/gpuenv/bin/../x86_64-conda-linux-gnu/sysroot/usr/lib/../lib/crtn.o -rpath /home/dipay/micromamba/envs/gpuenv/lib]
    arg [/home/dipay/micromamba/envs/gpuenv/bin/../libexec/gcc/x86_64-conda-linux-gnu/13.4.0/collect2] ==> ignore
    arg [-plugin] ==> ignore
    arg [/home/dipay/micromamba/envs/gpuenv/bin/../libexec/gcc/x86_64-conda-linux-gnu/13.4.0/liblto_plugin.so] ==> ignore
    arg [-plugin-opt=/home/dipay/micromamba/envs/gpuenv/bin/../libexec/gcc/x86_64-conda-linux-gnu/13.4.0/lto-wrapper] ==> ignore
    arg [-plugin-opt=-fresolution=/tmp/cc7Gozej.res] ==> ignore
    arg [-plugin-opt=-pass-through=-lgcc_s] ==> ignore
    arg [-plugin-opt=-pass-through=-lgcc] ==> ignore
    arg [-plugin-opt=-pass-through=-lc] ==> ignore
    arg [-plugin-opt=-pass-through=-lgcc_s] ==> ignore
    arg [-plugin-opt=-pass-through=-lgcc] ==> ignore
    arg [--sysroot=/home/dipay/micromamba/envs/gpuenv/bin/../x86_64-conda-linux-gnu/sysroot] ==> ignore
    arg [--eh-frame-hdr] ==> ignore
    arg [-m] ==> ignore
    arg [elf_x86_64] ==> ignore
    arg [-dynamic-linker] ==> ignore
    arg [/lib64/ld-linux-x86-64.so.2] ==> ignore
    arg [-pie] ==> ignore
    arg [-o] ==> ignore
    arg [cmTC_3708b] ==> ignore
    arg [/home/dipay/micromamba/envs/gpuenv/bin/../x86_64-conda-linux-gnu/sysroot/usr/lib/../lib/Scrt1.o] ==> ignore
    arg [/home/dipay/micromamba/envs/gpuenv/bin/../x86_64-conda-linux-gnu/sysroot/usr/lib/../lib/crti.o] ==> ignore
    arg [/home/dipay/micromamba/envs/gpuenv/bin/../lib/gcc/x86_64-conda-linux-gnu/13.4.0/crtbeginS.o] ==> ignore
    arg [-L/home/dipay/micromamba/envs/gpuenv/lib] ==> dir [/home/dipay/micromamba/envs/gpuenv/lib]
    arg [-L/home/dipay/micromamba/envs/gpuenv/targets/x86_64-linux/lib] ==> dir [/home/dipay/micromamba/envs/gpuenv/targets/x86_64-linux/lib]
    arg [-L/home/dipay/micromamba/envs/gpuenv/targets/x86_64-linux/lib/stubs] ==> dir [/home/dipay/micromamba/envs/gpuenv/targets/x86_64-linux/lib/stubs]
    arg [-L/home/dipay/micromamba/envs/gpuenv/bin/../lib/gcc/x86_64-conda-linux-gnu/13.4.0] ==> dir [/home/dipay/micromamba/envs/gpuenv/bin/../lib/gcc/x86_64-conda-linux-gnu/13.4.0]
    arg [-L/home/dipay/micromamba/envs/gpuenv/bin/../lib/gcc] ==> dir [/home/dipay/micromamba/envs/gpuenv/bin/../lib/gcc]
    arg [-L/home/dipay/micromamba/envs/gpuenv/bin/../lib/gcc/x86_64-conda-linux-gnu/13.4.0/../../../../x86_64-conda-linux-gnu/lib/../lib] ==> dir [/home/dipay/micromamba/envs/gpuenv/bin/../lib/gcc/x86_64-conda-linux-gnu/13.4.0/../../../../x86_64-conda-linux-gnu/lib/../lib]
    arg [-L/home/dipay/micromamba/envs/gpuenv/bin/../lib/gcc/x86_64-conda-linux-gnu/13.4.0/../../../../lib] ==> dir [/home/dipay/micromamba/envs/gpuenv/bin/../lib/gcc/x86_64-conda-linux-gnu/13.4.0/../../../../lib]
    arg [-L/home/dipay/micromamba/envs/gpuenv/bin/../x86_64-conda-linux-gnu/sysroot/lib/../lib] ==> dir [/home/dipay/micromamba/envs/gpuenv/bin/../x86_64-conda-linux-gnu/sysroot/lib/../lib]
    arg [-L/home/dipay/micromamba/envs/gpuenv/bin/../x86_64-conda-linux-gnu/sysroot/usr/lib/../lib] ==> dir [/home/dipay/micromamba/envs/gpuenv/bin/../x86_64-conda-linux-gnu/sysroot/usr/lib/../lib]
    arg [-L/home/dipay/micromamba/envs/gpuenv/bin/../lib/gcc/x86_64-conda-linux-gnu/13.4.0/../../../../x86_64-conda-linux-gnu/lib] ==> dir [/home/dipay/micromamba/envs/gpuenv/bin/../lib/gcc/x86_64-conda-linux-gnu/13.4.0/../../../../x86_64-conda-linux-gnu/lib]
    arg [-L/home/dipay/micromamba/envs/gpuenv/bin/../lib/gcc/x86_64-conda-linux-gnu/13.4.0/../../..] ==> dir [/home/dipay/micromamba/envs/gpuenv/bin/../lib/gcc/x86_64-conda-linux-gnu/13.4.0/../../..]
    arg [-L/home/dipay/micromamba/envs/gpuenv/bin/../x86_64-conda-linux-gnu/sysroot/lib] ==> dir [/home/dipay/micromamba/envs/gpuenv/bin/../x86_64-conda-linux-gnu/sysroot/lib]
    arg [-L/home/dipay/micromamba/envs/gpuenv/bin/../x86_64-conda-linux-gnu/sysroot/usr/lib] ==> dir [/home/dipay/micromamba/envs/gpuenv/bin/../x86_64-conda-linux-gnu/sysroot/usr/lib]
    arg [-O2] ==> ignore
    arg [--sort-common] ==> ignore
    arg [--as-needed] ==> ignore
    arg [-zrelro] ==> ignore
    arg [-znow] ==> ignore
    arg [--disable-new-dtags] ==> ignore
    arg [--gc-sections] ==> ignore
    arg [--allow-shlib-undefined] ==> ignore
    arg [-rpath] ==> ignore
    arg [/home/dipay/micromamba/envs/gpuenv/lib] ==> ignore
    arg [-rpath-link] ==> ignore
    arg [/home/dipay/micromamba/envs/gpuenv/lib] ==> ignore
    arg [CMakeFiles/cmTC_3708b.dir/CMakeCXXCompilerABI.cpp.o] ==> ignore
    arg [-lstdc++] ==> lib [stdc++]
    arg [-lm] ==> lib [m]
    arg [-lgcc_s] ==> lib [gcc_s]
    arg [-lgcc] ==> lib [gcc]
    arg [-lc] ==> lib [c]
    arg [-lgcc_s] ==> lib [gcc_s]
    arg [-lgcc] ==> lib [gcc]
    arg [/home/dipay/micromamba/envs/gpuenv/bin/../lib/gcc/x86_64-conda-linux-gnu/13.4.0/crtendS.o] ==> ignore
    arg [/home/dipay/micromamba/envs/gpuenv/bin/../x86_64-conda-linux-gnu/sysroot/usr/lib/../lib/crtn.o] ==> ignore
    arg [-rpath] ==> ignore
    arg [/home/dipay/micromamba/envs/gpuenv/lib] ==> ignore
  collapse library dir [/home/dipay/micromamba/envs/gpuenv/lib] ==> [/home/dipay/micromamba/envs/gpuenv/lib]
  collapse library dir [/home/dipay/micromamba/envs/gpuenv/targets/x86_64-linux/lib] ==> [/home/dipay/micromamba/envs/gpuenv/targets/x86_64-linux/lib]
  collapse library dir [/home/dipay/micromamba/envs/gpuenv/targets/x86_64-linux/lib/stubs] ==> [/home/dipay/micromamba/envs/gpuenv/targets/x86_64-linux/lib/stubs]
  collapse library dir [/home/dipay/micromamba/envs/gpuenv/bin/../lib/gcc/x86_64-conda-linux-gnu/13.4.0] ==> [/home/dipay/micromamba/envs/gpuenv/lib/gcc/x86_64-conda-linux-gnu/13.4.0]
  collapse library dir [/home/dipay/micromamba/envs/gpuenv/bin/../lib/gcc] ==> [/home/dipay/micromamba/envs/gpuenv/lib/gcc]
  collapse library dir [/home/dipay/micromamba/envs/gpuenv/bin/../lib/gcc/x86_64-conda-linux-gnu/13.4.0/../../../../x86_64-conda-linux-gnu/lib/../lib] ==> [/home/dipay/micromamba/envs/gpuenv/x86_64-conda-linux-gnu/lib]
  collapse library dir [/home/dipay/micromamba/envs/gpuenv/bin/../lib/gcc/x86_64-conda-linux-gnu/13.4.0/../../../../lib] ==> [/home/dipay/micromamba/envs/gpuenv/lib]
  collapse library dir [/home/dipay/micromamba/envs/gpuenv/bin/../x86_64-conda-linux-gnu/sysroot/lib/../lib] ==> [/home/dipay/micromamba/envs/gpuenv/x86_64-conda-linux-gnu/sysroot/lib]
  collapse library dir [/home/dipay/micromamba/envs/gpuenv/bin/../x86_64-conda-linux-gnu/sysroot/usr/lib/../lib] ==> [/home/dipay/micromamba/envs/gpuenv/x86_64-conda-linux-gnu/sysroot/usr/lib]
  collapse library dir [/home/dipay/micromamba/envs/gpuenv/bin/../lib/gcc/x86_64-conda-linux-gnu/13.4.0/../../../../x86_64-conda-linux-gnu/lib] ==> [/home/dipay/micromamba/envs/gpuenv/x86_64-conda-linux-gnu/lib]
  collapse library dir [/home/dipay/micromamba/envs/gpuenv/bin/../lib/gcc/x86_64-conda-linux-gnu/13.4.0/../../..] ==> [/home/dipay/micromamba/envs/gpuenv/lib]
  collapse library dir [/home/dipay/micromamba/envs/gpuenv/bin/../x86_64-conda-linux-gnu/sysroot/lib] ==> [/home/dipay/micromamba/envs/gpuenv/x86_64-conda-linux-gnu/sysroot/lib]
  collapse library dir [/home/dipay/micromamba/envs/gpuenv/bin/../x86_64-conda-linux-gnu/sysroot/usr/lib] ==> [/home/dipay/micromamba/envs/gpuenv/x86_64-conda-linux-gnu/sysroot/usr/lib]
  implicit libs: [stdc++;m;gcc_s;gcc;c;gcc_s;gcc]
  implicit dirs: [/home/dipay/micromamba/envs/gpuenv/lib;/home/dipay/micromamba/envs/gpuenv/targets/x86_64-linux/lib;/home/dipay/micromamba/envs/gpuenv/targets/x86_64-linux/lib/stubs;/home/dipay/micromamba/envs/gpuenv/lib/gcc/x86_64-conda-linux-gnu/13.4.0;/home/dipay/micromamba/envs/gpuenv/lib/gcc;/home/dipay/micromamba/envs/gpuenv/x86_64-conda-linux-gnu/lib;/home/dipay/micromamba/envs/gpuenv/x86_64-conda-linux-gnu/sysroot/lib;/home/dipay/micromamba/envs/gpuenv/x86_64-conda-linux-gnu/sysroot/usr/lib]
  implicit fwks: []


Performing C++ SOURCE FILE Test HAS_FLTO succeeded with the following output:
Change Dir: /home/dipay/SubgridCGMModel/AthenaK_legacy/laptop_build_sg/CMakeFiles/CMakeTmp

Run Build Command(s):/usr/bin/make cmTC_d3655/fast && /usr/bin/make -f CMakeFiles/cmTC_d3655.dir/build.make CMakeFiles/cmTC_d3655.dir/build
make[1]: Entering directory '/home/dipay/SubgridCGMModel/AthenaK_legacy/laptop_build_sg/CMakeFiles/CMakeTmp'
Building CXX object CMakeFiles/cmTC_d3655.dir/src.cxx.o
/home/dipay/micromamba/envs/gpuenv/bin/x86_64-conda-linux-gnu-c++    -fvisibility-inlines-hidden -fmessage-length=0 -march=nocona -mtune=haswell -ftree-vectorize -fPIC -fstack-protector-strong -fno-plt -O2 -ffunction-sections -pipe -isystem /home/dipay/micromamba/envs/gpuenv/include  -I/home/dipay/micromamba/envs/gpuenv/targets/x86_64-linux/include -DHAS_FLTO   -flto -fno-fat-lto-objects -o CMakeFiles/cmTC_d3655.dir/src.cxx.o -c /home/dipay/SubgridCGMModel/AthenaK_legacy/laptop_build_sg/CMakeFiles/CMakeTmp/src.cxx
Linking CXX executable cmTC_d3655
/usr/bin/cmake -E cmake_link_script CMakeFiles/cmTC_d3655.dir/link.txt --verbose=1
/home/dipay/micromamba/envs/gpuenv/bin/x86_64-conda-linux-gnu-c++  -fvisibility-inlines-hidden -fmessage-length=0 -march=nocona -mtune=haswell -ftree-vectorize -fPIC -fstack-protector-strong -fno-plt -O2 -ffunction-sections -pipe -isystem /home/dipay/micromamba/envs/gpuenv/include  -I/home/dipay/micromamba/envs/gpuenv/targets/x86_64-linux/include -DHAS_FLTO  -Wl,-O2 -Wl,--sort-common -Wl,--as-needed -Wl,-z,relro -Wl,-z,now -Wl,--disable-new-dtags -Wl,--gc-sections -Wl,--allow-shlib-undefined -Wl,-rpath,/home/dipay/micromamba/envs/gpuenv/lib -Wl,-rpath-link,/home/dipay/micromamba/envs/gpuenv/lib -L/home/dipay/micromamba/envs/gpuenv/lib  -L/home/dipay/micromamba/envs/gpuenv/targets/x86_64-linux/lib -L/home/dipay/micromamba/envs/gpuenv/targets/x86_64-linux/lib/stubs  CMakeFiles/cmTC_d3655.dir/src.cxx.o  -o cmTC_d3655  -flto 
make[1]: Leaving directory '/home/dipay/SubgridCGMModel/AthenaK_legacy/laptop_build_sg/CMakeFiles/CMakeTmp'


Source file was:
int main() { return 0; }
